0,Training Loss:,2.1680263671441935e-05,", Learning rate:",1e-05,", Number of training points (boundary):",4800,", Number of training points (interior):",30000,", VRAM allocated:",0,", VRAM reserved:",0
100,Training Loss:,1.3172928447602317e-05,", Learning rate:",1e-05,", Number of training points (boundary):",4800,", Number of training points (interior):",30000,", VRAM allocated:",0,", VRAM reserved:",0
200,Training Loss:,1.3107438462611753e-05,", Learning rate:",1e-05,", Number of training points (boundary):",4800,", Number of training points (interior):",30000,", VRAM allocated:",0,", VRAM reserved:",0
300,Training Loss:,1.307928869209718e-05,", Learning rate:",1e-05,", Number of training points (boundary):",4800,", Number of training points (interior):",30000,", VRAM allocated:",0,", VRAM reserved:",0
400,Training Loss:,1.3063199730822816e-05,", Learning rate:",1e-05,", Number of training points (boundary):",4800,", Number of training points (interior):",30000,", VRAM allocated:",0,", VRAM reserved:",0
500,Training Loss:,1.3052547728875652e-05,", Learning rate:",1e-05,", Number of training points (boundary):",4800,", Number of training points (interior):",30000,", VRAM allocated:",0,", VRAM reserved:",0
600,Training Loss:,1.3044835213804618e-05,", Learning rate:",1e-05,", Number of training points (boundary):",4800,", Number of training points (interior):",30000,", VRAM allocated:",0,", VRAM reserved:",0
700,Training Loss:,1.3038901670370251e-05,", Learning rate:",1e-05,", Number of training points (boundary):",4800,", Number of training points (interior):",30000,", VRAM allocated:",0,", VRAM reserved:",0
800,Training Loss:,1.3034104085818399e-05,", Learning rate:",1e-05,", Number of training points (boundary):",4800,", Number of training points (interior):",30000,", VRAM allocated:",0,", VRAM reserved:",0
900,Training Loss:,1.3030078662268352e-05,", Learning rate:",1e-05,", Number of training points (boundary):",4800,", Number of training points (interior):",30000,", VRAM allocated:",0,", VRAM reserved:",0
1000,Training Loss:,1.3026588021602947e-05,", Learning rate:",1e-05,", Number of training points (boundary):",4800,", Number of training points (interior):",30000,", VRAM allocated:",0,", VRAM reserved:",0
1100,Training Loss:,1.302350119658513e-05,", Learning rate:",1e-05,", Number of training points (boundary):",4800,", Number of training points (interior):",30000,", VRAM allocated:",0,", VRAM reserved:",0
1200,Training Loss:,1.3020625374338124e-05,", Learning rate:",1e-05,", Number of training points (boundary):",4800,", Number of training points (interior):",30000,", VRAM allocated:",0,", VRAM reserved:",0
1300,Training Loss:,1.3017864148423541e-05,", Learning rate:",1e-05,", Number of training points (boundary):",4800,", Number of training points (interior):",30000,", VRAM allocated:",0,", VRAM reserved:",0
1400,Training Loss:,1.3015197509957943e-05,", Learning rate:",1e-05,", Number of training points (boundary):",4800,", Number of training points (interior):",30000,", VRAM allocated:",0,", VRAM reserved:",0
1500,Training Loss:,1.3012482668273151e-05,", Learning rate:",1e-05,", Number of training points (boundary):",4800,", Number of training points (interior):",30000,", VRAM allocated:",0,", VRAM reserved:",0
1600,Training Loss:,1.3009607755520847e-05,", Learning rate:",1e-05,", Number of training points (boundary):",4800,", Number of training points (interior):",30000,", VRAM allocated:",0,", VRAM reserved:",0
1700,Training Loss:,1.3006395420234185e-05,", Learning rate:",1e-05,", Number of training points (boundary):",4800,", Number of training points (interior):",30000,", VRAM allocated:",0,", VRAM reserved:",0
1800,Training Loss:,1.3002568266529124e-05,", Learning rate:",1e-05,", Number of training points (boundary):",4800,", Number of training points (interior):",30000,", VRAM allocated:",0,", VRAM reserved:",0
1900,Training Loss:,1.2997654266655445e-05,", Learning rate:",1e-05,", Number of training points (boundary):",4800,", Number of training points (interior):",30000,", VRAM allocated:",0,", VRAM reserved:",0
2000,Training Loss:,1.2990327377337962e-05,", Learning rate:",9.9e-06,", Number of training points (boundary):",4800,", Number of training points (interior):",30000,", VRAM allocated:",0,", VRAM reserved:",0
2100,Training Loss:,1.2977473488717806e-05,", Learning rate:",9.9e-06,", Number of training points (boundary):",4800,", Number of training points (interior):",30000,", VRAM allocated:",0,", VRAM reserved:",0
2200,Training Loss:,1.293881177844014e-05,", Learning rate:",9.9e-06,", Number of training points (boundary):",4800,", Number of training points (interior):",30000,", VRAM allocated:",0,", VRAM reserved:",0
2300,Training Loss:,1.256154882867122e-05,", Learning rate:",9.9e-06,", Number of training points (boundary):",4800,", Number of training points (interior):",30000,", VRAM allocated:",0,", VRAM reserved:",0
2400,Training Loss:,9.801418855204247e-06,", Learning rate:",9.9e-06,", Number of training points (boundary):",4800,", Number of training points (interior):",30000,", VRAM allocated:",0,", VRAM reserved:",0
2500,Training Loss:,7.870384251873475e-06,", Learning rate:",9.9e-06,", Number of training points (boundary):",4800,", Number of training points (interior):",30000,", VRAM allocated:",0,", VRAM reserved:",0
2600,Training Loss:,6.370803475874709e-06,", Learning rate:",9.9e-06,", Number of training points (boundary):",4800,", Number of training points (interior):",30000,", VRAM allocated:",0,", VRAM reserved:",0
2700,Training Loss:,5.300921657180879e-06,", Learning rate:",9.9e-06,", Number of training points (boundary):",4800,", Number of training points (interior):",30000,", VRAM allocated:",0,", VRAM reserved:",0
2800,Training Loss:,4.558279670163756e-06,", Learning rate:",9.9e-06,", Number of training points (boundary):",4800,", Number of training points (interior):",30000,", VRAM allocated:",0,", VRAM reserved:",0
2900,Training Loss:,4.02618752559647e-06,", Learning rate:",9.9e-06,", Number of training points (boundary):",4800,", Number of training points (interior):",30000,", VRAM allocated:",0,", VRAM reserved:",0
3000,Training Loss:,3.6221554182702675e-06,", Learning rate:",9.9e-06,", Number of training points (boundary):",4800,", Number of training points (interior):",30000,", VRAM allocated:",0,", VRAM reserved:",0
3100,Training Loss:,3.2790162549645174e-06,", Learning rate:",9.9e-06,", Number of training points (boundary):",4800,", Number of training points (interior):",30000,", VRAM allocated:",0,", VRAM reserved:",0
3200,Training Loss:,2.9823065688106e-06,", Learning rate:",9.9e-06,", Number of training points (boundary):",4800,", Number of training points (interior):",30000,", VRAM allocated:",0,", VRAM reserved:",0
3300,Training Loss:,2.7266105462331325e-06,", Learning rate:",9.9e-06,", Number of training points (boundary):",4800,", Number of training points (interior):",30000,", VRAM allocated:",0,", VRAM reserved:",0
3400,Training Loss:,2.5033905330928974e-06,", Learning rate:",9.9e-06,", Number of training points (boundary):",4800,", Number of training points (interior):",30000,", VRAM allocated:",0,", VRAM reserved:",0
3500,Training Loss:,2.2968429220782127e-06,", Learning rate:",9.9e-06,", Number of training points (boundary):",4800,", Number of training points (interior):",30000,", VRAM allocated:",0,", VRAM reserved:",0
3600,Training Loss:,2.1120226847415324e-06,", Learning rate:",9.9e-06,", Number of training points (boundary):",4800,", Number of training points (interior):",30000,", VRAM allocated:",0,", VRAM reserved:",0
3700,Training Loss:,1.952249704118003e-06,", Learning rate:",9.9e-06,", Number of training points (boundary):",4800,", Number of training points (interior):",30000,", VRAM allocated:",0,", VRAM reserved:",0
3800,Training Loss:,1.8075813841278432e-06,", Learning rate:",9.9e-06,", Number of training points (boundary):",4800,", Number of training points (interior):",30000,", VRAM allocated:",0,", VRAM reserved:",0
3900,Training Loss:,1.6819119537103688e-06,", Learning rate:",9.9e-06,", Number of training points (boundary):",4800,", Number of training points (interior):",30000,", VRAM allocated:",0,", VRAM reserved:",0
4000,Training Loss:,1.6090004919533385e-06,", Learning rate:",9.801e-06,", Number of training points (boundary):",4800,", Number of training points (interior):",30000,", VRAM allocated:",0,", VRAM reserved:",0
4100,Training Loss:,1.4741842733201338e-06,", Learning rate:",9.801e-06,", Number of training points (boundary):",4800,", Number of training points (interior):",30000,", VRAM allocated:",0,", VRAM reserved:",0
4200,Training Loss:,1.4027577890374232e-06,", Learning rate:",9.801e-06,", Number of training points (boundary):",4800,", Number of training points (interior):",30000,", VRAM allocated:",0,", VRAM reserved:",0
4300,Training Loss:,1.316124212280556e-06,", Learning rate:",9.801e-06,", Number of training points (boundary):",4800,", Number of training points (interior):",30000,", VRAM allocated:",0,", VRAM reserved:",0
4400,Training Loss:,1.2478566304707783e-06,", Learning rate:",9.801e-06,", Number of training points (boundary):",4800,", Number of training points (interior):",30000,", VRAM allocated:",0,", VRAM reserved:",0
4500,Training Loss:,1.21284210763406e-06,", Learning rate:",9.801e-06,", Number of training points (boundary):",4800,", Number of training points (interior):",30000,", VRAM allocated:",0,", VRAM reserved:",0
4600,Training Loss:,1.1451644468252198e-06,", Learning rate:",9.801e-06,", Number of training points (boundary):",4800,", Number of training points (interior):",30000,", VRAM allocated:",0,", VRAM reserved:",0
4700,Training Loss:,1.0985344260916463e-06,", Learning rate:",9.801e-06,", Number of training points (boundary):",4800,", Number of training points (interior):",30000,", VRAM allocated:",0,", VRAM reserved:",0
4800,Training Loss:,1.07355879208626e-06,", Learning rate:",9.801e-06,", Number of training points (boundary):",4800,", Number of training points (interior):",30000,", VRAM allocated:",0,", VRAM reserved:",0
4900,Training Loss:,1.0032133559434442e-06,", Learning rate:",9.801e-06,", Number of training points (boundary):",4800,", Number of training points (interior):",30000,", VRAM allocated:",0,", VRAM reserved:",0
5000,Training Loss:,9.80350591817114e-07,", Learning rate:",9.801e-06,", Number of training points (boundary):",4800,", Number of training points (interior):",30000,", VRAM allocated:",0,", VRAM reserved:",0
5100,Training Loss:,9.325647738478438e-07,", Learning rate:",9.801e-06,", Number of training points (boundary):",4800,", Number of training points (interior):",30000,", VRAM allocated:",0,", VRAM reserved:",0
5200,Training Loss:,9.234225331056223e-07,", Learning rate:",9.801e-06,", Number of training points (boundary):",4800,", Number of training points (interior):",30000,", VRAM allocated:",0,", VRAM reserved:",0
5300,Training Loss:,8.768163866079703e-07,", Learning rate:",9.801e-06,", Number of training points (boundary):",4800,", Number of training points (interior):",30000,", VRAM allocated:",0,", VRAM reserved:",0
5400,Training Loss:,8.547569905204e-07,", Learning rate:",9.801e-06,", Number of training points (boundary):",4800,", Number of training points (interior):",30000,", VRAM allocated:",0,", VRAM reserved:",0
5500,Training Loss:,8.254944532382069e-07,", Learning rate:",9.801e-06,", Number of training points (boundary):",4800,", Number of training points (interior):",30000,", VRAM allocated:",0,", VRAM reserved:",0
5600,Training Loss:,8.023593522921146e-07,", Learning rate:",9.801e-06,", Number of training points (boundary):",4800,", Number of training points (interior):",30000,", VRAM allocated:",0,", VRAM reserved:",0
5700,Training Loss:,7.787999720676453e-07,", Learning rate:",9.801e-06,", Number of training points (boundary):",4800,", Number of training points (interior):",30000,", VRAM allocated:",0,", VRAM reserved:",0
5800,Training Loss:,7.630735581187764e-07,", Learning rate:",9.801e-06,", Number of training points (boundary):",4800,", Number of training points (interior):",30000,", VRAM allocated:",0,", VRAM reserved:",0
5900,Training Loss:,7.475081815755402e-07,", Learning rate:",9.801e-06,", Number of training points (boundary):",4800,", Number of training points (interior):",30000,", VRAM allocated:",0,", VRAM reserved:",0
6000,Training Loss:,7.23704943084158e-07,", Learning rate:",9.70299e-06,", Number of training points (boundary):",4800,", Number of training points (interior):",30000,", VRAM allocated:",0,", VRAM reserved:",0
6100,Training Loss:,7.074704058140924e-07,", Learning rate:",9.70299e-06,", Number of training points (boundary):",4800,", Number of training points (interior):",30000,", VRAM allocated:",0,", VRAM reserved:",0
6200,Training Loss:,6.94700474923593e-07,", Learning rate:",9.70299e-06,", Number of training points (boundary):",4800,", Number of training points (interior):",30000,", VRAM allocated:",0,", VRAM reserved:",0
6300,Training Loss:,6.882096954541339e-07,", Learning rate:",9.70299e-06,", Number of training points (boundary):",4800,", Number of training points (interior):",30000,", VRAM allocated:",0,", VRAM reserved:",0
6400,Training Loss:,6.711343871756981e-07,", Learning rate:",9.70299e-06,", Number of training points (boundary):",4800,", Number of training points (interior):",30000,", VRAM allocated:",0,", VRAM reserved:",0
6500,Training Loss:,6.560234169228352e-07,", Learning rate:",9.70299e-06,", Number of training points (boundary):",4800,", Number of training points (interior):",30000,", VRAM allocated:",0,", VRAM reserved:",0
6600,Training Loss:,6.321332080005959e-07,", Learning rate:",9.70299e-06,", Number of training points (boundary):",4800,", Number of training points (interior):",30000,", VRAM allocated:",0,", VRAM reserved:",0
6700,Training Loss:,6.23918595010764e-07,", Learning rate:",9.70299e-06,", Number of training points (boundary):",4800,", Number of training points (interior):",30000,", VRAM allocated:",0,", VRAM reserved:",0
6800,Training Loss:,6.055510652913654e-07,", Learning rate:",9.70299e-06,", Number of training points (boundary):",4800,", Number of training points (interior):",30000,", VRAM allocated:",0,", VRAM reserved:",0
6900,Training Loss:,6.151981324364897e-07,", Learning rate:",9.70299e-06,", Number of training points (boundary):",4800,", Number of training points (interior):",30000,", VRAM allocated:",0,", VRAM reserved:",0
7000,Training Loss:,5.843301096319919e-07,", Learning rate:",9.70299e-06,", Number of training points (boundary):",4800,", Number of training points (interior):",30000,", VRAM allocated:",0,", VRAM reserved:",0
7100,Training Loss:,5.716219675377943e-07,", Learning rate:",9.70299e-06,", Number of training points (boundary):",4800,", Number of training points (interior):",30000,", VRAM allocated:",0,", VRAM reserved:",0
7200,Training Loss:,5.614250540020294e-07,", Learning rate:",9.70299e-06,", Number of training points (boundary):",4800,", Number of training points (interior):",30000,", VRAM allocated:",0,", VRAM reserved:",0
7300,Training Loss:,5.499870781022764e-07,", Learning rate:",9.70299e-06,", Number of training points (boundary):",4800,", Number of training points (interior):",30000,", VRAM allocated:",0,", VRAM reserved:",0
7400,Training Loss:,5.55677218017081e-07,", Learning rate:",9.70299e-06,", Number of training points (boundary):",4800,", Number of training points (interior):",30000,", VRAM allocated:",0,", VRAM reserved:",0
7500,Training Loss:,5.443529857984686e-07,", Learning rate:",9.70299e-06,", Number of training points (boundary):",4800,", Number of training points (interior):",30000,", VRAM allocated:",0,", VRAM reserved:",0
7600,Training Loss:,5.242040401753911e-07,", Learning rate:",9.70299e-06,", Number of training points (boundary):",4800,", Number of training points (interior):",30000,", VRAM allocated:",0,", VRAM reserved:",0
7700,Training Loss:,5.261808269096946e-07,", Learning rate:",9.70299e-06,", Number of training points (boundary):",4800,", Number of training points (interior):",30000,", VRAM allocated:",0,", VRAM reserved:",0
7800,Training Loss:,5.09204653553752e-07,", Learning rate:",9.70299e-06,", Number of training points (boundary):",4800,", Number of training points (interior):",30000,", VRAM allocated:",0,", VRAM reserved:",0
7900,Training Loss:,5.267655751595157e-07,", Learning rate:",9.70299e-06,", Number of training points (boundary):",4800,", Number of training points (interior):",30000,", VRAM allocated:",0,", VRAM reserved:",0
8000,Training Loss:,4.908375217382854e-07,", Learning rate:",9.6059601e-06,", Number of training points (boundary):",4800,", Number of training points (interior):",30000,", VRAM allocated:",0,", VRAM reserved:",0
8100,Training Loss:,5.160960654393421e-07,", Learning rate:",9.6059601e-06,", Number of training points (boundary):",4800,", Number of training points (interior):",30000,", VRAM allocated:",0,", VRAM reserved:",0
8200,Training Loss:,5.220055072641117e-07,", Learning rate:",9.6059601e-06,", Number of training points (boundary):",4800,", Number of training points (interior):",30000,", VRAM allocated:",0,", VRAM reserved:",0
8300,Training Loss:,4.7017888959999254e-07,", Learning rate:",9.6059601e-06,", Number of training points (boundary):",4800,", Number of training points (interior):",30000,", VRAM allocated:",0,", VRAM reserved:",0
8400,Training Loss:,4.7391222324222326e-07,", Learning rate:",9.6059601e-06,", Number of training points (boundary):",4800,", Number of training points (interior):",30000,", VRAM allocated:",0,", VRAM reserved:",0
8500,Training Loss:,4.5717328589489625e-07,", Learning rate:",9.6059601e-06,", Number of training points (boundary):",4800,", Number of training points (interior):",30000,", VRAM allocated:",0,", VRAM reserved:",0
8600,Training Loss:,4.952478320774389e-07,", Learning rate:",9.6059601e-06,", Number of training points (boundary):",4800,", Number of training points (interior):",30000,", VRAM allocated:",0,", VRAM reserved:",0
8700,Training Loss:,4.458568128029583e-07,", Learning rate:",9.6059601e-06,", Number of training points (boundary):",4800,", Number of training points (interior):",30000,", VRAM allocated:",0,", VRAM reserved:",0
8800,Training Loss:,4.4264439225116803e-07,", Learning rate:",9.6059601e-06,", Number of training points (boundary):",4800,", Number of training points (interior):",30000,", VRAM allocated:",0,", VRAM reserved:",0
8900,Training Loss:,4.3168432739548734e-07,", Learning rate:",9.6059601e-06,", Number of training points (boundary):",4800,", Number of training points (interior):",30000,", VRAM allocated:",0,", VRAM reserved:",0
9000,Training Loss:,4.3085347556370834e-07,", Learning rate:",9.6059601e-06,", Number of training points (boundary):",4800,", Number of training points (interior):",30000,", VRAM allocated:",0,", VRAM reserved:",0
9100,Training Loss:,4.216942670609569e-07,", Learning rate:",9.6059601e-06,", Number of training points (boundary):",4800,", Number of training points (interior):",30000,", VRAM allocated:",0,", VRAM reserved:",0
9200,Training Loss:,4.329295393290522e-07,", Learning rate:",9.6059601e-06,", Number of training points (boundary):",4800,", Number of training points (interior):",30000,", VRAM allocated:",0,", VRAM reserved:",0
9300,Training Loss:,4.2488821350161743e-07,", Learning rate:",9.6059601e-06,", Number of training points (boundary):",4800,", Number of training points (interior):",30000,", VRAM allocated:",0,", VRAM reserved:",0
9400,Training Loss:,4.0491758568350633e-07,", Learning rate:",9.6059601e-06,", Number of training points (boundary):",4800,", Number of training points (interior):",30000,", VRAM allocated:",0,", VRAM reserved:",0
9500,Training Loss:,4.0982840232572926e-07,", Learning rate:",9.6059601e-06,", Number of training points (boundary):",4800,", Number of training points (interior):",30000,", VRAM allocated:",0,", VRAM reserved:",0
9600,Training Loss:,4.1308925347038894e-07,", Learning rate:",9.6059601e-06,", Number of training points (boundary):",4800,", Number of training points (interior):",30000,", VRAM allocated:",0,", VRAM reserved:",0
9700,Training Loss:,4.061912193265016e-07,", Learning rate:",9.6059601e-06,", Number of training points (boundary):",4800,", Number of training points (interior):",30000,", VRAM allocated:",0,", VRAM reserved:",0
9800,Training Loss:,3.8889135112185613e-07,", Learning rate:",9.6059601e-06,", Number of training points (boundary):",4800,", Number of training points (interior):",30000,", VRAM allocated:",0,", VRAM reserved:",0
9900,Training Loss:,3.843375395717885e-07,", Learning rate:",9.6059601e-06,", Number of training points (boundary):",4800,", Number of training points (interior):",30000,", VRAM allocated:",0,", VRAM reserved:",0
10000,Training Loss:,3.7900528582213155e-07,", Learning rate:",9.509900499e-06,", Number of training points (boundary):",4800,", Number of training points (interior):",30000,", VRAM allocated:",0,", VRAM reserved:",0
10100,Training Loss:,3.9223263570420386e-07,", Learning rate:",9.509900499e-06,", Number of training points (boundary):",4800,", Number of training points (interior):",30000,", VRAM allocated:",0,", VRAM reserved:",0
10200,Training Loss:,3.7251606954669114e-07,", Learning rate:",9.509900499e-06,", Number of training points (boundary):",4800,", Number of training points (interior):",30000,", VRAM allocated:",0,", VRAM reserved:",0
10300,Training Loss:,3.696957264764933e-07,", Learning rate:",9.509900499e-06,", Number of training points (boundary):",4800,", Number of training points (interior):",30000,", VRAM allocated:",0,", VRAM reserved:",0
10400,Training Loss:,3.7016860687799635e-07,", Learning rate:",9.509900499e-06,", Number of training points (boundary):",4800,", Number of training points (interior):",30000,", VRAM allocated:",0,", VRAM reserved:",0
10500,Training Loss:,3.593135318169516e-07,", Learning rate:",9.509900499e-06,", Number of training points (boundary):",4800,", Number of training points (interior):",30000,", VRAM allocated:",0,", VRAM reserved:",0
10600,Training Loss:,3.6128170677329763e-07,", Learning rate:",9.509900499e-06,", Number of training points (boundary):",4800,", Number of training points (interior):",30000,", VRAM allocated:",0,", VRAM reserved:",0
10700,Training Loss:,3.944793718346773e-07,", Learning rate:",9.509900499e-06,", Number of training points (boundary):",4800,", Number of training points (interior):",30000,", VRAM allocated:",0,", VRAM reserved:",0
10800,Training Loss:,3.5904071182812913e-07,", Learning rate:",9.509900499e-06,", Number of training points (boundary):",4800,", Number of training points (interior):",30000,", VRAM allocated:",0,", VRAM reserved:",0
10900,Training Loss:,3.532456673838169e-07,", Learning rate:",9.509900499e-06,", Number of training points (boundary):",4800,", Number of training points (interior):",30000,", VRAM allocated:",0,", VRAM reserved:",0
11000,Training Loss:,3.412894784560194e-07,", Learning rate:",9.509900499e-06,", Number of training points (boundary):",4800,", Number of training points (interior):",30000,", VRAM allocated:",0,", VRAM reserved:",0
11100,Training Loss:,3.7341143865887716e-07,", Learning rate:",9.509900499e-06,", Number of training points (boundary):",4800,", Number of training points (interior):",30000,", VRAM allocated:",0,", VRAM reserved:",0
11200,Training Loss:,3.3469373761363386e-07,", Learning rate:",9.509900499e-06,", Number of training points (boundary):",4800,", Number of training points (interior):",30000,", VRAM allocated:",0,", VRAM reserved:",0
11300,Training Loss:,3.4181238106612e-07,", Learning rate:",9.509900499e-06,", Number of training points (boundary):",4800,", Number of training points (interior):",30000,", VRAM allocated:",0,", VRAM reserved:",0
11400,Training Loss:,3.4416197536302207e-07,", Learning rate:",9.509900499e-06,", Number of training points (boundary):",4800,", Number of training points (interior):",30000,", VRAM allocated:",0,", VRAM reserved:",0
11500,Training Loss:,3.2877102285056026e-07,", Learning rate:",9.509900499e-06,", Number of training points (boundary):",4800,", Number of training points (interior):",30000,", VRAM allocated:",0,", VRAM reserved:",0
11600,Training Loss:,3.4581526620058867e-07,", Learning rate:",9.509900499e-06,", Number of training points (boundary):",4800,", Number of training points (interior):",30000,", VRAM allocated:",0,", VRAM reserved:",0
11700,Training Loss:,3.211750367881905e-07,", Learning rate:",9.509900499e-06,", Number of training points (boundary):",4800,", Number of training points (interior):",30000,", VRAM allocated:",0,", VRAM reserved:",0
11800,Training Loss:,3.363188341154455e-07,", Learning rate:",9.509900499e-06,", Number of training points (boundary):",4800,", Number of training points (interior):",30000,", VRAM allocated:",0,", VRAM reserved:",0
11900,Training Loss:,3.5176776691514533e-07,", Learning rate:",9.509900499e-06,", Number of training points (boundary):",4800,", Number of training points (interior):",30000,", VRAM allocated:",0,", VRAM reserved:",0
12000,Training Loss:,3.114581659247051e-07,", Learning rate:",9.414801494009999e-06,", Number of training points (boundary):",4800,", Number of training points (interior):",30000,", VRAM allocated:",0,", VRAM reserved:",0
12100,Training Loss:,3.1886989404483757e-07,", Learning rate:",9.414801494009999e-06,", Number of training points (boundary):",4800,", Number of training points (interior):",30000,", VRAM allocated:",0,", VRAM reserved:",0
12200,Training Loss:,3.06934367699796e-07,", Learning rate:",9.414801494009999e-06,", Number of training points (boundary):",4800,", Number of training points (interior):",30000,", VRAM allocated:",0,", VRAM reserved:",0
12300,Training Loss:,3.099306127296586e-07,", Learning rate:",9.414801494009999e-06,", Number of training points (boundary):",4800,", Number of training points (interior):",30000,", VRAM allocated:",0,", VRAM reserved:",0
12400,Training Loss:,3.2628238955112465e-07,", Learning rate:",9.414801494009999e-06,", Number of training points (boundary):",4800,", Number of training points (interior):",30000,", VRAM allocated:",0,", VRAM reserved:",0
12500,Training Loss:,2.993103294102184e-07,", Learning rate:",9.414801494009999e-06,", Number of training points (boundary):",4800,", Number of training points (interior):",30000,", VRAM allocated:",0,", VRAM reserved:",0
12600,Training Loss:,2.989159213484527e-07,", Learning rate:",9.414801494009999e-06,", Number of training points (boundary):",4800,", Number of training points (interior):",30000,", VRAM allocated:",0,", VRAM reserved:",0
12700,Training Loss:,3.038501006358274e-07,", Learning rate:",9.414801494009999e-06,", Number of training points (boundary):",4800,", Number of training points (interior):",30000,", VRAM allocated:",0,", VRAM reserved:",0
12800,Training Loss:,3.0097402259343653e-07,", Learning rate:",9.414801494009999e-06,", Number of training points (boundary):",4800,", Number of training points (interior):",30000,", VRAM allocated:",0,", VRAM reserved:",0
12900,Training Loss:,2.9113292043803085e-07,", Learning rate:",9.414801494009999e-06,", Number of training points (boundary):",4800,", Number of training points (interior):",30000,", VRAM allocated:",0,", VRAM reserved:",0
13000,Training Loss:,3.8809153579677513e-07,", Learning rate:",9.414801494009999e-06,", Number of training points (boundary):",4800,", Number of training points (interior):",30000,", VRAM allocated:",0,", VRAM reserved:",0
13100,Training Loss:,3.0570649300898367e-07,", Learning rate:",9.414801494009999e-06,", Number of training points (boundary):",4800,", Number of training points (interior):",30000,", VRAM allocated:",0,", VRAM reserved:",0
13200,Training Loss:,3.036183784388413e-07,", Learning rate:",9.414801494009999e-06,", Number of training points (boundary):",4800,", Number of training points (interior):",30000,", VRAM allocated:",0,", VRAM reserved:",0
13300,Training Loss:,2.8043962174706394e-07,", Learning rate:",9.414801494009999e-06,", Number of training points (boundary):",4800,", Number of training points (interior):",30000,", VRAM allocated:",0,", VRAM reserved:",0
13400,Training Loss:,2.838185082509881e-07,", Learning rate:",9.414801494009999e-06,", Number of training points (boundary):",4800,", Number of training points (interior):",30000,", VRAM allocated:",0,", VRAM reserved:",0
13500,Training Loss:,2.8193895218464604e-07,", Learning rate:",9.414801494009999e-06,", Number of training points (boundary):",4800,", Number of training points (interior):",30000,", VRAM allocated:",0,", VRAM reserved:",0
13600,Training Loss:,2.798485354560398e-07,", Learning rate:",9.414801494009999e-06,", Number of training points (boundary):",4800,", Number of training points (interior):",30000,", VRAM allocated:",0,", VRAM reserved:",0
13700,Training Loss:,2.776345979782491e-07,", Learning rate:",9.414801494009999e-06,", Number of training points (boundary):",4800,", Number of training points (interior):",30000,", VRAM allocated:",0,", VRAM reserved:",0
13800,Training Loss:,2.823039721988607e-07,", Learning rate:",9.414801494009999e-06,", Number of training points (boundary):",4800,", Number of training points (interior):",30000,", VRAM allocated:",0,", VRAM reserved:",0
13900,Training Loss:,2.703864367958886e-07,", Learning rate:",9.414801494009999e-06,", Number of training points (boundary):",4800,", Number of training points (interior):",30000,", VRAM allocated:",0,", VRAM reserved:",0
14000,Training Loss:,2.804246150844847e-07,", Learning rate:",9.320653479069899e-06,", Number of training points (boundary):",4800,", Number of training points (interior):",30000,", VRAM allocated:",0,", VRAM reserved:",0
14100,Training Loss:,2.7525092605173995e-07,", Learning rate:",9.320653479069899e-06,", Number of training points (boundary):",4800,", Number of training points (interior):",30000,", VRAM allocated:",0,", VRAM reserved:",0
14200,Training Loss:,2.6213771775474015e-07,", Learning rate:",9.320653479069899e-06,", Number of training points (boundary):",4800,", Number of training points (interior):",30000,", VRAM allocated:",0,", VRAM reserved:",0
14300,Training Loss:,3.0361346148310986e-07,", Learning rate:",9.320653479069899e-06,", Number of training points (boundary):",4800,", Number of training points (interior):",30000,", VRAM allocated:",0,", VRAM reserved:",0
14400,Training Loss:,2.5897284672282694e-07,", Learning rate:",9.320653479069899e-06,", Number of training points (boundary):",4800,", Number of training points (interior):",30000,", VRAM allocated:",0,", VRAM reserved:",0
14500,Training Loss:,2.719121425798221e-07,", Learning rate:",9.320653479069899e-06,", Number of training points (boundary):",4800,", Number of training points (interior):",30000,", VRAM allocated:",0,", VRAM reserved:",0
14600,Training Loss:,2.652577677508816e-07,", Learning rate:",9.320653479069899e-06,", Number of training points (boundary):",4800,", Number of training points (interior):",30000,", VRAM allocated:",0,", VRAM reserved:",0
14700,Training Loss:,2.764724627013493e-07,", Learning rate:",9.320653479069899e-06,", Number of training points (boundary):",4800,", Number of training points (interior):",30000,", VRAM allocated:",0,", VRAM reserved:",0
14800,Training Loss:,2.5683419835331733e-07,", Learning rate:",9.320653479069899e-06,", Number of training points (boundary):",4800,", Number of training points (interior):",30000,", VRAM allocated:",0,", VRAM reserved:",0
14900,Training Loss:,2.600807249564241e-07,", Learning rate:",9.320653479069899e-06,", Number of training points (boundary):",4800,", Number of training points (interior):",30000,", VRAM allocated:",0,", VRAM reserved:",0
15000,Training Loss:,2.593592398625333e-07,", Learning rate:",9.320653479069899e-06,", Number of training points (boundary):",4800,", Number of training points (interior):",30000,", VRAM allocated:",0,", VRAM reserved:",0
15100,Training Loss:,2.451481293519464e-07,", Learning rate:",9.320653479069899e-06,", Number of training points (boundary):",4800,", Number of training points (interior):",30000,", VRAM allocated:",0,", VRAM reserved:",0
15200,Training Loss:,2.441628339511226e-07,", Learning rate:",9.320653479069899e-06,", Number of training points (boundary):",4800,", Number of training points (interior):",30000,", VRAM allocated:",0,", VRAM reserved:",0
15300,Training Loss:,2.5924720148395863e-07,", Learning rate:",9.320653479069899e-06,", Number of training points (boundary):",4800,", Number of training points (interior):",30000,", VRAM allocated:",0,", VRAM reserved:",0
15400,Training Loss:,2.4285779431920673e-07,", Learning rate:",9.320653479069899e-06,", Number of training points (boundary):",4800,", Number of training points (interior):",30000,", VRAM allocated:",0,", VRAM reserved:",0
15500,Training Loss:,2.4186076075238816e-07,", Learning rate:",9.320653479069899e-06,", Number of training points (boundary):",4800,", Number of training points (interior):",30000,", VRAM allocated:",0,", VRAM reserved:",0
15600,Training Loss:,2.4083192329271697e-07,", Learning rate:",9.320653479069899e-06,", Number of training points (boundary):",4800,", Number of training points (interior):",30000,", VRAM allocated:",0,", VRAM reserved:",0
15700,Training Loss:,2.4078920546344307e-07,", Learning rate:",9.320653479069899e-06,", Number of training points (boundary):",4800,", Number of training points (interior):",30000,", VRAM allocated:",0,", VRAM reserved:",0
15800,Training Loss:,2.735542068421637e-07,", Learning rate:",9.320653479069899e-06,", Number of training points (boundary):",4800,", Number of training points (interior):",30000,", VRAM allocated:",0,", VRAM reserved:",0
15900,Training Loss:,2.7582834150052804e-07,", Learning rate:",9.320653479069899e-06,", Number of training points (boundary):",4800,", Number of training points (interior):",30000,", VRAM allocated:",0,", VRAM reserved:",0
16000,Training Loss:,2.535267356051918e-07,", Learning rate:",9.227446944279199e-06,", Number of training points (boundary):",4800,", Number of training points (interior):",30000,", VRAM allocated:",0,", VRAM reserved:",0
16100,Training Loss:,2.4725690650484466e-07,", Learning rate:",9.227446944279199e-06,", Number of training points (boundary):",4800,", Number of training points (interior):",30000,", VRAM allocated:",0,", VRAM reserved:",0
16200,Training Loss:,2.8518513772723963e-07,", Learning rate:",9.227446944279199e-06,", Number of training points (boundary):",4800,", Number of training points (interior):",30000,", VRAM allocated:",0,", VRAM reserved:",0
16300,Training Loss:,2.441324511437415e-07,", Learning rate:",9.227446944279199e-06,", Number of training points (boundary):",4800,", Number of training points (interior):",30000,", VRAM allocated:",0,", VRAM reserved:",0
16400,Training Loss:,2.6416370246806764e-07,", Learning rate:",9.227446944279199e-06,", Number of training points (boundary):",4800,", Number of training points (interior):",30000,", VRAM allocated:",0,", VRAM reserved:",0
16500,Training Loss:,2.339274089990795e-07,", Learning rate:",9.227446944279199e-06,", Number of training points (boundary):",4800,", Number of training points (interior):",30000,", VRAM allocated:",0,", VRAM reserved:",0
16600,Training Loss:,2.2250270603763056e-07,", Learning rate:",9.227446944279199e-06,", Number of training points (boundary):",4800,", Number of training points (interior):",30000,", VRAM allocated:",0,", VRAM reserved:",0
16700,Training Loss:,2.2223208873128897e-07,", Learning rate:",9.227446944279199e-06,", Number of training points (boundary):",4800,", Number of training points (interior):",30000,", VRAM allocated:",0,", VRAM reserved:",0
16800,Training Loss:,2.325028845007182e-07,", Learning rate:",9.227446944279199e-06,", Number of training points (boundary):",4800,", Number of training points (interior):",30000,", VRAM allocated:",0,", VRAM reserved:",0
16900,Training Loss:,2.249171586754528e-07,", Learning rate:",9.227446944279199e-06,", Number of training points (boundary):",4800,", Number of training points (interior):",30000,", VRAM allocated:",0,", VRAM reserved:",0
17000,Training Loss:,2.1845482933713356e-07,", Learning rate:",9.227446944279199e-06,", Number of training points (boundary):",4800,", Number of training points (interior):",30000,", VRAM allocated:",0,", VRAM reserved:",0
17100,Training Loss:,2.243140073687755e-07,", Learning rate:",9.227446944279199e-06,", Number of training points (boundary):",4800,", Number of training points (interior):",30000,", VRAM allocated:",0,", VRAM reserved:",0
17200,Training Loss:,2.926780098277959e-07,", Learning rate:",9.227446944279199e-06,", Number of training points (boundary):",4800,", Number of training points (interior):",30000,", VRAM allocated:",0,", VRAM reserved:",0
17300,Training Loss:,2.1524552096252592e-07,", Learning rate:",9.227446944279199e-06,", Number of training points (boundary):",4800,", Number of training points (interior):",30000,", VRAM allocated:",0,", VRAM reserved:",0
17400,Training Loss:,2.184603857813272e-07,", Learning rate:",9.227446944279199e-06,", Number of training points (boundary):",4800,", Number of training points (interior):",30000,", VRAM allocated:",0,", VRAM reserved:",0
17500,Training Loss:,2.663729503638024e-07,", Learning rate:",9.227446944279199e-06,", Number of training points (boundary):",4800,", Number of training points (interior):",30000,", VRAM allocated:",0,", VRAM reserved:",0
17600,Training Loss:,2.0862498217866232e-07,", Learning rate:",9.227446944279199e-06,", Number of training points (boundary):",4800,", Number of training points (interior):",30000,", VRAM allocated:",0,", VRAM reserved:",0
17700,Training Loss:,2.085241987970221e-07,", Learning rate:",9.227446944279199e-06,", Number of training points (boundary):",4800,", Number of training points (interior):",30000,", VRAM allocated:",0,", VRAM reserved:",0
17800,Training Loss:,2.2854271719552344e-07,", Learning rate:",9.227446944279199e-06,", Number of training points (boundary):",4800,", Number of training points (interior):",30000,", VRAM allocated:",0,", VRAM reserved:",0
17900,Training Loss:,2.5567254624547786e-07,", Learning rate:",9.227446944279199e-06,", Number of training points (boundary):",4800,", Number of training points (interior):",30000,", VRAM allocated:",0,", VRAM reserved:",0
18000,Training Loss:,2.043811520024974e-07,", Learning rate:",9.135172474836406e-06,", Number of training points (boundary):",4800,", Number of training points (interior):",30000,", VRAM allocated:",0,", VRAM reserved:",0
18100,Training Loss:,2.3354047584689397e-07,", Learning rate:",9.135172474836406e-06,", Number of training points (boundary):",4800,", Number of training points (interior):",30000,", VRAM allocated:",0,", VRAM reserved:",0
18200,Training Loss:,2.1583029763405648e-07,", Learning rate:",9.135172474836406e-06,", Number of training points (boundary):",4800,", Number of training points (interior):",30000,", VRAM allocated:",0,", VRAM reserved:",0
18300,Training Loss:,2.1798099680836458e-07,", Learning rate:",9.135172474836406e-06,", Number of training points (boundary):",4800,", Number of training points (interior):",30000,", VRAM allocated:",0,", VRAM reserved:",0
18400,Training Loss:,2.1866325994324143e-07,", Learning rate:",9.135172474836406e-06,", Number of training points (boundary):",4800,", Number of training points (interior):",30000,", VRAM allocated:",0,", VRAM reserved:",0
18500,Training Loss:,2.2668723431706894e-07,", Learning rate:",9.135172474836406e-06,", Number of training points (boundary):",4800,", Number of training points (interior):",30000,", VRAM allocated:",0,", VRAM reserved:",0
18600,Training Loss:,2.301734411958023e-07,", Learning rate:",9.135172474836406e-06,", Number of training points (boundary):",4800,", Number of training points (interior):",30000,", VRAM allocated:",0,", VRAM reserved:",0
18700,Training Loss:,2.097404490086774e-07,", Learning rate:",9.135172474836406e-06,", Number of training points (boundary):",4800,", Number of training points (interior):",30000,", VRAM allocated:",0,", VRAM reserved:",0
18800,Training Loss:,1.9909518300664786e-07,", Learning rate:",9.135172474836406e-06,", Number of training points (boundary):",4800,", Number of training points (interior):",30000,", VRAM allocated:",0,", VRAM reserved:",0
18900,Training Loss:,2.4738525894463237e-07,", Learning rate:",9.135172474836406e-06,", Number of training points (boundary):",4800,", Number of training points (interior):",30000,", VRAM allocated:",0,", VRAM reserved:",0
19000,Training Loss:,2.0155628988050012e-07,", Learning rate:",9.135172474836406e-06,", Number of training points (boundary):",4800,", Number of training points (interior):",30000,", VRAM allocated:",0,", VRAM reserved:",0
19100,Training Loss:,1.940368292707717e-07,", Learning rate:",9.135172474836406e-06,", Number of training points (boundary):",4800,", Number of training points (interior):",30000,", VRAM allocated:",0,", VRAM reserved:",0
19200,Training Loss:,2.2633260243765108e-07,", Learning rate:",9.135172474836406e-06,", Number of training points (boundary):",4800,", Number of training points (interior):",30000,", VRAM allocated:",0,", VRAM reserved:",0
19300,Training Loss:,2.0642254128233617e-07,", Learning rate:",9.135172474836406e-06,", Number of training points (boundary):",4800,", Number of training points (interior):",30000,", VRAM allocated:",0,", VRAM reserved:",0
19400,Training Loss:,3.045403502710542e-07,", Learning rate:",9.135172474836406e-06,", Number of training points (boundary):",4800,", Number of training points (interior):",30000,", VRAM allocated:",0,", VRAM reserved:",0
19500,Training Loss:,2.41448162796587e-07,", Learning rate:",9.135172474836406e-06,", Number of training points (boundary):",4800,", Number of training points (interior):",30000,", VRAM allocated:",0,", VRAM reserved:",0
19600,Training Loss:,1.988697420074459e-07,", Learning rate:",9.135172474836406e-06,", Number of training points (boundary):",4800,", Number of training points (interior):",30000,", VRAM allocated:",0,", VRAM reserved:",0
19700,Training Loss:,2.1894024371249543e-07,", Learning rate:",9.135172474836406e-06,", Number of training points (boundary):",4800,", Number of training points (interior):",30000,", VRAM allocated:",0,", VRAM reserved:",0
19800,Training Loss:,1.8866627726765728e-07,", Learning rate:",9.135172474836406e-06,", Number of training points (boundary):",4800,", Number of training points (interior):",30000,", VRAM allocated:",0,", VRAM reserved:",0
19900,Training Loss:,1.8471278906417865e-07,", Learning rate:",9.135172474836406e-06,", Number of training points (boundary):",4800,", Number of training points (interior):",30000,", VRAM allocated:",0,", VRAM reserved:",0
20000,Training Loss:,1.9385151972528547e-07,", Learning rate:",9.043820750088042e-06,", Number of training points (boundary):",4800,", Number of training points (interior):",30000,", VRAM allocated:",0,", VRAM reserved:",0
20100,Training Loss:,1.8753392794224055e-07,", Learning rate:",9.043820750088042e-06,", Number of training points (boundary):",4800,", Number of training points (interior):",30000,", VRAM allocated:",0,", VRAM reserved:",0
20200,Training Loss:,1.7979078847929486e-07,", Learning rate:",9.043820750088042e-06,", Number of training points (boundary):",4800,", Number of training points (interior):",30000,", VRAM allocated:",0,", VRAM reserved:",0
20300,Training Loss:,1.7912924477059278e-07,", Learning rate:",9.043820750088042e-06,", Number of training points (boundary):",4800,", Number of training points (interior):",30000,", VRAM allocated:",0,", VRAM reserved:",0
20400,Training Loss:,3.014085052654991e-07,", Learning rate:",9.043820750088042e-06,", Number of training points (boundary):",4800,", Number of training points (interior):",30000,", VRAM allocated:",0,", VRAM reserved:",0
20500,Training Loss:,1.824639781489168e-07,", Learning rate:",9.043820750088042e-06,", Number of training points (boundary):",4800,", Number of training points (interior):",30000,", VRAM allocated:",0,", VRAM reserved:",0
20600,Training Loss:,1.7640221017245494e-07,", Learning rate:",9.043820750088042e-06,", Number of training points (boundary):",4800,", Number of training points (interior):",30000,", VRAM allocated:",0,", VRAM reserved:",0
20700,Training Loss:,2.0329791539097641e-07,", Learning rate:",9.043820750088042e-06,", Number of training points (boundary):",4800,", Number of training points (interior):",30000,", VRAM allocated:",0,", VRAM reserved:",0
20800,Training Loss:,1.811803969076209e-07,", Learning rate:",9.043820750088042e-06,", Number of training points (boundary):",4800,", Number of training points (interior):",30000,", VRAM allocated:",0,", VRAM reserved:",0
20900,Training Loss:,1.8604085028073314e-07,", Learning rate:",9.043820750088042e-06,", Number of training points (boundary):",4800,", Number of training points (interior):",30000,", VRAM allocated:",0,", VRAM reserved:",0
21000,Training Loss:,1.8120465483661974e-07,", Learning rate:",9.043820750088042e-06,", Number of training points (boundary):",4800,", Number of training points (interior):",30000,", VRAM allocated:",0,", VRAM reserved:",0
21100,Training Loss:,1.859065861253839e-07,", Learning rate:",9.043820750088042e-06,", Number of training points (boundary):",4800,", Number of training points (interior):",30000,", VRAM allocated:",0,", VRAM reserved:",0
21200,Training Loss:,1.7225774229245872e-07,", Learning rate:",9.043820750088042e-06,", Number of training points (boundary):",4800,", Number of training points (interior):",30000,", VRAM allocated:",0,", VRAM reserved:",0
21300,Training Loss:,1.7061447010746633e-07,", Learning rate:",9.043820750088042e-06,", Number of training points (boundary):",4800,", Number of training points (interior):",30000,", VRAM allocated:",0,", VRAM reserved:",0
21400,Training Loss:,1.7667832707957132e-07,", Learning rate:",9.043820750088042e-06,", Number of training points (boundary):",4800,", Number of training points (interior):",30000,", VRAM allocated:",0,", VRAM reserved:",0
21500,Training Loss:,1.7077081793104298e-07,", Learning rate:",9.043820750088042e-06,", Number of training points (boundary):",4800,", Number of training points (interior):",30000,", VRAM allocated:",0,", VRAM reserved:",0
21600,Training Loss:,1.8781872768158792e-07,", Learning rate:",9.043820750088042e-06,", Number of training points (boundary):",4800,", Number of training points (interior):",30000,", VRAM allocated:",0,", VRAM reserved:",0
21700,Training Loss:,1.6850798090217722e-07,", Learning rate:",9.043820750088042e-06,", Number of training points (boundary):",4800,", Number of training points (interior):",30000,", VRAM allocated:",0,", VRAM reserved:",0
21800,Training Loss:,2.154104947749147e-07,", Learning rate:",9.043820750088042e-06,", Number of training points (boundary):",4800,", Number of training points (interior):",30000,", VRAM allocated:",0,", VRAM reserved:",0
21900,Training Loss:,1.8585913608148985e-07,", Learning rate:",9.043820750088042e-06,", Number of training points (boundary):",4800,", Number of training points (interior):",30000,", VRAM allocated:",0,", VRAM reserved:",0
22000,Training Loss:,1.6323318163813383e-07,", Learning rate:",8.953382542587162e-06,", Number of training points (boundary):",4800,", Number of training points (interior):",30000,", VRAM allocated:",0,", VRAM reserved:",0
22100,Training Loss:,1.7472950730734738e-07,", Learning rate:",8.953382542587162e-06,", Number of training points (boundary):",4800,", Number of training points (interior):",30000,", VRAM allocated:",0,", VRAM reserved:",0
22200,Training Loss:,1.6225278898218676e-07,", Learning rate:",8.953382542587162e-06,", Number of training points (boundary):",4800,", Number of training points (interior):",30000,", VRAM allocated:",0,", VRAM reserved:",0
22300,Training Loss:,1.6092249666144198e-07,", Learning rate:",8.953382542587162e-06,", Number of training points (boundary):",4800,", Number of training points (interior):",30000,", VRAM allocated:",0,", VRAM reserved:",0
22400,Training Loss:,1.602149666268815e-07,", Learning rate:",8.953382542587162e-06,", Number of training points (boundary):",4800,", Number of training points (interior):",30000,", VRAM allocated:",0,", VRAM reserved:",0
22500,Training Loss:,1.8605433638185787e-07,", Learning rate:",8.953382542587162e-06,", Number of training points (boundary):",4800,", Number of training points (interior):",30000,", VRAM allocated:",0,", VRAM reserved:",0
22600,Training Loss:,1.8103649779277475e-07,", Learning rate:",8.953382542587162e-06,", Number of training points (boundary):",4800,", Number of training points (interior):",30000,", VRAM allocated:",0,", VRAM reserved:",0
22700,Training Loss:,2.008097368388917e-07,", Learning rate:",8.953382542587162e-06,", Number of training points (boundary):",4800,", Number of training points (interior):",30000,", VRAM allocated:",0,", VRAM reserved:",0
22800,Training Loss:,1.586051467938887e-07,", Learning rate:",8.953382542587162e-06,", Number of training points (boundary):",4800,", Number of training points (interior):",30000,", VRAM allocated:",0,", VRAM reserved:",0
22900,Training Loss:,1.5598112668158137e-07,", Learning rate:",8.953382542587162e-06,", Number of training points (boundary):",4800,", Number of training points (interior):",30000,", VRAM allocated:",0,", VRAM reserved:",0
23000,Training Loss:,1.8904282228504599e-07,", Learning rate:",8.953382542587162e-06,", Number of training points (boundary):",4800,", Number of training points (interior):",30000,", VRAM allocated:",0,", VRAM reserved:",0
23100,Training Loss:,1.9755856328629307e-07,", Learning rate:",8.953382542587162e-06,", Number of training points (boundary):",4800,", Number of training points (interior):",30000,", VRAM allocated:",0,", VRAM reserved:",0
23200,Training Loss:,1.9523611172189703e-07,", Learning rate:",8.953382542587162e-06,", Number of training points (boundary):",4800,", Number of training points (interior):",30000,", VRAM allocated:",0,", VRAM reserved:",0
23300,Training Loss:,1.5864723934555514e-07,", Learning rate:",8.953382542587162e-06,", Number of training points (boundary):",4800,", Number of training points (interior):",30000,", VRAM allocated:",0,", VRAM reserved:",0
23400,Training Loss:,1.8397234669009777e-07,", Learning rate:",8.953382542587162e-06,", Number of training points (boundary):",4800,", Number of training points (interior):",30000,", VRAM allocated:",0,", VRAM reserved:",0
23500,Training Loss:,1.6122720580824534e-07,", Learning rate:",8.953382542587162e-06,", Number of training points (boundary):",4800,", Number of training points (interior):",30000,", VRAM allocated:",0,", VRAM reserved:",0
23600,Training Loss:,1.5545640508207725e-07,", Learning rate:",8.953382542587162e-06,", Number of training points (boundary):",4800,", Number of training points (interior):",30000,", VRAM allocated:",0,", VRAM reserved:",0
23700,Training Loss:,1.5978646672465402e-07,", Learning rate:",8.953382542587162e-06,", Number of training points (boundary):",4800,", Number of training points (interior):",30000,", VRAM allocated:",0,", VRAM reserved:",0
23800,Training Loss:,1.7283294084791123e-07,", Learning rate:",8.953382542587162e-06,", Number of training points (boundary):",4800,", Number of training points (interior):",30000,", VRAM allocated:",0,", VRAM reserved:",0
23900,Training Loss:,1.5247344720137335e-07,", Learning rate:",8.953382542587162e-06,", Number of training points (boundary):",4800,", Number of training points (interior):",30000,", VRAM allocated:",0,", VRAM reserved:",0
24000,Training Loss:,1.5513134599132172e-07,", Learning rate:",8.86384871716129e-06,", Number of training points (boundary):",4800,", Number of training points (interior):",30000,", VRAM allocated:",0,", VRAM reserved:",0
24100,Training Loss:,1.5056644997457624e-07,", Learning rate:",8.86384871716129e-06,", Number of training points (boundary):",4800,", Number of training points (interior):",30000,", VRAM allocated:",0,", VRAM reserved:",0
24200,Training Loss:,1.614752704881539e-07,", Learning rate:",8.86384871716129e-06,", Number of training points (boundary):",4800,", Number of training points (interior):",30000,", VRAM allocated:",0,", VRAM reserved:",0
24300,Training Loss:,1.5594206104196928e-07,", Learning rate:",8.86384871716129e-06,", Number of training points (boundary):",4800,", Number of training points (interior):",30000,", VRAM allocated:",0,", VRAM reserved:",0
24400,Training Loss:,1.4673497616968234e-07,", Learning rate:",8.86384871716129e-06,", Number of training points (boundary):",4800,", Number of training points (interior):",30000,", VRAM allocated:",0,", VRAM reserved:",0
24500,Training Loss:,1.4486863619822543e-07,", Learning rate:",8.86384871716129e-06,", Number of training points (boundary):",4800,", Number of training points (interior):",30000,", VRAM allocated:",0,", VRAM reserved:",0
24600,Training Loss:,1.4363565981057036e-07,", Learning rate:",8.86384871716129e-06,", Number of training points (boundary):",4800,", Number of training points (interior):",30000,", VRAM allocated:",0,", VRAM reserved:",0
24700,Training Loss:,1.545224961319036e-07,", Learning rate:",8.86384871716129e-06,", Number of training points (boundary):",4800,", Number of training points (interior):",30000,", VRAM allocated:",0,", VRAM reserved:",0
24800,Training Loss:,1.8229239628908545e-07,", Learning rate:",8.86384871716129e-06,", Number of training points (boundary):",4800,", Number of training points (interior):",30000,", VRAM allocated:",0,", VRAM reserved:",0
24900,Training Loss:,1.5109530693280249e-07,", Learning rate:",8.86384871716129e-06,", Number of training points (boundary):",4800,", Number of training points (interior):",30000,", VRAM allocated:",0,", VRAM reserved:",0
25000,Training Loss:,1.7921108508289763e-07,", Learning rate:",8.86384871716129e-06,", Number of training points (boundary):",4800,", Number of training points (interior):",30000,", VRAM allocated:",0,", VRAM reserved:",0
25100,Training Loss:,1.398092734916645e-07,", Learning rate:",8.86384871716129e-06,", Number of training points (boundary):",4800,", Number of training points (interior):",30000,", VRAM allocated:",0,", VRAM reserved:",0
25200,Training Loss:,1.386311510032101e-07,", Learning rate:",8.86384871716129e-06,", Number of training points (boundary):",4800,", Number of training points (interior):",30000,", VRAM allocated:",0,", VRAM reserved:",0
25300,Training Loss:,1.3877149740437744e-07,", Learning rate:",8.86384871716129e-06,", Number of training points (boundary):",4800,", Number of training points (interior):",30000,", VRAM allocated:",0,", VRAM reserved:",0
25400,Training Loss:,1.4456617236646707e-07,", Learning rate:",8.86384871716129e-06,", Number of training points (boundary):",4800,", Number of training points (interior):",30000,", VRAM allocated:",0,", VRAM reserved:",0
25500,Training Loss:,1.5777321493715135e-07,", Learning rate:",8.86384871716129e-06,", Number of training points (boundary):",4800,", Number of training points (interior):",30000,", VRAM allocated:",0,", VRAM reserved:",0
25600,Training Loss:,1.6609567410341697e-07,", Learning rate:",8.86384871716129e-06,", Number of training points (boundary):",4800,", Number of training points (interior):",30000,", VRAM allocated:",0,", VRAM reserved:",0
25700,Training Loss:,1.6649624967612908e-07,", Learning rate:",8.86384871716129e-06,", Number of training points (boundary):",4800,", Number of training points (interior):",30000,", VRAM allocated:",0,", VRAM reserved:",0
25800,Training Loss:,1.4618802879340365e-07,", Learning rate:",8.86384871716129e-06,", Number of training points (boundary):",4800,", Number of training points (interior):",30000,", VRAM allocated:",0,", VRAM reserved:",0
25900,Training Loss:,1.4822467164776754e-07,", Learning rate:",8.86384871716129e-06,", Number of training points (boundary):",4800,", Number of training points (interior):",30000,", VRAM allocated:",0,", VRAM reserved:",0
26000,Training Loss:,1.4026075234596647e-07,", Learning rate:",8.775210229989677e-06,", Number of training points (boundary):",4800,", Number of training points (interior):",30000,", VRAM allocated:",0,", VRAM reserved:",0
26100,Training Loss:,1.3804887544210942e-07,", Learning rate:",8.775210229989677e-06,", Number of training points (boundary):",4800,", Number of training points (interior):",30000,", VRAM allocated:",0,", VRAM reserved:",0
26200,Training Loss:,1.3246410901501804e-07,", Learning rate:",8.775210229989677e-06,", Number of training points (boundary):",4800,", Number of training points (interior):",30000,", VRAM allocated:",0,", VRAM reserved:",0
26300,Training Loss:,1.552913602154149e-07,", Learning rate:",8.775210229989677e-06,", Number of training points (boundary):",4800,", Number of training points (interior):",30000,", VRAM allocated:",0,", VRAM reserved:",0
26400,Training Loss:,1.4831299210982252e-07,", Learning rate:",8.775210229989677e-06,", Number of training points (boundary):",4800,", Number of training points (interior):",30000,", VRAM allocated:",0,", VRAM reserved:",0
26500,Training Loss:,1.3587462888153823e-07,", Learning rate:",8.775210229989677e-06,", Number of training points (boundary):",4800,", Number of training points (interior):",30000,", VRAM allocated:",0,", VRAM reserved:",0
26600,Training Loss:,1.3602141279989155e-07,", Learning rate:",8.775210229989677e-06,", Number of training points (boundary):",4800,", Number of training points (interior):",30000,", VRAM allocated:",0,", VRAM reserved:",0
26700,Training Loss:,1.295238405418786e-07,", Learning rate:",8.775210229989677e-06,", Number of training points (boundary):",4800,", Number of training points (interior):",30000,", VRAM allocated:",0,", VRAM reserved:",0
26800,Training Loss:,2.0425883917596366e-07,", Learning rate:",8.775210229989677e-06,", Number of training points (boundary):",4800,", Number of training points (interior):",30000,", VRAM allocated:",0,", VRAM reserved:",0
26900,Training Loss:,1.441187009731948e-07,", Learning rate:",8.775210229989677e-06,", Number of training points (boundary):",4800,", Number of training points (interior):",30000,", VRAM allocated:",0,", VRAM reserved:",0
27000,Training Loss:,1.5705190037351713e-07,", Learning rate:",8.775210229989677e-06,", Number of training points (boundary):",4800,", Number of training points (interior):",30000,", VRAM allocated:",0,", VRAM reserved:",0
27100,Training Loss:,1.3274747345803917e-07,", Learning rate:",8.775210229989677e-06,", Number of training points (boundary):",4800,", Number of training points (interior):",30000,", VRAM allocated:",0,", VRAM reserved:",0
27200,Training Loss:,1.3514581098661438e-07,", Learning rate:",8.775210229989677e-06,", Number of training points (boundary):",4800,", Number of training points (interior):",30000,", VRAM allocated:",0,", VRAM reserved:",0
27300,Training Loss:,1.4059935438126558e-07,", Learning rate:",8.775210229989677e-06,", Number of training points (boundary):",4800,", Number of training points (interior):",30000,", VRAM allocated:",0,", VRAM reserved:",0
27400,Training Loss:,1.2463516441130196e-07,", Learning rate:",8.775210229989677e-06,", Number of training points (boundary):",4800,", Number of training points (interior):",30000,", VRAM allocated:",0,", VRAM reserved:",0
27500,Training Loss:,2.0752744944729784e-07,", Learning rate:",8.775210229989677e-06,", Number of training points (boundary):",4800,", Number of training points (interior):",30000,", VRAM allocated:",0,", VRAM reserved:",0
27600,Training Loss:,1.2301102003675624e-07,", Learning rate:",8.775210229989677e-06,", Number of training points (boundary):",4800,", Number of training points (interior):",30000,", VRAM allocated:",0,", VRAM reserved:",0
27700,Training Loss:,1.2866379961451457e-07,", Learning rate:",8.775210229989677e-06,", Number of training points (boundary):",4800,", Number of training points (interior):",30000,", VRAM allocated:",0,", VRAM reserved:",0
27800,Training Loss:,1.448259894232251e-07,", Learning rate:",8.775210229989677e-06,", Number of training points (boundary):",4800,", Number of training points (interior):",30000,", VRAM allocated:",0,", VRAM reserved:",0
27900,Training Loss:,1.3028922296598466e-07,", Learning rate:",8.775210229989677e-06,", Number of training points (boundary):",4800,", Number of training points (interior):",30000,", VRAM allocated:",0,", VRAM reserved:",0
28000,Training Loss:,1.226770791618037e-07,", Learning rate:",8.68745812768978e-06,", Number of training points (boundary):",4800,", Number of training points (interior):",30000,", VRAM allocated:",0,", VRAM reserved:",0
28100,Training Loss:,1.2854708586473862e-07,", Learning rate:",8.68745812768978e-06,", Number of training points (boundary):",4800,", Number of training points (interior):",30000,", VRAM allocated:",0,", VRAM reserved:",0
28200,Training Loss:,1.3247368713109609e-07,", Learning rate:",8.68745812768978e-06,", Number of training points (boundary):",4800,", Number of training points (interior):",30000,", VRAM allocated:",0,", VRAM reserved:",0
28300,Training Loss:,2.1629648472298868e-07,", Learning rate:",8.68745812768978e-06,", Number of training points (boundary):",4800,", Number of training points (interior):",30000,", VRAM allocated:",0,", VRAM reserved:",0
28400,Training Loss:,1.3423722577954322e-07,", Learning rate:",8.68745812768978e-06,", Number of training points (boundary):",4800,", Number of training points (interior):",30000,", VRAM allocated:",0,", VRAM reserved:",0
28500,Training Loss:,1.222507961529118e-07,", Learning rate:",8.68745812768978e-06,", Number of training points (boundary):",4800,", Number of training points (interior):",30000,", VRAM allocated:",0,", VRAM reserved:",0
28600,Training Loss:,1.4502359135804e-07,", Learning rate:",8.68745812768978e-06,", Number of training points (boundary):",4800,", Number of training points (interior):",30000,", VRAM allocated:",0,", VRAM reserved:",0
28700,Training Loss:,1.3572966395258845e-07,", Learning rate:",8.68745812768978e-06,", Number of training points (boundary):",4800,", Number of training points (interior):",30000,", VRAM allocated:",0,", VRAM reserved:",0
28800,Training Loss:,1.3595114012332488e-07,", Learning rate:",8.68745812768978e-06,", Number of training points (boundary):",4800,", Number of training points (interior):",30000,", VRAM allocated:",0,", VRAM reserved:",0
28900,Training Loss:,1.1610637784542632e-07,", Learning rate:",8.68745812768978e-06,", Number of training points (boundary):",4800,", Number of training points (interior):",30000,", VRAM allocated:",0,", VRAM reserved:",0
29000,Training Loss:,1.4399883241367206e-07,", Learning rate:",8.68745812768978e-06,", Number of training points (boundary):",4800,", Number of training points (interior):",30000,", VRAM allocated:",0,", VRAM reserved:",0
29100,Training Loss:,1.2203651067466126e-07,", Learning rate:",8.68745812768978e-06,", Number of training points (boundary):",4800,", Number of training points (interior):",30000,", VRAM allocated:",0,", VRAM reserved:",0
29200,Training Loss:,1.2181980935110914e-07,", Learning rate:",8.68745812768978e-06,", Number of training points (boundary):",4800,", Number of training points (interior):",30000,", VRAM allocated:",0,", VRAM reserved:",0
29300,Training Loss:,1.1738940486338834e-07,", Learning rate:",8.68745812768978e-06,", Number of training points (boundary):",4800,", Number of training points (interior):",30000,", VRAM allocated:",0,", VRAM reserved:",0
29400,Training Loss:,1.497488284485371e-07,", Learning rate:",8.68745812768978e-06,", Number of training points (boundary):",4800,", Number of training points (interior):",30000,", VRAM allocated:",0,", VRAM reserved:",0
29500,Training Loss:,1.3089700701129914e-07,", Learning rate:",8.68745812768978e-06,", Number of training points (boundary):",4800,", Number of training points (interior):",30000,", VRAM allocated:",0,", VRAM reserved:",0
29600,Training Loss:,1.7591284517948225e-07,", Learning rate:",8.68745812768978e-06,", Number of training points (boundary):",4800,", Number of training points (interior):",30000,", VRAM allocated:",0,", VRAM reserved:",0
29700,Training Loss:,1.2604047583408828e-07,", Learning rate:",8.68745812768978e-06,", Number of training points (boundary):",4800,", Number of training points (interior):",30000,", VRAM allocated:",0,", VRAM reserved:",0
29800,Training Loss:,1.1481565564963603e-07,", Learning rate:",8.68745812768978e-06,", Number of training points (boundary):",4800,", Number of training points (interior):",30000,", VRAM allocated:",0,", VRAM reserved:",0
29900,Training Loss:,1.3242174645711202e-07,", Learning rate:",8.68745812768978e-06,", Number of training points (boundary):",4800,", Number of training points (interior):",30000,", VRAM allocated:",0,", VRAM reserved:",0
30000,Training Loss:,1.1059101723276399e-07,", Learning rate:",8.60058354641288e-06,", Number of training points (boundary):",4800,", Number of training points (interior):",30000,", VRAM allocated:",0,", VRAM reserved:",0
30100,Training Loss:,1.3817185617881478e-07,", Learning rate:",8.60058354641288e-06,", Number of training points (boundary):",4800,", Number of training points (interior):",30000,", VRAM allocated:",0,", VRAM reserved:",0
30200,Training Loss:,1.1392155130351966e-07,", Learning rate:",8.60058354641288e-06,", Number of training points (boundary):",4800,", Number of training points (interior):",30000,", VRAM allocated:",0,", VRAM reserved:",0
30300,Training Loss:,1.4320809782475408e-07,", Learning rate:",8.60058354641288e-06,", Number of training points (boundary):",4800,", Number of training points (interior):",30000,", VRAM allocated:",0,", VRAM reserved:",0
30400,Training Loss:,1.0740216538351888e-07,", Learning rate:",8.60058354641288e-06,", Number of training points (boundary):",4800,", Number of training points (interior):",30000,", VRAM allocated:",0,", VRAM reserved:",0
30500,Training Loss:,1.0923974258503222e-07,", Learning rate:",8.60058354641288e-06,", Number of training points (boundary):",4800,", Number of training points (interior):",30000,", VRAM allocated:",0,", VRAM reserved:",0
30600,Training Loss:,1.0863536914484939e-07,", Learning rate:",8.60058354641288e-06,", Number of training points (boundary):",4800,", Number of training points (interior):",30000,", VRAM allocated:",0,", VRAM reserved:",0
30700,Training Loss:,1.1074467209937211e-07,", Learning rate:",8.60058354641288e-06,", Number of training points (boundary):",4800,", Number of training points (interior):",30000,", VRAM allocated:",0,", VRAM reserved:",0
30800,Training Loss:,1.1817406431191557e-07,", Learning rate:",8.60058354641288e-06,", Number of training points (boundary):",4800,", Number of training points (interior):",30000,", VRAM allocated:",0,", VRAM reserved:",0
30900,Training Loss:,1.0647272574715316e-07,", Learning rate:",8.60058354641288e-06,", Number of training points (boundary):",4800,", Number of training points (interior):",30000,", VRAM allocated:",0,", VRAM reserved:",0
31000,Training Loss:,1.1200056349025544e-07,", Learning rate:",8.60058354641288e-06,", Number of training points (boundary):",4800,", Number of training points (interior):",30000,", VRAM allocated:",0,", VRAM reserved:",0
31100,Training Loss:,1.3675128229806433e-07,", Learning rate:",8.60058354641288e-06,", Number of training points (boundary):",4800,", Number of training points (interior):",30000,", VRAM allocated:",0,", VRAM reserved:",0
31200,Training Loss:,1.0701977259941486e-07,", Learning rate:",8.60058354641288e-06,", Number of training points (boundary):",4800,", Number of training points (interior):",30000,", VRAM allocated:",0,", VRAM reserved:",0
31300,Training Loss:,1.221230263581674e-07,", Learning rate:",8.60058354641288e-06,", Number of training points (boundary):",4800,", Number of training points (interior):",30000,", VRAM allocated:",0,", VRAM reserved:",0
31400,Training Loss:,1.070456576712786e-07,", Learning rate:",8.60058354641288e-06,", Number of training points (boundary):",4800,", Number of training points (interior):",30000,", VRAM allocated:",0,", VRAM reserved:",0
31500,Training Loss:,1.0193984678608103e-07,", Learning rate:",8.60058354641288e-06,", Number of training points (boundary):",4800,", Number of training points (interior):",30000,", VRAM allocated:",0,", VRAM reserved:",0
31600,Training Loss:,1.0893874247130952e-07,", Learning rate:",8.60058354641288e-06,", Number of training points (boundary):",4800,", Number of training points (interior):",30000,", VRAM allocated:",0,", VRAM reserved:",0
31700,Training Loss:,1.1687578194141679e-07,", Learning rate:",8.60058354641288e-06,", Number of training points (boundary):",4800,", Number of training points (interior):",30000,", VRAM allocated:",0,", VRAM reserved:",0
31800,Training Loss:,1.1113952780306136e-07,", Learning rate:",8.60058354641288e-06,", Number of training points (boundary):",4800,", Number of training points (interior):",30000,", VRAM allocated:",0,", VRAM reserved:",0
31900,Training Loss:,1.0001861738828666e-07,", Learning rate:",8.60058354641288e-06,", Number of training points (boundary):",4800,", Number of training points (interior):",30000,", VRAM allocated:",0,", VRAM reserved:",0
32000,Training Loss:,1.1459636084509839e-07,", Learning rate:",8.514577710948753e-06,", Number of training points (boundary):",4800,", Number of training points (interior):",30000,", VRAM allocated:",0,", VRAM reserved:",0
32100,Training Loss:,1.0046247922446128e-07,", Learning rate:",8.514577710948753e-06,", Number of training points (boundary):",4800,", Number of training points (interior):",30000,", VRAM allocated:",0,", VRAM reserved:",0
32200,Training Loss:,9.904995579290699e-08,", Learning rate:",8.514577710948753e-06,", Number of training points (boundary):",4800,", Number of training points (interior):",30000,", VRAM allocated:",0,", VRAM reserved:",0
32300,Training Loss:,1.2603324250903825e-07,", Learning rate:",8.514577710948753e-06,", Number of training points (boundary):",4800,", Number of training points (interior):",30000,", VRAM allocated:",0,", VRAM reserved:",0
32400,Training Loss:,9.765183506260655e-08,", Learning rate:",8.514577710948753e-06,", Number of training points (boundary):",4800,", Number of training points (interior):",30000,", VRAM allocated:",0,", VRAM reserved:",0
32500,Training Loss:,9.742746698293558e-08,", Learning rate:",8.514577710948753e-06,", Number of training points (boundary):",4800,", Number of training points (interior):",30000,", VRAM allocated:",0,", VRAM reserved:",0
32600,Training Loss:,1.7127452167642332e-07,", Learning rate:",8.514577710948753e-06,", Number of training points (boundary):",4800,", Number of training points (interior):",30000,", VRAM allocated:",0,", VRAM reserved:",0
32700,Training Loss:,1.1189106174924746e-07,", Learning rate:",8.514577710948753e-06,", Number of training points (boundary):",4800,", Number of training points (interior):",30000,", VRAM allocated:",0,", VRAM reserved:",0
32800,Training Loss:,9.662862510140258e-08,", Learning rate:",8.514577710948753e-06,", Number of training points (boundary):",4800,", Number of training points (interior):",30000,", VRAM allocated:",0,", VRAM reserved:",0
32900,Training Loss:,9.630131359017469e-08,", Learning rate:",8.514577710948753e-06,", Number of training points (boundary):",4800,", Number of training points (interior):",30000,", VRAM allocated:",0,", VRAM reserved:",0
33000,Training Loss:,9.542915790916595e-08,", Learning rate:",8.514577710948753e-06,", Number of training points (boundary):",4800,", Number of training points (interior):",30000,", VRAM allocated:",0,", VRAM reserved:",0
33100,Training Loss:,9.86934836078035e-08,", Learning rate:",8.514577710948753e-06,", Number of training points (boundary):",4800,", Number of training points (interior):",30000,", VRAM allocated:",0,", VRAM reserved:",0
33200,Training Loss:,1.0369689817935068e-07,", Learning rate:",8.514577710948753e-06,", Number of training points (boundary):",4800,", Number of training points (interior):",30000,", VRAM allocated:",0,", VRAM reserved:",0
33300,Training Loss:,9.399012412814045e-08,", Learning rate:",8.514577710948753e-06,", Number of training points (boundary):",4800,", Number of training points (interior):",30000,", VRAM allocated:",0,", VRAM reserved:",0
33400,Training Loss:,1.1523125920120947e-07,", Learning rate:",8.514577710948753e-06,", Number of training points (boundary):",4800,", Number of training points (interior):",30000,", VRAM allocated:",0,", VRAM reserved:",0
33500,Training Loss:,1.4237228640467947e-07,", Learning rate:",8.514577710948753e-06,", Number of training points (boundary):",4800,", Number of training points (interior):",30000,", VRAM allocated:",0,", VRAM reserved:",0
33600,Training Loss:,9.607417439383426e-08,", Learning rate:",8.514577710948753e-06,", Number of training points (boundary):",4800,", Number of training points (interior):",30000,", VRAM allocated:",0,", VRAM reserved:",0
33700,Training Loss:,9.991234151129902e-08,", Learning rate:",8.514577710948753e-06,", Number of training points (boundary):",4800,", Number of training points (interior):",30000,", VRAM allocated:",0,", VRAM reserved:",0
33800,Training Loss:,1.281020161059132e-07,", Learning rate:",8.514577710948753e-06,", Number of training points (boundary):",4800,", Number of training points (interior):",30000,", VRAM allocated:",0,", VRAM reserved:",0
33900,Training Loss:,9.491422758856061e-08,", Learning rate:",8.514577710948753e-06,", Number of training points (boundary):",4800,", Number of training points (interior):",30000,", VRAM allocated:",0,", VRAM reserved:",0
34000,Training Loss:,9.25104757243389e-08,", Learning rate:",8.429431933839265e-06,", Number of training points (boundary):",4800,", Number of training points (interior):",30000,", VRAM allocated:",0,", VRAM reserved:",0
34100,Training Loss:,9.091937158700603e-08,", Learning rate:",8.429431933839265e-06,", Number of training points (boundary):",4800,", Number of training points (interior):",30000,", VRAM allocated:",0,", VRAM reserved:",0
34200,Training Loss:,1.0752498980082237e-07,", Learning rate:",8.429431933839265e-06,", Number of training points (boundary):",4800,", Number of training points (interior):",30000,", VRAM allocated:",0,", VRAM reserved:",0
34300,Training Loss:,9.000006429005225e-08,", Learning rate:",8.429431933839265e-06,", Number of training points (boundary):",4800,", Number of training points (interior):",30000,", VRAM allocated:",0,", VRAM reserved:",0
34400,Training Loss:,1.0020239216146365e-07,", Learning rate:",8.429431933839265e-06,", Number of training points (boundary):",4800,", Number of training points (interior):",30000,", VRAM allocated:",0,", VRAM reserved:",0
34500,Training Loss:,1.0146856510573343e-07,", Learning rate:",8.429431933839265e-06,", Number of training points (boundary):",4800,", Number of training points (interior):",30000,", VRAM allocated:",0,", VRAM reserved:",0
34600,Training Loss:,1.046530329062989e-07,", Learning rate:",8.429431933839265e-06,", Number of training points (boundary):",4800,", Number of training points (interior):",30000,", VRAM allocated:",0,", VRAM reserved:",0
34700,Training Loss:,8.810952323301535e-08,", Learning rate:",8.429431933839265e-06,", Number of training points (boundary):",4800,", Number of training points (interior):",30000,", VRAM allocated:",0,", VRAM reserved:",0
34800,Training Loss:,8.785171701219952e-08,", Learning rate:",8.429431933839265e-06,", Number of training points (boundary):",4800,", Number of training points (interior):",30000,", VRAM allocated:",0,", VRAM reserved:",0
34900,Training Loss:,1.1424668855397613e-07,", Learning rate:",8.429431933839265e-06,", Number of training points (boundary):",4800,", Number of training points (interior):",30000,", VRAM allocated:",0,", VRAM reserved:",0
35000,Training Loss:,9.15626827691085e-08,", Learning rate:",8.429431933839265e-06,", Number of training points (boundary):",4800,", Number of training points (interior):",30000,", VRAM allocated:",0,", VRAM reserved:",0
35100,Training Loss:,8.944466145521801e-08,", Learning rate:",8.429431933839265e-06,", Number of training points (boundary):",4800,", Number of training points (interior):",30000,", VRAM allocated:",0,", VRAM reserved:",0
35200,Training Loss:,8.596666845051004e-08,", Learning rate:",8.429431933839265e-06,", Number of training points (boundary):",4800,", Number of training points (interior):",30000,", VRAM allocated:",0,", VRAM reserved:",0
35300,Training Loss:,9.791758515120819e-08,", Learning rate:",8.429431933839265e-06,", Number of training points (boundary):",4800,", Number of training points (interior):",30000,", VRAM allocated:",0,", VRAM reserved:",0
35400,Training Loss:,1.122112252005536e-07,", Learning rate:",8.429431933839265e-06,", Number of training points (boundary):",4800,", Number of training points (interior):",30000,", VRAM allocated:",0,", VRAM reserved:",0
35500,Training Loss:,1.1937473232137563e-07,", Learning rate:",8.429431933839265e-06,", Number of training points (boundary):",4800,", Number of training points (interior):",30000,", VRAM allocated:",0,", VRAM reserved:",0
35600,Training Loss:,8.509345406082502e-08,", Learning rate:",8.429431933839265e-06,", Number of training points (boundary):",4800,", Number of training points (interior):",30000,", VRAM allocated:",0,", VRAM reserved:",0
35700,Training Loss:,8.459586808839958e-08,", Learning rate:",8.429431933839265e-06,", Number of training points (boundary):",4800,", Number of training points (interior):",30000,", VRAM allocated:",0,", VRAM reserved:",0
35800,Training Loss:,9.0485833936782e-08,", Learning rate:",8.429431933839265e-06,", Number of training points (boundary):",4800,", Number of training points (interior):",30000,", VRAM allocated:",0,", VRAM reserved:",0
35900,Training Loss:,1.0298096242422616e-07,", Learning rate:",8.429431933839265e-06,", Number of training points (boundary):",4800,", Number of training points (interior):",30000,", VRAM allocated:",0,", VRAM reserved:",0
36000,Training Loss:,8.327445044642445e-08,", Learning rate:",8.345137614500872e-06,", Number of training points (boundary):",4800,", Number of training points (interior):",30000,", VRAM allocated:",0,", VRAM reserved:",0
36100,Training Loss:,8.277969243408734e-08,", Learning rate:",8.345137614500872e-06,", Number of training points (boundary):",4800,", Number of training points (interior):",30000,", VRAM allocated:",0,", VRAM reserved:",0
36200,Training Loss:,8.360580494581882e-08,", Learning rate:",8.345137614500872e-06,", Number of training points (boundary):",4800,", Number of training points (interior):",30000,", VRAM allocated:",0,", VRAM reserved:",0
36300,Training Loss:,8.2466499407019e-08,", Learning rate:",8.345137614500872e-06,", Number of training points (boundary):",4800,", Number of training points (interior):",30000,", VRAM allocated:",0,", VRAM reserved:",0
36400,Training Loss:,8.177266863640398e-08,", Learning rate:",8.345137614500872e-06,", Number of training points (boundary):",4800,", Number of training points (interior):",30000,", VRAM allocated:",0,", VRAM reserved:",0
36500,Training Loss:,9.662911537589025e-08,", Learning rate:",8.345137614500872e-06,", Number of training points (boundary):",4800,", Number of training points (interior):",30000,", VRAM allocated:",0,", VRAM reserved:",0
36600,Training Loss:,8.147111429934739e-08,", Learning rate:",8.345137614500872e-06,", Number of training points (boundary):",4800,", Number of training points (interior):",30000,", VRAM allocated:",0,", VRAM reserved:",0
36700,Training Loss:,1.1354313045330855e-07,", Learning rate:",8.345137614500872e-06,", Number of training points (boundary):",4800,", Number of training points (interior):",30000,", VRAM allocated:",0,", VRAM reserved:",0
36800,Training Loss:,8.446949095741729e-08,", Learning rate:",8.345137614500872e-06,", Number of training points (boundary):",4800,", Number of training points (interior):",30000,", VRAM allocated:",0,", VRAM reserved:",0
36900,Training Loss:,8.235790716071278e-08,", Learning rate:",8.345137614500872e-06,", Number of training points (boundary):",4800,", Number of training points (interior):",30000,", VRAM allocated:",0,", VRAM reserved:",0
37000,Training Loss:,8.547386443069627e-08,", Learning rate:",8.345137614500872e-06,", Number of training points (boundary):",4800,", Number of training points (interior):",30000,", VRAM allocated:",0,", VRAM reserved:",0
37100,Training Loss:,8.286195907203364e-08,", Learning rate:",8.345137614500872e-06,", Number of training points (boundary):",4800,", Number of training points (interior):",30000,", VRAM allocated:",0,", VRAM reserved:",0
37200,Training Loss:,7.985778438523994e-08,", Learning rate:",8.345137614500872e-06,", Number of training points (boundary):",4800,", Number of training points (interior):",30000,", VRAM allocated:",0,", VRAM reserved:",0
37300,Training Loss:,8.431972986500114e-08,", Learning rate:",8.345137614500872e-06,", Number of training points (boundary):",4800,", Number of training points (interior):",30000,", VRAM allocated:",0,", VRAM reserved:",0
37400,Training Loss:,8.273378426792988e-08,", Learning rate:",8.345137614500872e-06,", Number of training points (boundary):",4800,", Number of training points (interior):",30000,", VRAM allocated:",0,", VRAM reserved:",0
37500,Training Loss:,7.78531088485579e-08,", Learning rate:",8.345137614500872e-06,", Number of training points (boundary):",4800,", Number of training points (interior):",30000,", VRAM allocated:",0,", VRAM reserved:",0
37600,Training Loss:,7.740529639477245e-08,", Learning rate:",8.345137614500872e-06,", Number of training points (boundary):",4800,", Number of training points (interior):",30000,", VRAM allocated:",0,", VRAM reserved:",0
37700,Training Loss:,1.0558265017834856e-07,", Learning rate:",8.345137614500872e-06,", Number of training points (boundary):",4800,", Number of training points (interior):",30000,", VRAM allocated:",0,", VRAM reserved:",0
37800,Training Loss:,7.755216557825406e-08,", Learning rate:",8.345137614500872e-06,", Number of training points (boundary):",4800,", Number of training points (interior):",30000,", VRAM allocated:",0,", VRAM reserved:",0
37900,Training Loss:,7.64255361218602e-08,", Learning rate:",8.345137614500872e-06,", Number of training points (boundary):",4800,", Number of training points (interior):",30000,", VRAM allocated:",0,", VRAM reserved:",0
38000,Training Loss:,9.453155769278965e-08,", Learning rate:",8.261686238355863e-06,", Number of training points (boundary):",4800,", Number of training points (interior):",30000,", VRAM allocated:",0,", VRAM reserved:",0
38100,Training Loss:,8.27237087719368e-08,", Learning rate:",8.261686238355863e-06,", Number of training points (boundary):",4800,", Number of training points (interior):",30000,", VRAM allocated:",0,", VRAM reserved:",0
38200,Training Loss:,7.551938097094535e-08,", Learning rate:",8.261686238355863e-06,", Number of training points (boundary):",4800,", Number of training points (interior):",30000,", VRAM allocated:",0,", VRAM reserved:",0
38300,Training Loss:,8.825078623431182e-08,", Learning rate:",8.261686238355863e-06,", Number of training points (boundary):",4800,", Number of training points (interior):",30000,", VRAM allocated:",0,", VRAM reserved:",0
38400,Training Loss:,7.768665000185138e-08,", Learning rate:",8.261686238355863e-06,", Number of training points (boundary):",4800,", Number of training points (interior):",30000,", VRAM allocated:",0,", VRAM reserved:",0
38500,Training Loss:,9.267392897527316e-08,", Learning rate:",8.261686238355863e-06,", Number of training points (boundary):",4800,", Number of training points (interior):",30000,", VRAM allocated:",0,", VRAM reserved:",0
38600,Training Loss:,7.654376332766333e-08,", Learning rate:",8.261686238355863e-06,", Number of training points (boundary):",4800,", Number of training points (interior):",30000,", VRAM allocated:",0,", VRAM reserved:",0
38700,Training Loss:,9.420720203934252e-08,", Learning rate:",8.261686238355863e-06,", Number of training points (boundary):",4800,", Number of training points (interior):",30000,", VRAM allocated:",0,", VRAM reserved:",0
38800,Training Loss:,7.354417164151528e-08,", Learning rate:",8.261686238355863e-06,", Number of training points (boundary):",4800,", Number of training points (interior):",30000,", VRAM allocated:",0,", VRAM reserved:",0
38900,Training Loss:,7.383609101907496e-08,", Learning rate:",8.261686238355863e-06,", Number of training points (boundary):",4800,", Number of training points (interior):",30000,", VRAM allocated:",0,", VRAM reserved:",0
39000,Training Loss:,1.2108009173061873e-07,", Learning rate:",8.261686238355863e-06,", Number of training points (boundary):",4800,", Number of training points (interior):",30000,", VRAM allocated:",0,", VRAM reserved:",0
39100,Training Loss:,1.4752629340364365e-07,", Learning rate:",8.261686238355863e-06,", Number of training points (boundary):",4800,", Number of training points (interior):",30000,", VRAM allocated:",0,", VRAM reserved:",0
39200,Training Loss:,1.4955116967030335e-07,", Learning rate:",8.261686238355863e-06,", Number of training points (boundary):",4800,", Number of training points (interior):",30000,", VRAM allocated:",0,", VRAM reserved:",0
39300,Training Loss:,7.49648165765393e-08,", Learning rate:",8.261686238355863e-06,", Number of training points (boundary):",4800,", Number of training points (interior):",30000,", VRAM allocated:",0,", VRAM reserved:",0
39400,Training Loss:,7.317136407891667e-08,", Learning rate:",8.261686238355863e-06,", Number of training points (boundary):",4800,", Number of training points (interior):",30000,", VRAM allocated:",0,", VRAM reserved:",0
39500,Training Loss:,7.168227256215687e-08,", Learning rate:",8.261686238355863e-06,", Number of training points (boundary):",4800,", Number of training points (interior):",30000,", VRAM allocated:",0,", VRAM reserved:",0
39600,Training Loss:,7.171804838890239e-08,", Learning rate:",8.261686238355863e-06,", Number of training points (boundary):",4800,", Number of training points (interior):",30000,", VRAM allocated:",0,", VRAM reserved:",0
39700,Training Loss:,7.068174312507836e-08,", Learning rate:",8.261686238355863e-06,", Number of training points (boundary):",4800,", Number of training points (interior):",30000,", VRAM allocated:",0,", VRAM reserved:",0
39800,Training Loss:,9.044459403639848e-08,", Learning rate:",8.261686238355863e-06,", Number of training points (boundary):",4800,", Number of training points (interior):",30000,", VRAM allocated:",0,", VRAM reserved:",0
39900,Training Loss:,7.070597973779513e-08,", Learning rate:",8.261686238355863e-06,", Number of training points (boundary):",4800,", Number of training points (interior):",30000,", VRAM allocated:",0,", VRAM reserved:",0
40000,Training Loss:,8.155841157986288e-08,", Learning rate:",8.179069375972305e-06,", Number of training points (boundary):",4800,", Number of training points (interior):",30000,", VRAM allocated:",0,", VRAM reserved:",0
40100,Training Loss:,9.658641175747107e-08,", Learning rate:",8.179069375972305e-06,", Number of training points (boundary):",4800,", Number of training points (interior):",30000,", VRAM allocated:",0,", VRAM reserved:",0
40200,Training Loss:,7.422601555617803e-08,", Learning rate:",8.179069375972305e-06,", Number of training points (boundary):",4800,", Number of training points (interior):",30000,", VRAM allocated:",0,", VRAM reserved:",0
40300,Training Loss:,1.0144362505570825e-07,", Learning rate:",8.179069375972305e-06,", Number of training points (boundary):",4800,", Number of training points (interior):",30000,", VRAM allocated:",0,", VRAM reserved:",0
40400,Training Loss:,6.954807219017312e-08,", Learning rate:",8.179069375972305e-06,", Number of training points (boundary):",4800,", Number of training points (interior):",30000,", VRAM allocated:",0,", VRAM reserved:",0
40500,Training Loss:,7.221332509743661e-08,", Learning rate:",8.179069375972305e-06,", Number of training points (boundary):",4800,", Number of training points (interior):",30000,", VRAM allocated:",0,", VRAM reserved:",0
40600,Training Loss:,9.220268282206234e-08,", Learning rate:",8.179069375972305e-06,", Number of training points (boundary):",4800,", Number of training points (interior):",30000,", VRAM allocated:",0,", VRAM reserved:",0
40700,Training Loss:,8.96440397468723e-08,", Learning rate:",8.179069375972305e-06,", Number of training points (boundary):",4800,", Number of training points (interior):",30000,", VRAM allocated:",0,", VRAM reserved:",0
40800,Training Loss:,8.387316086100327e-08,", Learning rate:",8.179069375972305e-06,", Number of training points (boundary):",4800,", Number of training points (interior):",30000,", VRAM allocated:",0,", VRAM reserved:",0
40900,Training Loss:,7.116288003317095e-08,", Learning rate:",8.179069375972305e-06,", Number of training points (boundary):",4800,", Number of training points (interior):",30000,", VRAM allocated:",0,", VRAM reserved:",0
41000,Training Loss:,9.934841216363566e-08,", Learning rate:",8.179069375972305e-06,", Number of training points (boundary):",4800,", Number of training points (interior):",30000,", VRAM allocated:",0,", VRAM reserved:",0
41100,Training Loss:,7.181193950600573e-08,", Learning rate:",8.179069375972305e-06,", Number of training points (boundary):",4800,", Number of training points (interior):",30000,", VRAM allocated:",0,", VRAM reserved:",0
41200,Training Loss:,8.922203420524966e-08,", Learning rate:",8.179069375972305e-06,", Number of training points (boundary):",4800,", Number of training points (interior):",30000,", VRAM allocated:",0,", VRAM reserved:",0
41300,Training Loss:,6.857937506765666e-08,", Learning rate:",8.179069375972305e-06,", Number of training points (boundary):",4800,", Number of training points (interior):",30000,", VRAM allocated:",0,", VRAM reserved:",0
41400,Training Loss:,7.760087328279042e-08,", Learning rate:",8.179069375972305e-06,", Number of training points (boundary):",4800,", Number of training points (interior):",30000,", VRAM allocated:",0,", VRAM reserved:",0
41500,Training Loss:,8.073676838193933e-08,", Learning rate:",8.179069375972305e-06,", Number of training points (boundary):",4800,", Number of training points (interior):",30000,", VRAM allocated:",0,", VRAM reserved:",0
41600,Training Loss:,9.048235227737678e-08,", Learning rate:",8.179069375972305e-06,", Number of training points (boundary):",4800,", Number of training points (interior):",30000,", VRAM allocated:",0,", VRAM reserved:",0
41700,Training Loss:,1.260545019476922e-07,", Learning rate:",8.179069375972305e-06,", Number of training points (boundary):",4800,", Number of training points (interior):",30000,", VRAM allocated:",0,", VRAM reserved:",0
41800,Training Loss:,7.956270309250613e-08,", Learning rate:",8.179069375972305e-06,", Number of training points (boundary):",4800,", Number of training points (interior):",30000,", VRAM allocated:",0,", VRAM reserved:",0
41900,Training Loss:,8.419132768722193e-08,", Learning rate:",8.179069375972305e-06,", Number of training points (boundary):",4800,", Number of training points (interior):",30000,", VRAM allocated:",0,", VRAM reserved:",0
42000,Training Loss:,6.54423644164126e-08,", Learning rate:",8.097278682212583e-06,", Number of training points (boundary):",4800,", Number of training points (interior):",30000,", VRAM allocated:",0,", VRAM reserved:",0
42100,Training Loss:,6.503300653548649e-08,", Learning rate:",8.097278682212583e-06,", Number of training points (boundary):",4800,", Number of training points (interior):",30000,", VRAM allocated:",0,", VRAM reserved:",0
42200,Training Loss:,1.0013666695840584e-07,", Learning rate:",8.097278682212583e-06,", Number of training points (boundary):",4800,", Number of training points (interior):",30000,", VRAM allocated:",0,", VRAM reserved:",0
42300,Training Loss:,6.651997352946637e-08,", Learning rate:",8.097278682212583e-06,", Number of training points (boundary):",4800,", Number of training points (interior):",30000,", VRAM allocated:",0,", VRAM reserved:",0
42400,Training Loss:,6.864156176789038e-08,", Learning rate:",8.097278682212583e-06,", Number of training points (boundary):",4800,", Number of training points (interior):",30000,", VRAM allocated:",0,", VRAM reserved:",0
42500,Training Loss:,6.497077720268862e-08,", Learning rate:",8.097278682212583e-06,", Number of training points (boundary):",4800,", Number of training points (interior):",30000,", VRAM allocated:",0,", VRAM reserved:",0
42600,Training Loss:,6.420819431696145e-08,", Learning rate:",8.097278682212583e-06,", Number of training points (boundary):",4800,", Number of training points (interior):",30000,", VRAM allocated:",0,", VRAM reserved:",0
42700,Training Loss:,8.27078210363652e-08,", Learning rate:",8.097278682212583e-06,", Number of training points (boundary):",4800,", Number of training points (interior):",30000,", VRAM allocated:",0,", VRAM reserved:",0
42800,Training Loss:,6.432347987583853e-08,", Learning rate:",8.097278682212583e-06,", Number of training points (boundary):",4800,", Number of training points (interior):",30000,", VRAM allocated:",0,", VRAM reserved:",0
42900,Training Loss:,6.273623398556083e-08,", Learning rate:",8.097278682212583e-06,", Number of training points (boundary):",4800,", Number of training points (interior):",30000,", VRAM allocated:",0,", VRAM reserved:",0
43000,Training Loss:,9.590601734998927e-08,", Learning rate:",8.097278682212583e-06,", Number of training points (boundary):",4800,", Number of training points (interior):",30000,", VRAM allocated:",0,", VRAM reserved:",0
43100,Training Loss:,6.12185573345414e-08,", Learning rate:",8.097278682212583e-06,", Number of training points (boundary):",4800,", Number of training points (interior):",30000,", VRAM allocated:",0,", VRAM reserved:",0
43200,Training Loss:,6.1944668061642e-08,", Learning rate:",8.097278682212583e-06,", Number of training points (boundary):",4800,", Number of training points (interior):",30000,", VRAM allocated:",0,", VRAM reserved:",0
43300,Training Loss:,6.754405035280797e-08,", Learning rate:",8.097278682212583e-06,", Number of training points (boundary):",4800,", Number of training points (interior):",30000,", VRAM allocated:",0,", VRAM reserved:",0
43400,Training Loss:,6.582286715683949e-08,", Learning rate:",8.097278682212583e-06,", Number of training points (boundary):",4800,", Number of training points (interior):",30000,", VRAM allocated:",0,", VRAM reserved:",0
43500,Training Loss:,1.0122704452442122e-07,", Learning rate:",8.097278682212583e-06,", Number of training points (boundary):",4800,", Number of training points (interior):",30000,", VRAM allocated:",0,", VRAM reserved:",0
43600,Training Loss:,6.580435041314558e-08,", Learning rate:",8.097278682212583e-06,", Number of training points (boundary):",4800,", Number of training points (interior):",30000,", VRAM allocated:",0,", VRAM reserved:",0
43700,Training Loss:,6.272193076028998e-08,", Learning rate:",8.097278682212583e-06,", Number of training points (boundary):",4800,", Number of training points (interior):",30000,", VRAM allocated:",0,", VRAM reserved:",0
43800,Training Loss:,6.269899444077964e-08,", Learning rate:",8.097278682212583e-06,", Number of training points (boundary):",4800,", Number of training points (interior):",30000,", VRAM allocated:",0,", VRAM reserved:",0
43900,Training Loss:,6.650330419688544e-08,", Learning rate:",8.097278682212583e-06,", Number of training points (boundary):",4800,", Number of training points (interior):",30000,", VRAM allocated:",0,", VRAM reserved:",0
44000,Training Loss:,6.7062508435356e-08,", Learning rate:",8.016305895390456e-06,", Number of training points (boundary):",4800,", Number of training points (interior):",30000,", VRAM allocated:",0,", VRAM reserved:",0
44100,Training Loss:,5.98060196921324e-08,", Learning rate:",8.016305895390456e-06,", Number of training points (boundary):",4800,", Number of training points (interior):",30000,", VRAM allocated:",0,", VRAM reserved:",0
44200,Training Loss:,5.957590687444281e-08,", Learning rate:",8.016305895390456e-06,", Number of training points (boundary):",4800,", Number of training points (interior):",30000,", VRAM allocated:",0,", VRAM reserved:",0
44300,Training Loss:,7.955567582484946e-08,", Learning rate:",8.016305895390456e-06,", Number of training points (boundary):",4800,", Number of training points (interior):",30000,", VRAM allocated:",0,", VRAM reserved:",0
44400,Training Loss:,6.111148564968971e-08,", Learning rate:",8.016305895390456e-06,", Number of training points (boundary):",4800,", Number of training points (interior):",30000,", VRAM allocated:",0,", VRAM reserved:",0
44500,Training Loss:,7.219555442361525e-08,", Learning rate:",8.016305895390456e-06,", Number of training points (boundary):",4800,", Number of training points (interior):",30000,", VRAM allocated:",0,", VRAM reserved:",0
44600,Training Loss:,5.972942318521746e-08,", Learning rate:",8.016305895390456e-06,", Number of training points (boundary):",4800,", Number of training points (interior):",30000,", VRAM allocated:",0,", VRAM reserved:",0
44700,Training Loss:,6.742221358990719e-08,", Learning rate:",8.016305895390456e-06,", Number of training points (boundary):",4800,", Number of training points (interior):",30000,", VRAM allocated:",0,", VRAM reserved:",0
44800,Training Loss:,5.8220784637796896e-08,", Learning rate:",8.016305895390456e-06,", Number of training points (boundary):",4800,", Number of training points (interior):",30000,", VRAM allocated:",0,", VRAM reserved:",0
44900,Training Loss:,5.8937793312452413e-08,", Learning rate:",8.016305895390456e-06,", Number of training points (boundary):",4800,", Number of training points (interior):",30000,", VRAM allocated:",0,", VRAM reserved:",0
45000,Training Loss:,5.7518921181554106e-08,", Learning rate:",8.016305895390456e-06,", Number of training points (boundary):",4800,", Number of training points (interior):",30000,", VRAM allocated:",0,", VRAM reserved:",0
45100,Training Loss:,5.654986523495609e-08,", Learning rate:",8.016305895390456e-06,", Number of training points (boundary):",4800,", Number of training points (interior):",30000,", VRAM allocated:",0,", VRAM reserved:",0
45200,Training Loss:,5.678511527662522e-08,", Learning rate:",8.016305895390456e-06,", Number of training points (boundary):",4800,", Number of training points (interior):",30000,", VRAM allocated:",0,", VRAM reserved:",0
45300,Training Loss:,5.879902076344479e-08,", Learning rate:",8.016305895390456e-06,", Number of training points (boundary):",4800,", Number of training points (interior):",30000,", VRAM allocated:",0,", VRAM reserved:",0
45400,Training Loss:,9.355147057021895e-08,", Learning rate:",8.016305895390456e-06,", Number of training points (boundary):",4800,", Number of training points (interior):",30000,", VRAM allocated:",0,", VRAM reserved:",0
45500,Training Loss:,6.169217670048965e-08,", Learning rate:",8.016305895390456e-06,", Number of training points (boundary):",4800,", Number of training points (interior):",30000,", VRAM allocated:",0,", VRAM reserved:",0
45600,Training Loss:,9.96825519905542e-08,", Learning rate:",8.016305895390456e-06,", Number of training points (boundary):",4800,", Number of training points (interior):",30000,", VRAM allocated:",0,", VRAM reserved:",0
45700,Training Loss:,5.542330328012213e-08,", Learning rate:",8.016305895390456e-06,", Number of training points (boundary):",4800,", Number of training points (interior):",30000,", VRAM allocated:",0,", VRAM reserved:",0
45800,Training Loss:,5.8020720672402604e-08,", Learning rate:",8.016305895390456e-06,", Number of training points (boundary):",4800,", Number of training points (interior):",30000,", VRAM allocated:",0,", VRAM reserved:",0
45900,Training Loss:,6.346348158103865e-08,", Learning rate:",8.016305895390456e-06,", Number of training points (boundary):",4800,", Number of training points (interior):",30000,", VRAM allocated:",0,", VRAM reserved:",0
46000,Training Loss:,5.5395169340499706e-08,", Learning rate:",7.936142836436552e-06,", Number of training points (boundary):",4800,", Number of training points (interior):",30000,", VRAM allocated:",0,", VRAM reserved:",0
46100,Training Loss:,5.7193563662849556e-08,", Learning rate:",7.936142836436552e-06,", Number of training points (boundary):",4800,", Number of training points (interior):",30000,", VRAM allocated:",0,", VRAM reserved:",0
46200,Training Loss:,5.449159345971566e-08,", Learning rate:",7.936142836436552e-06,", Number of training points (boundary):",4800,", Number of training points (interior):",30000,", VRAM allocated:",0,", VRAM reserved:",0
46300,Training Loss:,5.6606236142897615e-08,", Learning rate:",7.936142836436552e-06,", Number of training points (boundary):",4800,", Number of training points (interior):",30000,", VRAM allocated:",0,", VRAM reserved:",0
46400,Training Loss:,5.9196803903205364e-08,", Learning rate:",7.936142836436552e-06,", Number of training points (boundary):",4800,", Number of training points (interior):",30000,", VRAM allocated:",0,", VRAM reserved:",0
46500,Training Loss:,5.641475908646498e-08,", Learning rate:",7.936142836436552e-06,", Number of training points (boundary):",4800,", Number of training points (interior):",30000,", VRAM allocated:",0,", VRAM reserved:",0
46600,Training Loss:,6.358087034641358e-08,", Learning rate:",7.936142836436552e-06,", Number of training points (boundary):",4800,", Number of training points (interior):",30000,", VRAM allocated:",0,", VRAM reserved:",0
46700,Training Loss:,7.826467651739222e-08,", Learning rate:",7.936142836436552e-06,", Number of training points (boundary):",4800,", Number of training points (interior):",30000,", VRAM allocated:",0,", VRAM reserved:",0
46800,Training Loss:,5.667153146760029e-08,", Learning rate:",7.936142836436552e-06,", Number of training points (boundary):",4800,", Number of training points (interior):",30000,", VRAM allocated:",0,", VRAM reserved:",0
46900,Training Loss:,7.083353636971879e-08,", Learning rate:",7.936142836436552e-06,", Number of training points (boundary):",4800,", Number of training points (interior):",30000,", VRAM allocated:",0,", VRAM reserved:",0
47000,Training Loss:,6.3862273691484e-08,", Learning rate:",7.936142836436552e-06,", Number of training points (boundary):",4800,", Number of training points (interior):",30000,", VRAM allocated:",0,", VRAM reserved:",0
47100,Training Loss:,6.787374928762802e-08,", Learning rate:",7.936142836436552e-06,", Number of training points (boundary):",4800,", Number of training points (interior):",30000,", VRAM allocated:",0,", VRAM reserved:",0
47200,Training Loss:,5.739214614663979e-08,", Learning rate:",7.936142836436552e-06,", Number of training points (boundary):",4800,", Number of training points (interior):",30000,", VRAM allocated:",0,", VRAM reserved:",0
47300,Training Loss:,1.0439216424629194e-07,", Learning rate:",7.936142836436552e-06,", Number of training points (boundary):",4800,", Number of training points (interior):",30000,", VRAM allocated:",0,", VRAM reserved:",0
47400,Training Loss:,5.189746943301543e-08,", Learning rate:",7.936142836436552e-06,", Number of training points (boundary):",4800,", Number of training points (interior):",30000,", VRAM allocated:",0,", VRAM reserved:",0
47500,Training Loss:,1.2288484185773996e-07,", Learning rate:",7.936142836436552e-06,", Number of training points (boundary):",4800,", Number of training points (interior):",30000,", VRAM allocated:",0,", VRAM reserved:",0
47600,Training Loss:,8.650077631955355e-08,", Learning rate:",7.936142836436552e-06,", Number of training points (boundary):",4800,", Number of training points (interior):",30000,", VRAM allocated:",0,", VRAM reserved:",0
47700,Training Loss:,5.824838211765382e-08,", Learning rate:",7.936142836436552e-06,", Number of training points (boundary):",4800,", Number of training points (interior):",30000,", VRAM allocated:",0,", VRAM reserved:",0
47800,Training Loss:,5.581395612352935e-08,", Learning rate:",7.936142836436552e-06,", Number of training points (boundary):",4800,", Number of training points (interior):",30000,", VRAM allocated:",0,", VRAM reserved:",0
47900,Training Loss:,5.230172561709878e-08,", Learning rate:",7.936142836436552e-06,", Number of training points (boundary):",4800,", Number of training points (interior):",30000,", VRAM allocated:",0,", VRAM reserved:",0
48000,Training Loss:,5.546737469330765e-08,", Learning rate:",7.856781408072185e-06,", Number of training points (boundary):",4800,", Number of training points (interior):",30000,", VRAM allocated:",0,", VRAM reserved:",0
48100,Training Loss:,5.712969652904576e-08,", Learning rate:",7.856781408072185e-06,", Number of training points (boundary):",4800,", Number of training points (interior):",30000,", VRAM allocated:",0,", VRAM reserved:",0
48200,Training Loss:,5.184665496926755e-08,", Learning rate:",7.856781408072185e-06,", Number of training points (boundary):",4800,", Number of training points (interior):",30000,", VRAM allocated:",0,", VRAM reserved:",0
48300,Training Loss:,8.101972781560107e-08,", Learning rate:",7.856781408072185e-06,", Number of training points (boundary):",4800,", Number of training points (interior):",30000,", VRAM allocated:",0,", VRAM reserved:",0
48400,Training Loss:,5.484638165853539e-08,", Learning rate:",7.856781408072185e-06,", Number of training points (boundary):",4800,", Number of training points (interior):",30000,", VRAM allocated:",0,", VRAM reserved:",0
48500,Training Loss:,6.642139283030701e-08,", Learning rate:",7.856781408072185e-06,", Number of training points (boundary):",4800,", Number of training points (interior):",30000,", VRAM allocated:",0,", VRAM reserved:",0
48600,Training Loss:,5.8784184631122116e-08,", Learning rate:",7.856781408072185e-06,", Number of training points (boundary):",4800,", Number of training points (interior):",30000,", VRAM allocated:",0,", VRAM reserved:",0
48700,Training Loss:,5.60065025467793e-08,", Learning rate:",7.856781408072185e-06,", Number of training points (boundary):",4800,", Number of training points (interior):",30000,", VRAM allocated:",0,", VRAM reserved:",0
48800,Training Loss:,8.827048958437445e-08,", Learning rate:",7.856781408072185e-06,", Number of training points (boundary):",4800,", Number of training points (interior):",30000,", VRAM allocated:",0,", VRAM reserved:",0
48900,Training Loss:,5.177900419539583e-08,", Learning rate:",7.856781408072185e-06,", Number of training points (boundary):",4800,", Number of training points (interior):",30000,", VRAM allocated:",0,", VRAM reserved:",0
49000,Training Loss:,4.923007068668994e-08,", Learning rate:",7.856781408072185e-06,", Number of training points (boundary):",4800,", Number of training points (interior):",30000,", VRAM allocated:",0,", VRAM reserved:",0
49100,Training Loss:,4.9652125966304084e-08,", Learning rate:",7.856781408072185e-06,", Number of training points (boundary):",4800,", Number of training points (interior):",30000,", VRAM allocated:",0,", VRAM reserved:",0
49200,Training Loss:,4.971117206764575e-08,", Learning rate:",7.856781408072185e-06,", Number of training points (boundary):",4800,", Number of training points (interior):",30000,", VRAM allocated:",0,", VRAM reserved:",0
49300,Training Loss:,4.8554852583038155e-08,", Learning rate:",7.856781408072185e-06,", Number of training points (boundary):",4800,", Number of training points (interior):",30000,", VRAM allocated:",0,", VRAM reserved:",0
49400,Training Loss:,4.882998894117918e-08,", Learning rate:",7.856781408072185e-06,", Number of training points (boundary):",4800,", Number of training points (interior):",30000,", VRAM allocated:",0,", VRAM reserved:",0
49500,Training Loss:,5.3014684198160467e-08,", Learning rate:",7.856781408072185e-06,", Number of training points (boundary):",4800,", Number of training points (interior):",30000,", VRAM allocated:",0,", VRAM reserved:",0
49600,Training Loss:,4.9805688462356557e-08,", Learning rate:",7.856781408072185e-06,", Number of training points (boundary):",4800,", Number of training points (interior):",30000,", VRAM allocated:",0,", VRAM reserved:",0
49700,Training Loss:,4.876278225651731e-08,", Learning rate:",7.856781408072185e-06,", Number of training points (boundary):",4800,", Number of training points (interior):",30000,", VRAM allocated:",0,", VRAM reserved:",0
49800,Training Loss:,4.9076849251150634e-08,", Learning rate:",7.856781408072185e-06,", Number of training points (boundary):",4800,", Number of training points (interior):",30000,", VRAM allocated:",0,", VRAM reserved:",0
49900,Training Loss:,5.038513251065524e-08,", Learning rate:",7.856781408072185e-06,", Number of training points (boundary):",4800,", Number of training points (interior):",30000,", VRAM allocated:",0,", VRAM reserved:",0
50000,Training Loss:,5.530533186970388e-08,", Learning rate:",7.778213593991463e-06,", Number of training points (boundary):",4800,", Number of training points (interior):",30000,", VRAM allocated:",0,", VRAM reserved:",0
50100,Training Loss:,4.834212319337894e-08,", Learning rate:",7.778213593991463e-06,", Number of training points (boundary):",4800,", Number of training points (interior):",30000,", VRAM allocated:",0,", VRAM reserved:",0
50200,Training Loss:,5.128854141389638e-08,", Learning rate:",7.778213593991463e-06,", Number of training points (boundary):",4800,", Number of training points (interior):",30000,", VRAM allocated:",0,", VRAM reserved:",0
50300,Training Loss:,7.078585895214928e-08,", Learning rate:",7.778213593991463e-06,", Number of training points (boundary):",4800,", Number of training points (interior):",30000,", VRAM allocated:",0,", VRAM reserved:",0
50400,Training Loss:,5.3474153105526057e-08,", Learning rate:",7.778213593991463e-06,", Number of training points (boundary):",4800,", Number of training points (interior):",30000,", VRAM allocated:",0,", VRAM reserved:",0
50500,Training Loss:,6.11682651197043e-08,", Learning rate:",7.778213593991463e-06,", Number of training points (boundary):",4800,", Number of training points (interior):",30000,", VRAM allocated:",0,", VRAM reserved:",0
50600,Training Loss:,5.21721297275235e-08,", Learning rate:",7.778213593991463e-06,", Number of training points (boundary):",4800,", Number of training points (interior):",30000,", VRAM allocated:",0,", VRAM reserved:",0
50700,Training Loss:,4.6949040211075044e-08,", Learning rate:",7.778213593991463e-06,", Number of training points (boundary):",4800,", Number of training points (interior):",30000,", VRAM allocated:",0,", VRAM reserved:",0
50800,Training Loss:,4.9091383402810607e-08,", Learning rate:",7.778213593991463e-06,", Number of training points (boundary):",4800,", Number of training points (interior):",30000,", VRAM allocated:",0,", VRAM reserved:",0
50900,Training Loss:,4.8881183545290696e-08,", Learning rate:",7.778213593991463e-06,", Number of training points (boundary):",4800,", Number of training points (interior):",30000,", VRAM allocated:",0,", VRAM reserved:",0
51000,Training Loss:,4.6115872009977465e-08,", Learning rate:",7.778213593991463e-06,", Number of training points (boundary):",4800,", Number of training points (interior):",30000,", VRAM allocated:",0,", VRAM reserved:",0
51100,Training Loss:,8.766737380483391e-08,", Learning rate:",7.778213593991463e-06,", Number of training points (boundary):",4800,", Number of training points (interior):",30000,", VRAM allocated:",0,", VRAM reserved:",0
51200,Training Loss:,5.1516597210365944e-08,", Learning rate:",7.778213593991463e-06,", Number of training points (boundary):",4800,", Number of training points (interior):",30000,", VRAM allocated:",0,", VRAM reserved:",0
51300,Training Loss:,5.0516113958565256e-08,", Learning rate:",7.778213593991463e-06,", Number of training points (boundary):",4800,", Number of training points (interior):",30000,", VRAM allocated:",0,", VRAM reserved:",0
51400,Training Loss:,4.572010681158645e-08,", Learning rate:",7.778213593991463e-06,", Number of training points (boundary):",4800,", Number of training points (interior):",30000,", VRAM allocated:",0,", VRAM reserved:",0
51500,Training Loss:,5.458536378455392e-08,", Learning rate:",7.778213593991463e-06,", Number of training points (boundary):",4800,", Number of training points (interior):",30000,", VRAM allocated:",0,", VRAM reserved:",0
51600,Training Loss:,5.034446814988769e-08,", Learning rate:",7.778213593991463e-06,", Number of training points (boundary):",4800,", Number of training points (interior):",30000,", VRAM allocated:",0,", VRAM reserved:",0
51700,Training Loss:,4.69937084801586e-08,", Learning rate:",7.778213593991463e-06,", Number of training points (boundary):",4800,", Number of training points (interior):",30000,", VRAM allocated:",0,", VRAM reserved:",0
51800,Training Loss:,5.1948404689028393e-08,", Learning rate:",7.778213593991463e-06,", Number of training points (boundary):",4800,", Number of training points (interior):",30000,", VRAM allocated:",0,", VRAM reserved:",0
51900,Training Loss:,5.0070834589632796e-08,", Learning rate:",7.778213593991463e-06,", Number of training points (boundary):",4800,", Number of training points (interior):",30000,", VRAM allocated:",0,", VRAM reserved:",0
52000,Training Loss:,5.626113974699365e-08,", Learning rate:",7.700431458051548e-06,", Number of training points (boundary):",4800,", Number of training points (interior):",30000,", VRAM allocated:",0,", VRAM reserved:",0
52100,Training Loss:,1.0065141253789989e-07,", Learning rate:",7.700431458051548e-06,", Number of training points (boundary):",4800,", Number of training points (interior):",30000,", VRAM allocated:",0,", VRAM reserved:",0
52200,Training Loss:,4.506765804990209e-08,", Learning rate:",7.700431458051548e-06,", Number of training points (boundary):",4800,", Number of training points (interior):",30000,", VRAM allocated:",0,", VRAM reserved:",0
52300,Training Loss:,4.560174460266353e-08,", Learning rate:",7.700431458051548e-06,", Number of training points (boundary):",4800,", Number of training points (interior):",30000,", VRAM allocated:",0,", VRAM reserved:",0
52400,Training Loss:,5.268271152658599e-08,", Learning rate:",7.700431458051548e-06,", Number of training points (boundary):",4800,", Number of training points (interior):",30000,", VRAM allocated:",0,", VRAM reserved:",0
52500,Training Loss:,4.654630458844622e-08,", Learning rate:",7.700431458051548e-06,", Number of training points (boundary):",4800,", Number of training points (interior):",30000,", VRAM allocated:",0,", VRAM reserved:",0
52600,Training Loss:,6.426304821616213e-08,", Learning rate:",7.700431458051548e-06,", Number of training points (boundary):",4800,", Number of training points (interior):",30000,", VRAM allocated:",0,", VRAM reserved:",0
52700,Training Loss:,5.1224414931994033e-08,", Learning rate:",7.700431458051548e-06,", Number of training points (boundary):",4800,", Number of training points (interior):",30000,", VRAM allocated:",0,", VRAM reserved:",0
52800,Training Loss:,4.3162334151247705e-08,", Learning rate:",7.700431458051548e-06,", Number of training points (boundary):",4800,", Number of training points (interior):",30000,", VRAM allocated:",0,", VRAM reserved:",0
52900,Training Loss:,6.756600612334296e-08,", Learning rate:",7.700431458051548e-06,", Number of training points (boundary):",4800,", Number of training points (interior):",30000,", VRAM allocated:",0,", VRAM reserved:",0
53000,Training Loss:,4.5743483667592955e-08,", Learning rate:",7.700431458051548e-06,", Number of training points (boundary):",4800,", Number of training points (interior):",30000,", VRAM allocated:",0,", VRAM reserved:",0
53100,Training Loss:,4.426540201052376e-08,", Learning rate:",7.700431458051548e-06,", Number of training points (boundary):",4800,", Number of training points (interior):",30000,", VRAM allocated:",0,", VRAM reserved:",0
53200,Training Loss:,4.7687539250773625e-08,", Learning rate:",7.700431458051548e-06,", Number of training points (boundary):",4800,", Number of training points (interior):",30000,", VRAM allocated:",0,", VRAM reserved:",0
53300,Training Loss:,5.014613790876865e-08,", Learning rate:",7.700431458051548e-06,", Number of training points (boundary):",4800,", Number of training points (interior):",30000,", VRAM allocated:",0,", VRAM reserved:",0
53400,Training Loss:,4.420314070330278e-08,", Learning rate:",7.700431458051548e-06,", Number of training points (boundary):",4800,", Number of training points (interior):",30000,", VRAM allocated:",0,", VRAM reserved:",0
53500,Training Loss:,4.362266992075092e-08,", Learning rate:",7.700431458051548e-06,", Number of training points (boundary):",4800,", Number of training points (interior):",30000,", VRAM allocated:",0,", VRAM reserved:",0
53600,Training Loss:,6.359638149433522e-08,", Learning rate:",7.700431458051548e-06,", Number of training points (boundary):",4800,", Number of training points (interior):",30000,", VRAM allocated:",0,", VRAM reserved:",0
53700,Training Loss:,4.2203975425536555e-08,", Learning rate:",7.700431458051548e-06,", Number of training points (boundary):",4800,", Number of training points (interior):",30000,", VRAM allocated:",0,", VRAM reserved:",0
53800,Training Loss:,4.8574371191989485e-08,", Learning rate:",7.700431458051548e-06,", Number of training points (boundary):",4800,", Number of training points (interior):",30000,", VRAM allocated:",0,", VRAM reserved:",0
53900,Training Loss:,4.2448974113540316e-08,", Learning rate:",7.700431458051548e-06,", Number of training points (boundary):",4800,", Number of training points (interior):",30000,", VRAM allocated:",0,", VRAM reserved:",0
54000,Training Loss:,4.24685673294789e-08,", Learning rate:",7.623427143471033e-06,", Number of training points (boundary):",4800,", Number of training points (interior):",30000,", VRAM allocated:",0,", VRAM reserved:",0
54100,Training Loss:,4.199594627607439e-08,", Learning rate:",7.623427143471033e-06,", Number of training points (boundary):",4800,", Number of training points (interior):",30000,", VRAM allocated:",0,", VRAM reserved:",0
54200,Training Loss:,4.335430503488169e-08,", Learning rate:",7.623427143471033e-06,", Number of training points (boundary):",4800,", Number of training points (interior):",30000,", VRAM allocated:",0,", VRAM reserved:",0
54300,Training Loss:,4.1129922578875266e-08,", Learning rate:",7.623427143471033e-06,", Number of training points (boundary):",4800,", Number of training points (interior):",30000,", VRAM allocated:",0,", VRAM reserved:",0
54400,Training Loss:,4.16138519199194e-08,", Learning rate:",7.623427143471033e-06,", Number of training points (boundary):",4800,", Number of training points (interior):",30000,", VRAM allocated:",0,", VRAM reserved:",0
54500,Training Loss:,1.042260109329618e-07,", Learning rate:",7.623427143471033e-06,", Number of training points (boundary):",4800,", Number of training points (interior):",30000,", VRAM allocated:",0,", VRAM reserved:",0
54600,Training Loss:,4.084368754320167e-08,", Learning rate:",7.623427143471033e-06,", Number of training points (boundary):",4800,", Number of training points (interior):",30000,", VRAM allocated:",0,", VRAM reserved:",0
54700,Training Loss:,4.0599108075412005e-08,", Learning rate:",7.623427143471033e-06,", Number of training points (boundary):",4800,", Number of training points (interior):",30000,", VRAM allocated:",0,", VRAM reserved:",0
54800,Training Loss:,9.094257080732859e-08,", Learning rate:",7.623427143471033e-06,", Number of training points (boundary):",4800,", Number of training points (interior):",30000,", VRAM allocated:",0,", VRAM reserved:",0
54900,Training Loss:,4.030806977084467e-08,", Learning rate:",7.623427143471033e-06,", Number of training points (boundary):",4800,", Number of training points (interior):",30000,", VRAM allocated:",0,", VRAM reserved:",0
55000,Training Loss:,4.140612830383361e-08,", Learning rate:",7.623427143471033e-06,", Number of training points (boundary):",4800,", Number of training points (interior):",30000,", VRAM allocated:",0,", VRAM reserved:",0
55100,Training Loss:,4.1778090320576666e-08,", Learning rate:",7.623427143471033e-06,", Number of training points (boundary):",4800,", Number of training points (interior):",30000,", VRAM allocated:",0,", VRAM reserved:",0
55200,Training Loss:,4.214822268977514e-08,", Learning rate:",7.623427143471033e-06,", Number of training points (boundary):",4800,", Number of training points (interior):",30000,", VRAM allocated:",0,", VRAM reserved:",0
55300,Training Loss:,4.9960775072577235e-08,", Learning rate:",7.623427143471033e-06,", Number of training points (boundary):",4800,", Number of training points (interior):",30000,", VRAM allocated:",0,", VRAM reserved:",0
55400,Training Loss:,4.420420651740642e-08,", Learning rate:",7.623427143471033e-06,", Number of training points (boundary):",4800,", Number of training points (interior):",30000,", VRAM allocated:",0,", VRAM reserved:",0
55500,Training Loss:,4.062420799755273e-08,", Learning rate:",7.623427143471033e-06,", Number of training points (boundary):",4800,", Number of training points (interior):",30000,", VRAM allocated:",0,", VRAM reserved:",0
55600,Training Loss:,4.0203083528922434e-08,", Learning rate:",7.623427143471033e-06,", Number of training points (boundary):",4800,", Number of training points (interior):",30000,", VRAM allocated:",0,", VRAM reserved:",0
55700,Training Loss:,4.882747717260827e-08,", Learning rate:",7.623427143471033e-06,", Number of training points (boundary):",4800,", Number of training points (interior):",30000,", VRAM allocated:",0,", VRAM reserved:",0
55800,Training Loss:,3.9250735994755814e-08,", Learning rate:",7.623427143471033e-06,", Number of training points (boundary):",4800,", Number of training points (interior):",30000,", VRAM allocated:",0,", VRAM reserved:",0
55900,Training Loss:,4.025818967079431e-08,", Learning rate:",7.623427143471033e-06,", Number of training points (boundary):",4800,", Number of training points (interior):",30000,", VRAM allocated:",0,", VRAM reserved:",0
56000,Training Loss:,3.93324022240904e-08,", Learning rate:",7.547192872036322e-06,", Number of training points (boundary):",4800,", Number of training points (interior):",30000,", VRAM allocated:",0,", VRAM reserved:",0
56100,Training Loss:,3.894334454912496e-08,", Learning rate:",7.547192872036322e-06,", Number of training points (boundary):",4800,", Number of training points (interior):",30000,", VRAM allocated:",0,", VRAM reserved:",0
56200,Training Loss:,4.2107334508045824e-08,", Learning rate:",7.547192872036322e-06,", Number of training points (boundary):",4800,", Number of training points (interior):",30000,", VRAM allocated:",0,", VRAM reserved:",0
56300,Training Loss:,5.914457190669964e-08,", Learning rate:",7.547192872036322e-06,", Number of training points (boundary):",4800,", Number of training points (interior):",30000,", VRAM allocated:",0,", VRAM reserved:",0
56400,Training Loss:,4.112028406666468e-08,", Learning rate:",7.547192872036322e-06,", Number of training points (boundary):",4800,", Number of training points (interior):",30000,", VRAM allocated:",0,", VRAM reserved:",0
56500,Training Loss:,4.844694245775827e-08,", Learning rate:",7.547192872036322e-06,", Number of training points (boundary):",4800,", Number of training points (interior):",30000,", VRAM allocated:",0,", VRAM reserved:",0
56600,Training Loss:,3.8660445511595753e-08,", Learning rate:",7.547192872036322e-06,", Number of training points (boundary):",4800,", Number of training points (interior):",30000,", VRAM allocated:",0,", VRAM reserved:",0
56700,Training Loss:,4.451739599176108e-08,", Learning rate:",7.547192872036322e-06,", Number of training points (boundary):",4800,", Number of training points (interior):",30000,", VRAM allocated:",0,", VRAM reserved:",0
56800,Training Loss:,3.9053059452953676e-08,", Learning rate:",7.547192872036322e-06,", Number of training points (boundary):",4800,", Number of training points (interior):",30000,", VRAM allocated:",0,", VRAM reserved:",0
56900,Training Loss:,5.2469005140665104e-08,", Learning rate:",7.547192872036322e-06,", Number of training points (boundary):",4800,", Number of training points (interior):",30000,", VRAM allocated:",0,", VRAM reserved:",0
57000,Training Loss:,3.9799950002361584e-08,", Learning rate:",7.547192872036322e-06,", Number of training points (boundary):",4800,", Number of training points (interior):",30000,", VRAM allocated:",0,", VRAM reserved:",0
57100,Training Loss:,4.19568308984708e-08,", Learning rate:",7.547192872036322e-06,", Number of training points (boundary):",4800,", Number of training points (interior):",30000,", VRAM allocated:",0,", VRAM reserved:",0
57200,Training Loss:,3.790963276628645e-08,", Learning rate:",7.547192872036322e-06,", Number of training points (boundary):",4800,", Number of training points (interior):",30000,", VRAM allocated:",0,", VRAM reserved:",0
57300,Training Loss:,4.3934541338330746e-08,", Learning rate:",7.547192872036322e-06,", Number of training points (boundary):",4800,", Number of training points (interior):",30000,", VRAM allocated:",0,", VRAM reserved:",0
57400,Training Loss:,3.757492095246562e-08,", Learning rate:",7.547192872036322e-06,", Number of training points (boundary):",4800,", Number of training points (interior):",30000,", VRAM allocated:",0,", VRAM reserved:",0
57500,Training Loss:,3.7374409345147797e-08,", Learning rate:",7.547192872036322e-06,", Number of training points (boundary):",4800,", Number of training points (interior):",30000,", VRAM allocated:",0,", VRAM reserved:",0
57600,Training Loss:,3.748445109863496e-08,", Learning rate:",7.547192872036322e-06,", Number of training points (boundary):",4800,", Number of training points (interior):",30000,", VRAM allocated:",0,", VRAM reserved:",0
57700,Training Loss:,3.8812562053180955e-08,", Learning rate:",7.547192872036322e-06,", Number of training points (boundary):",4800,", Number of training points (interior):",30000,", VRAM allocated:",0,", VRAM reserved:",0
57800,Training Loss:,5.0783722116420904e-08,", Learning rate:",7.547192872036322e-06,", Number of training points (boundary):",4800,", Number of training points (interior):",30000,", VRAM allocated:",0,", VRAM reserved:",0
57900,Training Loss:,4.114209062322516e-08,", Learning rate:",7.547192872036322e-06,", Number of training points (boundary):",4800,", Number of training points (interior):",30000,", VRAM allocated:",0,", VRAM reserved:",0
58000,Training Loss:,3.952346716573629e-08,", Learning rate:",7.471720943315959e-06,", Number of training points (boundary):",4800,", Number of training points (interior):",30000,", VRAM allocated:",0,", VRAM reserved:",0
58100,Training Loss:,4.0166622028436905e-08,", Learning rate:",7.471720943315959e-06,", Number of training points (boundary):",4800,", Number of training points (interior):",30000,", VRAM allocated:",0,", VRAM reserved:",0
58200,Training Loss:,3.671138770755533e-08,", Learning rate:",7.471720943315959e-06,", Number of training points (boundary):",4800,", Number of training points (interior):",30000,", VRAM allocated:",0,", VRAM reserved:",0
58300,Training Loss:,3.819436145136024e-08,", Learning rate:",7.471720943315959e-06,", Number of training points (boundary):",4800,", Number of training points (interior):",30000,", VRAM allocated:",0,", VRAM reserved:",0
58400,Training Loss:,4.3185583109561776e-08,", Learning rate:",7.471720943315959e-06,", Number of training points (boundary):",4800,", Number of training points (interior):",30000,", VRAM allocated:",0,", VRAM reserved:",0
58500,Training Loss:,4.0087808628186394e-08,", Learning rate:",7.471720943315959e-06,", Number of training points (boundary):",4800,", Number of training points (interior):",30000,", VRAM allocated:",0,", VRAM reserved:",0
58600,Training Loss:,4.3873772170854863e-08,", Learning rate:",7.471720943315959e-06,", Number of training points (boundary):",4800,", Number of training points (interior):",30000,", VRAM allocated:",0,", VRAM reserved:",0
58700,Training Loss:,3.956660066251061e-08,", Learning rate:",7.471720943315959e-06,", Number of training points (boundary):",4800,", Number of training points (interior):",30000,", VRAM allocated:",0,", VRAM reserved:",0
58800,Training Loss:,3.643913260020781e-08,", Learning rate:",7.471720943315959e-06,", Number of training points (boundary):",4800,", Number of training points (interior):",30000,", VRAM allocated:",0,", VRAM reserved:",0
58900,Training Loss:,3.637166656744739e-08,", Learning rate:",7.471720943315959e-06,", Number of training points (boundary):",4800,", Number of training points (interior):",30000,", VRAM allocated:",0,", VRAM reserved:",0
59000,Training Loss:,3.5742530712923326e-08,", Learning rate:",7.471720943315959e-06,", Number of training points (boundary):",4800,", Number of training points (interior):",30000,", VRAM allocated:",0,", VRAM reserved:",0
59100,Training Loss:,3.5742441895081356e-08,", Learning rate:",7.471720943315959e-06,", Number of training points (boundary):",4800,", Number of training points (interior):",30000,", VRAM allocated:",0,", VRAM reserved:",0
59200,Training Loss:,3.92924839331954e-08,", Learning rate:",7.471720943315959e-06,", Number of training points (boundary):",4800,", Number of training points (interior):",30000,", VRAM allocated:",0,", VRAM reserved:",0
59300,Training Loss:,3.880359500385566e-08,", Learning rate:",7.471720943315959e-06,", Number of training points (boundary):",4800,", Number of training points (interior):",30000,", VRAM allocated:",0,", VRAM reserved:",0
59400,Training Loss:,3.92068315591132e-08,", Learning rate:",7.471720943315959e-06,", Number of training points (boundary):",4800,", Number of training points (interior):",30000,", VRAM allocated:",0,", VRAM reserved:",0
59500,Training Loss:,3.5685573607224796e-08,", Learning rate:",7.471720943315959e-06,", Number of training points (boundary):",4800,", Number of training points (interior):",30000,", VRAM allocated:",0,", VRAM reserved:",0
59600,Training Loss:,3.6168621875276585e-08,", Learning rate:",7.471720943315959e-06,", Number of training points (boundary):",4800,", Number of training points (interior):",30000,", VRAM allocated:",0,", VRAM reserved:",0
59700,Training Loss:,3.6012533399798485e-08,", Learning rate:",7.471720943315959e-06,", Number of training points (boundary):",4800,", Number of training points (interior):",30000,", VRAM allocated:",0,", VRAM reserved:",0
59800,Training Loss:,3.615959442981875e-08,", Learning rate:",7.471720943315959e-06,", Number of training points (boundary):",4800,", Number of training points (interior):",30000,", VRAM allocated:",0,", VRAM reserved:",0
59900,Training Loss:,3.7912339934109696e-08,", Learning rate:",7.471720943315959e-06,", Number of training points (boundary):",4800,", Number of training points (interior):",30000,", VRAM allocated:",0,", VRAM reserved:",0
60000,Training Loss:,3.611399179703767e-08,", Learning rate:",7.397003733882799e-06,", Number of training points (boundary):",4800,", Number of training points (interior):",30000,", VRAM allocated:",0,", VRAM reserved:",0
60100,Training Loss:,3.8604611063419725e-08,", Learning rate:",7.397003733882799e-06,", Number of training points (boundary):",4800,", Number of training points (interior):",30000,", VRAM allocated:",0,", VRAM reserved:",0
60200,Training Loss:,3.6213407383911544e-08,", Learning rate:",7.397003733882799e-06,", Number of training points (boundary):",4800,", Number of training points (interior):",30000,", VRAM allocated:",0,", VRAM reserved:",0
60300,Training Loss:,3.597531872401305e-08,", Learning rate:",7.397003733882799e-06,", Number of training points (boundary):",4800,", Number of training points (interior):",30000,", VRAM allocated:",0,", VRAM reserved:",0
60400,Training Loss:,3.4407463544994243e-08,", Learning rate:",7.397003733882799e-06,", Number of training points (boundary):",4800,", Number of training points (interior):",30000,", VRAM allocated:",0,", VRAM reserved:",0
60500,Training Loss:,3.5056100244901245e-08,", Learning rate:",7.397003733882799e-06,", Number of training points (boundary):",4800,", Number of training points (interior):",30000,", VRAM allocated:",0,", VRAM reserved:",0
60600,Training Loss:,3.919954849607166e-08,", Learning rate:",7.397003733882799e-06,", Number of training points (boundary):",4800,", Number of training points (interior):",30000,", VRAM allocated:",0,", VRAM reserved:",0
60700,Training Loss:,3.779026869210611e-08,", Learning rate:",7.397003733882799e-06,", Number of training points (boundary):",4800,", Number of training points (interior):",30000,", VRAM allocated:",0,", VRAM reserved:",0
60800,Training Loss:,3.407249238307486e-08,", Learning rate:",7.397003733882799e-06,", Number of training points (boundary):",4800,", Number of training points (interior):",30000,", VRAM allocated:",0,", VRAM reserved:",0
60900,Training Loss:,5.981422646073042e-08,", Learning rate:",7.397003733882799e-06,", Number of training points (boundary):",4800,", Number of training points (interior):",30000,", VRAM allocated:",0,", VRAM reserved:",0
61000,Training Loss:,8.002113105476383e-08,", Learning rate:",7.397003733882799e-06,", Number of training points (boundary):",4800,", Number of training points (interior):",30000,", VRAM allocated:",0,", VRAM reserved:",0
61100,Training Loss:,3.489406807943851e-08,", Learning rate:",7.397003733882799e-06,", Number of training points (boundary):",4800,", Number of training points (interior):",30000,", VRAM allocated:",0,", VRAM reserved:",0
61200,Training Loss:,3.896949252180093e-08,", Learning rate:",7.397003733882799e-06,", Number of training points (boundary):",4800,", Number of training points (interior):",30000,", VRAM allocated:",0,", VRAM reserved:",0
61300,Training Loss:,3.459055264443123e-08,", Learning rate:",7.397003733882799e-06,", Number of training points (boundary):",4800,", Number of training points (interior):",30000,", VRAM allocated:",0,", VRAM reserved:",0
61400,Training Loss:,6.883693970394233e-08,", Learning rate:",7.397003733882799e-06,", Number of training points (boundary):",4800,", Number of training points (interior):",30000,", VRAM allocated:",0,", VRAM reserved:",0
61500,Training Loss:,4.516104468166304e-08,", Learning rate:",7.397003733882799e-06,", Number of training points (boundary):",4800,", Number of training points (interior):",30000,", VRAM allocated:",0,", VRAM reserved:",0
61600,Training Loss:,5.717399531590672e-08,", Learning rate:",7.397003733882799e-06,", Number of training points (boundary):",4800,", Number of training points (interior):",30000,", VRAM allocated:",0,", VRAM reserved:",0
61700,Training Loss:,3.556514016622714e-08,", Learning rate:",7.397003733882799e-06,", Number of training points (boundary):",4800,", Number of training points (interior):",30000,", VRAM allocated:",0,", VRAM reserved:",0
61800,Training Loss:,3.728175812511836e-08,", Learning rate:",7.397003733882799e-06,", Number of training points (boundary):",4800,", Number of training points (interior):",30000,", VRAM allocated:",0,", VRAM reserved:",0
61900,Training Loss:,3.355494726520192e-08,", Learning rate:",7.397003733882799e-06,", Number of training points (boundary):",4800,", Number of training points (interior):",30000,", VRAM allocated:",0,", VRAM reserved:",0
62000,Training Loss:,4.337408299193157e-08,", Learning rate:",7.323033696543972e-06,", Number of training points (boundary):",4800,", Number of training points (interior):",30000,", VRAM allocated:",0,", VRAM reserved:",0
62100,Training Loss:,3.394234937559304e-08,", Learning rate:",7.323033696543972e-06,", Number of training points (boundary):",4800,", Number of training points (interior):",30000,", VRAM allocated:",0,", VRAM reserved:",0
62200,Training Loss:,3.450544738825556e-08,", Learning rate:",7.323033696543972e-06,", Number of training points (boundary):",4800,", Number of training points (interior):",30000,", VRAM allocated:",0,", VRAM reserved:",0
62300,Training Loss:,3.7746183068065875e-08,", Learning rate:",7.323033696543972e-06,", Number of training points (boundary):",4800,", Number of training points (interior):",30000,", VRAM allocated:",0,", VRAM reserved:",0
62400,Training Loss:,3.633462242191854e-08,", Learning rate:",7.323033696543972e-06,", Number of training points (boundary):",4800,", Number of training points (interior):",30000,", VRAM allocated:",0,", VRAM reserved:",0
62500,Training Loss:,3.318101704508081e-08,", Learning rate:",7.323033696543972e-06,", Number of training points (boundary):",4800,", Number of training points (interior):",30000,", VRAM allocated:",0,", VRAM reserved:",0
62600,Training Loss:,3.35504921622487e-08,", Learning rate:",7.323033696543972e-06,", Number of training points (boundary):",4800,", Number of training points (interior):",30000,", VRAM allocated:",0,", VRAM reserved:",0
62700,Training Loss:,3.296597483881669e-08,", Learning rate:",7.323033696543972e-06,", Number of training points (boundary):",4800,", Number of training points (interior):",30000,", VRAM allocated:",0,", VRAM reserved:",0
62800,Training Loss:,3.8334995622335555e-08,", Learning rate:",7.323033696543972e-06,", Number of training points (boundary):",4800,", Number of training points (interior):",30000,", VRAM allocated:",0,", VRAM reserved:",0
62900,Training Loss:,4.8765823379426365e-08,", Learning rate:",7.323033696543972e-06,", Number of training points (boundary):",4800,", Number of training points (interior):",30000,", VRAM allocated:",0,", VRAM reserved:",0
63000,Training Loss:,4.771092321220749e-08,", Learning rate:",7.323033696543972e-06,", Number of training points (boundary):",4800,", Number of training points (interior):",30000,", VRAM allocated:",0,", VRAM reserved:",0
63100,Training Loss:,3.2150570206113116e-08,", Learning rate:",7.323033696543972e-06,", Number of training points (boundary):",4800,", Number of training points (interior):",30000,", VRAM allocated:",0,", VRAM reserved:",0
63200,Training Loss:,3.652095514894427e-08,", Learning rate:",7.323033696543972e-06,", Number of training points (boundary):",4800,", Number of training points (interior):",30000,", VRAM allocated:",0,", VRAM reserved:",0
63300,Training Loss:,3.2989188269993974e-08,", Learning rate:",7.323033696543972e-06,", Number of training points (boundary):",4800,", Number of training points (interior):",30000,", VRAM allocated:",0,", VRAM reserved:",0
63400,Training Loss:,3.45184787420294e-08,", Learning rate:",7.323033696543972e-06,", Number of training points (boundary):",4800,", Number of training points (interior):",30000,", VRAM allocated:",0,", VRAM reserved:",0
63500,Training Loss:,3.2116542314497565e-08,", Learning rate:",7.323033696543972e-06,", Number of training points (boundary):",4800,", Number of training points (interior):",30000,", VRAM allocated:",0,", VRAM reserved:",0
63600,Training Loss:,4.130548347802687e-08,", Learning rate:",7.323033696543972e-06,", Number of training points (boundary):",4800,", Number of training points (interior):",30000,", VRAM allocated:",0,", VRAM reserved:",0
63700,Training Loss:,3.218333688437269e-08,", Learning rate:",7.323033696543972e-06,", Number of training points (boundary):",4800,", Number of training points (interior):",30000,", VRAM allocated:",0,", VRAM reserved:",0
63800,Training Loss:,3.357185818231301e-08,", Learning rate:",7.323033696543972e-06,", Number of training points (boundary):",4800,", Number of training points (interior):",30000,", VRAM allocated:",0,", VRAM reserved:",0
63900,Training Loss:,3.170983120526216e-08,", Learning rate:",7.323033696543972e-06,", Number of training points (boundary):",4800,", Number of training points (interior):",30000,", VRAM allocated:",0,", VRAM reserved:",0
64000,Training Loss:,5.413477310867165e-08,", Learning rate:",7.249803359578532e-06,", Number of training points (boundary):",4800,", Number of training points (interior):",30000,", VRAM allocated:",0,", VRAM reserved:",0
64100,Training Loss:,3.634309564404248e-08,", Learning rate:",7.249803359578532e-06,", Number of training points (boundary):",4800,", Number of training points (interior):",30000,", VRAM allocated:",0,", VRAM reserved:",0
64200,Training Loss:,4.6543476628357894e-08,", Learning rate:",7.249803359578532e-06,", Number of training points (boundary):",4800,", Number of training points (interior):",30000,", VRAM allocated:",0,", VRAM reserved:",0
64300,Training Loss:,3.2690543605440325e-08,", Learning rate:",7.249803359578532e-06,", Number of training points (boundary):",4800,", Number of training points (interior):",30000,", VRAM allocated:",0,", VRAM reserved:",0
64400,Training Loss:,3.322680441897319e-08,", Learning rate:",7.249803359578532e-06,", Number of training points (boundary):",4800,", Number of training points (interior):",30000,", VRAM allocated:",0,", VRAM reserved:",0
64500,Training Loss:,3.15763273306402e-08,", Learning rate:",7.249803359578532e-06,", Number of training points (boundary):",4800,", Number of training points (interior):",30000,", VRAM allocated:",0,", VRAM reserved:",0
64600,Training Loss:,3.0888980262488985e-08,", Learning rate:",7.249803359578532e-06,", Number of training points (boundary):",4800,", Number of training points (interior):",30000,", VRAM allocated:",0,", VRAM reserved:",0
64700,Training Loss:,3.5876620785302293e-08,", Learning rate:",7.249803359578532e-06,", Number of training points (boundary):",4800,", Number of training points (interior):",30000,", VRAM allocated:",0,", VRAM reserved:",0
64800,Training Loss:,3.4290177808316e-08,", Learning rate:",7.249803359578532e-06,", Number of training points (boundary):",4800,", Number of training points (interior):",30000,", VRAM allocated:",0,", VRAM reserved:",0
64900,Training Loss:,3.4435185369829924e-08,", Learning rate:",7.249803359578532e-06,", Number of training points (boundary):",4800,", Number of training points (interior):",30000,", VRAM allocated:",0,", VRAM reserved:",0
65000,Training Loss:,4.611808890331304e-08,", Learning rate:",7.249803359578532e-06,", Number of training points (boundary):",4800,", Number of training points (interior):",30000,", VRAM allocated:",0,", VRAM reserved:",0
65100,Training Loss:,3.1134636202523325e-08,", Learning rate:",7.249803359578532e-06,", Number of training points (boundary):",4800,", Number of training points (interior):",30000,", VRAM allocated:",0,", VRAM reserved:",0
65200,Training Loss:,5.142171133343254e-08,", Learning rate:",7.249803359578532e-06,", Number of training points (boundary):",4800,", Number of training points (interior):",30000,", VRAM allocated:",0,", VRAM reserved:",0
65300,Training Loss:,3.048995722565451e-08,", Learning rate:",7.249803359578532e-06,", Number of training points (boundary):",4800,", Number of training points (interior):",30000,", VRAM allocated:",0,", VRAM reserved:",0
65400,Training Loss:,3.7312421596880085e-08,", Learning rate:",7.249803359578532e-06,", Number of training points (boundary):",4800,", Number of training points (interior):",30000,", VRAM allocated:",0,", VRAM reserved:",0
65500,Training Loss:,6.003021013611942e-08,", Learning rate:",7.249803359578532e-06,", Number of training points (boundary):",4800,", Number of training points (interior):",30000,", VRAM allocated:",0,", VRAM reserved:",0
65600,Training Loss:,3.308218055053658e-08,", Learning rate:",7.249803359578532e-06,", Number of training points (boundary):",4800,", Number of training points (interior):",30000,", VRAM allocated:",0,", VRAM reserved:",0
65700,Training Loss:,3.174975660158452e-08,", Learning rate:",7.249803359578532e-06,", Number of training points (boundary):",4800,", Number of training points (interior):",30000,", VRAM allocated:",0,", VRAM reserved:",0
65800,Training Loss:,3.06919147874396e-08,", Learning rate:",7.249803359578532e-06,", Number of training points (boundary):",4800,", Number of training points (interior):",30000,", VRAM allocated:",0,", VRAM reserved:",0
65900,Training Loss:,3.920075641872245e-08,", Learning rate:",7.249803359578532e-06,", Number of training points (boundary):",4800,", Number of training points (interior):",30000,", VRAM allocated:",0,", VRAM reserved:",0
66000,Training Loss:,3.438179874137859e-08,", Learning rate:",7.177305325982746e-06,", Number of training points (boundary):",4800,", Number of training points (interior):",30000,", VRAM allocated:",0,", VRAM reserved:",0
66100,Training Loss:,3.231848921814162e-08,", Learning rate:",7.177305325982746e-06,", Number of training points (boundary):",4800,", Number of training points (interior):",30000,", VRAM allocated:",0,", VRAM reserved:",0
66200,Training Loss:,3.004797832772965e-08,", Learning rate:",7.177305325982746e-06,", Number of training points (boundary):",4800,", Number of training points (interior):",30000,", VRAM allocated:",0,", VRAM reserved:",0
66300,Training Loss:,2.999202664000222e-08,", Learning rate:",7.177305325982746e-06,", Number of training points (boundary):",4800,", Number of training points (interior):",30000,", VRAM allocated:",0,", VRAM reserved:",0
66400,Training Loss:,2.9538266943518465e-08,", Learning rate:",7.177305325982746e-06,", Number of training points (boundary):",4800,", Number of training points (interior):",30000,", VRAM allocated:",0,", VRAM reserved:",0
66500,Training Loss:,3.2507529112990596e-08,", Learning rate:",7.177305325982746e-06,", Number of training points (boundary):",4800,", Number of training points (interior):",30000,", VRAM allocated:",0,", VRAM reserved:",0
66600,Training Loss:,2.9515142330183153e-08,", Learning rate:",7.177305325982746e-06,", Number of training points (boundary):",4800,", Number of training points (interior):",30000,", VRAM allocated:",0,", VRAM reserved:",0
66700,Training Loss:,2.976346991090395e-08,", Learning rate:",7.177305325982746e-06,", Number of training points (boundary):",4800,", Number of training points (interior):",30000,", VRAM allocated:",0,", VRAM reserved:",0
66800,Training Loss:,2.9212994689942207e-08,", Learning rate:",7.177305325982746e-06,", Number of training points (boundary):",4800,", Number of training points (interior):",30000,", VRAM allocated:",0,", VRAM reserved:",0
66900,Training Loss:,3.0107891291208944e-08,", Learning rate:",7.177305325982746e-06,", Number of training points (boundary):",4800,", Number of training points (interior):",30000,", VRAM allocated:",0,", VRAM reserved:",0
67000,Training Loss:,3.3669138588265923e-08,", Learning rate:",7.177305325982746e-06,", Number of training points (boundary):",4800,", Number of training points (interior):",30000,", VRAM allocated:",0,", VRAM reserved:",0
67100,Training Loss:,3.7249275663953085e-08,", Learning rate:",7.177305325982746e-06,", Number of training points (boundary):",4800,", Number of training points (interior):",30000,", VRAM allocated:",0,", VRAM reserved:",0
67200,Training Loss:,3.786766455959878e-08,", Learning rate:",7.177305325982746e-06,", Number of training points (boundary):",4800,", Number of training points (interior):",30000,", VRAM allocated:",0,", VRAM reserved:",0
67300,Training Loss:,2.9138512047666154e-08,", Learning rate:",7.177305325982746e-06,", Number of training points (boundary):",4800,", Number of training points (interior):",30000,", VRAM allocated:",0,", VRAM reserved:",0
67400,Training Loss:,3.2309714015354984e-08,", Learning rate:",7.177305325982746e-06,", Number of training points (boundary):",4800,", Number of training points (interior):",30000,", VRAM allocated:",0,", VRAM reserved:",0
67500,Training Loss:,2.870132398413716e-08,", Learning rate:",7.177305325982746e-06,", Number of training points (boundary):",4800,", Number of training points (interior):",30000,", VRAM allocated:",0,", VRAM reserved:",0
67600,Training Loss:,4.664353525640763e-08,", Learning rate:",7.177305325982746e-06,", Number of training points (boundary):",4800,", Number of training points (interior):",30000,", VRAM allocated:",0,", VRAM reserved:",0
67700,Training Loss:,3.120049640870093e-08,", Learning rate:",7.177305325982746e-06,", Number of training points (boundary):",4800,", Number of training points (interior):",30000,", VRAM allocated:",0,", VRAM reserved:",0
67800,Training Loss:,5.875914155240025e-08,", Learning rate:",7.177305325982746e-06,", Number of training points (boundary):",4800,", Number of training points (interior):",30000,", VRAM allocated:",0,", VRAM reserved:",0
67900,Training Loss:,3.31147553822575e-08,", Learning rate:",7.177305325982746e-06,", Number of training points (boundary):",4800,", Number of training points (interior):",30000,", VRAM allocated:",0,", VRAM reserved:",0
68000,Training Loss:,5.617640752575426e-08,", Learning rate:",7.105532272722918e-06,", Number of training points (boundary):",4800,", Number of training points (interior):",30000,", VRAM allocated:",0,", VRAM reserved:",0
68100,Training Loss:,2.8965567722138985e-08,", Learning rate:",7.105532272722918e-06,", Number of training points (boundary):",4800,", Number of training points (interior):",30000,", VRAM allocated:",0,", VRAM reserved:",0
68200,Training Loss:,3.459282638118566e-08,", Learning rate:",7.105532272722918e-06,", Number of training points (boundary):",4800,", Number of training points (interior):",30000,", VRAM allocated:",0,", VRAM reserved:",0
68300,Training Loss:,2.8140703989265603e-08,", Learning rate:",7.105532272722918e-06,", Number of training points (boundary):",4800,", Number of training points (interior):",30000,", VRAM allocated:",0,", VRAM reserved:",0
68400,Training Loss:,2.8748225133767846e-08,", Learning rate:",7.105532272722918e-06,", Number of training points (boundary):",4800,", Number of training points (interior):",30000,", VRAM allocated:",0,", VRAM reserved:",0
68500,Training Loss:,2.8722372036327215e-08,", Learning rate:",7.105532272722918e-06,", Number of training points (boundary):",4800,", Number of training points (interior):",30000,", VRAM allocated:",0,", VRAM reserved:",0
68600,Training Loss:,2.8188329892486763e-08,", Learning rate:",7.105532272722918e-06,", Number of training points (boundary):",4800,", Number of training points (interior):",30000,", VRAM allocated:",0,", VRAM reserved:",0
68700,Training Loss:,2.8640856797323977e-08,", Learning rate:",7.105532272722918e-06,", Number of training points (boundary):",4800,", Number of training points (interior):",30000,", VRAM allocated:",0,", VRAM reserved:",0
68800,Training Loss:,2.8243002603289824e-08,", Learning rate:",7.105532272722918e-06,", Number of training points (boundary):",4800,", Number of training points (interior):",30000,", VRAM allocated:",0,", VRAM reserved:",0
68900,Training Loss:,3.390070446585014e-08,", Learning rate:",7.105532272722918e-06,", Number of training points (boundary):",4800,", Number of training points (interior):",30000,", VRAM allocated:",0,", VRAM reserved:",0
69000,Training Loss:,2.8016295061661367e-08,", Learning rate:",7.105532272722918e-06,", Number of training points (boundary):",4800,", Number of training points (interior):",30000,", VRAM allocated:",0,", VRAM reserved:",0
69100,Training Loss:,2.7730209239962278e-08,", Learning rate:",7.105532272722918e-06,", Number of training points (boundary):",4800,", Number of training points (interior):",30000,", VRAM allocated:",0,", VRAM reserved:",0
69200,Training Loss:,6.17150774928632e-08,", Learning rate:",7.105532272722918e-06,", Number of training points (boundary):",4800,", Number of training points (interior):",30000,", VRAM allocated:",0,", VRAM reserved:",0
69300,Training Loss:,2.74927209886755e-08,", Learning rate:",7.105532272722918e-06,", Number of training points (boundary):",4800,", Number of training points (interior):",30000,", VRAM allocated:",0,", VRAM reserved:",0
69400,Training Loss:,2.7453605611071907e-08,", Learning rate:",7.105532272722918e-06,", Number of training points (boundary):",4800,", Number of training points (interior):",30000,", VRAM allocated:",0,", VRAM reserved:",0
69500,Training Loss:,2.8697817455736185e-08,", Learning rate:",7.105532272722918e-06,", Number of training points (boundary):",4800,", Number of training points (interior):",30000,", VRAM allocated:",0,", VRAM reserved:",0
69600,Training Loss:,2.7480737685436907e-08,", Learning rate:",7.105532272722918e-06,", Number of training points (boundary):",4800,", Number of training points (interior):",30000,", VRAM allocated:",0,", VRAM reserved:",0
69700,Training Loss:,2.7474722941178698e-08,", Learning rate:",7.105532272722918e-06,", Number of training points (boundary):",4800,", Number of training points (interior):",30000,", VRAM allocated:",0,", VRAM reserved:",0
69800,Training Loss:,5.3637592145605595e-08,", Learning rate:",7.105532272722918e-06,", Number of training points (boundary):",4800,", Number of training points (interior):",30000,", VRAM allocated:",0,", VRAM reserved:",0
69900,Training Loss:,3.2517785797381293e-08,", Learning rate:",7.105532272722918e-06,", Number of training points (boundary):",4800,", Number of training points (interior):",30000,", VRAM allocated:",0,", VRAM reserved:",0
70000,Training Loss:,2.766610940341252e-08,", Learning rate:",7.034476949995689e-06,", Number of training points (boundary):",4800,", Number of training points (interior):",30000,", VRAM allocated:",0,", VRAM reserved:",0
70100,Training Loss:,2.7286235493306776e-08,", Learning rate:",7.034476949995689e-06,", Number of training points (boundary):",4800,", Number of training points (interior):",30000,", VRAM allocated:",0,", VRAM reserved:",0
70200,Training Loss:,2.770558893416819e-08,", Learning rate:",7.034476949995689e-06,", Number of training points (boundary):",4800,", Number of training points (interior):",30000,", VRAM allocated:",0,", VRAM reserved:",0
70300,Training Loss:,3.506065482383747e-08,", Learning rate:",7.034476949995689e-06,", Number of training points (boundary):",4800,", Number of training points (interior):",30000,", VRAM allocated:",0,", VRAM reserved:",0
70400,Training Loss:,3.806359316627095e-08,", Learning rate:",7.034476949995689e-06,", Number of training points (boundary):",4800,", Number of training points (interior):",30000,", VRAM allocated:",0,", VRAM reserved:",0
70500,Training Loss:,2.7447962125393133e-08,", Learning rate:",7.034476949995689e-06,", Number of training points (boundary):",4800,", Number of training points (interior):",30000,", VRAM allocated:",0,", VRAM reserved:",0
70600,Training Loss:,2.8181579736497042e-08,", Learning rate:",7.034476949995689e-06,", Number of training points (boundary):",4800,", Number of training points (interior):",30000,", VRAM allocated:",0,", VRAM reserved:",0
70700,Training Loss:,3.358672273634511e-08,", Learning rate:",7.034476949995689e-06,", Number of training points (boundary):",4800,", Number of training points (interior):",30000,", VRAM allocated:",0,", VRAM reserved:",0
70800,Training Loss:,2.9362272613298046e-08,", Learning rate:",7.034476949995689e-06,", Number of training points (boundary):",4800,", Number of training points (interior):",30000,", VRAM allocated:",0,", VRAM reserved:",0
70900,Training Loss:,3.182292118708574e-08,", Learning rate:",7.034476949995689e-06,", Number of training points (boundary):",4800,", Number of training points (interior):",30000,", VRAM allocated:",0,", VRAM reserved:",0
71000,Training Loss:,2.6975103040172144e-08,", Learning rate:",7.034476949995689e-06,", Number of training points (boundary):",4800,", Number of training points (interior):",30000,", VRAM allocated:",0,", VRAM reserved:",0
71100,Training Loss:,2.6814717557499534e-08,", Learning rate:",7.034476949995689e-06,", Number of training points (boundary):",4800,", Number of training points (interior):",30000,", VRAM allocated:",0,", VRAM reserved:",0
71200,Training Loss:,2.9604224849322236e-08,", Learning rate:",7.034476949995689e-06,", Number of training points (boundary):",4800,", Number of training points (interior):",30000,", VRAM allocated:",0,", VRAM reserved:",0
71300,Training Loss:,4.717898605122173e-08,", Learning rate:",7.034476949995689e-06,", Number of training points (boundary):",4800,", Number of training points (interior):",30000,", VRAM allocated:",0,", VRAM reserved:",0
71400,Training Loss:,2.6447807499607734e-08,", Learning rate:",7.034476949995689e-06,", Number of training points (boundary):",4800,", Number of training points (interior):",30000,", VRAM allocated:",0,", VRAM reserved:",0
71500,Training Loss:,2.6390875262904956e-08,", Learning rate:",7.034476949995689e-06,", Number of training points (boundary):",4800,", Number of training points (interior):",30000,", VRAM allocated:",0,", VRAM reserved:",0
71600,Training Loss:,2.6272720887732248e-08,", Learning rate:",7.034476949995689e-06,", Number of training points (boundary):",4800,", Number of training points (interior):",30000,", VRAM allocated:",0,", VRAM reserved:",0
71700,Training Loss:,3.07884775452294e-08,", Learning rate:",7.034476949995689e-06,", Number of training points (boundary):",4800,", Number of training points (interior):",30000,", VRAM allocated:",0,", VRAM reserved:",0
71800,Training Loss:,3.032082318554785e-08,", Learning rate:",7.034476949995689e-06,", Number of training points (boundary):",4800,", Number of training points (interior):",30000,", VRAM allocated:",0,", VRAM reserved:",0
71900,Training Loss:,3.538617221465756e-08,", Learning rate:",7.034476949995689e-06,", Number of training points (boundary):",4800,", Number of training points (interior):",30000,", VRAM allocated:",0,", VRAM reserved:",0
72000,Training Loss:,2.6121876217644058e-08,", Learning rate:",6.964132180495732e-06,", Number of training points (boundary):",4800,", Number of training points (interior):",30000,", VRAM allocated:",0,", VRAM reserved:",0
72100,Training Loss:,2.7083537190719653e-08,", Learning rate:",6.964132180495732e-06,", Number of training points (boundary):",4800,", Number of training points (interior):",30000,", VRAM allocated:",0,", VRAM reserved:",0
72200,Training Loss:,2.7031937577248755e-08,", Learning rate:",6.964132180495732e-06,", Number of training points (boundary):",4800,", Number of training points (interior):",30000,", VRAM allocated:",0,", VRAM reserved:",0
72300,Training Loss:,2.599732340513583e-08,", Learning rate:",6.964132180495732e-06,", Number of training points (boundary):",4800,", Number of training points (interior):",30000,", VRAM allocated:",0,", VRAM reserved:",0
72400,Training Loss:,3.3895211970502714e-08,", Learning rate:",6.964132180495732e-06,", Number of training points (boundary):",4800,", Number of training points (interior):",30000,", VRAM allocated:",0,", VRAM reserved:",0
72500,Training Loss:,3.369894585603106e-08,", Learning rate:",6.964132180495732e-06,", Number of training points (boundary):",4800,", Number of training points (interior):",30000,", VRAM allocated:",0,", VRAM reserved:",0
72600,Training Loss:,3.449050112180885e-08,", Learning rate:",6.964132180495732e-06,", Number of training points (boundary):",4800,", Number of training points (interior):",30000,", VRAM allocated:",0,", VRAM reserved:",0
72700,Training Loss:,3.271811266358782e-08,", Learning rate:",6.964132180495732e-06,", Number of training points (boundary):",4800,", Number of training points (interior):",30000,", VRAM allocated:",0,", VRAM reserved:",0
72800,Training Loss:,2.7739346819544153e-08,", Learning rate:",6.964132180495732e-06,", Number of training points (boundary):",4800,", Number of training points (interior):",30000,", VRAM allocated:",0,", VRAM reserved:",0
72900,Training Loss:,5.219737886363873e-08,", Learning rate:",6.964132180495732e-06,", Number of training points (boundary):",4800,", Number of training points (interior):",30000,", VRAM allocated:",0,", VRAM reserved:",0
73000,Training Loss:,2.558669542906955e-08,", Learning rate:",6.964132180495732e-06,", Number of training points (boundary):",4800,", Number of training points (interior):",30000,", VRAM allocated:",0,", VRAM reserved:",0
73100,Training Loss:,2.6688788068440772e-08,", Learning rate:",6.964132180495732e-06,", Number of training points (boundary):",4800,", Number of training points (interior):",30000,", VRAM allocated:",0,", VRAM reserved:",0
73200,Training Loss:,2.930178055748911e-08,", Learning rate:",6.964132180495732e-06,", Number of training points (boundary):",4800,", Number of training points (interior):",30000,", VRAM allocated:",0,", VRAM reserved:",0
73300,Training Loss:,2.5312617779604807e-08,", Learning rate:",6.964132180495732e-06,", Number of training points (boundary):",4800,", Number of training points (interior):",30000,", VRAM allocated:",0,", VRAM reserved:",0
73400,Training Loss:,2.5178353624255578e-08,", Learning rate:",6.964132180495732e-06,", Number of training points (boundary):",4800,", Number of training points (interior):",30000,", VRAM allocated:",0,", VRAM reserved:",0
73500,Training Loss:,2.5856277119373772e-08,", Learning rate:",6.964132180495732e-06,", Number of training points (boundary):",4800,", Number of training points (interior):",30000,", VRAM allocated:",0,", VRAM reserved:",0
73600,Training Loss:,2.508052077132561e-08,", Learning rate:",6.964132180495732e-06,", Number of training points (boundary):",4800,", Number of training points (interior):",30000,", VRAM allocated:",0,", VRAM reserved:",0
73700,Training Loss:,2.8421915487797378e-08,", Learning rate:",6.964132180495732e-06,", Number of training points (boundary):",4800,", Number of training points (interior):",30000,", VRAM allocated:",0,", VRAM reserved:",0
73800,Training Loss:,5.393973623313286e-08,", Learning rate:",6.964132180495732e-06,", Number of training points (boundary):",4800,", Number of training points (interior):",30000,", VRAM allocated:",0,", VRAM reserved:",0
73900,Training Loss:,3.055406949670214e-08,", Learning rate:",6.964132180495732e-06,", Number of training points (boundary):",4800,", Number of training points (interior):",30000,", VRAM allocated:",0,", VRAM reserved:",0
74000,Training Loss:,2.483127659047568e-08,", Learning rate:",6.894490858690775e-06,", Number of training points (boundary):",4800,", Number of training points (interior):",30000,", VRAM allocated:",0,", VRAM reserved:",0
74100,Training Loss:,2.513656127689501e-08,", Learning rate:",6.894490858690775e-06,", Number of training points (boundary):",4800,", Number of training points (interior):",30000,", VRAM allocated:",0,", VRAM reserved:",0
74200,Training Loss:,2.6178039291835375e-08,", Learning rate:",6.894490858690775e-06,", Number of training points (boundary):",4800,", Number of training points (interior):",30000,", VRAM allocated:",0,", VRAM reserved:",0
74300,Training Loss:,3.6125673119613566e-08,", Learning rate:",6.894490858690775e-06,", Number of training points (boundary):",4800,", Number of training points (interior):",30000,", VRAM allocated:",0,", VRAM reserved:",0
74400,Training Loss:,2.4554593025527538e-08,", Learning rate:",6.894490858690775e-06,", Number of training points (boundary):",4800,", Number of training points (interior):",30000,", VRAM allocated:",0,", VRAM reserved:",0
74500,Training Loss:,2.5500069611439358e-08,", Learning rate:",6.894490858690775e-06,", Number of training points (boundary):",4800,", Number of training points (interior):",30000,", VRAM allocated:",0,", VRAM reserved:",0
74600,Training Loss:,2.4867548020779395e-08,", Learning rate:",6.894490858690775e-06,", Number of training points (boundary):",4800,", Number of training points (interior):",30000,", VRAM allocated:",0,", VRAM reserved:",0
74700,Training Loss:,3.682368188151486e-08,", Learning rate:",6.894490858690775e-06,", Number of training points (boundary):",4800,", Number of training points (interior):",30000,", VRAM allocated:",0,", VRAM reserved:",0
74800,Training Loss:,2.9343146579208224e-08,", Learning rate:",6.894490858690775e-06,", Number of training points (boundary):",4800,", Number of training points (interior):",30000,", VRAM allocated:",0,", VRAM reserved:",0
74900,Training Loss:,2.4358032035820543e-08,", Learning rate:",6.894490858690775e-06,", Number of training points (boundary):",4800,", Number of training points (interior):",30000,", VRAM allocated:",0,", VRAM reserved:",0
75000,Training Loss:,4.806779685395668e-08,", Learning rate:",6.894490858690775e-06,", Number of training points (boundary):",4800,", Number of training points (interior):",30000,", VRAM allocated:",0,", VRAM reserved:",0
75100,Training Loss:,2.955768074741627e-08,", Learning rate:",6.894490858690775e-06,", Number of training points (boundary):",4800,", Number of training points (interior):",30000,", VRAM allocated:",0,", VRAM reserved:",0
75200,Training Loss:,2.5054971430904516e-08,", Learning rate:",6.894490858690775e-06,", Number of training points (boundary):",4800,", Number of training points (interior):",30000,", VRAM allocated:",0,", VRAM reserved:",0
75300,Training Loss:,2.418148703497991e-08,", Learning rate:",6.894490858690775e-06,", Number of training points (boundary):",4800,", Number of training points (interior):",30000,", VRAM allocated:",0,", VRAM reserved:",0
75400,Training Loss:,2.6615950332598004e-08,", Learning rate:",6.894490858690775e-06,", Number of training points (boundary):",4800,", Number of training points (interior):",30000,", VRAM allocated:",0,", VRAM reserved:",0
75500,Training Loss:,3.9210448221638217e-08,", Learning rate:",6.894490858690775e-06,", Number of training points (boundary):",4800,", Number of training points (interior):",30000,", VRAM allocated:",0,", VRAM reserved:",0
75600,Training Loss:,3.938261627922657e-08,", Learning rate:",6.894490858690775e-06,", Number of training points (boundary):",4800,", Number of training points (interior):",30000,", VRAM allocated:",0,", VRAM reserved:",0
75700,Training Loss:,3.308897689180412e-08,", Learning rate:",6.894490858690775e-06,", Number of training points (boundary):",4800,", Number of training points (interior):",30000,", VRAM allocated:",0,", VRAM reserved:",0
75800,Training Loss:,2.8312401312291513e-08,", Learning rate:",6.894490858690775e-06,", Number of training points (boundary):",4800,", Number of training points (interior):",30000,", VRAM allocated:",0,", VRAM reserved:",0
75900,Training Loss:,2.402140175661316e-08,", Learning rate:",6.894490858690775e-06,", Number of training points (boundary):",4800,", Number of training points (interior):",30000,", VRAM allocated:",0,", VRAM reserved:",0
76000,Training Loss:,4.354249938387511e-08,", Learning rate:",6.8255459501038676e-06,", Number of training points (boundary):",4800,", Number of training points (interior):",30000,", VRAM allocated:",0,", VRAM reserved:",0
76100,Training Loss:,2.9029042281081274e-08,", Learning rate:",6.8255459501038676e-06,", Number of training points (boundary):",4800,", Number of training points (interior):",30000,", VRAM allocated:",0,", VRAM reserved:",0
76200,Training Loss:,2.6514646478403847e-08,", Learning rate:",6.8255459501038676e-06,", Number of training points (boundary):",4800,", Number of training points (interior):",30000,", VRAM allocated:",0,", VRAM reserved:",0
76300,Training Loss:,2.5492308708408018e-08,", Learning rate:",6.8255459501038676e-06,", Number of training points (boundary):",4800,", Number of training points (interior):",30000,", VRAM allocated:",0,", VRAM reserved:",0
76400,Training Loss:,3.509832779968747e-08,", Learning rate:",6.8255459501038676e-06,", Number of training points (boundary):",4800,", Number of training points (interior):",30000,", VRAM allocated:",0,", VRAM reserved:",0
76500,Training Loss:,2.463716697320706e-08,", Learning rate:",6.8255459501038676e-06,", Number of training points (boundary):",4800,", Number of training points (interior):",30000,", VRAM allocated:",0,", VRAM reserved:",0
76600,Training Loss:,2.401592169576361e-08,", Learning rate:",6.8255459501038676e-06,", Number of training points (boundary):",4800,", Number of training points (interior):",30000,", VRAM allocated:",0,", VRAM reserved:",0
76700,Training Loss:,2.3762725120946016e-08,", Learning rate:",6.8255459501038676e-06,", Number of training points (boundary):",4800,", Number of training points (interior):",30000,", VRAM allocated:",0,", VRAM reserved:",0
76800,Training Loss:,2.3519380221159736e-08,", Learning rate:",6.8255459501038676e-06,", Number of training points (boundary):",4800,", Number of training points (interior):",30000,", VRAM allocated:",0,", VRAM reserved:",0
76900,Training Loss:,2.3808244264955647e-08,", Learning rate:",6.8255459501038676e-06,", Number of training points (boundary):",4800,", Number of training points (interior):",30000,", VRAM allocated:",0,", VRAM reserved:",0
77000,Training Loss:,2.3371443447217644e-08,", Learning rate:",6.8255459501038676e-06,", Number of training points (boundary):",4800,", Number of training points (interior):",30000,", VRAM allocated:",0,", VRAM reserved:",0
77100,Training Loss:,2.3624407319289276e-08,", Learning rate:",6.8255459501038676e-06,", Number of training points (boundary):",4800,", Number of training points (interior):",30000,", VRAM allocated:",0,", VRAM reserved:",0
77200,Training Loss:,2.352656025550459e-08,", Learning rate:",6.8255459501038676e-06,", Number of training points (boundary):",4800,", Number of training points (interior):",30000,", VRAM allocated:",0,", VRAM reserved:",0
77300,Training Loss:,2.3339991273019223e-08,", Learning rate:",6.8255459501038676e-06,", Number of training points (boundary):",4800,", Number of training points (interior):",30000,", VRAM allocated:",0,", VRAM reserved:",0
77400,Training Loss:,2.5077335763512565e-08,", Learning rate:",6.8255459501038676e-06,", Number of training points (boundary):",4800,", Number of training points (interior):",30000,", VRAM allocated:",0,", VRAM reserved:",0
77500,Training Loss:,2.454300584986413e-08,", Learning rate:",6.8255459501038676e-06,", Number of training points (boundary):",4800,", Number of training points (interior):",30000,", VRAM allocated:",0,", VRAM reserved:",0
77600,Training Loss:,2.3187686437609045e-08,", Learning rate:",6.8255459501038676e-06,", Number of training points (boundary):",4800,", Number of training points (interior):",30000,", VRAM allocated:",0,", VRAM reserved:",0
77700,Training Loss:,2.327089809739391e-08,", Learning rate:",6.8255459501038676e-06,", Number of training points (boundary):",4800,", Number of training points (interior):",30000,", VRAM allocated:",0,", VRAM reserved:",0
77800,Training Loss:,2.2892754358849743e-08,", Learning rate:",6.8255459501038676e-06,", Number of training points (boundary):",4800,", Number of training points (interior):",30000,", VRAM allocated:",0,", VRAM reserved:",0
77900,Training Loss:,2.3226313317081804e-08,", Learning rate:",6.8255459501038676e-06,", Number of training points (boundary):",4800,", Number of training points (interior):",30000,", VRAM allocated:",0,", VRAM reserved:",0
78000,Training Loss:,2.3294109752214354e-08,", Learning rate:",6.757290490602829e-06,", Number of training points (boundary):",4800,", Number of training points (interior):",30000,", VRAM allocated:",0,", VRAM reserved:",0
78100,Training Loss:,5.92280358091557e-08,", Learning rate:",6.757290490602829e-06,", Number of training points (boundary):",4800,", Number of training points (interior):",30000,", VRAM allocated:",0,", VRAM reserved:",0
78200,Training Loss:,4.8089514592675187e-08,", Learning rate:",6.757290490602829e-06,", Number of training points (boundary):",4800,", Number of training points (interior):",30000,", VRAM allocated:",0,", VRAM reserved:",0
78300,Training Loss:,2.2737431493169424e-08,", Learning rate:",6.757290490602829e-06,", Number of training points (boundary):",4800,", Number of training points (interior):",30000,", VRAM allocated:",0,", VRAM reserved:",0
78400,Training Loss:,2.3298484919109796e-08,", Learning rate:",6.757290490602829e-06,", Number of training points (boundary):",4800,", Number of training points (interior):",30000,", VRAM allocated:",0,", VRAM reserved:",0
78500,Training Loss:,2.2781943442851116e-08,", Learning rate:",6.757290490602829e-06,", Number of training points (boundary):",4800,", Number of training points (interior):",30000,", VRAM allocated:",0,", VRAM reserved:",0
78600,Training Loss:,3.180841190442152e-08,", Learning rate:",6.757290490602829e-06,", Number of training points (boundary):",4800,", Number of training points (interior):",30000,", VRAM allocated:",0,", VRAM reserved:",0
78700,Training Loss:,3.0190228983428824e-08,", Learning rate:",6.757290490602829e-06,", Number of training points (boundary):",4800,", Number of training points (interior):",30000,", VRAM allocated:",0,", VRAM reserved:",0
78800,Training Loss:,5.991277873818035e-08,", Learning rate:",6.757290490602829e-06,", Number of training points (boundary):",4800,", Number of training points (interior):",30000,", VRAM allocated:",0,", VRAM reserved:",0
78900,Training Loss:,2.661661469005594e-08,", Learning rate:",6.757290490602829e-06,", Number of training points (boundary):",4800,", Number of training points (interior):",30000,", VRAM allocated:",0,", VRAM reserved:",0
79000,Training Loss:,3.04972651576918e-08,", Learning rate:",6.757290490602829e-06,", Number of training points (boundary):",4800,", Number of training points (interior):",30000,", VRAM allocated:",0,", VRAM reserved:",0
79100,Training Loss:,2.274494015352957e-08,", Learning rate:",6.757290490602829e-06,", Number of training points (boundary):",4800,", Number of training points (interior):",30000,", VRAM allocated:",0,", VRAM reserved:",0
79200,Training Loss:,2.3701421270061473e-08,", Learning rate:",6.757290490602829e-06,", Number of training points (boundary):",4800,", Number of training points (interior):",30000,", VRAM allocated:",0,", VRAM reserved:",0
79300,Training Loss:,2.539210264274061e-08,", Learning rate:",6.757290490602829e-06,", Number of training points (boundary):",4800,", Number of training points (interior):",30000,", VRAM allocated:",0,", VRAM reserved:",0
79400,Training Loss:,2.6241520956205022e-08,", Learning rate:",6.757290490602829e-06,", Number of training points (boundary):",4800,", Number of training points (interior):",30000,", VRAM allocated:",0,", VRAM reserved:",0
79500,Training Loss:,2.412953037378429e-08,", Learning rate:",6.757290490602829e-06,", Number of training points (boundary):",4800,", Number of training points (interior):",30000,", VRAM allocated:",0,", VRAM reserved:",0
79600,Training Loss:,2.32207000294693e-08,", Learning rate:",6.757290490602829e-06,", Number of training points (boundary):",4800,", Number of training points (interior):",30000,", VRAM allocated:",0,", VRAM reserved:",0
79700,Training Loss:,2.2658857901092233e-08,", Learning rate:",6.757290490602829e-06,", Number of training points (boundary):",4800,", Number of training points (interior):",30000,", VRAM allocated:",0,", VRAM reserved:",0
79800,Training Loss:,3.653277147463996e-08,", Learning rate:",6.757290490602829e-06,", Number of training points (boundary):",4800,", Number of training points (interior):",30000,", VRAM allocated:",0,", VRAM reserved:",0
79900,Training Loss:,2.2078396000324574e-08,", Learning rate:",6.757290490602829e-06,", Number of training points (boundary):",4800,", Number of training points (interior):",30000,", VRAM allocated:",0,", VRAM reserved:",0
80000,Training Loss:,2.1893786339433063e-08,", Learning rate:",6.6897175856968e-06,", Number of training points (boundary):",4800,", Number of training points (interior):",30000,", VRAM allocated:",0,", VRAM reserved:",0
80100,Training Loss:,2.294518530732148e-08,", Learning rate:",6.6897175856968e-06,", Number of training points (boundary):",4800,", Number of training points (interior):",30000,", VRAM allocated:",0,", VRAM reserved:",0
80200,Training Loss:,2.188494185872969e-08,", Learning rate:",6.6897175856968e-06,", Number of training points (boundary):",4800,", Number of training points (interior):",30000,", VRAM allocated:",0,", VRAM reserved:",0
80300,Training Loss:,2.1844581254981676e-08,", Learning rate:",6.6897175856968e-06,", Number of training points (boundary):",4800,", Number of training points (interior):",30000,", VRAM allocated:",0,", VRAM reserved:",0
80400,Training Loss:,3.329083142489253e-08,", Learning rate:",6.6897175856968e-06,", Number of training points (boundary):",4800,", Number of training points (interior):",30000,", VRAM allocated:",0,", VRAM reserved:",0
80500,Training Loss:,2.208693850036525e-08,", Learning rate:",6.6897175856968e-06,", Number of training points (boundary):",4800,", Number of training points (interior):",30000,", VRAM allocated:",0,", VRAM reserved:",0
80600,Training Loss:,2.1900120827922365e-08,", Learning rate:",6.6897175856968e-06,", Number of training points (boundary):",4800,", Number of training points (interior):",30000,", VRAM allocated:",0,", VRAM reserved:",0
80700,Training Loss:,2.191293368980496e-08,", Learning rate:",6.6897175856968e-06,", Number of training points (boundary):",4800,", Number of training points (interior):",30000,", VRAM allocated:",0,", VRAM reserved:",0
80800,Training Loss:,2.2457946613485547e-08,", Learning rate:",6.6897175856968e-06,", Number of training points (boundary):",4800,", Number of training points (interior):",30000,", VRAM allocated:",0,", VRAM reserved:",0
80900,Training Loss:,2.9490669462006736e-08,", Learning rate:",6.6897175856968e-06,", Number of training points (boundary):",4800,", Number of training points (interior):",30000,", VRAM allocated:",0,", VRAM reserved:",0
81000,Training Loss:,2.1636646252432e-08,", Learning rate:",6.6897175856968e-06,", Number of training points (boundary):",4800,", Number of training points (interior):",30000,", VRAM allocated:",0,", VRAM reserved:",0
81100,Training Loss:,2.1546293638152747e-08,", Learning rate:",6.6897175856968e-06,", Number of training points (boundary):",4800,", Number of training points (interior):",30000,", VRAM allocated:",0,", VRAM reserved:",0
81200,Training Loss:,2.5951020887760023e-08,", Learning rate:",6.6897175856968e-06,", Number of training points (boundary):",4800,", Number of training points (interior):",30000,", VRAM allocated:",0,", VRAM reserved:",0
81300,Training Loss:,3.130930892325523e-08,", Learning rate:",6.6897175856968e-06,", Number of training points (boundary):",4800,", Number of training points (interior):",30000,", VRAM allocated:",0,", VRAM reserved:",0
81400,Training Loss:,2.163383427955523e-08,", Learning rate:",6.6897175856968e-06,", Number of training points (boundary):",4800,", Number of training points (interior):",30000,", VRAM allocated:",0,", VRAM reserved:",0
81500,Training Loss:,2.448338776162018e-08,", Learning rate:",6.6897175856968e-06,", Number of training points (boundary):",4800,", Number of training points (interior):",30000,", VRAM allocated:",0,", VRAM reserved:",0
81600,Training Loss:,2.215372596481302e-08,", Learning rate:",6.6897175856968e-06,", Number of training points (boundary):",4800,", Number of training points (interior):",30000,", VRAM allocated:",0,", VRAM reserved:",0
81700,Training Loss:,2.1230901481317233e-08,", Learning rate:",6.6897175856968e-06,", Number of training points (boundary):",4800,", Number of training points (interior):",30000,", VRAM allocated:",0,", VRAM reserved:",0
81800,Training Loss:,2.1189990206949005e-08,", Learning rate:",6.6897175856968e-06,", Number of training points (boundary):",4800,", Number of training points (interior):",30000,", VRAM allocated:",0,", VRAM reserved:",0
81900,Training Loss:,2.3838364171524518e-08,", Learning rate:",6.6897175856968e-06,", Number of training points (boundary):",4800,", Number of training points (interior):",30000,", VRAM allocated:",0,", VRAM reserved:",0
82000,Training Loss:,2.2060055115957766e-08,", Learning rate:",6.622820409839832e-06,", Number of training points (boundary):",4800,", Number of training points (interior):",30000,", VRAM allocated:",0,", VRAM reserved:",0
82100,Training Loss:,2.2196784854600082e-08,", Learning rate:",6.622820409839832e-06,", Number of training points (boundary):",4800,", Number of training points (interior):",30000,", VRAM allocated:",0,", VRAM reserved:",0
82200,Training Loss:,2.5981691464949108e-08,", Learning rate:",6.622820409839832e-06,", Number of training points (boundary):",4800,", Number of training points (interior):",30000,", VRAM allocated:",0,", VRAM reserved:",0
82300,Training Loss:,2.172582647119725e-08,", Learning rate:",6.622820409839832e-06,", Number of training points (boundary):",4800,", Number of training points (interior):",30000,", VRAM allocated:",0,", VRAM reserved:",0
82400,Training Loss:,3.9210540592193865e-08,", Learning rate:",6.622820409839832e-06,", Number of training points (boundary):",4800,", Number of training points (interior):",30000,", VRAM allocated:",0,", VRAM reserved:",0
82500,Training Loss:,2.949873767477129e-08,", Learning rate:",6.622820409839832e-06,", Number of training points (boundary):",4800,", Number of training points (interior):",30000,", VRAM allocated:",0,", VRAM reserved:",0
82600,Training Loss:,2.203416116230983e-08,", Learning rate:",6.622820409839832e-06,", Number of training points (boundary):",4800,", Number of training points (interior):",30000,", VRAM allocated:",0,", VRAM reserved:",0
82700,Training Loss:,2.0825478230790395e-08,", Learning rate:",6.622820409839832e-06,", Number of training points (boundary):",4800,", Number of training points (interior):",30000,", VRAM allocated:",0,", VRAM reserved:",0
82800,Training Loss:,2.2760206164207375e-08,", Learning rate:",6.622820409839832e-06,", Number of training points (boundary):",4800,", Number of training points (interior):",30000,", VRAM allocated:",0,", VRAM reserved:",0
82900,Training Loss:,2.2119291287481246e-08,", Learning rate:",6.622820409839832e-06,", Number of training points (boundary):",4800,", Number of training points (interior):",30000,", VRAM allocated:",0,", VRAM reserved:",0
83000,Training Loss:,2.098774309899909e-08,", Learning rate:",6.622820409839832e-06,", Number of training points (boundary):",4800,", Number of training points (interior):",30000,", VRAM allocated:",0,", VRAM reserved:",0
83100,Training Loss:,2.3476641075603766e-08,", Learning rate:",6.622820409839832e-06,", Number of training points (boundary):",4800,", Number of training points (interior):",30000,", VRAM allocated:",0,", VRAM reserved:",0
83200,Training Loss:,2.842460133933855e-08,", Learning rate:",6.622820409839832e-06,", Number of training points (boundary):",4800,", Number of training points (interior):",30000,", VRAM allocated:",0,", VRAM reserved:",0
83300,Training Loss:,2.9434989556875735e-08,", Learning rate:",6.622820409839832e-06,", Number of training points (boundary):",4800,", Number of training points (interior):",30000,", VRAM allocated:",0,", VRAM reserved:",0
83400,Training Loss:,2.166774493161938e-08,", Learning rate:",6.622820409839832e-06,", Number of training points (boundary):",4800,", Number of training points (interior):",30000,", VRAM allocated:",0,", VRAM reserved:",0
83500,Training Loss:,2.1021783425112517e-08,", Learning rate:",6.622820409839832e-06,", Number of training points (boundary):",4800,", Number of training points (interior):",30000,", VRAM allocated:",0,", VRAM reserved:",0
83600,Training Loss:,3.149503768895556e-08,", Learning rate:",6.622820409839832e-06,", Number of training points (boundary):",4800,", Number of training points (interior):",30000,", VRAM allocated:",0,", VRAM reserved:",0
83700,Training Loss:,2.055010739354657e-08,", Learning rate:",6.622820409839832e-06,", Number of training points (boundary):",4800,", Number of training points (interior):",30000,", VRAM allocated:",0,", VRAM reserved:",0
83800,Training Loss:,2.2518525710779613e-08,", Learning rate:",6.622820409839832e-06,", Number of training points (boundary):",4800,", Number of training points (interior):",30000,", VRAM allocated:",0,", VRAM reserved:",0
83900,Training Loss:,2.3206947474818662e-08,", Learning rate:",6.622820409839832e-06,", Number of training points (boundary):",4800,", Number of training points (interior):",30000,", VRAM allocated:",0,", VRAM reserved:",0
84000,Training Loss:,2.2243693109658125e-08,", Learning rate:",6.556592205741433e-06,", Number of training points (boundary):",4800,", Number of training points (interior):",30000,", VRAM allocated:",0,", VRAM reserved:",0
84100,Training Loss:,2.2241239960862913e-08,", Learning rate:",6.556592205741433e-06,", Number of training points (boundary):",4800,", Number of training points (interior):",30000,", VRAM allocated:",0,", VRAM reserved:",0
84200,Training Loss:,2.2365068019780665e-08,", Learning rate:",6.556592205741433e-06,", Number of training points (boundary):",4800,", Number of training points (interior):",30000,", VRAM allocated:",0,", VRAM reserved:",0
84300,Training Loss:,2.0941058664902812e-08,", Learning rate:",6.556592205741433e-06,", Number of training points (boundary):",4800,", Number of training points (interior):",30000,", VRAM allocated:",0,", VRAM reserved:",0
84400,Training Loss:,3.260761971546344e-08,", Learning rate:",6.556592205741433e-06,", Number of training points (boundary):",4800,", Number of training points (interior):",30000,", VRAM allocated:",0,", VRAM reserved:",0
84500,Training Loss:,2.1071627998026088e-08,", Learning rate:",6.556592205741433e-06,", Number of training points (boundary):",4800,", Number of training points (interior):",30000,", VRAM allocated:",0,", VRAM reserved:",0
84600,Training Loss:,2.079415573064125e-08,", Learning rate:",6.556592205741433e-06,", Number of training points (boundary):",4800,", Number of training points (interior):",30000,", VRAM allocated:",0,", VRAM reserved:",0
84700,Training Loss:,2.0170874748259848e-08,", Learning rate:",6.556592205741433e-06,", Number of training points (boundary):",4800,", Number of training points (interior):",30000,", VRAM allocated:",0,", VRAM reserved:",0
84800,Training Loss:,1.9994947919599326e-08,", Learning rate:",6.556592205741433e-06,", Number of training points (boundary):",4800,", Number of training points (interior):",30000,", VRAM allocated:",0,", VRAM reserved:",0
84900,Training Loss:,1.997376308793264e-08,", Learning rate:",6.556592205741433e-06,", Number of training points (boundary):",4800,", Number of training points (interior):",30000,", VRAM allocated:",0,", VRAM reserved:",0
85000,Training Loss:,3.5946218446269995e-08,", Learning rate:",6.556592205741433e-06,", Number of training points (boundary):",4800,", Number of training points (interior):",30000,", VRAM allocated:",0,", VRAM reserved:",0
85100,Training Loss:,2.8577707311683298e-08,", Learning rate:",6.556592205741433e-06,", Number of training points (boundary):",4800,", Number of training points (interior):",30000,", VRAM allocated:",0,", VRAM reserved:",0
85200,Training Loss:,2.3161867090948363e-08,", Learning rate:",6.556592205741433e-06,", Number of training points (boundary):",4800,", Number of training points (interior):",30000,", VRAM allocated:",0,", VRAM reserved:",0
85300,Training Loss:,1.9824760499886906e-08,", Learning rate:",6.556592205741433e-06,", Number of training points (boundary):",4800,", Number of training points (interior):",30000,", VRAM allocated:",0,", VRAM reserved:",0
85400,Training Loss:,1.986970588063741e-08,", Learning rate:",6.556592205741433e-06,", Number of training points (boundary):",4800,", Number of training points (interior):",30000,", VRAM allocated:",0,", VRAM reserved:",0
85500,Training Loss:,2.2116038778108305e-08,", Learning rate:",6.556592205741433e-06,", Number of training points (boundary):",4800,", Number of training points (interior):",30000,", VRAM allocated:",0,", VRAM reserved:",0
85600,Training Loss:,2.0641852671587912e-08,", Learning rate:",6.556592205741433e-06,", Number of training points (boundary):",4800,", Number of training points (interior):",30000,", VRAM allocated:",0,", VRAM reserved:",0
85700,Training Loss:,2.513297481243626e-08,", Learning rate:",6.556592205741433e-06,", Number of training points (boundary):",4800,", Number of training points (interior):",30000,", VRAM allocated:",0,", VRAM reserved:",0
85800,Training Loss:,1.9652349081411558e-08,", Learning rate:",6.556592205741433e-06,", Number of training points (boundary):",4800,", Number of training points (interior):",30000,", VRAM allocated:",0,", VRAM reserved:",0
85900,Training Loss:,3.219403410525956e-08,", Learning rate:",6.556592205741433e-06,", Number of training points (boundary):",4800,", Number of training points (interior):",30000,", VRAM allocated:",0,", VRAM reserved:",0
86000,Training Loss:,2.9354897179700856e-08,", Learning rate:",6.491026283684019e-06,", Number of training points (boundary):",4800,", Number of training points (interior):",30000,", VRAM allocated:",0,", VRAM reserved:",0
86100,Training Loss:,1.9575555398887445e-08,", Learning rate:",6.491026283684019e-06,", Number of training points (boundary):",4800,", Number of training points (interior):",30000,", VRAM allocated:",0,", VRAM reserved:",0
86200,Training Loss:,2.1719859688573706e-08,", Learning rate:",6.491026283684019e-06,", Number of training points (boundary):",4800,", Number of training points (interior):",30000,", VRAM allocated:",0,", VRAM reserved:",0
86300,Training Loss:,2.142325250531485e-08,", Learning rate:",6.491026283684019e-06,", Number of training points (boundary):",4800,", Number of training points (interior):",30000,", VRAM allocated:",0,", VRAM reserved:",0
86400,Training Loss:,1.9656022587355437e-08,", Learning rate:",6.491026283684019e-06,", Number of training points (boundary):",4800,", Number of training points (interior):",30000,", VRAM allocated:",0,", VRAM reserved:",0
86500,Training Loss:,1.9598928702180274e-08,", Learning rate:",6.491026283684019e-06,", Number of training points (boundary):",4800,", Number of training points (interior):",30000,", VRAM allocated:",0,", VRAM reserved:",0
86600,Training Loss:,1.938219185149137e-08,", Learning rate:",6.491026283684019e-06,", Number of training points (boundary):",4800,", Number of training points (interior):",30000,", VRAM allocated:",0,", VRAM reserved:",0
86700,Training Loss:,1.9356502178879964e-08,", Learning rate:",6.491026283684019e-06,", Number of training points (boundary):",4800,", Number of training points (interior):",30000,", VRAM allocated:",0,", VRAM reserved:",0
86800,Training Loss:,1.928422044272793e-08,", Learning rate:",6.491026283684019e-06,", Number of training points (boundary):",4800,", Number of training points (interior):",30000,", VRAM allocated:",0,", VRAM reserved:",0
86900,Training Loss:,1.9250316896091135e-08,", Learning rate:",6.491026283684019e-06,", Number of training points (boundary):",4800,", Number of training points (interior):",30000,", VRAM allocated:",0,", VRAM reserved:",0
87000,Training Loss:,2.1006218986485692e-08,", Learning rate:",6.491026283684019e-06,", Number of training points (boundary):",4800,", Number of training points (interior):",30000,", VRAM allocated:",0,", VRAM reserved:",0
87100,Training Loss:,1.9305810283754e-08,", Learning rate:",6.491026283684019e-06,", Number of training points (boundary):",4800,", Number of training points (interior):",30000,", VRAM allocated:",0,", VRAM reserved:",0
87200,Training Loss:,1.9828821251621775e-08,", Learning rate:",6.491026283684019e-06,", Number of training points (boundary):",4800,", Number of training points (interior):",30000,", VRAM allocated:",0,", VRAM reserved:",0
87300,Training Loss:,1.9483556101818067e-08,", Learning rate:",6.491026283684019e-06,", Number of training points (boundary):",4800,", Number of training points (interior):",30000,", VRAM allocated:",0,", VRAM reserved:",0
87400,Training Loss:,2.22025970941786e-08,", Learning rate:",6.491026283684019e-06,", Number of training points (boundary):",4800,", Number of training points (interior):",30000,", VRAM allocated:",0,", VRAM reserved:",0
87500,Training Loss:,1.9649977645030958e-08,", Learning rate:",6.491026283684019e-06,", Number of training points (boundary):",4800,", Number of training points (interior):",30000,", VRAM allocated:",0,", VRAM reserved:",0
87600,Training Loss:,1.9183200805628076e-08,", Learning rate:",6.491026283684019e-06,", Number of training points (boundary):",4800,", Number of training points (interior):",30000,", VRAM allocated:",0,", VRAM reserved:",0
87700,Training Loss:,1.9506718018647007e-08,", Learning rate:",6.491026283684019e-06,", Number of training points (boundary):",4800,", Number of training points (interior):",30000,", VRAM allocated:",0,", VRAM reserved:",0
87800,Training Loss:,1.9005762297297224e-08,", Learning rate:",6.491026283684019e-06,", Number of training points (boundary):",4800,", Number of training points (interior):",30000,", VRAM allocated:",0,", VRAM reserved:",0
87900,Training Loss:,1.8925492284438405e-08,", Learning rate:",6.491026283684019e-06,", Number of training points (boundary):",4800,", Number of training points (interior):",30000,", VRAM allocated:",0,", VRAM reserved:",0
88000,Training Loss:,1.8919505961889627e-08,", Learning rate:",6.426116020847179e-06,", Number of training points (boundary):",4800,", Number of training points (interior):",30000,", VRAM allocated:",0,", VRAM reserved:",0
88100,Training Loss:,2.539506738230557e-08,", Learning rate:",6.426116020847179e-06,", Number of training points (boundary):",4800,", Number of training points (interior):",30000,", VRAM allocated:",0,", VRAM reserved:",0
88200,Training Loss:,1.8796860956626915e-08,", Learning rate:",6.426116020847179e-06,", Number of training points (boundary):",4800,", Number of training points (interior):",30000,", VRAM allocated:",0,", VRAM reserved:",0
88300,Training Loss:,2.09413286711424e-08,", Learning rate:",6.426116020847179e-06,", Number of training points (boundary):",4800,", Number of training points (interior):",30000,", VRAM allocated:",0,", VRAM reserved:",0
88400,Training Loss:,1.8754093389361515e-08,", Learning rate:",6.426116020847179e-06,", Number of training points (boundary):",4800,", Number of training points (interior):",30000,", VRAM allocated:",0,", VRAM reserved:",0
88500,Training Loss:,2.0269750322654545e-08,", Learning rate:",6.426116020847179e-06,", Number of training points (boundary):",4800,", Number of training points (interior):",30000,", VRAM allocated:",0,", VRAM reserved:",0
88600,Training Loss:,1.8667872581090705e-08,", Learning rate:",6.426116020847179e-06,", Number of training points (boundary):",4800,", Number of training points (interior):",30000,", VRAM allocated:",0,", VRAM reserved:",0
88700,Training Loss:,4.016263588368929e-08,", Learning rate:",6.426116020847179e-06,", Number of training points (boundary):",4800,", Number of training points (interior):",30000,", VRAM allocated:",0,", VRAM reserved:",0
88800,Training Loss:,4.4176701408105146e-08,", Learning rate:",6.426116020847179e-06,", Number of training points (boundary):",4800,", Number of training points (interior):",30000,", VRAM allocated:",0,", VRAM reserved:",0
88900,Training Loss:,1.894846413108553e-08,", Learning rate:",6.426116020847179e-06,", Number of training points (boundary):",4800,", Number of training points (interior):",30000,", VRAM allocated:",0,", VRAM reserved:",0
89000,Training Loss:,1.8802360557401698e-08,", Learning rate:",6.426116020847179e-06,", Number of training points (boundary):",4800,", Number of training points (interior):",30000,", VRAM allocated:",0,", VRAM reserved:",0
89100,Training Loss:,1.8530968759478128e-08,", Learning rate:",6.426116020847179e-06,", Number of training points (boundary):",4800,", Number of training points (interior):",30000,", VRAM allocated:",0,", VRAM reserved:",0
89200,Training Loss:,1.870890820043769e-08,", Learning rate:",6.426116020847179e-06,", Number of training points (boundary):",4800,", Number of training points (interior):",30000,", VRAM allocated:",0,", VRAM reserved:",0
89300,Training Loss:,2.051808323244586e-08,", Learning rate:",6.426116020847179e-06,", Number of training points (boundary):",4800,", Number of training points (interior):",30000,", VRAM allocated:",0,", VRAM reserved:",0
89400,Training Loss:,2.170151347513638e-08,", Learning rate:",6.426116020847179e-06,", Number of training points (boundary):",4800,", Number of training points (interior):",30000,", VRAM allocated:",0,", VRAM reserved:",0
89500,Training Loss:,1.8394858969372763e-08,", Learning rate:",6.426116020847179e-06,", Number of training points (boundary):",4800,", Number of training points (interior):",30000,", VRAM allocated:",0,", VRAM reserved:",0
89600,Training Loss:,1.837031327056593e-08,", Learning rate:",6.426116020847179e-06,", Number of training points (boundary):",4800,", Number of training points (interior):",30000,", VRAM allocated:",0,", VRAM reserved:",0
89700,Training Loss:,1.9614347479546268e-08,", Learning rate:",6.426116020847179e-06,", Number of training points (boundary):",4800,", Number of training points (interior):",30000,", VRAM allocated:",0,", VRAM reserved:",0
89800,Training Loss:,1.8397168233263983e-08,", Learning rate:",6.426116020847179e-06,", Number of training points (boundary):",4800,", Number of training points (interior):",30000,", VRAM allocated:",0,", VRAM reserved:",0
89900,Training Loss:,1.8564128012599213e-08,", Learning rate:",6.426116020847179e-06,", Number of training points (boundary):",4800,", Number of training points (interior):",30000,", VRAM allocated:",0,", VRAM reserved:",0
90000,Training Loss:,1.8982568406045175e-08,", Learning rate:",6.361854860638707e-06,", Number of training points (boundary):",4800,", Number of training points (interior):",30000,", VRAM allocated:",0,", VRAM reserved:",0
90100,Training Loss:,4.5149725735882384e-08,", Learning rate:",6.361854860638707e-06,", Number of training points (boundary):",4800,", Number of training points (interior):",30000,", VRAM allocated:",0,", VRAM reserved:",0
90200,Training Loss:,3.0331683831263945e-08,", Learning rate:",6.361854860638707e-06,", Number of training points (boundary):",4800,", Number of training points (interior):",30000,", VRAM allocated:",0,", VRAM reserved:",0
90300,Training Loss:,1.8141697921691957e-08,", Learning rate:",6.361854860638707e-06,", Number of training points (boundary):",4800,", Number of training points (interior):",30000,", VRAM allocated:",0,", VRAM reserved:",0
90400,Training Loss:,1.81165109580661e-08,", Learning rate:",6.361854860638707e-06,", Number of training points (boundary):",4800,", Number of training points (interior):",30000,", VRAM allocated:",0,", VRAM reserved:",0
90500,Training Loss:,1.8175882132709376e-08,", Learning rate:",6.361854860638707e-06,", Number of training points (boundary):",4800,", Number of training points (interior):",30000,", VRAM allocated:",0,", VRAM reserved:",0
90600,Training Loss:,1.8064113760374312e-08,", Learning rate:",6.361854860638707e-06,", Number of training points (boundary):",4800,", Number of training points (interior):",30000,", VRAM allocated:",0,", VRAM reserved:",0
90700,Training Loss:,1.8060255513319134e-08,", Learning rate:",6.361854860638707e-06,", Number of training points (boundary):",4800,", Number of training points (interior):",30000,", VRAM allocated:",0,", VRAM reserved:",0
90800,Training Loss:,1.8156340431119133e-08,", Learning rate:",6.361854860638707e-06,", Number of training points (boundary):",4800,", Number of training points (interior):",30000,", VRAM allocated:",0,", VRAM reserved:",0
90900,Training Loss:,1.8275612134743824e-08,", Learning rate:",6.361854860638707e-06,", Number of training points (boundary):",4800,", Number of training points (interior):",30000,", VRAM allocated:",0,", VRAM reserved:",0
91000,Training Loss:,2.1884927647874974e-08,", Learning rate:",6.361854860638707e-06,", Number of training points (boundary):",4800,", Number of training points (interior):",30000,", VRAM allocated:",0,", VRAM reserved:",0
91100,Training Loss:,1.7904232763044092e-08,", Learning rate:",6.361854860638707e-06,", Number of training points (boundary):",4800,", Number of training points (interior):",30000,", VRAM allocated:",0,", VRAM reserved:",0
91200,Training Loss:,1.8566618464888052e-08,", Learning rate:",6.361854860638707e-06,", Number of training points (boundary):",4800,", Number of training points (interior):",30000,", VRAM allocated:",0,", VRAM reserved:",0
91300,Training Loss:,1.9086142444280085e-08,", Learning rate:",6.361854860638707e-06,", Number of training points (boundary):",4800,", Number of training points (interior):",30000,", VRAM allocated:",0,", VRAM reserved:",0
91400,Training Loss:,1.7948915242982366e-08,", Learning rate:",6.361854860638707e-06,", Number of training points (boundary):",4800,", Number of training points (interior):",30000,", VRAM allocated:",0,", VRAM reserved:",0
91500,Training Loss:,1.7846296884727053e-08,", Learning rate:",6.361854860638707e-06,", Number of training points (boundary):",4800,", Number of training points (interior):",30000,", VRAM allocated:",0,", VRAM reserved:",0
91600,Training Loss:,1.774036384460942e-08,", Learning rate:",6.361854860638707e-06,", Number of training points (boundary):",4800,", Number of training points (interior):",30000,", VRAM allocated:",0,", VRAM reserved:",0
91700,Training Loss:,1.771894453383993e-08,", Learning rate:",6.361854860638707e-06,", Number of training points (boundary):",4800,", Number of training points (interior):",30000,", VRAM allocated:",0,", VRAM reserved:",0
91800,Training Loss:,1.776973945766258e-08,", Learning rate:",6.361854860638707e-06,", Number of training points (boundary):",4800,", Number of training points (interior):",30000,", VRAM allocated:",0,", VRAM reserved:",0
91900,Training Loss:,1.7751890624140287e-08,", Learning rate:",6.361854860638707e-06,", Number of training points (boundary):",4800,", Number of training points (interior):",30000,", VRAM allocated:",0,", VRAM reserved:",0
92000,Training Loss:,1.782006009420911e-08,", Learning rate:",6.29823631203232e-06,", Number of training points (boundary):",4800,", Number of training points (interior):",30000,", VRAM allocated:",0,", VRAM reserved:",0
92100,Training Loss:,1.760675694129077e-08,", Learning rate:",6.29823631203232e-06,", Number of training points (boundary):",4800,", Number of training points (interior):",30000,", VRAM allocated:",0,", VRAM reserved:",0
92200,Training Loss:,1.7723611023257035e-08,", Learning rate:",6.29823631203232e-06,", Number of training points (boundary):",4800,", Number of training points (interior):",30000,", VRAM allocated:",0,", VRAM reserved:",0
92300,Training Loss:,1.791460846334303e-08,", Learning rate:",6.29823631203232e-06,", Number of training points (boundary):",4800,", Number of training points (interior):",30000,", VRAM allocated:",0,", VRAM reserved:",0
92400,Training Loss:,3.156988270802685e-08,", Learning rate:",6.29823631203232e-06,", Number of training points (boundary):",4800,", Number of training points (interior):",30000,", VRAM allocated:",0,", VRAM reserved:",0
92500,Training Loss:,2.2748629646685004e-08,", Learning rate:",6.29823631203232e-06,", Number of training points (boundary):",4800,", Number of training points (interior):",30000,", VRAM allocated:",0,", VRAM reserved:",0
92600,Training Loss:,1.9133898021550522e-08,", Learning rate:",6.29823631203232e-06,", Number of training points (boundary):",4800,", Number of training points (interior):",30000,", VRAM allocated:",0,", VRAM reserved:",0
92700,Training Loss:,1.8051661498930116e-08,", Learning rate:",6.29823631203232e-06,", Number of training points (boundary):",4800,", Number of training points (interior):",30000,", VRAM allocated:",0,", VRAM reserved:",0
92800,Training Loss:,2.2131919408252543e-08,", Learning rate:",6.29823631203232e-06,", Number of training points (boundary):",4800,", Number of training points (interior):",30000,", VRAM allocated:",0,", VRAM reserved:",0
92900,Training Loss:,3.322285380136236e-08,", Learning rate:",6.29823631203232e-06,", Number of training points (boundary):",4800,", Number of training points (interior):",30000,", VRAM allocated:",0,", VRAM reserved:",0
93000,Training Loss:,2.7527473633881527e-08,", Learning rate:",6.29823631203232e-06,", Number of training points (boundary):",4800,", Number of training points (interior):",30000,", VRAM allocated:",0,", VRAM reserved:",0
93100,Training Loss:,1.9643803028657203e-08,", Learning rate:",6.29823631203232e-06,", Number of training points (boundary):",4800,", Number of training points (interior):",30000,", VRAM allocated:",0,", VRAM reserved:",0
93200,Training Loss:,1.8648794508635547e-08,", Learning rate:",6.29823631203232e-06,", Number of training points (boundary):",4800,", Number of training points (interior):",30000,", VRAM allocated:",0,", VRAM reserved:",0
93300,Training Loss:,1.9489093006086478e-08,", Learning rate:",6.29823631203232e-06,", Number of training points (boundary):",4800,", Number of training points (interior):",30000,", VRAM allocated:",0,", VRAM reserved:",0
93400,Training Loss:,2.6358774718460154e-08,", Learning rate:",6.29823631203232e-06,", Number of training points (boundary):",4800,", Number of training points (interior):",30000,", VRAM allocated:",0,", VRAM reserved:",0
93500,Training Loss:,3.640016998929241e-08,", Learning rate:",6.29823631203232e-06,", Number of training points (boundary):",4800,", Number of training points (interior):",30000,", VRAM allocated:",0,", VRAM reserved:",0
93600,Training Loss:,1.7815429131928795e-08,", Learning rate:",6.29823631203232e-06,", Number of training points (boundary):",4800,", Number of training points (interior):",30000,", VRAM allocated:",0,", VRAM reserved:",0
93700,Training Loss:,1.735002541636277e-08,", Learning rate:",6.29823631203232e-06,", Number of training points (boundary):",4800,", Number of training points (interior):",30000,", VRAM allocated:",0,", VRAM reserved:",0
93800,Training Loss:,3.3076624106342933e-08,", Learning rate:",6.29823631203232e-06,", Number of training points (boundary):",4800,", Number of training points (interior):",30000,", VRAM allocated:",0,", VRAM reserved:",0
93900,Training Loss:,2.3502291668364705e-08,", Learning rate:",6.29823631203232e-06,", Number of training points (boundary):",4800,", Number of training points (interior):",30000,", VRAM allocated:",0,", VRAM reserved:",0
94000,Training Loss:,1.8813899771430442e-08,", Learning rate:",6.235253948911997e-06,", Number of training points (boundary):",4800,", Number of training points (interior):",30000,", VRAM allocated:",0,", VRAM reserved:",0
94100,Training Loss:,1.7010144404139282e-08,", Learning rate:",6.235253948911997e-06,", Number of training points (boundary):",4800,", Number of training points (interior):",30000,", VRAM allocated:",0,", VRAM reserved:",0
94200,Training Loss:,1.7102342653174674e-08,", Learning rate:",6.235253948911997e-06,", Number of training points (boundary):",4800,", Number of training points (interior):",30000,", VRAM allocated:",0,", VRAM reserved:",0
94300,Training Loss:,1.9936639006346013e-08,", Learning rate:",6.235253948911997e-06,", Number of training points (boundary):",4800,", Number of training points (interior):",30000,", VRAM allocated:",0,", VRAM reserved:",0
94400,Training Loss:,2.2754225170729114e-08,", Learning rate:",6.235253948911997e-06,", Number of training points (boundary):",4800,", Number of training points (interior):",30000,", VRAM allocated:",0,", VRAM reserved:",0
94500,Training Loss:,2.3162803231002727e-08,", Learning rate:",6.235253948911997e-06,", Number of training points (boundary):",4800,", Number of training points (interior):",30000,", VRAM allocated:",0,", VRAM reserved:",0
94600,Training Loss:,1.6869510233163965e-08,", Learning rate:",6.235253948911997e-06,", Number of training points (boundary):",4800,", Number of training points (interior):",30000,", VRAM allocated:",0,", VRAM reserved:",0
94700,Training Loss:,1.8481456365293525e-08,", Learning rate:",6.235253948911997e-06,", Number of training points (boundary):",4800,", Number of training points (interior):",30000,", VRAM allocated:",0,", VRAM reserved:",0
94800,Training Loss:,1.6906117394910325e-08,", Learning rate:",6.235253948911997e-06,", Number of training points (boundary):",4800,", Number of training points (interior):",30000,", VRAM allocated:",0,", VRAM reserved:",0
94900,Training Loss:,1.680104944057348e-08,", Learning rate:",6.235253948911997e-06,", Number of training points (boundary):",4800,", Number of training points (interior):",30000,", VRAM allocated:",0,", VRAM reserved:",0
95000,Training Loss:,2.6761584948076234e-08,", Learning rate:",6.235253948911997e-06,", Number of training points (boundary):",4800,", Number of training points (interior):",30000,", VRAM allocated:",0,", VRAM reserved:",0
95100,Training Loss:,1.6731636520717075e-08,", Learning rate:",6.235253948911997e-06,", Number of training points (boundary):",4800,", Number of training points (interior):",30000,", VRAM allocated:",0,", VRAM reserved:",0
95200,Training Loss:,1.909074498485097e-08,", Learning rate:",6.235253948911997e-06,", Number of training points (boundary):",4800,", Number of training points (interior):",30000,", VRAM allocated:",0,", VRAM reserved:",0
95300,Training Loss:,1.6696626303769335e-08,", Learning rate:",6.235253948911997e-06,", Number of training points (boundary):",4800,", Number of training points (interior):",30000,", VRAM allocated:",0,", VRAM reserved:",0
95400,Training Loss:,1.6660502311083292e-08,", Learning rate:",6.235253948911997e-06,", Number of training points (boundary):",4800,", Number of training points (interior):",30000,", VRAM allocated:",0,", VRAM reserved:",0
95500,Training Loss:,1.7683536412960166e-08,", Learning rate:",6.235253948911997e-06,", Number of training points (boundary):",4800,", Number of training points (interior):",30000,", VRAM allocated:",0,", VRAM reserved:",0
95600,Training Loss:,1.659818771315713e-08,", Learning rate:",6.235253948911997e-06,", Number of training points (boundary):",4800,", Number of training points (interior):",30000,", VRAM allocated:",0,", VRAM reserved:",0
95700,Training Loss:,5.3485141648934587e-08,", Learning rate:",6.235253948911997e-06,", Number of training points (boundary):",4800,", Number of training points (interior):",30000,", VRAM allocated:",0,", VRAM reserved:",0
95800,Training Loss:,1.654920289695383e-08,", Learning rate:",6.235253948911997e-06,", Number of training points (boundary):",4800,", Number of training points (interior):",30000,", VRAM allocated:",0,", VRAM reserved:",0
95900,Training Loss:,1.7158191312205417e-08,", Learning rate:",6.235253948911997e-06,", Number of training points (boundary):",4800,", Number of training points (interior):",30000,", VRAM allocated:",0,", VRAM reserved:",0
96000,Training Loss:,1.873376298533458e-08,", Learning rate:",6.172901409422876e-06,", Number of training points (boundary):",4800,", Number of training points (interior):",30000,", VRAM allocated:",0,", VRAM reserved:",0
96100,Training Loss:,1.6528906243706842e-08,", Learning rate:",6.172901409422876e-06,", Number of training points (boundary):",4800,", Number of training points (interior):",30000,", VRAM allocated:",0,", VRAM reserved:",0
96200,Training Loss:,1.6444834827211707e-08,", Learning rate:",6.172901409422876e-06,", Number of training points (boundary):",4800,", Number of training points (interior):",30000,", VRAM allocated:",0,", VRAM reserved:",0
96300,Training Loss:,1.6516841228053636e-08,", Learning rate:",6.172901409422876e-06,", Number of training points (boundary):",4800,", Number of training points (interior):",30000,", VRAM allocated:",0,", VRAM reserved:",0
96400,Training Loss:,1.6393769897149468e-08,", Learning rate:",6.172901409422876e-06,", Number of training points (boundary):",4800,", Number of training points (interior):",30000,", VRAM allocated:",0,", VRAM reserved:",0
96500,Training Loss:,1.7644627092749943e-08,", Learning rate:",6.172901409422876e-06,", Number of training points (boundary):",4800,", Number of training points (interior):",30000,", VRAM allocated:",0,", VRAM reserved:",0
96600,Training Loss:,1.634074742185021e-08,", Learning rate:",6.172901409422876e-06,", Number of training points (boundary):",4800,", Number of training points (interior):",30000,", VRAM allocated:",0,", VRAM reserved:",0
96700,Training Loss:,1.8841681992398662e-08,", Learning rate:",6.172901409422876e-06,", Number of training points (boundary):",4800,", Number of training points (interior):",30000,", VRAM allocated:",0,", VRAM reserved:",0
96800,Training Loss:,1.6280806036661488e-08,", Learning rate:",6.172901409422876e-06,", Number of training points (boundary):",4800,", Number of training points (interior):",30000,", VRAM allocated:",0,", VRAM reserved:",0
96900,Training Loss:,1.643727109978954e-08,", Learning rate:",6.172901409422876e-06,", Number of training points (boundary):",4800,", Number of training points (interior):",30000,", VRAM allocated:",0,", VRAM reserved:",0
97000,Training Loss:,1.6787344847557506e-08,", Learning rate:",6.172901409422876e-06,", Number of training points (boundary):",4800,", Number of training points (interior):",30000,", VRAM allocated:",0,", VRAM reserved:",0
97100,Training Loss:,1.622805001488814e-08,", Learning rate:",6.172901409422876e-06,", Number of training points (boundary):",4800,", Number of training points (interior):",30000,", VRAM allocated:",0,", VRAM reserved:",0
97200,Training Loss:,1.7792583406617268e-08,", Learning rate:",6.172901409422876e-06,", Number of training points (boundary):",4800,", Number of training points (interior):",30000,", VRAM allocated:",0,", VRAM reserved:",0
97300,Training Loss:,1.615367750673613e-08,", Learning rate:",6.172901409422876e-06,", Number of training points (boundary):",4800,", Number of training points (interior):",30000,", VRAM allocated:",0,", VRAM reserved:",0
97400,Training Loss:,1.6183525630708573e-08,", Learning rate:",6.172901409422876e-06,", Number of training points (boundary):",4800,", Number of training points (interior):",30000,", VRAM allocated:",0,", VRAM reserved:",0
97500,Training Loss:,1.6156723958715702e-08,", Learning rate:",6.172901409422876e-06,", Number of training points (boundary):",4800,", Number of training points (interior):",30000,", VRAM allocated:",0,", VRAM reserved:",0
97600,Training Loss:,1.7152164133449332e-08,", Learning rate:",6.172901409422876e-06,", Number of training points (boundary):",4800,", Number of training points (interior):",30000,", VRAM allocated:",0,", VRAM reserved:",0
97700,Training Loss:,1.6059352958563977e-08,", Learning rate:",6.172901409422876e-06,", Number of training points (boundary):",4800,", Number of training points (interior):",30000,", VRAM allocated:",0,", VRAM reserved:",0
97800,Training Loss:,2.6215294823828117e-08,", Learning rate:",6.172901409422876e-06,", Number of training points (boundary):",4800,", Number of training points (interior):",30000,", VRAM allocated:",0,", VRAM reserved:",0
97900,Training Loss:,1.605218002964648e-08,", Learning rate:",6.172901409422876e-06,", Number of training points (boundary):",4800,", Number of training points (interior):",30000,", VRAM allocated:",0,", VRAM reserved:",0
98000,Training Loss:,1.6005920144834818e-08,", Learning rate:",6.111172395328647e-06,", Number of training points (boundary):",4800,", Number of training points (interior):",30000,", VRAM allocated:",0,", VRAM reserved:",0
98100,Training Loss:,3.09956789124044e-08,", Learning rate:",6.111172395328647e-06,", Number of training points (boundary):",4800,", Number of training points (interior):",30000,", VRAM allocated:",0,", VRAM reserved:",0
98200,Training Loss:,2.143453237124504e-08,", Learning rate:",6.111172395328647e-06,", Number of training points (boundary):",4800,", Number of training points (interior):",30000,", VRAM allocated:",0,", VRAM reserved:",0
98300,Training Loss:,2.5237358869389936e-08,", Learning rate:",6.111172395328647e-06,", Number of training points (boundary):",4800,", Number of training points (interior):",30000,", VRAM allocated:",0,", VRAM reserved:",0
98400,Training Loss:,1.7614672387367136e-08,", Learning rate:",6.111172395328647e-06,", Number of training points (boundary):",4800,", Number of training points (interior):",30000,", VRAM allocated:",0,", VRAM reserved:",0
98500,Training Loss:,1.588942133423643e-08,", Learning rate:",6.111172395328647e-06,", Number of training points (boundary):",4800,", Number of training points (interior):",30000,", VRAM allocated:",0,", VRAM reserved:",0
98600,Training Loss:,2.3216630395950233e-08,", Learning rate:",6.111172395328647e-06,", Number of training points (boundary):",4800,", Number of training points (interior):",30000,", VRAM allocated:",0,", VRAM reserved:",0
98700,Training Loss:,2.1021783425112517e-08,", Learning rate:",6.111172395328647e-06,", Number of training points (boundary):",4800,", Number of training points (interior):",30000,", VRAM allocated:",0,", VRAM reserved:",0
98800,Training Loss:,2.0780047904622734e-08,", Learning rate:",6.111172395328647e-06,", Number of training points (boundary):",4800,", Number of training points (interior):",30000,", VRAM allocated:",0,", VRAM reserved:",0
98900,Training Loss:,1.6270659486394834e-08,", Learning rate:",6.111172395328647e-06,", Number of training points (boundary):",4800,", Number of training points (interior):",30000,", VRAM allocated:",0,", VRAM reserved:",0
99000,Training Loss:,2.3056450970670994e-08,", Learning rate:",6.111172395328647e-06,", Number of training points (boundary):",4800,", Number of training points (interior):",30000,", VRAM allocated:",0,", VRAM reserved:",0
99100,Training Loss:,1.616901634804435e-08,", Learning rate:",6.111172395328647e-06,", Number of training points (boundary):",4800,", Number of training points (interior):",30000,", VRAM allocated:",0,", VRAM reserved:",0
99200,Training Loss:,1.5682104503866867e-08,", Learning rate:",6.111172395328647e-06,", Number of training points (boundary):",4800,", Number of training points (interior):",30000,", VRAM allocated:",0,", VRAM reserved:",0
99300,Training Loss:,2.8326581968940445e-08,", Learning rate:",6.111172395328647e-06,", Number of training points (boundary):",4800,", Number of training points (interior):",30000,", VRAM allocated:",0,", VRAM reserved:",0
99400,Training Loss:,3.185447283726717e-08,", Learning rate:",6.111172395328647e-06,", Number of training points (boundary):",4800,", Number of training points (interior):",30000,", VRAM allocated:",0,", VRAM reserved:",0
99500,Training Loss:,2.1132619210106895e-08,", Learning rate:",6.111172395328647e-06,", Number of training points (boundary):",4800,", Number of training points (interior):",30000,", VRAM allocated:",0,", VRAM reserved:",0
99600,Training Loss:,1.6059237495369416e-08,", Learning rate:",6.111172395328647e-06,", Number of training points (boundary):",4800,", Number of training points (interior):",30000,", VRAM allocated:",0,", VRAM reserved:",0
99700,Training Loss:,1.5624738836095275e-08,", Learning rate:",6.111172395328647e-06,", Number of training points (boundary):",4800,", Number of training points (interior):",30000,", VRAM allocated:",0,", VRAM reserved:",0
99800,Training Loss:,1.555307527212335e-08,", Learning rate:",6.111172395328647e-06,", Number of training points (boundary):",4800,", Number of training points (interior):",30000,", VRAM allocated:",0,", VRAM reserved:",0
99900,Training Loss:,1.55236641319334e-08,", Learning rate:",6.111172395328647e-06,", Number of training points (boundary):",4800,", Number of training points (interior):",30000,", VRAM allocated:",0,", VRAM reserved:",0
100000,Training Loss:,1.585073938770165e-08,", Learning rate:",6.05006067137536e-06,", Number of training points (boundary):",4800,", Number of training points (interior):",30000,", VRAM allocated:",0,", VRAM reserved:",0
100100,Training Loss:,1.6035844652151354e-08,", Learning rate:",6.05006067137536e-06,", Number of training points (boundary):",4800,", Number of training points (interior):",30000,", VRAM allocated:",0,", VRAM reserved:",0
100200,Training Loss:,1.5536352648837237e-08,", Learning rate:",6.05006067137536e-06,", Number of training points (boundary):",4800,", Number of training points (interior):",30000,", VRAM allocated:",0,", VRAM reserved:",0
100300,Training Loss:,1.5591503199630097e-08,", Learning rate:",6.05006067137536e-06,", Number of training points (boundary):",4800,", Number of training points (interior):",30000,", VRAM allocated:",0,", VRAM reserved:",0
100400,Training Loss:,1.9736026146688346e-08,", Learning rate:",6.05006067137536e-06,", Number of training points (boundary):",4800,", Number of training points (interior):",30000,", VRAM allocated:",0,", VRAM reserved:",0
100500,Training Loss:,1.615522293718641e-08,", Learning rate:",6.05006067137536e-06,", Number of training points (boundary):",4800,", Number of training points (interior):",30000,", VRAM allocated:",0,", VRAM reserved:",0
100600,Training Loss:,1.5374796547007463e-08,", Learning rate:",6.05006067137536e-06,", Number of training points (boundary):",4800,", Number of training points (interior):",30000,", VRAM allocated:",0,", VRAM reserved:",0
100700,Training Loss:,1.534752414045215e-08,", Learning rate:",6.05006067137536e-06,", Number of training points (boundary):",4800,", Number of training points (interior):",30000,", VRAM allocated:",0,", VRAM reserved:",0
100800,Training Loss:,1.5322685342766817e-08,", Learning rate:",6.05006067137536e-06,", Number of training points (boundary):",4800,", Number of training points (interior):",30000,", VRAM allocated:",0,", VRAM reserved:",0
100900,Training Loss:,1.579749131508379e-08,", Learning rate:",6.05006067137536e-06,", Number of training points (boundary):",4800,", Number of training points (interior):",30000,", VRAM allocated:",0,", VRAM reserved:",0
101000,Training Loss:,1.645806868566524e-08,", Learning rate:",6.05006067137536e-06,", Number of training points (boundary):",4800,", Number of training points (interior):",30000,", VRAM allocated:",0,", VRAM reserved:",0
101100,Training Loss:,1.5808518938342786e-08,", Learning rate:",6.05006067137536e-06,", Number of training points (boundary):",4800,", Number of training points (interior):",30000,", VRAM allocated:",0,", VRAM reserved:",0
101200,Training Loss:,2.1803717942248113e-08,", Learning rate:",6.05006067137536e-06,", Number of training points (boundary):",4800,", Number of training points (interior):",30000,", VRAM allocated:",0,", VRAM reserved:",0
101300,Training Loss:,1.6785538292651836e-08,", Learning rate:",6.05006067137536e-06,", Number of training points (boundary):",4800,", Number of training points (interior):",30000,", VRAM allocated:",0,", VRAM reserved:",0
101400,Training Loss:,4.1594841349024136e-08,", Learning rate:",6.05006067137536e-06,", Number of training points (boundary):",4800,", Number of training points (interior):",30000,", VRAM allocated:",0,", VRAM reserved:",0
101500,Training Loss:,2.8230113358063136e-08,", Learning rate:",6.05006067137536e-06,", Number of training points (boundary):",4800,", Number of training points (interior):",30000,", VRAM allocated:",0,", VRAM reserved:",0
101600,Training Loss:,1.5612979353818446e-08,", Learning rate:",6.05006067137536e-06,", Number of training points (boundary):",4800,", Number of training points (interior):",30000,", VRAM allocated:",0,", VRAM reserved:",0
101700,Training Loss:,2.5448828822050018e-08,", Learning rate:",6.05006067137536e-06,", Number of training points (boundary):",4800,", Number of training points (interior):",30000,", VRAM allocated:",0,", VRAM reserved:",0
101800,Training Loss:,1.5070579451048616e-08,", Learning rate:",6.05006067137536e-06,", Number of training points (boundary):",4800,", Number of training points (interior):",30000,", VRAM allocated:",0,", VRAM reserved:",0
101900,Training Loss:,1.5491096405639837e-08,", Learning rate:",6.05006067137536e-06,", Number of training points (boundary):",4800,", Number of training points (interior):",30000,", VRAM allocated:",0,", VRAM reserved:",0
102000,Training Loss:,1.5027309174797665e-08,", Learning rate:",5.989560064661607e-06,", Number of training points (boundary):",4800,", Number of training points (interior):",30000,", VRAM allocated:",0,", VRAM reserved:",0
102100,Training Loss:,1.5291170996079018e-08,", Learning rate:",5.989560064661607e-06,", Number of training points (boundary):",4800,", Number of training points (interior):",30000,", VRAM allocated:",0,", VRAM reserved:",0
102200,Training Loss:,1.5556917531966974e-08,", Learning rate:",5.989560064661607e-06,", Number of training points (boundary):",4800,", Number of training points (interior):",30000,", VRAM allocated:",0,", VRAM reserved:",0
102300,Training Loss:,1.5124875574201724e-08,", Learning rate:",5.989560064661607e-06,", Number of training points (boundary):",4800,", Number of training points (interior):",30000,", VRAM allocated:",0,", VRAM reserved:",0
102400,Training Loss:,1.5112645357362453e-08,", Learning rate:",5.989560064661607e-06,", Number of training points (boundary):",4800,", Number of training points (interior):",30000,", VRAM allocated:",0,", VRAM reserved:",0
102500,Training Loss:,1.5077780801675544e-08,", Learning rate:",5.989560064661607e-06,", Number of training points (boundary):",4800,", Number of training points (interior):",30000,", VRAM allocated:",0,", VRAM reserved:",0
102600,Training Loss:,1.4884458998665195e-08,", Learning rate:",5.989560064661607e-06,", Number of training points (boundary):",4800,", Number of training points (interior):",30000,", VRAM allocated:",0,", VRAM reserved:",0
102700,Training Loss:,1.4874293796651727e-08,", Learning rate:",5.989560064661607e-06,", Number of training points (boundary):",4800,", Number of training points (interior):",30000,", VRAM allocated:",0,", VRAM reserved:",0
102800,Training Loss:,1.4870369824393492e-08,", Learning rate:",5.989560064661607e-06,", Number of training points (boundary):",4800,", Number of training points (interior):",30000,", VRAM allocated:",0,", VRAM reserved:",0
102900,Training Loss:,1.4821529781272602e-08,", Learning rate:",5.989560064661607e-06,", Number of training points (boundary):",4800,", Number of training points (interior):",30000,", VRAM allocated:",0,", VRAM reserved:",0
103000,Training Loss:,1.9439726273162705e-08,", Learning rate:",5.989560064661607e-06,", Number of training points (boundary):",4800,", Number of training points (interior):",30000,", VRAM allocated:",0,", VRAM reserved:",0
103100,Training Loss:,2.6711267864243382e-08,", Learning rate:",5.989560064661607e-06,", Number of training points (boundary):",4800,", Number of training points (interior):",30000,", VRAM allocated:",0,", VRAM reserved:",0
103200,Training Loss:,1.4756125210624305e-08,", Learning rate:",5.989560064661607e-06,", Number of training points (boundary):",4800,", Number of training points (interior):",30000,", VRAM allocated:",0,", VRAM reserved:",0
103300,Training Loss:,1.473750899094739e-08,", Learning rate:",5.989560064661607e-06,", Number of training points (boundary):",4800,", Number of training points (interior):",30000,", VRAM allocated:",0,", VRAM reserved:",0
103400,Training Loss:,1.4716047935792176e-08,", Learning rate:",5.989560064661607e-06,", Number of training points (boundary):",4800,", Number of training points (interior):",30000,", VRAM allocated:",0,", VRAM reserved:",0
103500,Training Loss:,1.538704275105829e-08,", Learning rate:",5.989560064661607e-06,", Number of training points (boundary):",4800,", Number of training points (interior):",30000,", VRAM allocated:",0,", VRAM reserved:",0
103600,Training Loss:,1.6294226412583157e-08,", Learning rate:",5.989560064661607e-06,", Number of training points (boundary):",4800,", Number of training points (interior):",30000,", VRAM allocated:",0,", VRAM reserved:",0
103700,Training Loss:,1.7192672174815016e-08,", Learning rate:",5.989560064661607e-06,", Number of training points (boundary):",4800,", Number of training points (interior):",30000,", VRAM allocated:",0,", VRAM reserved:",0
103800,Training Loss:,1.5660701180308934e-08,", Learning rate:",5.989560064661607e-06,", Number of training points (boundary):",4800,", Number of training points (interior):",30000,", VRAM allocated:",0,", VRAM reserved:",0
103900,Training Loss:,2.2492956830433286e-08,", Learning rate:",5.989560064661607e-06,", Number of training points (boundary):",4800,", Number of training points (interior):",30000,", VRAM allocated:",0,", VRAM reserved:",0
104000,Training Loss:,3.423543049052569e-08,", Learning rate:",5.929664464014991e-06,", Number of training points (boundary):",4800,", Number of training points (interior):",30000,", VRAM allocated:",0,", VRAM reserved:",0
104100,Training Loss:,1.4565657124876452e-08,", Learning rate:",5.929664464014991e-06,", Number of training points (boundary):",4800,", Number of training points (interior):",30000,", VRAM allocated:",0,", VRAM reserved:",0
104200,Training Loss:,1.4538137804720463e-08,", Learning rate:",5.929664464014991e-06,", Number of training points (boundary):",4800,", Number of training points (interior):",30000,", VRAM allocated:",0,", VRAM reserved:",0
104300,Training Loss:,1.789884684910703e-08,", Learning rate:",5.929664464014991e-06,", Number of training points (boundary):",4800,", Number of training points (interior):",30000,", VRAM allocated:",0,", VRAM reserved:",0
104400,Training Loss:,1.5704408440342377e-08,", Learning rate:",5.929664464014991e-06,", Number of training points (boundary):",4800,", Number of training points (interior):",30000,", VRAM allocated:",0,", VRAM reserved:",0
104500,Training Loss:,1.5800191377479678e-08,", Learning rate:",5.929664464014991e-06,", Number of training points (boundary):",4800,", Number of training points (interior):",30000,", VRAM allocated:",0,", VRAM reserved:",0
104600,Training Loss:,2.8592850753739185e-08,", Learning rate:",5.929664464014991e-06,", Number of training points (boundary):",4800,", Number of training points (interior):",30000,", VRAM allocated:",0,", VRAM reserved:",0
104700,Training Loss:,1.53447761164216e-08,", Learning rate:",5.929664464014991e-06,", Number of training points (boundary):",4800,", Number of training points (interior):",30000,", VRAM allocated:",0,", VRAM reserved:",0
104800,Training Loss:,1.4460328046084214e-08,", Learning rate:",5.929664464014991e-06,", Number of training points (boundary):",4800,", Number of training points (interior):",30000,", VRAM allocated:",0,", VRAM reserved:",0
104900,Training Loss:,1.5112879836465254e-08,", Learning rate:",5.929664464014991e-06,", Number of training points (boundary):",4800,", Number of training points (interior):",30000,", VRAM allocated:",0,", VRAM reserved:",0
105000,Training Loss:,1.636737678722966e-08,", Learning rate:",5.929664464014991e-06,", Number of training points (boundary):",4800,", Number of training points (interior):",30000,", VRAM allocated:",0,", VRAM reserved:",0
105100,Training Loss:,1.4487225641346413e-08,", Learning rate:",5.929664464014991e-06,", Number of training points (boundary):",4800,", Number of training points (interior):",30000,", VRAM allocated:",0,", VRAM reserved:",0
105200,Training Loss:,1.4638358969421006e-08,", Learning rate:",5.929664464014991e-06,", Number of training points (boundary):",4800,", Number of training points (interior):",30000,", VRAM allocated:",0,", VRAM reserved:",0
105300,Training Loss:,1.9778676474402346e-08,", Learning rate:",5.929664464014991e-06,", Number of training points (boundary):",4800,", Number of training points (interior):",30000,", VRAM allocated:",0,", VRAM reserved:",0
105400,Training Loss:,1.545824446225197e-08,", Learning rate:",5.929664464014991e-06,", Number of training points (boundary):",4800,", Number of training points (interior):",30000,", VRAM allocated:",0,", VRAM reserved:",0
105500,Training Loss:,1.4323052077713783e-08,", Learning rate:",5.929664464014991e-06,", Number of training points (boundary):",4800,", Number of training points (interior):",30000,", VRAM allocated:",0,", VRAM reserved:",0
105600,Training Loss:,1.4248988655651829e-08,", Learning rate:",5.929664464014991e-06,", Number of training points (boundary):",4800,", Number of training points (interior):",30000,", VRAM allocated:",0,", VRAM reserved:",0
105700,Training Loss:,1.4378747081877918e-08,", Learning rate:",5.929664464014991e-06,", Number of training points (boundary):",4800,", Number of training points (interior):",30000,", VRAM allocated:",0,", VRAM reserved:",0
105800,Training Loss:,1.500120383468584e-08,", Learning rate:",5.929664464014991e-06,", Number of training points (boundary):",4800,", Number of training points (interior):",30000,", VRAM allocated:",0,", VRAM reserved:",0
105900,Training Loss:,1.5036007994240208e-08,", Learning rate:",5.929664464014991e-06,", Number of training points (boundary):",4800,", Number of training points (interior):",30000,", VRAM allocated:",0,", VRAM reserved:",0
106000,Training Loss:,1.6503717503724147e-08,", Learning rate:",5.870367819374841e-06,", Number of training points (boundary):",4800,", Number of training points (interior):",30000,", VRAM allocated:",0,", VRAM reserved:",0
106100,Training Loss:,1.5416464549389275e-08,", Learning rate:",5.870367819374841e-06,", Number of training points (boundary):",4800,", Number of training points (interior):",30000,", VRAM allocated:",0,", VRAM reserved:",0
106200,Training Loss:,1.5077752379966114e-08,", Learning rate:",5.870367819374841e-06,", Number of training points (boundary):",4800,", Number of training points (interior):",30000,", VRAM allocated:",0,", VRAM reserved:",0
106300,Training Loss:,1.572294294760468e-08,", Learning rate:",5.870367819374841e-06,", Number of training points (boundary):",4800,", Number of training points (interior):",30000,", VRAM allocated:",0,", VRAM reserved:",0
106400,Training Loss:,1.4095598466212778e-08,", Learning rate:",5.870367819374841e-06,", Number of training points (boundary):",4800,", Number of training points (interior):",30000,", VRAM allocated:",0,", VRAM reserved:",0
106500,Training Loss:,1.4062557340821513e-08,", Learning rate:",5.870367819374841e-06,", Number of training points (boundary):",4800,", Number of training points (interior):",30000,", VRAM allocated:",0,", VRAM reserved:",0
106600,Training Loss:,1.4087727429057395e-08,", Learning rate:",5.870367819374841e-06,", Number of training points (boundary):",4800,", Number of training points (interior):",30000,", VRAM allocated:",0,", VRAM reserved:",0
106700,Training Loss:,1.4674196968655906e-08,", Learning rate:",5.870367819374841e-06,", Number of training points (boundary):",4800,", Number of training points (interior):",30000,", VRAM allocated:",0,", VRAM reserved:",0
106800,Training Loss:,1.537904381621047e-08,", Learning rate:",5.870367819374841e-06,", Number of training points (boundary):",4800,", Number of training points (interior):",30000,", VRAM allocated:",0,", VRAM reserved:",0
106900,Training Loss:,1.4544194293364399e-08,", Learning rate:",5.870367819374841e-06,", Number of training points (boundary):",4800,", Number of training points (interior):",30000,", VRAM allocated:",0,", VRAM reserved:",0
107000,Training Loss:,1.3956540811932427e-08,", Learning rate:",5.870367819374841e-06,", Number of training points (boundary):",4800,", Number of training points (interior):",30000,", VRAM allocated:",0,", VRAM reserved:",0
107100,Training Loss:,1.4114276858379071e-08,", Learning rate:",5.870367819374841e-06,", Number of training points (boundary):",4800,", Number of training points (interior):",30000,", VRAM allocated:",0,", VRAM reserved:",0
107200,Training Loss:,1.3912568874729914e-08,", Learning rate:",5.870367819374841e-06,", Number of training points (boundary):",4800,", Number of training points (interior):",30000,", VRAM allocated:",0,", VRAM reserved:",0
107300,Training Loss:,1.5046946799657235e-08,", Learning rate:",5.870367819374841e-06,", Number of training points (boundary):",4800,", Number of training points (interior):",30000,", VRAM allocated:",0,", VRAM reserved:",0
107400,Training Loss:,1.4602916209582872e-08,", Learning rate:",5.870367819374841e-06,", Number of training points (boundary):",4800,", Number of training points (interior):",30000,", VRAM allocated:",0,", VRAM reserved:",0
107500,Training Loss:,1.3856617187002485e-08,", Learning rate:",5.870367819374841e-06,", Number of training points (boundary):",4800,", Number of training points (interior):",30000,", VRAM allocated:",0,", VRAM reserved:",0
107600,Training Loss:,1.3949436272753246e-08,", Learning rate:",5.870367819374841e-06,", Number of training points (boundary):",4800,", Number of training points (interior):",30000,", VRAM allocated:",0,", VRAM reserved:",0
107700,Training Loss:,1.388701686977356e-08,", Learning rate:",5.870367819374841e-06,", Number of training points (boundary):",4800,", Number of training points (interior):",30000,", VRAM allocated:",0,", VRAM reserved:",0
107800,Training Loss:,1.386379810952576e-08,", Learning rate:",5.870367819374841e-06,", Number of training points (boundary):",4800,", Number of training points (interior):",30000,", VRAM allocated:",0,", VRAM reserved:",0
107900,Training Loss:,1.666714410930581e-08,", Learning rate:",5.870367819374841e-06,", Number of training points (boundary):",4800,", Number of training points (interior):",30000,", VRAM allocated:",0,", VRAM reserved:",0
108000,Training Loss:,1.4127127911933712e-08,", Learning rate:",5.811664141181092e-06,", Number of training points (boundary):",4800,", Number of training points (interior):",30000,", VRAM allocated:",0,", VRAM reserved:",0
108100,Training Loss:,1.5638624617508867e-08,", Learning rate:",5.811664141181092e-06,", Number of training points (boundary):",4800,", Number of training points (interior):",30000,", VRAM allocated:",0,", VRAM reserved:",0
108200,Training Loss:,1.4369287981708112e-08,", Learning rate:",5.811664141181092e-06,", Number of training points (boundary):",4800,", Number of training points (interior):",30000,", VRAM allocated:",0,", VRAM reserved:",0
108300,Training Loss:,1.381587644289084e-08,", Learning rate:",5.811664141181092e-06,", Number of training points (boundary):",4800,", Number of training points (interior):",30000,", VRAM allocated:",0,", VRAM reserved:",0
108400,Training Loss:,2.1715067077821004e-08,", Learning rate:",5.811664141181092e-06,", Number of training points (boundary):",4800,", Number of training points (interior):",30000,", VRAM allocated:",0,", VRAM reserved:",0
108500,Training Loss:,1.3860555370115435e-08,", Learning rate:",5.811664141181092e-06,", Number of training points (boundary):",4800,", Number of training points (interior):",30000,", VRAM allocated:",0,", VRAM reserved:",0
108600,Training Loss:,1.3706457302475883e-08,", Learning rate:",5.811664141181092e-06,", Number of training points (boundary):",4800,", Number of training points (interior):",30000,", VRAM allocated:",0,", VRAM reserved:",0
108700,Training Loss:,1.3671482612664931e-08,", Learning rate:",5.811664141181092e-06,", Number of training points (boundary):",4800,", Number of training points (interior):",30000,", VRAM allocated:",0,", VRAM reserved:",0
108800,Training Loss:,1.3648780772257396e-08,", Learning rate:",5.811664141181092e-06,", Number of training points (boundary):",4800,", Number of training points (interior):",30000,", VRAM allocated:",0,", VRAM reserved:",0
108900,Training Loss:,1.834534657518816e-08,", Learning rate:",5.811664141181092e-06,", Number of training points (boundary):",4800,", Number of training points (interior):",30000,", VRAM allocated:",0,", VRAM reserved:",0
109000,Training Loss:,1.4355689081924083e-08,", Learning rate:",5.811664141181092e-06,", Number of training points (boundary):",4800,", Number of training points (interior):",30000,", VRAM allocated:",0,", VRAM reserved:",0
109100,Training Loss:,1.3547133193014815e-08,", Learning rate:",5.811664141181092e-06,", Number of training points (boundary):",4800,", Number of training points (interior):",30000,", VRAM allocated:",0,", VRAM reserved:",0
109200,Training Loss:,1.4073278542525713e-08,", Learning rate:",5.811664141181092e-06,", Number of training points (boundary):",4800,", Number of training points (interior):",30000,", VRAM allocated:",0,", VRAM reserved:",0
109300,Training Loss:,1.3536375575995407e-08,", Learning rate:",5.811664141181092e-06,", Number of training points (boundary):",4800,", Number of training points (interior):",30000,", VRAM allocated:",0,", VRAM reserved:",0
109400,Training Loss:,1.4470536768840248e-08,", Learning rate:",5.811664141181092e-06,", Number of training points (boundary):",4800,", Number of training points (interior):",30000,", VRAM allocated:",0,", VRAM reserved:",0
109500,Training Loss:,1.3585428781937026e-08,", Learning rate:",5.811664141181092e-06,", Number of training points (boundary):",4800,", Number of training points (interior):",30000,", VRAM allocated:",0,", VRAM reserved:",0
109600,Training Loss:,1.3513005825416258e-08,", Learning rate:",5.811664141181092e-06,", Number of training points (boundary):",4800,", Number of training points (interior):",30000,", VRAM allocated:",0,", VRAM reserved:",0
109700,Training Loss:,1.3472404525316506e-08,", Learning rate:",5.811664141181092e-06,", Number of training points (boundary):",4800,", Number of training points (interior):",30000,", VRAM allocated:",0,", VRAM reserved:",0
109800,Training Loss:,1.4150927540867997e-08,", Learning rate:",5.811664141181092e-06,", Number of training points (boundary):",4800,", Number of training points (interior):",30000,", VRAM allocated:",0,", VRAM reserved:",0
109900,Training Loss:,1.345266653629551e-08,", Learning rate:",5.811664141181092e-06,", Number of training points (boundary):",4800,", Number of training points (interior):",30000,", VRAM allocated:",0,", VRAM reserved:",0
110000,Training Loss:,1.3376198815251428e-08,", Learning rate:",5.753547499769281e-06,", Number of training points (boundary):",4800,", Number of training points (interior):",30000,", VRAM allocated:",0,", VRAM reserved:",0
110100,Training Loss:,1.4282607985194318e-08,", Learning rate:",5.753547499769281e-06,", Number of training points (boundary):",4800,", Number of training points (interior):",30000,", VRAM allocated:",0,", VRAM reserved:",0
110200,Training Loss:,1.7862097578813518e-08,", Learning rate:",5.753547499769281e-06,", Number of training points (boundary):",4800,", Number of training points (interior):",30000,", VRAM allocated:",0,", VRAM reserved:",0
110300,Training Loss:,1.3334825688104956e-08,", Learning rate:",5.753547499769281e-06,", Number of training points (boundary):",4800,", Number of training points (interior):",30000,", VRAM allocated:",0,", VRAM reserved:",0
110400,Training Loss:,1.3297711376480947e-08,", Learning rate:",5.753547499769281e-06,", Number of training points (boundary):",4800,", Number of training points (interior):",30000,", VRAM allocated:",0,", VRAM reserved:",0
110500,Training Loss:,1.34256827877266e-08,", Learning rate:",5.753547499769281e-06,", Number of training points (boundary):",4800,", Number of training points (interior):",30000,", VRAM allocated:",0,", VRAM reserved:",0
110600,Training Loss:,1.3387256636576694e-08,", Learning rate:",5.753547499769281e-06,", Number of training points (boundary):",4800,", Number of training points (interior):",30000,", VRAM allocated:",0,", VRAM reserved:",0
110700,Training Loss:,1.3268487641937554e-08,", Learning rate:",5.753547499769281e-06,", Number of training points (boundary):",4800,", Number of training points (interior):",30000,", VRAM allocated:",0,", VRAM reserved:",0
110800,Training Loss:,1.3711437318875142e-08,", Learning rate:",5.753547499769281e-06,", Number of training points (boundary):",4800,", Number of training points (interior):",30000,", VRAM allocated:",0,", VRAM reserved:",0
110900,Training Loss:,1.63119331375583e-08,", Learning rate:",5.753547499769281e-06,", Number of training points (boundary):",4800,", Number of training points (interior):",30000,", VRAM allocated:",0,", VRAM reserved:",0
111000,Training Loss:,1.3179756841452672e-08,", Learning rate:",5.753547499769281e-06,", Number of training points (boundary):",4800,", Number of training points (interior):",30000,", VRAM allocated:",0,", VRAM reserved:",0
111100,Training Loss:,1.3194050296760906e-08,", Learning rate:",5.753547499769281e-06,", Number of training points (boundary):",4800,", Number of training points (interior):",30000,", VRAM allocated:",0,", VRAM reserved:",0
111200,Training Loss:,1.4696821537540927e-08,", Learning rate:",5.753547499769281e-06,", Number of training points (boundary):",4800,", Number of training points (interior):",30000,", VRAM allocated:",0,", VRAM reserved:",0
111300,Training Loss:,1.3161375989056978e-08,", Learning rate:",5.753547499769281e-06,", Number of training points (boundary):",4800,", Number of training points (interior):",30000,", VRAM allocated:",0,", VRAM reserved:",0
111400,Training Loss:,1.3117087860337051e-08,", Learning rate:",5.753547499769281e-06,", Number of training points (boundary):",4800,", Number of training points (interior):",30000,", VRAM allocated:",0,", VRAM reserved:",0
111500,Training Loss:,1.3249759511779757e-08,", Learning rate:",5.753547499769281e-06,", Number of training points (boundary):",4800,", Number of training points (interior):",30000,", VRAM allocated:",0,", VRAM reserved:",0
111600,Training Loss:,1.3321028724533335e-08,", Learning rate:",5.753547499769281e-06,", Number of training points (boundary):",4800,", Number of training points (interior):",30000,", VRAM allocated:",0,", VRAM reserved:",0
111700,Training Loss:,1.3069834992052165e-08,", Learning rate:",5.753547499769281e-06,", Number of training points (boundary):",4800,", Number of training points (interior):",30000,", VRAM allocated:",0,", VRAM reserved:",0
111800,Training Loss:,1.3063585768691155e-08,", Learning rate:",5.753547499769281e-06,", Number of training points (boundary):",4800,", Number of training points (interior):",30000,", VRAM allocated:",0,", VRAM reserved:",0
111900,Training Loss:,1.3460002890042233e-08,", Learning rate:",5.753547499769281e-06,", Number of training points (boundary):",4800,", Number of training points (interior):",30000,", VRAM allocated:",0,", VRAM reserved:",0
112000,Training Loss:,1.3062907200378504e-08,", Learning rate:",5.696012024771588e-06,", Number of training points (boundary):",4800,", Number of training points (interior):",30000,", VRAM allocated:",0,", VRAM reserved:",0
112100,Training Loss:,5.8301257155335406e-08,", Learning rate:",5.696012024771588e-06,", Number of training points (boundary):",4800,", Number of training points (interior):",30000,", VRAM allocated:",0,", VRAM reserved:",0
112200,Training Loss:,1.2966403062364407e-08,", Learning rate:",5.696012024771588e-06,", Number of training points (boundary):",4800,", Number of training points (interior):",30000,", VRAM allocated:",0,", VRAM reserved:",0
112300,Training Loss:,1.3625924388804833e-08,", Learning rate:",5.696012024771588e-06,", Number of training points (boundary):",4800,", Number of training points (interior):",30000,", VRAM allocated:",0,", VRAM reserved:",0
112400,Training Loss:,1.3096414619440111e-08,", Learning rate:",5.696012024771588e-06,", Number of training points (boundary):",4800,", Number of training points (interior):",30000,", VRAM allocated:",0,", VRAM reserved:",0
112500,Training Loss:,1.87145623442575e-08,", Learning rate:",5.696012024771588e-06,", Number of training points (boundary):",4800,", Number of training points (interior):",30000,", VRAM allocated:",0,", VRAM reserved:",0
112600,Training Loss:,1.2903206503267484e-08,", Learning rate:",5.696012024771588e-06,", Number of training points (boundary):",4800,", Number of training points (interior):",30000,", VRAM allocated:",0,", VRAM reserved:",0
112700,Training Loss:,1.2878921040737623e-08,", Learning rate:",5.696012024771588e-06,", Number of training points (boundary):",4800,", Number of training points (interior):",30000,", VRAM allocated:",0,", VRAM reserved:",0
112800,Training Loss:,1.300688357019908e-08,", Learning rate:",5.696012024771588e-06,", Number of training points (boundary):",4800,", Number of training points (interior):",30000,", VRAM allocated:",0,", VRAM reserved:",0
112900,Training Loss:,1.2849034725093134e-08,", Learning rate:",5.696012024771588e-06,", Number of training points (boundary):",4800,", Number of training points (interior):",30000,", VRAM allocated:",0,", VRAM reserved:",0
113000,Training Loss:,1.317786679777555e-08,", Learning rate:",5.696012024771588e-06,", Number of training points (boundary):",4800,", Number of training points (interior):",30000,", VRAM allocated:",0,", VRAM reserved:",0
113100,Training Loss:,1.2807865878983193e-08,", Learning rate:",5.696012024771588e-06,", Number of training points (boundary):",4800,", Number of training points (interior):",30000,", VRAM allocated:",0,", VRAM reserved:",0
113200,Training Loss:,1.2793759829321516e-08,", Learning rate:",5.696012024771588e-06,", Number of training points (boundary):",4800,", Number of training points (interior):",30000,", VRAM allocated:",0,", VRAM reserved:",0
113300,Training Loss:,1.4264523784390803e-08,", Learning rate:",5.696012024771588e-06,", Number of training points (boundary):",4800,", Number of training points (interior):",30000,", VRAM allocated:",0,", VRAM reserved:",0
113400,Training Loss:,1.3471984416923988e-08,", Learning rate:",5.696012024771588e-06,", Number of training points (boundary):",4800,", Number of training points (interior):",30000,", VRAM allocated:",0,", VRAM reserved:",0
113500,Training Loss:,2.985563796187307e-08,", Learning rate:",5.696012024771588e-06,", Number of training points (boundary):",4800,", Number of training points (interior):",30000,", VRAM allocated:",0,", VRAM reserved:",0
113600,Training Loss:,1.2806262716935635e-08,", Learning rate:",5.696012024771588e-06,", Number of training points (boundary):",4800,", Number of training points (interior):",30000,", VRAM allocated:",0,", VRAM reserved:",0
113700,Training Loss:,1.27282326900513e-08,", Learning rate:",5.696012024771588e-06,", Number of training points (boundary):",4800,", Number of training points (interior):",30000,", VRAM allocated:",0,", VRAM reserved:",0
113800,Training Loss:,1.5316206969373525e-08,", Learning rate:",5.696012024771588e-06,", Number of training points (boundary):",4800,", Number of training points (interior):",30000,", VRAM allocated:",0,", VRAM reserved:",0
113900,Training Loss:,2.2598309001864436e-08,", Learning rate:",5.696012024771588e-06,", Number of training points (boundary):",4800,", Number of training points (interior):",30000,", VRAM allocated:",0,", VRAM reserved:",0
114000,Training Loss:,1.5309666423490853e-08,", Learning rate:",5.639051904523872e-06,", Number of training points (boundary):",4800,", Number of training points (interior):",30000,", VRAM allocated:",0,", VRAM reserved:",0
114100,Training Loss:,1.312067610115264e-08,", Learning rate:",5.639051904523872e-06,", Number of training points (boundary):",4800,", Number of training points (interior):",30000,", VRAM allocated:",0,", VRAM reserved:",0
114200,Training Loss:,1.4446788654254306e-08,", Learning rate:",5.639051904523872e-06,", Number of training points (boundary):",4800,", Number of training points (interior):",30000,", VRAM allocated:",0,", VRAM reserved:",0
114300,Training Loss:,1.3407945864685189e-08,", Learning rate:",5.639051904523872e-06,", Number of training points (boundary):",4800,", Number of training points (interior):",30000,", VRAM allocated:",0,", VRAM reserved:",0
114400,Training Loss:,1.3663366438265712e-08,", Learning rate:",5.639051904523872e-06,", Number of training points (boundary):",4800,", Number of training points (interior):",30000,", VRAM allocated:",0,", VRAM reserved:",0
114500,Training Loss:,1.4109022394848125e-08,", Learning rate:",5.639051904523872e-06,", Number of training points (boundary):",4800,", Number of training points (interior):",30000,", VRAM allocated:",0,", VRAM reserved:",0
114600,Training Loss:,2.6161416144532268e-08,", Learning rate:",5.639051904523872e-06,", Number of training points (boundary):",4800,", Number of training points (interior):",30000,", VRAM allocated:",0,", VRAM reserved:",0
114700,Training Loss:,1.533005189457981e-08,", Learning rate:",5.639051904523872e-06,", Number of training points (boundary):",4800,", Number of training points (interior):",30000,", VRAM allocated:",0,", VRAM reserved:",0
114800,Training Loss:,1.2516721881183912e-08,", Learning rate:",5.639051904523872e-06,", Number of training points (boundary):",4800,", Number of training points (interior):",30000,", VRAM allocated:",0,", VRAM reserved:",0
114900,Training Loss:,1.252214687497144e-08,", Learning rate:",5.639051904523872e-06,", Number of training points (boundary):",4800,", Number of training points (interior):",30000,", VRAM allocated:",0,", VRAM reserved:",0
115000,Training Loss:,1.2637234370060924e-08,", Learning rate:",5.639051904523872e-06,", Number of training points (boundary):",4800,", Number of training points (interior):",30000,", VRAM allocated:",0,", VRAM reserved:",0
115100,Training Loss:,1.2880661870440235e-08,", Learning rate:",5.639051904523872e-06,", Number of training points (boundary):",4800,", Number of training points (interior):",30000,", VRAM allocated:",0,", VRAM reserved:",0
115200,Training Loss:,1.2459631548722427e-08,", Learning rate:",5.639051904523872e-06,", Number of training points (boundary):",4800,", Number of training points (interior):",30000,", VRAM allocated:",0,", VRAM reserved:",0
115300,Training Loss:,1.2439302032873911e-08,", Learning rate:",5.639051904523872e-06,", Number of training points (boundary):",4800,", Number of training points (interior):",30000,", VRAM allocated:",0,", VRAM reserved:",0
115400,Training Loss:,1.248361503058959e-08,", Learning rate:",5.639051904523872e-06,", Number of training points (boundary):",4800,", Number of training points (interior):",30000,", VRAM allocated:",0,", VRAM reserved:",0
115500,Training Loss:,1.8573185656123314e-08,", Learning rate:",5.639051904523872e-06,", Number of training points (boundary):",4800,", Number of training points (interior):",30000,", VRAM allocated:",0,", VRAM reserved:",0
115600,Training Loss:,1.2473628352438482e-08,", Learning rate:",5.639051904523872e-06,", Number of training points (boundary):",4800,", Number of training points (interior):",30000,", VRAM allocated:",0,", VRAM reserved:",0
115700,Training Loss:,1.2365296342409238e-08,", Learning rate:",5.639051904523872e-06,", Number of training points (boundary):",4800,", Number of training points (interior):",30000,", VRAM allocated:",0,", VRAM reserved:",0
115800,Training Loss:,1.2379668845596825e-08,", Learning rate:",5.639051904523872e-06,", Number of training points (boundary):",4800,", Number of training points (interior):",30000,", VRAM allocated:",0,", VRAM reserved:",0
115900,Training Loss:,1.2337606491996667e-08,", Learning rate:",5.639051904523872e-06,", Number of training points (boundary):",4800,", Number of training points (interior):",30000,", VRAM allocated:",0,", VRAM reserved:",0
116000,Training Loss:,1.231710200499947e-08,", Learning rate:",5.582661385478634e-06,", Number of training points (boundary):",4800,", Number of training points (interior):",30000,", VRAM allocated:",0,", VRAM reserved:",0
116100,Training Loss:,1.4211259724561387e-08,", Learning rate:",5.582661385478634e-06,", Number of training points (boundary):",4800,", Number of training points (interior):",30000,", VRAM allocated:",0,", VRAM reserved:",0
116200,Training Loss:,1.2894711076683052e-08,", Learning rate:",5.582661385478634e-06,", Number of training points (boundary):",4800,", Number of training points (interior):",30000,", VRAM allocated:",0,", VRAM reserved:",0
116300,Training Loss:,1.230537005625365e-08,", Learning rate:",5.582661385478634e-06,", Number of training points (boundary):",4800,", Number of training points (interior):",30000,", VRAM allocated:",0,", VRAM reserved:",0
116400,Training Loss:,1.2256687220713047e-08,", Learning rate:",5.582661385478634e-06,", Number of training points (boundary):",4800,", Number of training points (interior):",30000,", VRAM allocated:",0,", VRAM reserved:",0
116500,Training Loss:,1.2246287539596779e-08,", Learning rate:",5.582661385478634e-06,", Number of training points (boundary):",4800,", Number of training points (interior):",30000,", VRAM allocated:",0,", VRAM reserved:",0
116600,Training Loss:,1.2244439240305383e-08,", Learning rate:",5.582661385478634e-06,", Number of training points (boundary):",4800,", Number of training points (interior):",30000,", VRAM allocated:",0,", VRAM reserved:",0
116700,Training Loss:,1.2457414655386856e-08,", Learning rate:",5.582661385478634e-06,", Number of training points (boundary):",4800,", Number of training points (interior):",30000,", VRAM allocated:",0,", VRAM reserved:",0
116800,Training Loss:,1.2352639799928511e-08,", Learning rate:",5.582661385478634e-06,", Number of training points (boundary):",4800,", Number of training points (interior):",30000,", VRAM allocated:",0,", VRAM reserved:",0
116900,Training Loss:,1.2884449951400256e-08,", Learning rate:",5.582661385478634e-06,", Number of training points (boundary):",4800,", Number of training points (interior):",30000,", VRAM allocated:",0,", VRAM reserved:",0
117000,Training Loss:,1.5384383544869706e-08,", Learning rate:",5.582661385478634e-06,", Number of training points (boundary):",4800,", Number of training points (interior):",30000,", VRAM allocated:",0,", VRAM reserved:",0
117100,Training Loss:,1.7228661164381265e-08,", Learning rate:",5.582661385478634e-06,", Number of training points (boundary):",4800,", Number of training points (interior):",30000,", VRAM allocated:",0,", VRAM reserved:",0
117200,Training Loss:,1.2162912454982688e-08,", Learning rate:",5.582661385478634e-06,", Number of training points (boundary):",4800,", Number of training points (interior):",30000,", VRAM allocated:",0,", VRAM reserved:",0
117300,Training Loss:,1.2112460368030042e-08,", Learning rate:",5.582661385478634e-06,", Number of training points (boundary):",4800,", Number of training points (interior):",30000,", VRAM allocated:",0,", VRAM reserved:",0
117400,Training Loss:,4.214460247453644e-08,", Learning rate:",5.582661385478634e-06,", Number of training points (boundary):",4800,", Number of training points (interior):",30000,", VRAM allocated:",0,", VRAM reserved:",0
117500,Training Loss:,1.2072811195196209e-08,", Learning rate:",5.582661385478634e-06,", Number of training points (boundary):",4800,", Number of training points (interior):",30000,", VRAM allocated:",0,", VRAM reserved:",0
117600,Training Loss:,1.875558908182029e-08,", Learning rate:",5.582661385478634e-06,", Number of training points (boundary):",4800,", Number of training points (interior):",30000,", VRAM allocated:",0,", VRAM reserved:",0
117700,Training Loss:,1.2052216114000203e-08,", Learning rate:",5.582661385478634e-06,", Number of training points (boundary):",4800,", Number of training points (interior):",30000,", VRAM allocated:",0,", VRAM reserved:",0
117800,Training Loss:,1.2040300312321506e-08,", Learning rate:",5.582661385478634e-06,", Number of training points (boundary):",4800,", Number of training points (interior):",30000,", VRAM allocated:",0,", VRAM reserved:",0
117900,Training Loss:,1.2828703432887778e-08,", Learning rate:",5.582661385478634e-06,", Number of training points (boundary):",4800,", Number of training points (interior):",30000,", VRAM allocated:",0,", VRAM reserved:",0
118000,Training Loss:,3.786289326512815e-08,", Learning rate:",5.526834771623848e-06,", Number of training points (boundary):",4800,", Number of training points (interior):",30000,", VRAM allocated:",0,", VRAM reserved:",0
118100,Training Loss:,1.197853460865872e-08,", Learning rate:",5.526834771623848e-06,", Number of training points (boundary):",4800,", Number of training points (interior):",30000,", VRAM allocated:",0,", VRAM reserved:",0
118200,Training Loss:,1.248115655272386e-08,", Learning rate:",5.526834771623848e-06,", Number of training points (boundary):",4800,", Number of training points (interior):",30000,", VRAM allocated:",0,", VRAM reserved:",0
118300,Training Loss:,1.1946231559534226e-08,", Learning rate:",5.526834771623848e-06,", Number of training points (boundary):",4800,", Number of training points (interior):",30000,", VRAM allocated:",0,", VRAM reserved:",0
118400,Training Loss:,1.1942505651063584e-08,", Learning rate:",5.526834771623848e-06,", Number of training points (boundary):",4800,", Number of training points (interior):",30000,", VRAM allocated:",0,", VRAM reserved:",0
118500,Training Loss:,1.1914334407947536e-08,", Learning rate:",5.526834771623848e-06,", Number of training points (boundary):",4800,", Number of training points (interior):",30000,", VRAM allocated:",0,", VRAM reserved:",0
118600,Training Loss:,1.1902900887150736e-08,", Learning rate:",5.526834771623848e-06,", Number of training points (boundary):",4800,", Number of training points (interior):",30000,", VRAM allocated:",0,", VRAM reserved:",0
118700,Training Loss:,1.1883526163103397e-08,", Learning rate:",5.526834771623848e-06,", Number of training points (boundary):",4800,", Number of training points (interior):",30000,", VRAM allocated:",0,", VRAM reserved:",0
118800,Training Loss:,1.1981978964570317e-08,", Learning rate:",5.526834771623848e-06,", Number of training points (boundary):",4800,", Number of training points (interior):",30000,", VRAM allocated:",0,", VRAM reserved:",0
118900,Training Loss:,1.1856902126794466e-08,", Learning rate:",5.526834771623848e-06,", Number of training points (boundary):",4800,", Number of training points (interior):",30000,", VRAM allocated:",0,", VRAM reserved:",0
119000,Training Loss:,1.1841708946747076e-08,", Learning rate:",5.526834771623848e-06,", Number of training points (boundary):",4800,", Number of training points (interior):",30000,", VRAM allocated:",0,", VRAM reserved:",0
119100,Training Loss:,1.1839996538753894e-08,", Learning rate:",5.526834771623848e-06,", Number of training points (boundary):",4800,", Number of training points (interior):",30000,", VRAM allocated:",0,", VRAM reserved:",0
119200,Training Loss:,1.1837571811668113e-08,", Learning rate:",5.526834771623848e-06,", Number of training points (boundary):",4800,", Number of training points (interior):",30000,", VRAM allocated:",0,", VRAM reserved:",0
119300,Training Loss:,1.2642431101994589e-08,", Learning rate:",5.526834771623848e-06,", Number of training points (boundary):",4800,", Number of training points (interior):",30000,", VRAM allocated:",0,", VRAM reserved:",0
119400,Training Loss:,1.1820354473002226e-08,", Learning rate:",5.526834771623848e-06,", Number of training points (boundary):",4800,", Number of training points (interior):",30000,", VRAM allocated:",0,", VRAM reserved:",0
119500,Training Loss:,1.1893343199176343e-08,", Learning rate:",5.526834771623848e-06,", Number of training points (boundary):",4800,", Number of training points (interior):",30000,", VRAM allocated:",0,", VRAM reserved:",0
119600,Training Loss:,1.2017622452731302e-08,", Learning rate:",5.526834771623848e-06,", Number of training points (boundary):",4800,", Number of training points (interior):",30000,", VRAM allocated:",0,", VRAM reserved:",0
119700,Training Loss:,1.2543431182621134e-08,", Learning rate:",5.526834771623848e-06,", Number of training points (boundary):",4800,", Number of training points (interior):",30000,", VRAM allocated:",0,", VRAM reserved:",0
119800,Training Loss:,1.7951816033701107e-08,", Learning rate:",5.526834771623848e-06,", Number of training points (boundary):",4800,", Number of training points (interior):",30000,", VRAM allocated:",0,", VRAM reserved:",0
119900,Training Loss:,2.0165549230455326e-08,", Learning rate:",5.526834771623848e-06,", Number of training points (boundary):",4800,", Number of training points (interior):",30000,", VRAM allocated:",0,", VRAM reserved:",0
120000,Training Loss:,1.3059930914494089e-08,", Learning rate:",5.4715664239076095e-06,", Number of training points (boundary):",4800,", Number of training points (interior):",30000,", VRAM allocated:",0,", VRAM reserved:",0
120100,Training Loss:,1.2959516126898052e-08,", Learning rate:",5.4715664239076095e-06,", Number of training points (boundary):",4800,", Number of training points (interior):",30000,", VRAM allocated:",0,", VRAM reserved:",0
120200,Training Loss:,1.5926231000662483e-08,", Learning rate:",5.4715664239076095e-06,", Number of training points (boundary):",4800,", Number of training points (interior):",30000,", VRAM allocated:",0,", VRAM reserved:",0
120300,Training Loss:,1.1903713570404761e-08,", Learning rate:",5.4715664239076095e-06,", Number of training points (boundary):",4800,", Number of training points (interior):",30000,", VRAM allocated:",0,", VRAM reserved:",0
120400,Training Loss:,1.7708202904032078e-08,", Learning rate:",5.4715664239076095e-06,", Number of training points (boundary):",4800,", Number of training points (interior):",30000,", VRAM allocated:",0,", VRAM reserved:",0
120500,Training Loss:,1.2210906064069604e-08,", Learning rate:",5.4715664239076095e-06,", Number of training points (boundary):",4800,", Number of training points (interior):",30000,", VRAM allocated:",0,", VRAM reserved:",0
120600,Training Loss:,1.9668998874067256e-08,", Learning rate:",5.4715664239076095e-06,", Number of training points (boundary):",4800,", Number of training points (interior):",30000,", VRAM allocated:",0,", VRAM reserved:",0
120700,Training Loss:,1.4264572634203887e-08,", Learning rate:",5.4715664239076095e-06,", Number of training points (boundary):",4800,", Number of training points (interior):",30000,", VRAM allocated:",0,", VRAM reserved:",0
120800,Training Loss:,1.2391984327564387e-08,", Learning rate:",5.4715664239076095e-06,", Number of training points (boundary):",4800,", Number of training points (interior):",30000,", VRAM allocated:",0,", VRAM reserved:",0
120900,Training Loss:,1.1890497475519624e-08,", Learning rate:",5.4715664239076095e-06,", Number of training points (boundary):",4800,", Number of training points (interior):",30000,", VRAM allocated:",0,", VRAM reserved:",0
121000,Training Loss:,2.0520296573067753e-08,", Learning rate:",5.4715664239076095e-06,", Number of training points (boundary):",4800,", Number of training points (interior):",30000,", VRAM allocated:",0,", VRAM reserved:",0
121100,Training Loss:,1.4619919497249612e-08,", Learning rate:",5.4715664239076095e-06,", Number of training points (boundary):",4800,", Number of training points (interior):",30000,", VRAM allocated:",0,", VRAM reserved:",0
121200,Training Loss:,1.3873723503365909e-08,", Learning rate:",5.4715664239076095e-06,", Number of training points (boundary):",4800,", Number of training points (interior):",30000,", VRAM allocated:",0,", VRAM reserved:",0
121300,Training Loss:,1.2440546370839911e-08,", Learning rate:",5.4715664239076095e-06,", Number of training points (boundary):",4800,", Number of training points (interior):",30000,", VRAM allocated:",0,", VRAM reserved:",0
121400,Training Loss:,1.1797630428134198e-08,", Learning rate:",5.4715664239076095e-06,", Number of training points (boundary):",4800,", Number of training points (interior):",30000,", VRAM allocated:",0,", VRAM reserved:",0
121500,Training Loss:,1.3002036780562776e-08,", Learning rate:",5.4715664239076095e-06,", Number of training points (boundary):",4800,", Number of training points (interior):",30000,", VRAM allocated:",0,", VRAM reserved:",0
121600,Training Loss:,1.1966581503486395e-08,", Learning rate:",5.4715664239076095e-06,", Number of training points (boundary):",4800,", Number of training points (interior):",30000,", VRAM allocated:",0,", VRAM reserved:",0
121700,Training Loss:,1.174351105248661e-08,", Learning rate:",5.4715664239076095e-06,", Number of training points (boundary):",4800,", Number of training points (interior):",30000,", VRAM allocated:",0,", VRAM reserved:",0
121800,Training Loss:,2.1448530063139515e-08,", Learning rate:",5.4715664239076095e-06,", Number of training points (boundary):",4800,", Number of training points (interior):",30000,", VRAM allocated:",0,", VRAM reserved:",0
121900,Training Loss:,2.0617445528614553e-08,", Learning rate:",5.4715664239076095e-06,", Number of training points (boundary):",4800,", Number of training points (interior):",30000,", VRAM allocated:",0,", VRAM reserved:",0
122000,Training Loss:,1.1869475180503741e-08,", Learning rate:",5.416850759668533e-06,", Number of training points (boundary):",4800,", Number of training points (interior):",30000,", VRAM allocated:",0,", VRAM reserved:",0
122100,Training Loss:,1.1485453477177998e-08,", Learning rate:",5.416850759668533e-06,", Number of training points (boundary):",4800,", Number of training points (interior):",30000,", VRAM allocated:",0,", VRAM reserved:",0
122200,Training Loss:,1.136759841813273e-08,", Learning rate:",5.416850759668533e-06,", Number of training points (boundary):",4800,", Number of training points (interior):",30000,", VRAM allocated:",0,", VRAM reserved:",0
122300,Training Loss:,1.1364498675447976e-08,", Learning rate:",5.416850759668533e-06,", Number of training points (boundary):",4800,", Number of training points (interior):",30000,", VRAM allocated:",0,", VRAM reserved:",0
122400,Training Loss:,1.1452581993864897e-08,", Learning rate:",5.416850759668533e-06,", Number of training points (boundary):",4800,", Number of training points (interior):",30000,", VRAM allocated:",0,", VRAM reserved:",0
122500,Training Loss:,1.1899448537633361e-08,", Learning rate:",5.416850759668533e-06,", Number of training points (boundary):",4800,", Number of training points (interior):",30000,", VRAM allocated:",0,", VRAM reserved:",0
122600,Training Loss:,1.4508595214124398e-08,", Learning rate:",5.416850759668533e-06,", Number of training points (boundary):",4800,", Number of training points (interior):",30000,", VRAM allocated:",0,", VRAM reserved:",0
122700,Training Loss:,1.5266419239878815e-08,", Learning rate:",5.416850759668533e-06,", Number of training points (boundary):",4800,", Number of training points (interior):",30000,", VRAM allocated:",0,", VRAM reserved:",0
122800,Training Loss:,1.1329879257004905e-08,", Learning rate:",5.416850759668533e-06,", Number of training points (boundary):",4800,", Number of training points (interior):",30000,", VRAM allocated:",0,", VRAM reserved:",0
122900,Training Loss:,1.1266751087646298e-08,", Learning rate:",5.416850759668533e-06,", Number of training points (boundary):",4800,", Number of training points (interior):",30000,", VRAM allocated:",0,", VRAM reserved:",0
123000,Training Loss:,1.125812865154785e-08,", Learning rate:",5.416850759668533e-06,", Number of training points (boundary):",4800,", Number of training points (interior):",30000,", VRAM allocated:",0,", VRAM reserved:",0
123100,Training Loss:,1.1235605335002674e-08,", Learning rate:",5.416850759668533e-06,", Number of training points (boundary):",4800,", Number of training points (interior):",30000,", VRAM allocated:",0,", VRAM reserved:",0
123200,Training Loss:,1.1814415223909691e-08,", Learning rate:",5.416850759668533e-06,", Number of training points (boundary):",4800,", Number of training points (interior):",30000,", VRAM allocated:",0,", VRAM reserved:",0
123300,Training Loss:,1.1674772260050759e-08,", Learning rate:",5.416850759668533e-06,", Number of training points (boundary):",4800,", Number of training points (interior):",30000,", VRAM allocated:",0,", VRAM reserved:",0
123400,Training Loss:,1.1190759430235175e-08,", Learning rate:",5.416850759668533e-06,", Number of training points (boundary):",4800,", Number of training points (interior):",30000,", VRAM allocated:",0,", VRAM reserved:",0
123500,Training Loss:,1.1363513685580529e-08,", Learning rate:",5.416850759668533e-06,", Number of training points (boundary):",4800,", Number of training points (interior):",30000,", VRAM allocated:",0,", VRAM reserved:",0
123600,Training Loss:,1.2703833540683718e-08,", Learning rate:",5.416850759668533e-06,", Number of training points (boundary):",4800,", Number of training points (interior):",30000,", VRAM allocated:",0,", VRAM reserved:",0
123700,Training Loss:,1.1151058743053e-08,", Learning rate:",5.416850759668533e-06,", Number of training points (boundary):",4800,", Number of training points (interior):",30000,", VRAM allocated:",0,", VRAM reserved:",0
123800,Training Loss:,1.1245495201706035e-08,", Learning rate:",5.416850759668533e-06,", Number of training points (boundary):",4800,", Number of training points (interior):",30000,", VRAM allocated:",0,", VRAM reserved:",0
123900,Training Loss:,1.1180603110005904e-08,", Learning rate:",5.416850759668533e-06,", Number of training points (boundary):",4800,", Number of training points (interior):",30000,", VRAM allocated:",0,", VRAM reserved:",0
124000,Training Loss:,1.1136819466628367e-08,", Learning rate:",5.362682252071848e-06,", Number of training points (boundary):",4800,", Number of training points (interior):",30000,", VRAM allocated:",0,", VRAM reserved:",0
124100,Training Loss:,1.1176170211513181e-08,", Learning rate:",5.362682252071848e-06,", Number of training points (boundary):",4800,", Number of training points (interior):",30000,", VRAM allocated:",0,", VRAM reserved:",0
124200,Training Loss:,1.1317817794065377e-08,", Learning rate:",5.362682252071848e-06,", Number of training points (boundary):",4800,", Number of training points (interior):",30000,", VRAM allocated:",0,", VRAM reserved:",0
124300,Training Loss:,1.1096326524295819e-08,", Learning rate:",5.362682252071848e-06,", Number of training points (boundary):",4800,", Number of training points (interior):",30000,", VRAM allocated:",0,", VRAM reserved:",0
124400,Training Loss:,1.829745421844109e-08,", Learning rate:",5.362682252071848e-06,", Number of training points (boundary):",4800,", Number of training points (interior):",30000,", VRAM allocated:",0,", VRAM reserved:",0
124500,Training Loss:,2.1872004651868338e-08,", Learning rate:",5.362682252071848e-06,", Number of training points (boundary):",4800,", Number of training points (interior):",30000,", VRAM allocated:",0,", VRAM reserved:",0
124600,Training Loss:,1.5919001228326124e-08,", Learning rate:",5.362682252071848e-06,", Number of training points (boundary):",4800,", Number of training points (interior):",30000,", VRAM allocated:",0,", VRAM reserved:",0
124700,Training Loss:,1.1030851787552365e-08,", Learning rate:",5.362682252071848e-06,", Number of training points (boundary):",4800,", Number of training points (interior):",30000,", VRAM allocated:",0,", VRAM reserved:",0
124800,Training Loss:,1.3601984427680236e-08,", Learning rate:",5.362682252071848e-06,", Number of training points (boundary):",4800,", Number of training points (interior):",30000,", VRAM allocated:",0,", VRAM reserved:",0
124900,Training Loss:,1.1026588531137804e-08,", Learning rate:",5.362682252071848e-06,", Number of training points (boundary):",4800,", Number of training points (interior):",30000,", VRAM allocated:",0,", VRAM reserved:",0
125000,Training Loss:,1.0965548469243913e-08,", Learning rate:",5.362682252071848e-06,", Number of training points (boundary):",4800,", Number of training points (interior):",30000,", VRAM allocated:",0,", VRAM reserved:",0
125100,Training Loss:,1.1053294279861348e-08,", Learning rate:",5.362682252071848e-06,", Number of training points (boundary):",4800,", Number of training points (interior):",30000,", VRAM allocated:",0,", VRAM reserved:",0
125200,Training Loss:,1.1278183720264678e-08,", Learning rate:",5.362682252071848e-06,", Number of training points (boundary):",4800,", Number of training points (interior):",30000,", VRAM allocated:",0,", VRAM reserved:",0
125300,Training Loss:,1.137292748865093e-08,", Learning rate:",5.362682252071848e-06,", Number of training points (boundary):",4800,", Number of training points (interior):",30000,", VRAM allocated:",0,", VRAM reserved:",0
125400,Training Loss:,1.2564870921494276e-08,", Learning rate:",5.362682252071848e-06,", Number of training points (boundary):",4800,", Number of training points (interior):",30000,", VRAM allocated:",0,", VRAM reserved:",0
125500,Training Loss:,1.0903766778369572e-08,", Learning rate:",5.362682252071848e-06,", Number of training points (boundary):",4800,", Number of training points (interior):",30000,", VRAM allocated:",0,", VRAM reserved:",0
125600,Training Loss:,1.0917067250204582e-08,", Learning rate:",5.362682252071848e-06,", Number of training points (boundary):",4800,", Number of training points (interior):",30000,", VRAM allocated:",0,", VRAM reserved:",0
125700,Training Loss:,1.0875323752657096e-08,", Learning rate:",5.362682252071848e-06,", Number of training points (boundary):",4800,", Number of training points (interior):",30000,", VRAM allocated:",0,", VRAM reserved:",0
125800,Training Loss:,1.1442713443443608e-08,", Learning rate:",5.362682252071848e-06,", Number of training points (boundary):",4800,", Number of training points (interior):",30000,", VRAM allocated:",0,", VRAM reserved:",0
125900,Training Loss:,2.01153955714517e-08,", Learning rate:",5.362682252071848e-06,", Number of training points (boundary):",4800,", Number of training points (interior):",30000,", VRAM allocated:",0,", VRAM reserved:",0
126000,Training Loss:,1.1325417048624331e-08,", Learning rate:",5.309055429551129e-06,", Number of training points (boundary):",4800,", Number of training points (interior):",30000,", VRAM allocated:",0,", VRAM reserved:",0
126100,Training Loss:,1.0815265127916973e-08,", Learning rate:",5.309055429551129e-06,", Number of training points (boundary):",4800,", Number of training points (interior):",30000,", VRAM allocated:",0,", VRAM reserved:",0
126200,Training Loss:,1.2976158814126393e-08,", Learning rate:",5.309055429551129e-06,", Number of training points (boundary):",4800,", Number of training points (interior):",30000,", VRAM allocated:",0,", VRAM reserved:",0
126300,Training Loss:,1.0790907722935117e-08,", Learning rate:",5.309055429551129e-06,", Number of training points (boundary):",4800,", Number of training points (interior):",30000,", VRAM allocated:",0,", VRAM reserved:",0
126400,Training Loss:,1.4972243889133097e-08,", Learning rate:",5.309055429551129e-06,", Number of training points (boundary):",4800,", Number of training points (interior):",30000,", VRAM allocated:",0,", VRAM reserved:",0
126500,Training Loss:,1.1525986387539433e-08,", Learning rate:",5.309055429551129e-06,", Number of training points (boundary):",4800,", Number of training points (interior):",30000,", VRAM allocated:",0,", VRAM reserved:",0
126600,Training Loss:,2.3468583520980246e-08,", Learning rate:",5.309055429551129e-06,", Number of training points (boundary):",4800,", Number of training points (interior):",30000,", VRAM allocated:",0,", VRAM reserved:",0
126700,Training Loss:,1.0926368254615682e-08,", Learning rate:",5.309055429551129e-06,", Number of training points (boundary):",4800,", Number of training points (interior):",30000,", VRAM allocated:",0,", VRAM reserved:",0
126800,Training Loss:,1.4160058015022514e-08,", Learning rate:",5.309055429551129e-06,", Number of training points (boundary):",4800,", Number of training points (interior):",30000,", VRAM allocated:",0,", VRAM reserved:",0
126900,Training Loss:,1.8457948058880902e-08,", Learning rate:",5.309055429551129e-06,", Number of training points (boundary):",4800,", Number of training points (interior):",30000,", VRAM allocated:",0,", VRAM reserved:",0
127000,Training Loss:,1.2704118645956441e-08,", Learning rate:",5.309055429551129e-06,", Number of training points (boundary):",4800,", Number of training points (interior):",30000,", VRAM allocated:",0,", VRAM reserved:",0
127100,Training Loss:,1.1267128563474671e-08,", Learning rate:",5.309055429551129e-06,", Number of training points (boundary):",4800,", Number of training points (interior):",30000,", VRAM allocated:",0,", VRAM reserved:",0
127200,Training Loss:,2.0475477313652846e-08,", Learning rate:",5.309055429551129e-06,", Number of training points (boundary):",4800,", Number of training points (interior):",30000,", VRAM allocated:",0,", VRAM reserved:",0
127300,Training Loss:,1.0785308646177327e-08,", Learning rate:",5.309055429551129e-06,", Number of training points (boundary):",4800,", Number of training points (interior):",30000,", VRAM allocated:",0,", VRAM reserved:",0
127400,Training Loss:,1.1606680061504449e-08,", Learning rate:",5.309055429551129e-06,", Number of training points (boundary):",4800,", Number of training points (interior):",30000,", VRAM allocated:",0,", VRAM reserved:",0
127500,Training Loss:,2.5577854501079855e-08,", Learning rate:",5.309055429551129e-06,", Number of training points (boundary):",4800,", Number of training points (interior):",30000,", VRAM allocated:",0,", VRAM reserved:",0
127600,Training Loss:,1.0618584234123318e-08,", Learning rate:",5.309055429551129e-06,", Number of training points (boundary):",4800,", Number of training points (interior):",30000,", VRAM allocated:",0,", VRAM reserved:",0
127700,Training Loss:,1.062154186826092e-08,", Learning rate:",5.309055429551129e-06,", Number of training points (boundary):",4800,", Number of training points (interior):",30000,", VRAM allocated:",0,", VRAM reserved:",0
127800,Training Loss:,1.0591497456857724e-08,", Learning rate:",5.309055429551129e-06,", Number of training points (boundary):",4800,", Number of training points (interior):",30000,", VRAM allocated:",0,", VRAM reserved:",0
127900,Training Loss:,1.5578565992768745e-08,", Learning rate:",5.309055429551129e-06,", Number of training points (boundary):",4800,", Number of training points (interior):",30000,", VRAM allocated:",0,", VRAM reserved:",0
128000,Training Loss:,1.0572962949595421e-08,", Learning rate:",5.255964875255618e-06,", Number of training points (boundary):",4800,", Number of training points (interior):",30000,", VRAM allocated:",0,", VRAM reserved:",0
128100,Training Loss:,1.0557545948586267e-08,", Learning rate:",5.255964875255618e-06,", Number of training points (boundary):",4800,", Number of training points (interior):",30000,", VRAM allocated:",0,", VRAM reserved:",0
128200,Training Loss:,1.0543456774314564e-08,", Learning rate:",5.255964875255618e-06,", Number of training points (boundary):",4800,", Number of training points (interior):",30000,", VRAM allocated:",0,", VRAM reserved:",0
128300,Training Loss:,1.0597961619396301e-08,", Learning rate:",5.255964875255618e-06,", Number of training points (boundary):",4800,", Number of training points (interior):",30000,", VRAM allocated:",0,", VRAM reserved:",0
128400,Training Loss:,1.0592314581003848e-08,", Learning rate:",5.255964875255618e-06,", Number of training points (boundary):",4800,", Number of training points (interior):",30000,", VRAM allocated:",0,", VRAM reserved:",0
128500,Training Loss:,1.0505907255264901e-08,", Learning rate:",5.255964875255618e-06,", Number of training points (boundary):",4800,", Number of training points (interior):",30000,", VRAM allocated:",0,", VRAM reserved:",0
128600,Training Loss:,1.1366535268564348e-08,", Learning rate:",5.255964875255618e-06,", Number of training points (boundary):",4800,", Number of training points (interior):",30000,", VRAM allocated:",0,", VRAM reserved:",0
128700,Training Loss:,1.0483589996113096e-08,", Learning rate:",5.255964875255618e-06,", Number of training points (boundary):",4800,", Number of training points (interior):",30000,", VRAM allocated:",0,", VRAM reserved:",0
128800,Training Loss:,1.0467380739953569e-08,", Learning rate:",5.255964875255618e-06,", Number of training points (boundary):",4800,", Number of training points (interior):",30000,", VRAM allocated:",0,", VRAM reserved:",0
128900,Training Loss:,1.0609794820481966e-08,", Learning rate:",5.255964875255618e-06,", Number of training points (boundary):",4800,", Number of training points (interior):",30000,", VRAM allocated:",0,", VRAM reserved:",0
129000,Training Loss:,1.0446808751396475e-08,", Learning rate:",5.255964875255618e-06,", Number of training points (boundary):",4800,", Number of training points (interior):",30000,", VRAM allocated:",0,", VRAM reserved:",0
129100,Training Loss:,1.0432184893716112e-08,", Learning rate:",5.255964875255618e-06,", Number of training points (boundary):",4800,", Number of training points (interior):",30000,", VRAM allocated:",0,", VRAM reserved:",0
129200,Training Loss:,1.1597852456191049e-08,", Learning rate:",5.255964875255618e-06,", Number of training points (boundary):",4800,", Number of training points (interior):",30000,", VRAM allocated:",0,", VRAM reserved:",0
129300,Training Loss:,1.0929941396398135e-08,", Learning rate:",5.255964875255618e-06,", Number of training points (boundary):",4800,", Number of training points (interior):",30000,", VRAM allocated:",0,", VRAM reserved:",0
129400,Training Loss:,1.0394462179874608e-08,", Learning rate:",5.255964875255618e-06,", Number of training points (boundary):",4800,", Number of training points (interior):",30000,", VRAM allocated:",0,", VRAM reserved:",0
129500,Training Loss:,1.2410549921071379e-08,", Learning rate:",5.255964875255618e-06,", Number of training points (boundary):",4800,", Number of training points (interior):",30000,", VRAM allocated:",0,", VRAM reserved:",0
129600,Training Loss:,1.036936847498282e-08,", Learning rate:",5.255964875255618e-06,", Number of training points (boundary):",4800,", Number of training points (interior):",30000,", VRAM allocated:",0,", VRAM reserved:",0
129700,Training Loss:,1.1440142166918577e-08,", Learning rate:",5.255964875255618e-06,", Number of training points (boundary):",4800,", Number of training points (interior):",30000,", VRAM allocated:",0,", VRAM reserved:",0
129800,Training Loss:,1.62413211768353e-08,", Learning rate:",5.255964875255618e-06,", Number of training points (boundary):",4800,", Number of training points (interior):",30000,", VRAM allocated:",0,", VRAM reserved:",0
129900,Training Loss:,1.0334488820262777e-08,", Learning rate:",5.255964875255618e-06,", Number of training points (boundary):",4800,", Number of training points (interior):",30000,", VRAM allocated:",0,", VRAM reserved:",0
130000,Training Loss:,1.867792498444487e-08,", Learning rate:",5.203405226503062e-06,", Number of training points (boundary):",4800,", Number of training points (interior):",30000,", VRAM allocated:",0,", VRAM reserved:",0
130100,Training Loss:,1.0310716724859503e-08,", Learning rate:",5.203405226503062e-06,", Number of training points (boundary):",4800,", Number of training points (interior):",30000,", VRAM allocated:",0,", VRAM reserved:",0
130200,Training Loss:,1.0295596375442528e-08,", Learning rate:",5.203405226503062e-06,", Number of training points (boundary):",4800,", Number of training points (interior):",30000,", VRAM allocated:",0,", VRAM reserved:",0
130300,Training Loss:,1.0411996598236328e-08,", Learning rate:",5.203405226503062e-06,", Number of training points (boundary):",4800,", Number of training points (interior):",30000,", VRAM allocated:",0,", VRAM reserved:",0
130400,Training Loss:,1.0981925591124764e-08,", Learning rate:",5.203405226503062e-06,", Number of training points (boundary):",4800,", Number of training points (interior):",30000,", VRAM allocated:",0,", VRAM reserved:",0
130500,Training Loss:,1.0265673644482831e-08,", Learning rate:",5.203405226503062e-06,", Number of training points (boundary):",4800,", Number of training points (interior):",30000,", VRAM allocated:",0,", VRAM reserved:",0
130600,Training Loss:,1.0252359849971526e-08,", Learning rate:",5.203405226503062e-06,", Number of training points (boundary):",4800,", Number of training points (interior):",30000,", VRAM allocated:",0,", VRAM reserved:",0
130700,Training Loss:,1.0283015328127476e-08,", Learning rate:",5.203405226503062e-06,", Number of training points (boundary):",4800,", Number of training points (interior):",30000,", VRAM allocated:",0,", VRAM reserved:",0
130800,Training Loss:,1.0234749936444132e-08,", Learning rate:",5.203405226503062e-06,", Number of training points (boundary):",4800,", Number of training points (interior):",30000,", VRAM allocated:",0,", VRAM reserved:",0
130900,Training Loss:,1.1252995868460403e-08,", Learning rate:",5.203405226503062e-06,", Number of training points (boundary):",4800,", Number of training points (interior):",30000,", VRAM allocated:",0,", VRAM reserved:",0
131000,Training Loss:,2.3463559983838422e-08,", Learning rate:",5.203405226503062e-06,", Number of training points (boundary):",4800,", Number of training points (interior):",30000,", VRAM allocated:",0,", VRAM reserved:",0
131100,Training Loss:,1.0270072792195606e-08,", Learning rate:",5.203405226503062e-06,", Number of training points (boundary):",4800,", Number of training points (interior):",30000,", VRAM allocated:",0,", VRAM reserved:",0
131200,Training Loss:,1.017723771923329e-08,", Learning rate:",5.203405226503062e-06,", Number of training points (boundary):",4800,", Number of training points (interior):",30000,", VRAM allocated:",0,", VRAM reserved:",0
131300,Training Loss:,1.0213864420904883e-08,", Learning rate:",5.203405226503062e-06,", Number of training points (boundary):",4800,", Number of training points (interior):",30000,", VRAM allocated:",0,", VRAM reserved:",0
131400,Training Loss:,1.0281395290689943e-08,", Learning rate:",5.203405226503062e-06,", Number of training points (boundary):",4800,", Number of training points (interior):",30000,", VRAM allocated:",0,", VRAM reserved:",0
131500,Training Loss:,1.0177331866145778e-08,", Learning rate:",5.203405226503062e-06,", Number of training points (boundary):",4800,", Number of training points (interior):",30000,", VRAM allocated:",0,", VRAM reserved:",0
131600,Training Loss:,1.0138353268018818e-08,", Learning rate:",5.203405226503062e-06,", Number of training points (boundary):",4800,", Number of training points (interior):",30000,", VRAM allocated:",0,", VRAM reserved:",0
131700,Training Loss:,1.489111145502875e-08,", Learning rate:",5.203405226503062e-06,", Number of training points (boundary):",4800,", Number of training points (interior):",30000,", VRAM allocated:",0,", VRAM reserved:",0
131800,Training Loss:,1.0571648445534265e-08,", Learning rate:",5.203405226503062e-06,", Number of training points (boundary):",4800,", Number of training points (interior):",30000,", VRAM allocated:",0,", VRAM reserved:",0
131900,Training Loss:,1.0634221503380559e-08,", Learning rate:",5.203405226503062e-06,", Number of training points (boundary):",4800,", Number of training points (interior):",30000,", VRAM allocated:",0,", VRAM reserved:",0
132000,Training Loss:,1.0166919750531633e-08,", Learning rate:",5.151371174238032e-06,", Number of training points (boundary):",4800,", Number of training points (interior):",30000,", VRAM allocated:",0,", VRAM reserved:",0
132100,Training Loss:,1.0907108993762904e-08,", Learning rate:",5.151371174238032e-06,", Number of training points (boundary):",4800,", Number of training points (interior):",30000,", VRAM allocated:",0,", VRAM reserved:",0
132200,Training Loss:,1.0058239574561867e-08,", Learning rate:",5.151371174238032e-06,", Number of training points (boundary):",4800,", Number of training points (interior):",30000,", VRAM allocated:",0,", VRAM reserved:",0
132300,Training Loss:,1.0081557810792674e-08,", Learning rate:",5.151371174238032e-06,", Number of training points (boundary):",4800,", Number of training points (interior):",30000,", VRAM allocated:",0,", VRAM reserved:",0
132400,Training Loss:,1.051760900594445e-08,", Learning rate:",5.151371174238032e-06,", Number of training points (boundary):",4800,", Number of training points (interior):",30000,", VRAM allocated:",0,", VRAM reserved:",0
132500,Training Loss:,1.0488275137277014e-08,", Learning rate:",5.151371174238032e-06,", Number of training points (boundary):",4800,", Number of training points (interior):",30000,", VRAM allocated:",0,", VRAM reserved:",0
132600,Training Loss:,1.2170177754455835e-08,", Learning rate:",5.151371174238032e-06,", Number of training points (boundary):",4800,", Number of training points (interior):",30000,", VRAM allocated:",0,", VRAM reserved:",0
132700,Training Loss:,1.0203544675846388e-08,", Learning rate:",5.151371174238032e-06,", Number of training points (boundary):",4800,", Number of training points (interior):",30000,", VRAM allocated:",0,", VRAM reserved:",0
132800,Training Loss:,9.97962423809895e-09,", Learning rate:",5.151371174238032e-06,", Number of training points (boundary):",4800,", Number of training points (interior):",30000,", VRAM allocated:",0,", VRAM reserved:",0
132900,Training Loss:,1.0055542176701238e-08,", Learning rate:",5.151371174238032e-06,", Number of training points (boundary):",4800,", Number of training points (interior):",30000,", VRAM allocated:",0,", VRAM reserved:",0
133000,Training Loss:,9.957692448381295e-09,", Learning rate:",5.151371174238032e-06,", Number of training points (boundary):",4800,", Number of training points (interior):",30000,", VRAM allocated:",0,", VRAM reserved:",0
133100,Training Loss:,1.6314524842186984e-08,", Learning rate:",5.151371174238032e-06,", Number of training points (boundary):",4800,", Number of training points (interior):",30000,", VRAM allocated:",0,", VRAM reserved:",0
133200,Training Loss:,1.192543042094485e-08,", Learning rate:",5.151371174238032e-06,", Number of training points (boundary):",4800,", Number of training points (interior):",30000,", VRAM allocated:",0,", VRAM reserved:",0
133300,Training Loss:,9.955311242038078e-09,", Learning rate:",5.151371174238032e-06,", Number of training points (boundary):",4800,", Number of training points (interior):",30000,", VRAM allocated:",0,", VRAM reserved:",0
133400,Training Loss:,9.912670684286695e-09,", Learning rate:",5.151371174238032e-06,", Number of training points (boundary):",4800,", Number of training points (interior):",30000,", VRAM allocated:",0,", VRAM reserved:",0
133500,Training Loss:,1.1087624152139597e-08,", Learning rate:",5.151371174238032e-06,", Number of training points (boundary):",4800,", Number of training points (interior):",30000,", VRAM allocated:",0,", VRAM reserved:",0
133600,Training Loss:,1.0454529686398928e-08,", Learning rate:",5.151371174238032e-06,", Number of training points (boundary):",4800,", Number of training points (interior):",30000,", VRAM allocated:",0,", VRAM reserved:",0
133700,Training Loss:,2.2446933201081265e-08,", Learning rate:",5.151371174238032e-06,", Number of training points (boundary):",4800,", Number of training points (interior):",30000,", VRAM allocated:",0,", VRAM reserved:",0
133800,Training Loss:,9.880586127053448e-09,", Learning rate:",5.151371174238032e-06,", Number of training points (boundary):",4800,", Number of training points (interior):",30000,", VRAM allocated:",0,", VRAM reserved:",0
133900,Training Loss:,9.870355199836922e-09,", Learning rate:",5.151371174238032e-06,", Number of training points (boundary):",4800,", Number of training points (interior):",30000,", VRAM allocated:",0,", VRAM reserved:",0
134000,Training Loss:,1.2528301951419962e-08,", Learning rate:",5.099857462495652e-06,", Number of training points (boundary):",4800,", Number of training points (interior):",30000,", VRAM allocated:",0,", VRAM reserved:",0
134100,Training Loss:,9.831210512345478e-09,", Learning rate:",5.099857462495652e-06,", Number of training points (boundary):",4800,", Number of training points (interior):",30000,", VRAM allocated:",0,", VRAM reserved:",0
134200,Training Loss:,9.825050995004858e-09,", Learning rate:",5.099857462495652e-06,", Number of training points (boundary):",4800,", Number of training points (interior):",30000,", VRAM allocated:",0,", VRAM reserved:",0
134300,Training Loss:,9.846643500566188e-09,", Learning rate:",5.099857462495652e-06,", Number of training points (boundary):",4800,", Number of training points (interior):",30000,", VRAM allocated:",0,", VRAM reserved:",0
134400,Training Loss:,1.9994480737750564e-08,", Learning rate:",5.099857462495652e-06,", Number of training points (boundary):",4800,", Number of training points (interior):",30000,", VRAM allocated:",0,", VRAM reserved:",0
134500,Training Loss:,9.832374914253705e-09,", Learning rate:",5.099857462495652e-06,", Number of training points (boundary):",4800,", Number of training points (interior):",30000,", VRAM allocated:",0,", VRAM reserved:",0
134600,Training Loss:,1.0594939148234062e-08,", Learning rate:",5.099857462495652e-06,", Number of training points (boundary):",4800,", Number of training points (interior):",30000,", VRAM allocated:",0,", VRAM reserved:",0
134700,Training Loss:,1.0085462243125676e-08,", Learning rate:",5.099857462495652e-06,", Number of training points (boundary):",4800,", Number of training points (interior):",30000,", VRAM allocated:",0,", VRAM reserved:",0
134800,Training Loss:,9.795970257187037e-09,", Learning rate:",5.099857462495652e-06,", Number of training points (boundary):",4800,", Number of training points (interior):",30000,", VRAM allocated:",0,", VRAM reserved:",0
134900,Training Loss:,9.751047080897024e-09,", Learning rate:",5.099857462495652e-06,", Number of training points (boundary):",4800,", Number of training points (interior):",30000,", VRAM allocated:",0,", VRAM reserved:",0
135000,Training Loss:,1.0632701830104452e-08,", Learning rate:",5.099857462495652e-06,", Number of training points (boundary):",4800,", Number of training points (interior):",30000,", VRAM allocated:",0,", VRAM reserved:",0
135100,Training Loss:,2.3188361453208017e-08,", Learning rate:",5.099857462495652e-06,", Number of training points (boundary):",4800,", Number of training points (interior):",30000,", VRAM allocated:",0,", VRAM reserved:",0
135200,Training Loss:,9.703511771874673e-09,", Learning rate:",5.099857462495652e-06,", Number of training points (boundary):",4800,", Number of training points (interior):",30000,", VRAM allocated:",0,", VRAM reserved:",0
135300,Training Loss:,1.1099399621627981e-08,", Learning rate:",5.099857462495652e-06,", Number of training points (boundary):",4800,", Number of training points (interior):",30000,", VRAM allocated:",0,", VRAM reserved:",0
135400,Training Loss:,9.895412489413502e-09,", Learning rate:",5.099857462495652e-06,", Number of training points (boundary):",4800,", Number of training points (interior):",30000,", VRAM allocated:",0,", VRAM reserved:",0
135500,Training Loss:,1.827935669496128e-08,", Learning rate:",5.099857462495652e-06,", Number of training points (boundary):",4800,", Number of training points (interior):",30000,", VRAM allocated:",0,", VRAM reserved:",0
135600,Training Loss:,1.9981952092962274e-08,", Learning rate:",5.099857462495652e-06,", Number of training points (boundary):",4800,", Number of training points (interior):",30000,", VRAM allocated:",0,", VRAM reserved:",0
135700,Training Loss:,1.1145684375435394e-08,", Learning rate:",5.099857462495652e-06,", Number of training points (boundary):",4800,", Number of training points (interior):",30000,", VRAM allocated:",0,", VRAM reserved:",0
135800,Training Loss:,9.649383514442889e-09,", Learning rate:",5.099857462495652e-06,", Number of training points (boundary):",4800,", Number of training points (interior):",30000,", VRAM allocated:",0,", VRAM reserved:",0
135900,Training Loss:,9.838514891669092e-09,", Learning rate:",5.099857462495652e-06,", Number of training points (boundary):",4800,", Number of training points (interior):",30000,", VRAM allocated:",0,", VRAM reserved:",0
136000,Training Loss:,1.0470670552820138e-08,", Learning rate:",5.048858887870695e-06,", Number of training points (boundary):",4800,", Number of training points (interior):",30000,", VRAM allocated:",0,", VRAM reserved:",0
136100,Training Loss:,1.300525465097735e-08,", Learning rate:",5.048858887870695e-06,", Number of training points (boundary):",4800,", Number of training points (interior):",30000,", VRAM allocated:",0,", VRAM reserved:",0
136200,Training Loss:,9.594135264023862e-09,", Learning rate:",5.048858887870695e-06,", Number of training points (boundary):",4800,", Number of training points (interior):",30000,", VRAM allocated:",0,", VRAM reserved:",0
136300,Training Loss:,9.582021398557572e-09,", Learning rate:",5.048858887870695e-06,", Number of training points (boundary):",4800,", Number of training points (interior):",30000,", VRAM allocated:",0,", VRAM reserved:",0
136400,Training Loss:,9.643406073678307e-09,", Learning rate:",5.048858887870695e-06,", Number of training points (boundary):",4800,", Number of training points (interior):",30000,", VRAM allocated:",0,", VRAM reserved:",0
136500,Training Loss:,9.585508387033315e-09,", Learning rate:",5.048858887870695e-06,", Number of training points (boundary):",4800,", Number of training points (interior):",30000,", VRAM allocated:",0,", VRAM reserved:",0
136600,Training Loss:,9.865909866846323e-09,", Learning rate:",5.048858887870695e-06,", Number of training points (boundary):",4800,", Number of training points (interior):",30000,", VRAM allocated:",0,", VRAM reserved:",0
136700,Training Loss:,9.968698755358218e-09,", Learning rate:",5.048858887870695e-06,", Number of training points (boundary):",4800,", Number of training points (interior):",30000,", VRAM allocated:",0,", VRAM reserved:",0
136800,Training Loss:,9.701216718838168e-09,", Learning rate:",5.048858887870695e-06,", Number of training points (boundary):",4800,", Number of training points (interior):",30000,", VRAM allocated:",0,", VRAM reserved:",0
136900,Training Loss:,9.522809207851424e-09,", Learning rate:",5.048858887870695e-06,", Number of training points (boundary):",4800,", Number of training points (interior):",30000,", VRAM allocated:",0,", VRAM reserved:",0
137000,Training Loss:,1.0787732485084689e-08,", Learning rate:",5.048858887870695e-06,", Number of training points (boundary):",4800,", Number of training points (interior):",30000,", VRAM allocated:",0,", VRAM reserved:",0
137100,Training Loss:,1.029923435424962e-08,", Learning rate:",5.048858887870695e-06,", Number of training points (boundary):",4800,", Number of training points (interior):",30000,", VRAM allocated:",0,", VRAM reserved:",0
137200,Training Loss:,9.849427939911948e-09,", Learning rate:",5.048858887870695e-06,", Number of training points (boundary):",4800,", Number of training points (interior):",30000,", VRAM allocated:",0,", VRAM reserved:",0
137300,Training Loss:,9.763433617138162e-09,", Learning rate:",5.048858887870695e-06,", Number of training points (boundary):",4800,", Number of training points (interior):",30000,", VRAM allocated:",0,", VRAM reserved:",0
137400,Training Loss:,2.398381226953461e-08,", Learning rate:",5.048858887870695e-06,", Number of training points (boundary):",4800,", Number of training points (interior):",30000,", VRAM allocated:",0,", VRAM reserved:",0
137500,Training Loss:,9.459709460202248e-09,", Learning rate:",5.048858887870695e-06,", Number of training points (boundary):",4800,", Number of training points (interior):",30000,", VRAM allocated:",0,", VRAM reserved:",0
137600,Training Loss:,9.439430570523655e-09,", Learning rate:",5.048858887870695e-06,", Number of training points (boundary):",4800,", Number of training points (interior):",30000,", VRAM allocated:",0,", VRAM reserved:",0
137700,Training Loss:,9.482856277998053e-09,", Learning rate:",5.048858887870695e-06,", Number of training points (boundary):",4800,", Number of training points (interior):",30000,", VRAM allocated:",0,", VRAM reserved:",0
137800,Training Loss:,9.551246016314963e-09,", Learning rate:",5.048858887870695e-06,", Number of training points (boundary):",4800,", Number of training points (interior):",30000,", VRAM allocated:",0,", VRAM reserved:",0
137900,Training Loss:,1.055078424627709e-08,", Learning rate:",5.048858887870695e-06,", Number of training points (boundary):",4800,", Number of training points (interior):",30000,", VRAM allocated:",0,", VRAM reserved:",0
138000,Training Loss:,9.406293521863063e-09,", Learning rate:",4.998370298991988e-06,", Number of training points (boundary):",4800,", Number of training points (interior):",30000,", VRAM allocated:",0,", VRAM reserved:",0
138100,Training Loss:,9.464892869459618e-09,", Learning rate:",4.998370298991988e-06,", Number of training points (boundary):",4800,", Number of training points (interior):",30000,", VRAM allocated:",0,", VRAM reserved:",0
138200,Training Loss:,1.207257227520131e-08,", Learning rate:",4.998370298991988e-06,", Number of training points (boundary):",4800,", Number of training points (interior):",30000,", VRAM allocated:",0,", VRAM reserved:",0
138300,Training Loss:,9.877434870020352e-09,", Learning rate:",4.998370298991988e-06,", Number of training points (boundary):",4800,", Number of training points (interior):",30000,", VRAM allocated:",0,", VRAM reserved:",0
138400,Training Loss:,9.575432891040236e-09,", Learning rate:",4.998370298991988e-06,", Number of training points (boundary):",4800,", Number of training points (interior):",30000,", VRAM allocated:",0,", VRAM reserved:",0
138500,Training Loss:,1.0902478919661007e-08,", Learning rate:",4.998370298991988e-06,", Number of training points (boundary):",4800,", Number of training points (interior):",30000,", VRAM allocated:",0,", VRAM reserved:",0
138600,Training Loss:,9.758415409066856e-09,", Learning rate:",4.998370298991988e-06,", Number of training points (boundary):",4800,", Number of training points (interior):",30000,", VRAM allocated:",0,", VRAM reserved:",0
138700,Training Loss:,9.454278249165782e-09,", Learning rate:",4.998370298991988e-06,", Number of training points (boundary):",4800,", Number of training points (interior):",30000,", VRAM allocated:",0,", VRAM reserved:",0
138800,Training Loss:,9.411850854235126e-09,", Learning rate:",4.998370298991988e-06,", Number of training points (boundary):",4800,", Number of training points (interior):",30000,", VRAM allocated:",0,", VRAM reserved:",0
138900,Training Loss:,9.304891968042739e-09,", Learning rate:",4.998370298991988e-06,", Number of training points (boundary):",4800,", Number of training points (interior):",30000,", VRAM allocated:",0,", VRAM reserved:",0
139000,Training Loss:,9.343358087221532e-09,", Learning rate:",4.998370298991988e-06,", Number of training points (boundary):",4800,", Number of training points (interior):",30000,", VRAM allocated:",0,", VRAM reserved:",0
139100,Training Loss:,9.931399702622912e-09,", Learning rate:",4.998370298991988e-06,", Number of training points (boundary):",4800,", Number of training points (interior):",30000,", VRAM allocated:",0,", VRAM reserved:",0
139200,Training Loss:,1.1504598163014634e-08,", Learning rate:",4.998370298991988e-06,", Number of training points (boundary):",4800,", Number of training points (interior):",30000,", VRAM allocated:",0,", VRAM reserved:",0
139300,Training Loss:,1.153206863335754e-08,", Learning rate:",4.998370298991988e-06,", Number of training points (boundary):",4800,", Number of training points (interior):",30000,", VRAM allocated:",0,", VRAM reserved:",0
139400,Training Loss:,9.254870647623648e-09,", Learning rate:",4.998370298991988e-06,", Number of training points (boundary):",4800,", Number of training points (interior):",30000,", VRAM allocated:",0,", VRAM reserved:",0
139500,Training Loss:,9.235125553175294e-09,", Learning rate:",4.998370298991988e-06,", Number of training points (boundary):",4800,", Number of training points (interior):",30000,", VRAM allocated:",0,", VRAM reserved:",0
139600,Training Loss:,1.415159722739645e-08,", Learning rate:",4.998370298991988e-06,", Number of training points (boundary):",4800,", Number of training points (interior):",30000,", VRAM allocated:",0,", VRAM reserved:",0
139700,Training Loss:,1.8302465321085037e-08,", Learning rate:",4.998370298991988e-06,", Number of training points (boundary):",4800,", Number of training points (interior):",30000,", VRAM allocated:",0,", VRAM reserved:",0
139800,Training Loss:,1.1277387024222207e-08,", Learning rate:",4.998370298991988e-06,", Number of training points (boundary):",4800,", Number of training points (interior):",30000,", VRAM allocated:",0,", VRAM reserved:",0
139900,Training Loss:,1.062598453671626e-08,", Learning rate:",4.998370298991988e-06,", Number of training points (boundary):",4800,", Number of training points (interior):",30000,", VRAM allocated:",0,", VRAM reserved:",0
140000,Training Loss:,9.25284737718357e-09,", Learning rate:",4.9483865960020685e-06,", Number of training points (boundary):",4800,", Number of training points (interior):",30000,", VRAM allocated:",0,", VRAM reserved:",0
140100,Training Loss:,1.0517184456659834e-08,", Learning rate:",4.9483865960020685e-06,", Number of training points (boundary):",4800,", Number of training points (interior):",30000,", VRAM allocated:",0,", VRAM reserved:",0
140200,Training Loss:,9.876127471386553e-09,", Learning rate:",4.9483865960020685e-06,", Number of training points (boundary):",4800,", Number of training points (interior):",30000,", VRAM allocated:",0,", VRAM reserved:",0
140300,Training Loss:,9.249628618590577e-09,", Learning rate:",4.9483865960020685e-06,", Number of training points (boundary):",4800,", Number of training points (interior):",30000,", VRAM allocated:",0,", VRAM reserved:",0
140400,Training Loss:,9.254471855513202e-09,", Learning rate:",4.9483865960020685e-06,", Number of training points (boundary):",4800,", Number of training points (interior):",30000,", VRAM allocated:",0,", VRAM reserved:",0
140500,Training Loss:,9.776862874844028e-09,", Learning rate:",4.9483865960020685e-06,", Number of training points (boundary):",4800,", Number of training points (interior):",30000,", VRAM allocated:",0,", VRAM reserved:",0
140600,Training Loss:,9.174816462120816e-09,", Learning rate:",4.9483865960020685e-06,", Number of training points (boundary):",4800,", Number of training points (interior):",30000,", VRAM allocated:",0,", VRAM reserved:",0
140700,Training Loss:,9.632105779644462e-09,", Learning rate:",4.9483865960020685e-06,", Number of training points (boundary):",4800,", Number of training points (interior):",30000,", VRAM allocated:",0,", VRAM reserved:",0
140800,Training Loss:,9.337775885853716e-09,", Learning rate:",4.9483865960020685e-06,", Number of training points (boundary):",4800,", Number of training points (interior):",30000,", VRAM allocated:",0,", VRAM reserved:",0
140900,Training Loss:,9.094340391868627e-09,", Learning rate:",4.9483865960020685e-06,", Number of training points (boundary):",4800,", Number of training points (interior):",30000,", VRAM allocated:",0,", VRAM reserved:",0
141000,Training Loss:,9.312345561340862e-09,", Learning rate:",4.9483865960020685e-06,", Number of training points (boundary):",4800,", Number of training points (interior):",30000,", VRAM allocated:",0,", VRAM reserved:",0
141100,Training Loss:,9.070864059879113e-09,", Learning rate:",4.9483865960020685e-06,", Number of training points (boundary):",4800,", Number of training points (interior):",30000,", VRAM allocated:",0,", VRAM reserved:",0
141200,Training Loss:,9.090148189727643e-09,", Learning rate:",4.9483865960020685e-06,", Number of training points (boundary):",4800,", Number of training points (interior):",30000,", VRAM allocated:",0,", VRAM reserved:",0
141300,Training Loss:,9.336924122749224e-09,", Learning rate:",4.9483865960020685e-06,", Number of training points (boundary):",4800,", Number of training points (interior):",30000,", VRAM allocated:",0,", VRAM reserved:",0
141400,Training Loss:,1.666762017293877e-08,", Learning rate:",4.9483865960020685e-06,", Number of training points (boundary):",4800,", Number of training points (interior):",30000,", VRAM allocated:",0,", VRAM reserved:",0
141500,Training Loss:,9.109738741130968e-09,", Learning rate:",4.9483865960020685e-06,", Number of training points (boundary):",4800,", Number of training points (interior):",30000,", VRAM allocated:",0,", VRAM reserved:",0
141600,Training Loss:,9.019806235244232e-09,", Learning rate:",4.9483865960020685e-06,", Number of training points (boundary):",4800,", Number of training points (interior):",30000,", VRAM allocated:",0,", VRAM reserved:",0
141700,Training Loss:,9.018548574601937e-09,", Learning rate:",4.9483865960020685e-06,", Number of training points (boundary):",4800,", Number of training points (interior):",30000,", VRAM allocated:",0,", VRAM reserved:",0
141800,Training Loss:,9.019038849089611e-09,", Learning rate:",4.9483865960020685e-06,", Number of training points (boundary):",4800,", Number of training points (interior):",30000,", VRAM allocated:",0,", VRAM reserved:",0
141900,Training Loss:,8.996775768821408e-09,", Learning rate:",4.9483865960020685e-06,", Number of training points (boundary):",4800,", Number of training points (interior):",30000,", VRAM allocated:",0,", VRAM reserved:",0
142000,Training Loss:,9.17258535793053e-09,", Learning rate:",4.898902730042048e-06,", Number of training points (boundary):",4800,", Number of training points (interior):",30000,", VRAM allocated:",0,", VRAM reserved:",0
142100,Training Loss:,8.976602572374759e-09,", Learning rate:",4.898902730042048e-06,", Number of training points (boundary):",4800,", Number of training points (interior):",30000,", VRAM allocated:",0,", VRAM reserved:",0
142200,Training Loss:,8.96057539279127e-09,", Learning rate:",4.898902730042048e-06,", Number of training points (boundary):",4800,", Number of training points (interior):",30000,", VRAM allocated:",0,", VRAM reserved:",0
142300,Training Loss:,3.2806259042672536e-08,", Learning rate:",4.898902730042048e-06,", Number of training points (boundary):",4800,", Number of training points (interior):",30000,", VRAM allocated:",0,", VRAM reserved:",0
142400,Training Loss:,8.938464191032836e-09,", Learning rate:",4.898902730042048e-06,", Number of training points (boundary):",4800,", Number of training points (interior):",30000,", VRAM allocated:",0,", VRAM reserved:",0
142500,Training Loss:,1.963421603079496e-08,", Learning rate:",4.898902730042048e-06,", Number of training points (boundary):",4800,", Number of training points (interior):",30000,", VRAM allocated:",0,", VRAM reserved:",0
142600,Training Loss:,8.921048788579355e-09,", Learning rate:",4.898902730042048e-06,", Number of training points (boundary):",4800,", Number of training points (interior):",30000,", VRAM allocated:",0,", VRAM reserved:",0
142700,Training Loss:,8.90898110839089e-09,", Learning rate:",4.898902730042048e-06,", Number of training points (boundary):",4800,", Number of training points (interior):",30000,", VRAM allocated:",0,", VRAM reserved:",0
142800,Training Loss:,1.7516677885964782e-08,", Learning rate:",4.898902730042048e-06,", Number of training points (boundary):",4800,", Number of training points (interior):",30000,", VRAM allocated:",0,", VRAM reserved:",0
142900,Training Loss:,8.889675662260288e-09,", Learning rate:",4.898902730042048e-06,", Number of training points (boundary):",4800,", Number of training points (interior):",30000,", VRAM allocated:",0,", VRAM reserved:",0
143000,Training Loss:,9.095406205972267e-09,", Learning rate:",4.898902730042048e-06,", Number of training points (boundary):",4800,", Number of training points (interior):",30000,", VRAM allocated:",0,", VRAM reserved:",0
143100,Training Loss:,8.871650081232474e-09,", Learning rate:",4.898902730042048e-06,", Number of training points (boundary):",4800,", Number of training points (interior):",30000,", VRAM allocated:",0,", VRAM reserved:",0
143200,Training Loss:,8.871149148603763e-09,", Learning rate:",4.898902730042048e-06,", Number of training points (boundary):",4800,", Number of training points (interior):",30000,", VRAM allocated:",0,", VRAM reserved:",0
143300,Training Loss:,9.017558255663971e-09,", Learning rate:",4.898902730042048e-06,", Number of training points (boundary):",4800,", Number of training points (interior):",30000,", VRAM allocated:",0,", VRAM reserved:",0
143400,Training Loss:,8.865574052663305e-09,", Learning rate:",4.898902730042048e-06,", Number of training points (boundary):",4800,", Number of training points (interior):",30000,", VRAM allocated:",0,", VRAM reserved:",0
143500,Training Loss:,8.831424480604255e-09,", Learning rate:",4.898902730042048e-06,", Number of training points (boundary):",4800,", Number of training points (interior):",30000,", VRAM allocated:",0,", VRAM reserved:",0
143600,Training Loss:,8.856098077103525e-09,", Learning rate:",4.898902730042048e-06,", Number of training points (boundary):",4800,", Number of training points (interior):",30000,", VRAM allocated:",0,", VRAM reserved:",0
143700,Training Loss:,1.025400919729691e-08,", Learning rate:",4.898902730042048e-06,", Number of training points (boundary):",4800,", Number of training points (interior):",30000,", VRAM allocated:",0,", VRAM reserved:",0
143800,Training Loss:,8.802389928064258e-09,", Learning rate:",4.898902730042048e-06,", Number of training points (boundary):",4800,", Number of training points (interior):",30000,", VRAM allocated:",0,", VRAM reserved:",0
143900,Training Loss:,8.860292055601349e-09,", Learning rate:",4.898902730042048e-06,", Number of training points (boundary):",4800,", Number of training points (interior):",30000,", VRAM allocated:",0,", VRAM reserved:",0
144000,Training Loss:,1.003382710251799e-08,", Learning rate:",4.849913702741627e-06,", Number of training points (boundary):",4800,", Number of training points (interior):",30000,", VRAM allocated:",0,", VRAM reserved:",0
144100,Training Loss:,9.439899528729256e-09,", Learning rate:",4.849913702741627e-06,", Number of training points (boundary):",4800,", Number of training points (interior):",30000,", VRAM allocated:",0,", VRAM reserved:",0
144200,Training Loss:,8.764359016311118e-09,", Learning rate:",4.849913702741627e-06,", Number of training points (boundary):",4800,", Number of training points (interior):",30000,", VRAM allocated:",0,", VRAM reserved:",0
144300,Training Loss:,8.8106784090769e-09,", Learning rate:",4.849913702741627e-06,", Number of training points (boundary):",4800,", Number of training points (interior):",30000,", VRAM allocated:",0,", VRAM reserved:",0
144400,Training Loss:,8.864906142491691e-09,", Learning rate:",4.849913702741627e-06,", Number of training points (boundary):",4800,", Number of training points (interior):",30000,", VRAM allocated:",0,", VRAM reserved:",0
144500,Training Loss:,1.1988581682942367e-08,", Learning rate:",4.849913702741627e-06,", Number of training points (boundary):",4800,", Number of training points (interior):",30000,", VRAM allocated:",0,", VRAM reserved:",0
144600,Training Loss:,1.1900759488980839e-08,", Learning rate:",4.849913702741627e-06,", Number of training points (boundary):",4800,", Number of training points (interior):",30000,", VRAM allocated:",0,", VRAM reserved:",0
144700,Training Loss:,9.076218887571486e-09,", Learning rate:",4.849913702741627e-06,", Number of training points (boundary):",4800,", Number of training points (interior):",30000,", VRAM allocated:",0,", VRAM reserved:",0
144800,Training Loss:,9.307380643974739e-09,", Learning rate:",4.849913702741627e-06,", Number of training points (boundary):",4800,", Number of training points (interior):",30000,", VRAM allocated:",0,", VRAM reserved:",0
144900,Training Loss:,8.797074180222353e-09,", Learning rate:",4.849913702741627e-06,", Number of training points (boundary):",4800,", Number of training points (interior):",30000,", VRAM allocated:",0,", VRAM reserved:",0
145000,Training Loss:,8.687557340181229e-09,", Learning rate:",4.849913702741627e-06,", Number of training points (boundary):",4800,", Number of training points (interior):",30000,", VRAM allocated:",0,", VRAM reserved:",0
145100,Training Loss:,8.680262730820232e-09,", Learning rate:",4.849913702741627e-06,", Number of training points (boundary):",4800,", Number of training points (interior):",30000,", VRAM allocated:",0,", VRAM reserved:",0
145200,Training Loss:,1.0015382301276077e-08,", Learning rate:",4.849913702741627e-06,", Number of training points (boundary):",4800,", Number of training points (interior):",30000,", VRAM allocated:",0,", VRAM reserved:",0
145300,Training Loss:,8.867528045186646e-09,", Learning rate:",4.849913702741627e-06,", Number of training points (boundary):",4800,", Number of training points (interior):",30000,", VRAM allocated:",0,", VRAM reserved:",0
145400,Training Loss:,8.654016170339673e-09,", Learning rate:",4.849913702741627e-06,", Number of training points (boundary):",4800,", Number of training points (interior):",30000,", VRAM allocated:",0,", VRAM reserved:",0
145500,Training Loss:,8.646367177789216e-09,", Learning rate:",4.849913702741627e-06,", Number of training points (boundary):",4800,", Number of training points (interior):",30000,", VRAM allocated:",0,", VRAM reserved:",0
145600,Training Loss:,8.690788533272098e-09,", Learning rate:",4.849913702741627e-06,", Number of training points (boundary):",4800,", Number of training points (interior):",30000,", VRAM allocated:",0,", VRAM reserved:",0
145700,Training Loss:,8.623889158343445e-09,", Learning rate:",4.849913702741627e-06,", Number of training points (boundary):",4800,", Number of training points (interior):",30000,", VRAM allocated:",0,", VRAM reserved:",0
145800,Training Loss:,8.614346569402187e-09,", Learning rate:",4.849913702741627e-06,", Number of training points (boundary):",4800,", Number of training points (interior):",30000,", VRAM allocated:",0,", VRAM reserved:",0
145900,Training Loss:,8.739672097135553e-09,", Learning rate:",4.849913702741627e-06,", Number of training points (boundary):",4800,", Number of training points (interior):",30000,", VRAM allocated:",0,", VRAM reserved:",0
146000,Training Loss:,8.596191314325097e-09,", Learning rate:",4.801414565714211e-06,", Number of training points (boundary):",4800,", Number of training points (interior):",30000,", VRAM allocated:",0,", VRAM reserved:",0
146100,Training Loss:,8.852240718226767e-09,", Learning rate:",4.801414565714211e-06,", Number of training points (boundary):",4800,", Number of training points (interior):",30000,", VRAM allocated:",0,", VRAM reserved:",0
146200,Training Loss:,1.1466947391625126e-08,", Learning rate:",4.801414565714211e-06,", Number of training points (boundary):",4800,", Number of training points (interior):",30000,", VRAM allocated:",0,", VRAM reserved:",0
146300,Training Loss:,9.210577189833202e-09,", Learning rate:",4.801414565714211e-06,", Number of training points (boundary):",4800,", Number of training points (interior):",30000,", VRAM allocated:",0,", VRAM reserved:",0
146400,Training Loss:,8.825942643397866e-09,", Learning rate:",4.801414565714211e-06,", Number of training points (boundary):",4800,", Number of training points (interior):",30000,", VRAM allocated:",0,", VRAM reserved:",0
146500,Training Loss:,9.607323825377989e-09,", Learning rate:",4.801414565714211e-06,", Number of training points (boundary):",4800,", Number of training points (interior):",30000,", VRAM allocated:",0,", VRAM reserved:",0
146600,Training Loss:,1.628391466113044e-08,", Learning rate:",4.801414565714211e-06,", Number of training points (boundary):",4800,", Number of training points (interior):",30000,", VRAM allocated:",0,", VRAM reserved:",0
146700,Training Loss:,8.527932138235883e-09,", Learning rate:",4.801414565714211e-06,", Number of training points (boundary):",4800,", Number of training points (interior):",30000,", VRAM allocated:",0,", VRAM reserved:",0
146800,Training Loss:,1.46582816995533e-08,", Learning rate:",4.801414565714211e-06,", Number of training points (boundary):",4800,", Number of training points (interior):",30000,", VRAM allocated:",0,", VRAM reserved:",0
146900,Training Loss:,1.972869512201214e-08,", Learning rate:",4.801414565714211e-06,", Number of training points (boundary):",4800,", Number of training points (interior):",30000,", VRAM allocated:",0,", VRAM reserved:",0
147000,Training Loss:,8.66006821809151e-09,", Learning rate:",4.801414565714211e-06,", Number of training points (boundary):",4800,", Number of training points (interior):",30000,", VRAM allocated:",0,", VRAM reserved:",0
147100,Training Loss:,1.181513109571597e-08,", Learning rate:",4.801414565714211e-06,", Number of training points (boundary):",4800,", Number of training points (interior):",30000,", VRAM allocated:",0,", VRAM reserved:",0
147200,Training Loss:,8.541659823890768e-09,", Learning rate:",4.801414565714211e-06,", Number of training points (boundary):",4800,", Number of training points (interior):",30000,", VRAM allocated:",0,", VRAM reserved:",0
147300,Training Loss:,8.490269820526919e-09,", Learning rate:",4.801414565714211e-06,", Number of training points (boundary):",4800,", Number of training points (interior):",30000,", VRAM allocated:",0,", VRAM reserved:",0
147400,Training Loss:,8.463217682219693e-09,", Learning rate:",4.801414565714211e-06,", Number of training points (boundary):",4800,", Number of training points (interior):",30000,", VRAM allocated:",0,", VRAM reserved:",0
147500,Training Loss:,1.201013599683165e-08,", Learning rate:",4.801414565714211e-06,", Number of training points (boundary):",4800,", Number of training points (interior):",30000,", VRAM allocated:",0,", VRAM reserved:",0
147600,Training Loss:,8.477198498724192e-09,", Learning rate:",4.801414565714211e-06,", Number of training points (boundary):",4800,", Number of training points (interior):",30000,", VRAM allocated:",0,", VRAM reserved:",0
147700,Training Loss:,8.438231446916689e-09,", Learning rate:",4.801414565714211e-06,", Number of training points (boundary):",4800,", Number of training points (interior):",30000,", VRAM allocated:",0,", VRAM reserved:",0
147800,Training Loss:,8.745625557082803e-09,", Learning rate:",4.801414565714211e-06,", Number of training points (boundary):",4800,", Number of training points (interior):",30000,", VRAM allocated:",0,", VRAM reserved:",0
147900,Training Loss:,9.494434571877264e-09,", Learning rate:",4.801414565714211e-06,", Number of training points (boundary):",4800,", Number of training points (interior):",30000,", VRAM allocated:",0,", VRAM reserved:",0
148000,Training Loss:,8.624308378557544e-09,", Learning rate:",4.753400420057069e-06,", Number of training points (boundary):",4800,", Number of training points (interior):",30000,", VRAM allocated:",0,", VRAM reserved:",0
148100,Training Loss:,2.1996319432560085e-08,", Learning rate:",4.753400420057069e-06,", Number of training points (boundary):",4800,", Number of training points (interior):",30000,", VRAM allocated:",0,", VRAM reserved:",0
148200,Training Loss:,8.480151691969695e-09,", Learning rate:",4.753400420057069e-06,", Number of training points (boundary):",4800,", Number of training points (interior):",30000,", VRAM allocated:",0,", VRAM reserved:",0
148300,Training Loss:,8.946989815683537e-09,", Learning rate:",4.753400420057069e-06,", Number of training points (boundary):",4800,", Number of training points (interior):",30000,", VRAM allocated:",0,", VRAM reserved:",0
148400,Training Loss:,8.64896154695316e-09,", Learning rate:",4.753400420057069e-06,", Number of training points (boundary):",4800,", Number of training points (interior):",30000,", VRAM allocated:",0,", VRAM reserved:",0
148500,Training Loss:,1.3465181858407504e-08,", Learning rate:",4.753400420057069e-06,", Number of training points (boundary):",4800,", Number of training points (interior):",30000,", VRAM allocated:",0,", VRAM reserved:",0
148600,Training Loss:,8.36906988155306e-09,", Learning rate:",4.753400420057069e-06,", Number of training points (boundary):",4800,", Number of training points (interior):",30000,", VRAM allocated:",0,", VRAM reserved:",0
148700,Training Loss:,8.349274160934783e-09,", Learning rate:",4.753400420057069e-06,", Number of training points (boundary):",4800,", Number of training points (interior):",30000,", VRAM allocated:",0,", VRAM reserved:",0
148800,Training Loss:,8.388070682485704e-09,", Learning rate:",4.753400420057069e-06,", Number of training points (boundary):",4800,", Number of training points (interior):",30000,", VRAM allocated:",0,", VRAM reserved:",0
148900,Training Loss:,1.4292151462313996e-08,", Learning rate:",4.753400420057069e-06,", Number of training points (boundary):",4800,", Number of training points (interior):",30000,", VRAM allocated:",0,", VRAM reserved:",0
149000,Training Loss:,8.318989941358268e-09,", Learning rate:",4.753400420057069e-06,", Number of training points (boundary):",4800,", Number of training points (interior):",30000,", VRAM allocated:",0,", VRAM reserved:",0
149100,Training Loss:,1.4692465910570718e-08,", Learning rate:",4.753400420057069e-06,", Number of training points (boundary):",4800,", Number of training points (interior):",30000,", VRAM allocated:",0,", VRAM reserved:",0
149200,Training Loss:,8.301364928797739e-09,", Learning rate:",4.753400420057069e-06,", Number of training points (boundary):",4800,", Number of training points (interior):",30000,", VRAM allocated:",0,", VRAM reserved:",0
149300,Training Loss:,3.3985038783157506e-08,", Learning rate:",4.753400420057069e-06,", Number of training points (boundary):",4800,", Number of training points (interior):",30000,", VRAM allocated:",0,", VRAM reserved:",0
149400,Training Loss:,8.284739116959372e-09,", Learning rate:",4.753400420057069e-06,", Number of training points (boundary):",4800,", Number of training points (interior):",30000,", VRAM allocated:",0,", VRAM reserved:",0
149500,Training Loss:,8.27491231092381e-09,", Learning rate:",4.753400420057069e-06,", Number of training points (boundary):",4800,", Number of training points (interior):",30000,", VRAM allocated:",0,", VRAM reserved:",0
149600,Training Loss:,1.1222414997291708e-08,", Learning rate:",4.753400420057069e-06,", Number of training points (boundary):",4800,", Number of training points (interior):",30000,", VRAM allocated:",0,", VRAM reserved:",0
149700,Training Loss:,8.261084261107499e-09,", Learning rate:",4.753400420057069e-06,", Number of training points (boundary):",4800,", Number of training points (interior):",30000,", VRAM allocated:",0,", VRAM reserved:",0
149800,Training Loss:,8.251145544591054e-09,", Learning rate:",4.753400420057069e-06,", Number of training points (boundary):",4800,", Number of training points (interior):",30000,", VRAM allocated:",0,", VRAM reserved:",0
149900,Training Loss:,8.242026616755993e-09,", Learning rate:",4.753400420057069e-06,", Number of training points (boundary):",4800,", Number of training points (interior):",30000,", VRAM allocated:",0,", VRAM reserved:",0
150000,Training Loss:,8.319797295541775e-09,", Learning rate:",4.7058664158564985e-06,", Number of training points (boundary):",4800,", Number of training points (interior):",30000,", VRAM allocated:",0,", VRAM reserved:",0
150100,Training Loss:,8.22456236448943e-09,", Learning rate:",4.7058664158564985e-06,", Number of training points (boundary):",4800,", Number of training points (interior):",30000,", VRAM allocated:",0,", VRAM reserved:",0
150200,Training Loss:,8.305216958603978e-09,", Learning rate:",4.7058664158564985e-06,", Number of training points (boundary):",4800,", Number of training points (interior):",30000,", VRAM allocated:",0,", VRAM reserved:",0
150300,Training Loss:,8.207566182250048e-09,", Learning rate:",4.7058664158564985e-06,", Number of training points (boundary):",4800,", Number of training points (interior):",30000,", VRAM allocated:",0,", VRAM reserved:",0
150400,Training Loss:,1.866045273857253e-08,", Learning rate:",4.7058664158564985e-06,", Number of training points (boundary):",4800,", Number of training points (interior):",30000,", VRAM allocated:",0,", VRAM reserved:",0
150500,Training Loss:,8.191313405347955e-09,", Learning rate:",4.7058664158564985e-06,", Number of training points (boundary):",4800,", Number of training points (interior):",30000,", VRAM allocated:",0,", VRAM reserved:",0
150600,Training Loss:,8.18199996643898e-09,", Learning rate:",4.7058664158564985e-06,", Number of training points (boundary):",4800,", Number of training points (interior):",30000,", VRAM allocated:",0,", VRAM reserved:",0
150700,Training Loss:,8.216047397979764e-09,", Learning rate:",4.7058664158564985e-06,", Number of training points (boundary):",4800,", Number of training points (interior):",30000,", VRAM allocated:",0,", VRAM reserved:",0
150800,Training Loss:,8.165420339878438e-09,", Learning rate:",4.7058664158564985e-06,", Number of training points (boundary):",4800,", Number of training points (interior):",30000,", VRAM allocated:",0,", VRAM reserved:",0
150900,Training Loss:,2.947507837802732e-08,", Learning rate:",4.7058664158564985e-06,", Number of training points (boundary):",4800,", Number of training points (interior):",30000,", VRAM allocated:",0,", VRAM reserved:",0
151000,Training Loss:,8.150085051283895e-09,", Learning rate:",4.7058664158564985e-06,", Number of training points (boundary):",4800,", Number of training points (interior):",30000,", VRAM allocated:",0,", VRAM reserved:",0
151100,Training Loss:,8.140402130152324e-09,", Learning rate:",4.7058664158564985e-06,", Number of training points (boundary):",4800,", Number of training points (interior):",30000,", VRAM allocated:",0,", VRAM reserved:",0
151200,Training Loss:,8.29780510969158e-09,", Learning rate:",4.7058664158564985e-06,", Number of training points (boundary):",4800,", Number of training points (interior):",30000,", VRAM allocated:",0,", VRAM reserved:",0
151300,Training Loss:,8.12753153667245e-09,", Learning rate:",4.7058664158564985e-06,", Number of training points (boundary):",4800,", Number of training points (interior):",30000,", VRAM allocated:",0,", VRAM reserved:",0
151400,Training Loss:,8.116180616468682e-09,", Learning rate:",4.7058664158564985e-06,", Number of training points (boundary):",4800,", Number of training points (interior):",30000,", VRAM allocated:",0,", VRAM reserved:",0
151500,Training Loss:,8.106965765364293e-09,", Learning rate:",4.7058664158564985e-06,", Number of training points (boundary):",4800,", Number of training points (interior):",30000,", VRAM allocated:",0,", VRAM reserved:",0
151600,Training Loss:,8.153765662655132e-09,", Learning rate:",4.7058664158564985e-06,", Number of training points (boundary):",4800,", Number of training points (interior):",30000,", VRAM allocated:",0,", VRAM reserved:",0
151700,Training Loss:,8.306710874705914e-09,", Learning rate:",4.7058664158564985e-06,", Number of training points (boundary):",4800,", Number of training points (interior):",30000,", VRAM allocated:",0,", VRAM reserved:",0
151800,Training Loss:,8.082504443507332e-09,", Learning rate:",4.7058664158564985e-06,", Number of training points (boundary):",4800,", Number of training points (interior):",30000,", VRAM allocated:",0,", VRAM reserved:",0
151900,Training Loss:,8.073324231361312e-09,", Learning rate:",4.7058664158564985e-06,", Number of training points (boundary):",4800,", Number of training points (interior):",30000,", VRAM allocated:",0,", VRAM reserved:",0
152000,Training Loss:,8.229817716198795e-09,", Learning rate:",4.658807751697933e-06,", Number of training points (boundary):",4800,", Number of training points (interior):",30000,", VRAM allocated:",0,", VRAM reserved:",0
152100,Training Loss:,8.058927747356393e-09,", Learning rate:",4.658807751697933e-06,", Number of training points (boundary):",4800,", Number of training points (interior):",30000,", VRAM allocated:",0,", VRAM reserved:",0
152200,Training Loss:,8.049965138923199e-09,", Learning rate:",4.658807751697933e-06,", Number of training points (boundary):",4800,", Number of training points (interior):",30000,", VRAM allocated:",0,", VRAM reserved:",0
152300,Training Loss:,8.046654009774556e-09,", Learning rate:",4.658807751697933e-06,", Number of training points (boundary):",4800,", Number of training points (interior):",30000,", VRAM allocated:",0,", VRAM reserved:",0
152400,Training Loss:,8.033361531545324e-09,", Learning rate:",4.658807751697933e-06,", Number of training points (boundary):",4800,", Number of training points (interior):",30000,", VRAM allocated:",0,", VRAM reserved:",0
152500,Training Loss:,8.060501599516101e-09,", Learning rate:",4.658807751697933e-06,", Number of training points (boundary):",4800,", Number of training points (interior):",30000,", VRAM allocated:",0,", VRAM reserved:",0
152600,Training Loss:,8.019448216600722e-09,", Learning rate:",4.658807751697933e-06,", Number of training points (boundary):",4800,", Number of training points (interior):",30000,", VRAM allocated:",0,", VRAM reserved:",0
152700,Training Loss:,8.016657560006024e-09,", Learning rate:",4.658807751697933e-06,", Number of training points (boundary):",4800,", Number of training points (interior):",30000,", VRAM allocated:",0,", VRAM reserved:",0
152800,Training Loss:,7.999382489742857e-09,", Learning rate:",4.658807751697933e-06,", Number of training points (boundary):",4800,", Number of training points (interior):",30000,", VRAM allocated:",0,", VRAM reserved:",0
152900,Training Loss:,8.452277100445826e-09,", Learning rate:",4.658807751697933e-06,", Number of training points (boundary):",4800,", Number of training points (interior):",30000,", VRAM allocated:",0,", VRAM reserved:",0
153000,Training Loss:,7.984790606485603e-09,", Learning rate:",4.658807751697933e-06,", Number of training points (boundary):",4800,", Number of training points (interior):",30000,", VRAM allocated:",0,", VRAM reserved:",0
153100,Training Loss:,7.975782700953005e-09,", Learning rate:",4.658807751697933e-06,", Number of training points (boundary):",4800,", Number of training points (interior):",30000,", VRAM allocated:",0,", VRAM reserved:",0
153200,Training Loss:,7.976162841316636e-09,", Learning rate:",4.658807751697933e-06,", Number of training points (boundary):",4800,", Number of training points (interior):",30000,", VRAM allocated:",0,", VRAM reserved:",0
153300,Training Loss:,1.0673841366326542e-08,", Learning rate:",4.658807751697933e-06,", Number of training points (boundary):",4800,", Number of training points (interior):",30000,", VRAM allocated:",0,", VRAM reserved:",0
153400,Training Loss:,7.951431513220086e-09,", Learning rate:",4.658807751697933e-06,", Number of training points (boundary):",4800,", Number of training points (interior):",30000,", VRAM allocated:",0,", VRAM reserved:",0
153500,Training Loss:,8.12847655851101e-09,", Learning rate:",4.658807751697933e-06,", Number of training points (boundary):",4800,", Number of training points (interior):",30000,", VRAM allocated:",0,", VRAM reserved:",0
153600,Training Loss:,7.936233004102178e-09,", Learning rate:",4.658807751697933e-06,", Number of training points (boundary):",4800,", Number of training points (interior):",30000,", VRAM allocated:",0,", VRAM reserved:",0
153700,Training Loss:,7.92639465174716e-09,", Learning rate:",4.658807751697933e-06,", Number of training points (boundary):",4800,", Number of training points (interior):",30000,", VRAM allocated:",0,", VRAM reserved:",0
153800,Training Loss:,8.998830125506174e-09,", Learning rate:",4.658807751697933e-06,", Number of training points (boundary):",4800,", Number of training points (interior):",30000,", VRAM allocated:",0,", VRAM reserved:",0
153900,Training Loss:,7.911607369237572e-09,", Learning rate:",4.658807751697933e-06,", Number of training points (boundary):",4800,", Number of training points (interior):",30000,", VRAM allocated:",0,", VRAM reserved:",0
154000,Training Loss:,7.902977827711766e-09,", Learning rate:",4.612219674180954e-06,", Number of training points (boundary):",4800,", Number of training points (interior):",30000,", VRAM allocated:",0,", VRAM reserved:",0
154100,Training Loss:,7.894755960080602e-09,", Learning rate:",4.612219674180954e-06,", Number of training points (boundary):",4800,", Number of training points (interior):",30000,", VRAM allocated:",0,", VRAM reserved:",0
154200,Training Loss:,7.893851794449347e-09,", Learning rate:",4.612219674180954e-06,", Number of training points (boundary):",4800,", Number of training points (interior):",30000,", VRAM allocated:",0,", VRAM reserved:",0
154300,Training Loss:,7.878822039231181e-09,", Learning rate:",4.612219674180954e-06,", Number of training points (boundary):",4800,", Number of training points (interior):",30000,", VRAM allocated:",0,", VRAM reserved:",0
154400,Training Loss:,7.870219143057966e-09,", Learning rate:",4.612219674180954e-06,", Number of training points (boundary):",4800,", Number of training points (interior):",30000,", VRAM allocated:",0,", VRAM reserved:",0
154500,Training Loss:,7.881336472337352e-09,", Learning rate:",4.612219674180954e-06,", Number of training points (boundary):",4800,", Number of training points (interior):",30000,", VRAM allocated:",0,", VRAM reserved:",0
154600,Training Loss:,7.857284600731873e-09,", Learning rate:",4.612219674180954e-06,", Number of training points (boundary):",4800,", Number of training points (interior):",30000,", VRAM allocated:",0,", VRAM reserved:",0
154700,Training Loss:,7.848804273180576e-09,", Learning rate:",4.612219674180954e-06,", Number of training points (boundary):",4800,", Number of training points (interior):",30000,", VRAM allocated:",0,", VRAM reserved:",0
154800,Training Loss:,7.840532667557909e-09,", Learning rate:",4.612219674180954e-06,", Number of training points (boundary):",4800,", Number of training points (interior):",30000,", VRAM allocated:",0,", VRAM reserved:",0
154900,Training Loss:,1.731924648140648e-08,", Learning rate:",4.612219674180954e-06,", Number of training points (boundary):",4800,", Number of training points (interior):",30000,", VRAM allocated:",0,", VRAM reserved:",0
155000,Training Loss:,7.829544124149379e-09,", Learning rate:",4.612219674180954e-06,", Number of training points (boundary):",4800,", Number of training points (interior):",30000,", VRAM allocated:",0,", VRAM reserved:",0
155100,Training Loss:,7.817363645301612e-09,", Learning rate:",4.612219674180954e-06,", Number of training points (boundary):",4800,", Number of training points (interior):",30000,", VRAM allocated:",0,", VRAM reserved:",0
155200,Training Loss:,8.61759463788303e-09,", Learning rate:",4.612219674180954e-06,", Number of training points (boundary):",4800,", Number of training points (interior):",30000,", VRAM allocated:",0,", VRAM reserved:",0
155300,Training Loss:,7.819079606008472e-09,", Learning rate:",4.612219674180954e-06,", Number of training points (boundary):",4800,", Number of training points (interior):",30000,", VRAM allocated:",0,", VRAM reserved:",0
155400,Training Loss:,9.165983527736898e-09,", Learning rate:",4.612219674180954e-06,", Number of training points (boundary):",4800,", Number of training points (interior):",30000,", VRAM allocated:",0,", VRAM reserved:",0
155500,Training Loss:,1.1308976866075682e-08,", Learning rate:",4.612219674180954e-06,", Number of training points (boundary):",4800,", Number of training points (interior):",30000,", VRAM allocated:",0,", VRAM reserved:",0
155600,Training Loss:,8.225169878528504e-09,", Learning rate:",4.612219674180954e-06,", Number of training points (boundary):",4800,", Number of training points (interior):",30000,", VRAM allocated:",0,", VRAM reserved:",0
155700,Training Loss:,7.96942956071689e-09,", Learning rate:",4.612219674180954e-06,", Number of training points (boundary):",4800,", Number of training points (interior):",30000,", VRAM allocated:",0,", VRAM reserved:",0
155800,Training Loss:,8.13532086141322e-09,", Learning rate:",4.612219674180954e-06,", Number of training points (boundary):",4800,", Number of training points (interior):",30000,", VRAM allocated:",0,", VRAM reserved:",0
155900,Training Loss:,7.758215403441682e-09,", Learning rate:",4.612219674180954e-06,", Number of training points (boundary):",4800,", Number of training points (interior):",30000,", VRAM allocated:",0,", VRAM reserved:",0
156000,Training Loss:,7.758020004189348e-09,", Learning rate:",4.5660974774391445e-06,", Number of training points (boundary):",4800,", Number of training points (interior):",30000,", VRAM allocated:",0,", VRAM reserved:",0
156100,Training Loss:,7.737333440616112e-09,", Learning rate:",4.5660974774391445e-06,", Number of training points (boundary):",4800,", Number of training points (interior):",30000,", VRAM allocated:",0,", VRAM reserved:",0
156200,Training Loss:,7.736560725390973e-09,", Learning rate:",4.5660974774391445e-06,", Number of training points (boundary):",4800,", Number of training points (interior):",30000,", VRAM allocated:",0,", VRAM reserved:",0
156300,Training Loss:,7.721289385642649e-09,", Learning rate:",4.5660974774391445e-06,", Number of training points (boundary):",4800,", Number of training points (interior):",30000,", VRAM allocated:",0,", VRAM reserved:",0
156400,Training Loss:,8.573766585584508e-09,", Learning rate:",4.5660974774391445e-06,", Number of training points (boundary):",4800,", Number of training points (interior):",30000,", VRAM allocated:",0,", VRAM reserved:",0
156500,Training Loss:,7.707914306820385e-09,", Learning rate:",4.5660974774391445e-06,", Number of training points (boundary):",4800,", Number of training points (interior):",30000,", VRAM allocated:",0,", VRAM reserved:",0
156600,Training Loss:,7.699727966326009e-09,", Learning rate:",4.5660974774391445e-06,", Number of training points (boundary):",4800,", Number of training points (interior):",30000,", VRAM allocated:",0,", VRAM reserved:",0
156700,Training Loss:,7.691585146574198e-09,", Learning rate:",4.5660974774391445e-06,", Number of training points (boundary):",4800,", Number of training points (interior):",30000,", VRAM allocated:",0,", VRAM reserved:",0
156800,Training Loss:,1.0861228361136455e-08,", Learning rate:",4.5660974774391445e-06,", Number of training points (boundary):",4800,", Number of training points (interior):",30000,", VRAM allocated:",0,", VRAM reserved:",0
156900,Training Loss:,7.676055346905741e-09,", Learning rate:",4.5660974774391445e-06,", Number of training points (boundary):",4800,", Number of training points (interior):",30000,", VRAM allocated:",0,", VRAM reserved:",0
157000,Training Loss:,8.534076556543368e-09,", Learning rate:",4.5660974774391445e-06,", Number of training points (boundary):",4800,", Number of training points (interior):",30000,", VRAM allocated:",0,", VRAM reserved:",0
157100,Training Loss:,7.661483891752141e-09,", Learning rate:",4.5660974774391445e-06,", Number of training points (boundary):",4800,", Number of training points (interior):",30000,", VRAM allocated:",0,", VRAM reserved:",0
157200,Training Loss:,7.653360611925564e-09,", Learning rate:",4.5660974774391445e-06,", Number of training points (boundary):",4800,", Number of training points (interior):",30000,", VRAM allocated:",0,", VRAM reserved:",0
157300,Training Loss:,9.349942153846769e-09,", Learning rate:",4.5660974774391445e-06,", Number of training points (boundary):",4800,", Number of training points (interior):",30000,", VRAM allocated:",0,", VRAM reserved:",0
157400,Training Loss:,7.63847296525455e-09,", Learning rate:",4.5660974774391445e-06,", Number of training points (boundary):",4800,", Number of training points (interior):",30000,", VRAM allocated:",0,", VRAM reserved:",0
157500,Training Loss:,7.630189813312427e-09,", Learning rate:",4.5660974774391445e-06,", Number of training points (boundary):",4800,", Number of training points (interior):",30000,", VRAM allocated:",0,", VRAM reserved:",0
157600,Training Loss:,7.634614718199373e-09,", Learning rate:",4.5660974774391445e-06,", Number of training points (boundary):",4800,", Number of training points (interior):",30000,", VRAM allocated:",0,", VRAM reserved:",0
157700,Training Loss:,7.616285380152021e-09,", Learning rate:",4.5660974774391445e-06,", Number of training points (boundary):",4800,", Number of training points (interior):",30000,", VRAM allocated:",0,", VRAM reserved:",0
157800,Training Loss:,7.608420560245577e-09,", Learning rate:",4.5660974774391445e-06,", Number of training points (boundary):",4800,", Number of training points (interior):",30000,", VRAM allocated:",0,", VRAM reserved:",0
157900,Training Loss:,7.881646446605828e-09,", Learning rate:",4.5660974774391445e-06,", Number of training points (boundary):",4800,", Number of training points (interior):",30000,", VRAM allocated:",0,", VRAM reserved:",0
158000,Training Loss:,7.592944939460722e-09,", Learning rate:",4.520436502664753e-06,", Number of training points (boundary):",4800,", Number of training points (interior):",30000,", VRAM allocated:",0,", VRAM reserved:",0
158100,Training Loss:,7.585057915093785e-09,", Learning rate:",4.520436502664753e-06,", Number of training points (boundary):",4800,", Number of training points (interior):",30000,", VRAM allocated:",0,", VRAM reserved:",0
158200,Training Loss:,7.615597041876754e-09,", Learning rate:",4.520436502664753e-06,", Number of training points (boundary):",4800,", Number of training points (interior):",30000,", VRAM allocated:",0,", VRAM reserved:",0
158300,Training Loss:,7.57286855446182e-09,", Learning rate:",4.520436502664753e-06,", Number of training points (boundary):",4800,", Number of training points (interior):",30000,", VRAM allocated:",0,", VRAM reserved:",0
158400,Training Loss:,7.564890935896074e-09,", Learning rate:",4.520436502664753e-06,", Number of training points (boundary):",4800,", Number of training points (interior):",30000,", VRAM allocated:",0,", VRAM reserved:",0
158500,Training Loss:,7.557100722976884e-09,", Learning rate:",4.520436502664753e-06,", Number of training points (boundary):",4800,", Number of training points (interior):",30000,", VRAM allocated:",0,", VRAM reserved:",0
158600,Training Loss:,7.558776715654858e-09,", Learning rate:",4.520436502664753e-06,", Number of training points (boundary):",4800,", Number of training points (interior):",30000,", VRAM allocated:",0,", VRAM reserved:",0
158700,Training Loss:,7.541363089558217e-09,", Learning rate:",4.520436502664753e-06,", Number of training points (boundary):",4800,", Number of training points (interior):",30000,", VRAM allocated:",0,", VRAM reserved:",0
158800,Training Loss:,7.601371088128417e-09,", Learning rate:",4.520436502664753e-06,", Number of training points (boundary):",4800,", Number of training points (interior):",30000,", VRAM allocated:",0,", VRAM reserved:",0
158900,Training Loss:,7.527152234843015e-09,", Learning rate:",4.520436502664753e-06,", Number of training points (boundary):",4800,", Number of training points (interior):",30000,", VRAM allocated:",0,", VRAM reserved:",0
159000,Training Loss:,7.56887263975159e-09,", Learning rate:",4.520436502664753e-06,", Number of training points (boundary):",4800,", Number of training points (interior):",30000,", VRAM allocated:",0,", VRAM reserved:",0
159100,Training Loss:,7.513088817745484e-09,", Learning rate:",4.520436502664753e-06,", Number of training points (boundary):",4800,", Number of training points (interior):",30000,", VRAM allocated:",0,", VRAM reserved:",0
159200,Training Loss:,7.504705301641934e-09,", Learning rate:",4.520436502664753e-06,", Number of training points (boundary):",4800,", Number of training points (interior):",30000,", VRAM allocated:",0,", VRAM reserved:",0
159300,Training Loss:,7.681281388727257e-09,", Learning rate:",4.520436502664753e-06,", Number of training points (boundary):",4800,", Number of training points (interior):",30000,", VRAM allocated:",0,", VRAM reserved:",0
159400,Training Loss:,7.490664977183314e-09,", Learning rate:",4.520436502664753e-06,", Number of training points (boundary):",4800,", Number of training points (interior):",30000,", VRAM allocated:",0,", VRAM reserved:",0
159500,Training Loss:,7.482811703596326e-09,", Learning rate:",4.520436502664753e-06,", Number of training points (boundary):",4800,", Number of training points (interior):",30000,", VRAM allocated:",0,", VRAM reserved:",0
159600,Training Loss:,7.506824495351339e-09,", Learning rate:",4.520436502664753e-06,", Number of training points (boundary):",4800,", Number of training points (interior):",30000,", VRAM allocated:",0,", VRAM reserved:",0
159700,Training Loss:,7.468369034313582e-09,", Learning rate:",4.520436502664753e-06,", Number of training points (boundary):",4800,", Number of training points (interior):",30000,", VRAM allocated:",0,", VRAM reserved:",0
159800,Training Loss:,7.460719153584705e-09,", Learning rate:",4.520436502664753e-06,", Number of training points (boundary):",4800,", Number of training points (interior):",30000,", VRAM allocated:",0,", VRAM reserved:",0
159900,Training Loss:,7.491850695373614e-09,", Learning rate:",4.520436502664753e-06,", Number of training points (boundary):",4800,", Number of training points (interior):",30000,", VRAM allocated:",0,", VRAM reserved:",0
160000,Training Loss:,7.447676253491409e-09,", Learning rate:",4.4752321376381054e-06,", Number of training points (boundary):",4800,", Number of training points (interior):",30000,", VRAM allocated:",0,", VRAM reserved:",0
160100,Training Loss:,7.439902915962193e-09,", Learning rate:",4.4752321376381054e-06,", Number of training points (boundary):",4800,", Number of training points (interior):",30000,", VRAM allocated:",0,", VRAM reserved:",0
160200,Training Loss:,8.315545585446671e-09,", Learning rate:",4.4752321376381054e-06,", Number of training points (boundary):",4800,", Number of training points (interior):",30000,", VRAM allocated:",0,", VRAM reserved:",0
160300,Training Loss:,7.425930537152681e-09,", Learning rate:",4.4752321376381054e-06,", Number of training points (boundary):",4800,", Number of training points (interior):",30000,", VRAM allocated:",0,", VRAM reserved:",0
160400,Training Loss:,8.502600401527616e-09,", Learning rate:",4.4752321376381054e-06,", Number of training points (boundary):",4800,", Number of training points (interior):",30000,", VRAM allocated:",0,", VRAM reserved:",0
160500,Training Loss:,7.410542401942166e-09,", Learning rate:",4.4752321376381054e-06,", Number of training points (boundary):",4800,", Number of training points (interior):",30000,", VRAM allocated:",0,", VRAM reserved:",0
160600,Training Loss:,7.839854099245258e-09,", Learning rate:",4.4752321376381054e-06,", Number of training points (boundary):",4800,", Number of training points (interior):",30000,", VRAM allocated:",0,", VRAM reserved:",0
160700,Training Loss:,7.396425694139452e-09,", Learning rate:",4.4752321376381054e-06,", Number of training points (boundary):",4800,", Number of training points (interior):",30000,", VRAM allocated:",0,", VRAM reserved:",0
160800,Training Loss:,7.388585743228759e-09,", Learning rate:",4.4752321376381054e-06,", Number of training points (boundary):",4800,", Number of training points (interior):",30000,", VRAM allocated:",0,", VRAM reserved:",0
160900,Training Loss:,7.400561496950786e-09,", Learning rate:",4.4752321376381054e-06,", Number of training points (boundary):",4800,", Number of training points (interior):",30000,", VRAM allocated:",0,", VRAM reserved:",0
161000,Training Loss:,7.375180466340225e-09,", Learning rate:",4.4752321376381054e-06,", Number of training points (boundary):",4800,", Number of training points (interior):",30000,", VRAM allocated:",0,", VRAM reserved:",0
161100,Training Loss:,7.3678614320726865e-09,", Learning rate:",4.4752321376381054e-06,", Number of training points (boundary):",4800,", Number of training points (interior):",30000,", VRAM allocated:",0,", VRAM reserved:",0
161200,Training Loss:,7.3956027968336e-09,", Learning rate:",4.4752321376381054e-06,", Number of training points (boundary):",4800,", Number of training points (interior):",30000,", VRAM allocated:",0,", VRAM reserved:",0
161300,Training Loss:,7.740653451548951e-09,", Learning rate:",4.4752321376381054e-06,", Number of training points (boundary):",4800,", Number of training points (interior):",30000,", VRAM allocated:",0,", VRAM reserved:",0
161400,Training Loss:,7.384846512081822e-09,", Learning rate:",4.4752321376381054e-06,", Number of training points (boundary):",4800,", Number of training points (interior):",30000,", VRAM allocated:",0,", VRAM reserved:",0
161500,Training Loss:,7.374402422044568e-09,", Learning rate:",4.4752321376381054e-06,", Number of training points (boundary):",4800,", Number of training points (interior):",30000,", VRAM allocated:",0,", VRAM reserved:",0
161600,Training Loss:,7.3385746368614946e-09,", Learning rate:",4.4752321376381054e-06,", Number of training points (boundary):",4800,", Number of training points (interior):",30000,", VRAM allocated:",0,", VRAM reserved:",0
161700,Training Loss:,9.522134192252452e-09,", Learning rate:",4.4752321376381054e-06,", Number of training points (boundary):",4800,", Number of training points (interior):",30000,", VRAM allocated:",0,", VRAM reserved:",0
161800,Training Loss:,7.318175843096242e-09,", Learning rate:",4.4752321376381054e-06,", Number of training points (boundary):",4800,", Number of training points (interior):",30000,", VRAM allocated:",0,", VRAM reserved:",0
161900,Training Loss:,9.607595607974417e-09,", Learning rate:",4.4752321376381054e-06,", Number of training points (boundary):",4800,", Number of training points (interior):",30000,", VRAM allocated:",0,", VRAM reserved:",0
162000,Training Loss:,7.36740712881101e-09,", Learning rate:",4.4304798162617245e-06,", Number of training points (boundary):",4800,", Number of training points (interior):",30000,", VRAM allocated:",0,", VRAM reserved:",0
162100,Training Loss:,7.364666210207815e-09,", Learning rate:",4.4304798162617245e-06,", Number of training points (boundary):",4800,", Number of training points (interior):",30000,", VRAM allocated:",0,", VRAM reserved:",0
162200,Training Loss:,7.310964278417487e-09,", Learning rate:",4.4304798162617245e-06,", Number of training points (boundary):",4800,", Number of training points (interior):",30000,", VRAM allocated:",0,", VRAM reserved:",0
162300,Training Loss:,7.288063486043939e-09,", Learning rate:",4.4304798162617245e-06,", Number of training points (boundary):",4800,", Number of training points (interior):",30000,", VRAM allocated:",0,", VRAM reserved:",0
162400,Training Loss:,7.2789827498809245e-09,", Learning rate:",4.4304798162617245e-06,", Number of training points (boundary):",4800,", Number of training points (interior):",30000,", VRAM allocated:",0,", VRAM reserved:",0
162500,Training Loss:,9.783890142500695e-09,", Learning rate:",4.4304798162617245e-06,", Number of training points (boundary):",4800,", Number of training points (interior):",30000,", VRAM allocated:",0,", VRAM reserved:",0
162600,Training Loss:,7.301331983455839e-09,", Learning rate:",4.4304798162617245e-06,", Number of training points (boundary):",4800,", Number of training points (interior):",30000,", VRAM allocated:",0,", VRAM reserved:",0
162700,Training Loss:,7.2535408790486144e-09,", Learning rate:",4.4304798162617245e-06,", Number of training points (boundary):",4800,", Number of training points (interior):",30000,", VRAM allocated:",0,", VRAM reserved:",0
162800,Training Loss:,1.0543132589191373e-08,", Learning rate:",4.4304798162617245e-06,", Number of training points (boundary):",4800,", Number of training points (interior):",30000,", VRAM allocated:",0,", VRAM reserved:",0
162900,Training Loss:,7.376332877839786e-09,", Learning rate:",4.4304798162617245e-06,", Number of training points (boundary):",4800,", Number of training points (interior):",30000,", VRAM allocated:",0,", VRAM reserved:",0
163000,Training Loss:,7.236597987514415e-09,", Learning rate:",4.4304798162617245e-06,", Number of training points (boundary):",4800,", Number of training points (interior):",30000,", VRAM allocated:",0,", VRAM reserved:",0
163100,Training Loss:,9.002438794425416e-09,", Learning rate:",4.4304798162617245e-06,", Number of training points (boundary):",4800,", Number of training points (interior):",30000,", VRAM allocated:",0,", VRAM reserved:",0
163200,Training Loss:,7.706083771097383e-09,", Learning rate:",4.4304798162617245e-06,", Number of training points (boundary):",4800,", Number of training points (interior):",30000,", VRAM allocated:",0,", VRAM reserved:",0
163300,Training Loss:,7.390515754934768e-09,", Learning rate:",4.4304798162617245e-06,", Number of training points (boundary):",4800,", Number of training points (interior):",30000,", VRAM allocated:",0,", VRAM reserved:",0
163400,Training Loss:,7.895312847949754e-09,", Learning rate:",4.4304798162617245e-06,", Number of training points (boundary):",4800,", Number of training points (interior):",30000,", VRAM allocated:",0,", VRAM reserved:",0
163500,Training Loss:,8.157513775586267e-09,", Learning rate:",4.4304798162617245e-06,", Number of training points (boundary):",4800,", Number of training points (interior):",30000,", VRAM allocated:",0,", VRAM reserved:",0
163600,Training Loss:,1.0970098607288037e-08,", Learning rate:",4.4304798162617245e-06,", Number of training points (boundary):",4800,", Number of training points (interior):",30000,", VRAM allocated:",0,", VRAM reserved:",0
163700,Training Loss:,7.183109662634024e-09,", Learning rate:",4.4304798162617245e-06,", Number of training points (boundary):",4800,", Number of training points (interior):",30000,", VRAM allocated:",0,", VRAM reserved:",0
163800,Training Loss:,9.665244604661893e-09,", Learning rate:",4.4304798162617245e-06,", Number of training points (boundary):",4800,", Number of training points (interior):",30000,", VRAM allocated:",0,", VRAM reserved:",0
163900,Training Loss:,7.169110194382711e-09,", Learning rate:",4.4304798162617245e-06,", Number of training points (boundary):",4800,", Number of training points (interior):",30000,", VRAM allocated:",0,", VRAM reserved:",0
164000,Training Loss:,7.1942327650731386e-09,", Learning rate:",4.386175018099107e-06,", Number of training points (boundary):",4800,", Number of training points (interior):",30000,", VRAM allocated:",0,", VRAM reserved:",0
164100,Training Loss:,7.154136394404986e-09,", Learning rate:",4.386175018099107e-06,", Number of training points (boundary):",4800,", Number of training points (interior):",30000,", VRAM allocated:",0,", VRAM reserved:",0
164200,Training Loss:,7.1559367320617184e-09,", Learning rate:",4.386175018099107e-06,", Number of training points (boundary):",4800,", Number of training points (interior):",30000,", VRAM allocated:",0,", VRAM reserved:",0
164300,Training Loss:,7.1403869483788185e-09,", Learning rate:",4.386175018099107e-06,", Number of training points (boundary):",4800,", Number of training points (interior):",30000,", VRAM allocated:",0,", VRAM reserved:",0
164400,Training Loss:,8.530204098633476e-09,", Learning rate:",4.386175018099107e-06,", Number of training points (boundary):",4800,", Number of training points (interior):",30000,", VRAM allocated:",0,", VRAM reserved:",0
164500,Training Loss:,7.130977586200515e-09,", Learning rate:",4.386175018099107e-06,", Number of training points (boundary):",4800,", Number of training points (interior):",30000,", VRAM allocated:",0,", VRAM reserved:",0
164600,Training Loss:,7.120964706786026e-09,", Learning rate:",4.386175018099107e-06,", Number of training points (boundary):",4800,", Number of training points (interior):",30000,", VRAM allocated:",0,", VRAM reserved:",0
164700,Training Loss:,7.113860167606845e-09,", Learning rate:",4.386175018099107e-06,", Number of training points (boundary):",4800,", Number of training points (interior):",30000,", VRAM allocated:",0,", VRAM reserved:",0
164800,Training Loss:,7.278131430865642e-09,", Learning rate:",4.386175018099107e-06,", Number of training points (boundary):",4800,", Number of training points (interior):",30000,", VRAM allocated:",0,", VRAM reserved:",0
164900,Training Loss:,7.300966053946922e-09,", Learning rate:",4.386175018099107e-06,", Number of training points (boundary):",4800,", Number of training points (interior):",30000,", VRAM allocated:",0,", VRAM reserved:",0
165000,Training Loss:,1.2700653861941191e-08,", Learning rate:",4.386175018099107e-06,", Number of training points (boundary):",4800,", Number of training points (interior):",30000,", VRAM allocated:",0,", VRAM reserved:",0
165100,Training Loss:,7.086887077178972e-09,", Learning rate:",4.386175018099107e-06,", Number of training points (boundary):",4800,", Number of training points (interior):",30000,", VRAM allocated:",0,", VRAM reserved:",0
165200,Training Loss:,7.119594247484429e-09,", Learning rate:",4.386175018099107e-06,", Number of training points (boundary):",4800,", Number of training points (interior):",30000,", VRAM allocated:",0,", VRAM reserved:",0
165300,Training Loss:,7.22280901754857e-09,", Learning rate:",4.386175018099107e-06,", Number of training points (boundary):",4800,", Number of training points (interior):",30000,", VRAM allocated:",0,", VRAM reserved:",0
165400,Training Loss:,7.352940034621724e-09,", Learning rate:",4.386175018099107e-06,", Number of training points (boundary):",4800,", Number of training points (interior):",30000,", VRAM allocated:",0,", VRAM reserved:",0
165500,Training Loss:,7.060985574014467e-09,", Learning rate:",4.386175018099107e-06,", Number of training points (boundary):",4800,", Number of training points (interior):",30000,", VRAM allocated:",0,", VRAM reserved:",0
165600,Training Loss:,7.0614185609940705e-09,", Learning rate:",4.386175018099107e-06,", Number of training points (boundary):",4800,", Number of training points (interior):",30000,", VRAM allocated:",0,", VRAM reserved:",0
165700,Training Loss:,7.08416791894706e-09,", Learning rate:",4.386175018099107e-06,", Number of training points (boundary):",4800,", Number of training points (interior):",30000,", VRAM allocated:",0,", VRAM reserved:",0
165800,Training Loss:,8.809110774166129e-09,", Learning rate:",4.386175018099107e-06,", Number of training points (boundary):",4800,", Number of training points (interior):",30000,", VRAM allocated:",0,", VRAM reserved:",0
165900,Training Loss:,7.032278315222129e-09,", Learning rate:",4.386175018099107e-06,", Number of training points (boundary):",4800,", Number of training points (interior):",30000,", VRAM allocated:",0,", VRAM reserved:",0
166000,Training Loss:,7.150671610389736e-09,", Learning rate:",4.342313267918116e-06,", Number of training points (boundary):",4800,", Number of training points (interior):",30000,", VRAM allocated:",0,", VRAM reserved:",0
166100,Training Loss:,7.019092862492471e-09,", Learning rate:",4.342313267918116e-06,", Number of training points (boundary):",4800,", Number of training points (interior):",30000,", VRAM allocated:",0,", VRAM reserved:",0
166200,Training Loss:,7.0125811824084394e-09,", Learning rate:",4.342313267918116e-06,", Number of training points (boundary):",4800,", Number of training points (interior):",30000,", VRAM allocated:",0,", VRAM reserved:",0
166300,Training Loss:,7.006895508254729e-09,", Learning rate:",4.342313267918116e-06,", Number of training points (boundary):",4800,", Number of training points (interior):",30000,", VRAM allocated:",0,", VRAM reserved:",0
166400,Training Loss:,6.9991847873041024e-09,", Learning rate:",4.342313267918116e-06,", Number of training points (boundary):",4800,", Number of training points (interior):",30000,", VRAM allocated:",0,", VRAM reserved:",0
166500,Training Loss:,7.081935926578353e-09,", Learning rate:",4.342313267918116e-06,", Number of training points (boundary):",4800,", Number of training points (interior):",30000,", VRAM allocated:",0,", VRAM reserved:",0
166600,Training Loss:,7.138797553096765e-09,", Learning rate:",4.342313267918116e-06,", Number of training points (boundary):",4800,", Number of training points (interior):",30000,", VRAM allocated:",0,", VRAM reserved:",0
166700,Training Loss:,7.384528544207569e-09,", Learning rate:",4.342313267918116e-06,", Number of training points (boundary):",4800,", Number of training points (interior):",30000,", VRAM allocated:",0,", VRAM reserved:",0
166800,Training Loss:,6.974286037575439e-09,", Learning rate:",4.342313267918116e-06,", Number of training points (boundary):",4800,", Number of training points (interior):",30000,", VRAM allocated:",0,", VRAM reserved:",0
166900,Training Loss:,6.96773838626541e-09,", Learning rate:",4.342313267918116e-06,", Number of training points (boundary):",4800,", Number of training points (interior):",30000,", VRAM allocated:",0,", VRAM reserved:",0
167000,Training Loss:,6.967201038321491e-09,", Learning rate:",4.342313267918116e-06,", Number of training points (boundary):",4800,", Number of training points (interior):",30000,", VRAM allocated:",0,", VRAM reserved:",0
167100,Training Loss:,6.953302378320814e-09,", Learning rate:",4.342313267918116e-06,", Number of training points (boundary):",4800,", Number of training points (interior):",30000,", VRAM allocated:",0,", VRAM reserved:",0
167200,Training Loss:,7.661822287730047e-09,", Learning rate:",4.342313267918116e-06,", Number of training points (boundary):",4800,", Number of training points (interior):",30000,", VRAM allocated:",0,", VRAM reserved:",0
167300,Training Loss:,6.954610665133032e-09,", Learning rate:",4.342313267918116e-06,", Number of training points (boundary):",4800,", Number of training points (interior):",30000,", VRAM allocated:",0,", VRAM reserved:",0
167400,Training Loss:,6.938511099008338e-09,", Learning rate:",4.342313267918116e-06,", Number of training points (boundary):",4800,", Number of training points (interior):",30000,", VRAM allocated:",0,", VRAM reserved:",0
167500,Training Loss:,6.926974549514853e-09,", Learning rate:",4.342313267918116e-06,", Number of training points (boundary):",4800,", Number of training points (interior):",30000,", VRAM allocated:",0,", VRAM reserved:",0
167600,Training Loss:,7.101420784749735e-09,", Learning rate:",4.342313267918116e-06,", Number of training points (boundary):",4800,", Number of training points (interior):",30000,", VRAM allocated:",0,", VRAM reserved:",0
167700,Training Loss:,6.9149588277639396e-09,", Learning rate:",4.342313267918116e-06,", Number of training points (boundary):",4800,", Number of training points (interior):",30000,", VRAM allocated:",0,", VRAM reserved:",0
167800,Training Loss:,6.90796664315485e-09,", Learning rate:",4.342313267918116e-06,", Number of training points (boundary):",4800,", Number of training points (interior):",30000,", VRAM allocated:",0,", VRAM reserved:",0
167900,Training Loss:,6.9393792934135945e-09,", Learning rate:",4.342313267918116e-06,", Number of training points (boundary):",4800,", Number of training points (interior):",30000,", VRAM allocated:",0,", VRAM reserved:",0
168000,Training Loss:,6.898811744093791e-09,", Learning rate:",4.298890135238934e-06,", Number of training points (boundary):",4800,", Number of training points (interior):",30000,", VRAM allocated:",0,", VRAM reserved:",0
168100,Training Loss:,7.372745081113408e-09,", Learning rate:",4.298890135238934e-06,", Number of training points (boundary):",4800,", Number of training points (interior):",30000,", VRAM allocated:",0,", VRAM reserved:",0
168200,Training Loss:,6.8822987309147265e-09,", Learning rate:",4.298890135238934e-06,", Number of training points (boundary):",4800,", Number of training points (interior):",30000,", VRAM allocated:",0,", VRAM reserved:",0
168300,Training Loss:,7.915141431169559e-09,", Learning rate:",4.298890135238934e-06,", Number of training points (boundary):",4800,", Number of training points (interior):",30000,", VRAM allocated:",0,", VRAM reserved:",0
168400,Training Loss:,7.899803478039757e-09,", Learning rate:",4.298890135238934e-06,", Number of training points (boundary):",4800,", Number of training points (interior):",30000,", VRAM allocated:",0,", VRAM reserved:",0
168500,Training Loss:,6.885380710031086e-09,", Learning rate:",4.298890135238934e-06,", Number of training points (boundary):",4800,", Number of training points (interior):",30000,", VRAM allocated:",0,", VRAM reserved:",0
168600,Training Loss:,6.856818668410369e-09,", Learning rate:",4.298890135238934e-06,", Number of training points (boundary):",4800,", Number of training points (interior):",30000,", VRAM allocated:",0,", VRAM reserved:",0
168700,Training Loss:,6.860346513093418e-09,", Learning rate:",4.298890135238934e-06,", Number of training points (boundary):",4800,", Number of training points (interior):",30000,", VRAM allocated:",0,", VRAM reserved:",0
168800,Training Loss:,6.849019129617773e-09,", Learning rate:",4.298890135238934e-06,", Number of training points (boundary):",4800,", Number of training points (interior):",30000,", VRAM allocated:",0,", VRAM reserved:",0
168900,Training Loss:,7.484674213742437e-09,", Learning rate:",4.298890135238934e-06,", Number of training points (boundary):",4800,", Number of training points (interior):",30000,", VRAM allocated:",0,", VRAM reserved:",0
169000,Training Loss:,6.834711907544033e-09,", Learning rate:",4.298890135238934e-06,", Number of training points (boundary):",4800,", Number of training points (interior):",30000,", VRAM allocated:",0,", VRAM reserved:",0
169100,Training Loss:,6.826009535387811e-09,", Learning rate:",4.298890135238934e-06,", Number of training points (boundary):",4800,", Number of training points (interior):",30000,", VRAM allocated:",0,", VRAM reserved:",0
169200,Training Loss:,6.9229382226865255e-09,", Learning rate:",4.298890135238934e-06,", Number of training points (boundary):",4800,", Number of training points (interior):",30000,", VRAM allocated:",0,", VRAM reserved:",0
169300,Training Loss:,6.95805324468779e-09,", Learning rate:",4.298890135238934e-06,", Number of training points (boundary):",4800,", Number of training points (interior):",30000,", VRAM allocated:",0,", VRAM reserved:",0
169400,Training Loss:,6.807127306274197e-09,", Learning rate:",4.298890135238934e-06,", Number of training points (boundary):",4800,", Number of training points (interior):",30000,", VRAM allocated:",0,", VRAM reserved:",0
169500,Training Loss:,6.814329100990335e-09,", Learning rate:",4.298890135238934e-06,", Number of training points (boundary):",4800,", Number of training points (interior):",30000,", VRAM allocated:",0,", VRAM reserved:",0
169600,Training Loss:,7.629316733925862e-09,", Learning rate:",4.298890135238934e-06,", Number of training points (boundary):",4800,", Number of training points (interior):",30000,", VRAM allocated:",0,", VRAM reserved:",0
169700,Training Loss:,8.394912320852654e-09,", Learning rate:",4.298890135238934e-06,", Number of training points (boundary):",4800,", Number of training points (interior):",30000,", VRAM allocated:",0,", VRAM reserved:",0
169800,Training Loss:,6.779701688941486e-09,", Learning rate:",4.298890135238934e-06,", Number of training points (boundary):",4800,", Number of training points (interior):",30000,", VRAM allocated:",0,", VRAM reserved:",0
169900,Training Loss:,7.0735000079480415e-09,", Learning rate:",4.298890135238934e-06,", Number of training points (boundary):",4800,", Number of training points (interior):",30000,", VRAM allocated:",0,", VRAM reserved:",0
170000,Training Loss:,6.766939453228815e-09,", Learning rate:",4.255901233886545e-06,", Number of training points (boundary):",4800,", Number of training points (interior):",30000,", VRAM allocated:",0,", VRAM reserved:",0
170100,Training Loss:,6.760255022442152e-09,", Learning rate:",4.255901233886545e-06,", Number of training points (boundary):",4800,", Number of training points (interior):",30000,", VRAM allocated:",0,", VRAM reserved:",0
170200,Training Loss:,7.017832537314916e-09,", Learning rate:",4.255901233886545e-06,", Number of training points (boundary):",4800,", Number of training points (interior):",30000,", VRAM allocated:",0,", VRAM reserved:",0
170300,Training Loss:,6.748471115258781e-09,", Learning rate:",4.255901233886545e-06,", Number of training points (boundary):",4800,", Number of training points (interior):",30000,", VRAM allocated:",0,", VRAM reserved:",0
170400,Training Loss:,6.741919023056653e-09,", Learning rate:",4.255901233886545e-06,", Number of training points (boundary):",4800,", Number of training points (interior):",30000,", VRAM allocated:",0,", VRAM reserved:",0
170500,Training Loss:,1.085540901613058e-08,", Learning rate:",4.255901233886545e-06,", Number of training points (boundary):",4800,", Number of training points (interior):",30000,", VRAM allocated:",0,", VRAM reserved:",0
170600,Training Loss:,6.733423152383011e-09,", Learning rate:",4.255901233886545e-06,", Number of training points (boundary):",4800,", Number of training points (interior):",30000,", VRAM allocated:",0,", VRAM reserved:",0
170700,Training Loss:,6.725181300737404e-09,", Learning rate:",4.255901233886545e-06,", Number of training points (boundary):",4800,", Number of training points (interior):",30000,", VRAM allocated:",0,", VRAM reserved:",0
170800,Training Loss:,6.718922751502987e-09,", Learning rate:",4.255901233886545e-06,", Number of training points (boundary):",4800,", Number of training points (interior):",30000,", VRAM allocated:",0,", VRAM reserved:",0
170900,Training Loss:,6.7127636782515765e-09,", Learning rate:",4.255901233886545e-06,", Number of training points (boundary):",4800,", Number of training points (interior):",30000,", VRAM allocated:",0,", VRAM reserved:",0
171000,Training Loss:,6.706796451538821e-09,", Learning rate:",4.255901233886545e-06,", Number of training points (boundary):",4800,", Number of training points (interior):",30000,", VRAM allocated:",0,", VRAM reserved:",0
171100,Training Loss:,6.7017102978184084e-09,", Learning rate:",4.255901233886545e-06,", Number of training points (boundary):",4800,", Number of training points (interior):",30000,", VRAM allocated:",0,", VRAM reserved:",0
171200,Training Loss:,6.694259369055544e-09,", Learning rate:",4.255901233886545e-06,", Number of training points (boundary):",4800,", Number of training points (interior):",30000,", VRAM allocated:",0,", VRAM reserved:",0
171300,Training Loss:,7.954076508553953e-09,", Learning rate:",4.255901233886545e-06,", Number of training points (boundary):",4800,", Number of training points (interior):",30000,", VRAM allocated:",0,", VRAM reserved:",0
171400,Training Loss:,6.683851694333498e-09,", Learning rate:",4.255901233886545e-06,", Number of training points (boundary):",4800,", Number of training points (interior):",30000,", VRAM allocated:",0,", VRAM reserved:",0
171500,Training Loss:,6.677199682059154e-09,", Learning rate:",4.255901233886545e-06,", Number of training points (boundary):",4800,", Number of training points (interior):",30000,", VRAM allocated:",0,", VRAM reserved:",0
171600,Training Loss:,6.6710432733430025e-09,", Learning rate:",4.255901233886545e-06,", Number of training points (boundary):",4800,", Number of training points (interior):",30000,", VRAM allocated:",0,", VRAM reserved:",0
171700,Training Loss:,6.690957565780309e-09,", Learning rate:",4.255901233886545e-06,", Number of training points (boundary):",4800,", Number of training points (interior):",30000,", VRAM allocated:",0,", VRAM reserved:",0
171800,Training Loss:,7.094704823629172e-09,", Learning rate:",4.255901233886545e-06,", Number of training points (boundary):",4800,", Number of training points (interior):",30000,", VRAM allocated:",0,", VRAM reserved:",0
171900,Training Loss:,6.6540897236677665e-09,", Learning rate:",4.255901233886545e-06,", Number of training points (boundary):",4800,", Number of training points (interior):",30000,", VRAM allocated:",0,", VRAM reserved:",0
172000,Training Loss:,6.6478698101946065e-09,", Learning rate:",4.213342221547679e-06,", Number of training points (boundary):",4800,", Number of training points (interior):",30000,", VRAM allocated:",0,", VRAM reserved:",0
172100,Training Loss:,6.641110772420689e-09,", Learning rate:",4.213342221547679e-06,", Number of training points (boundary):",4800,", Number of training points (interior):",30000,", VRAM allocated:",0,", VRAM reserved:",0
172200,Training Loss:,6.634315319331563e-09,", Learning rate:",4.213342221547679e-06,", Number of training points (boundary):",4800,", Number of training points (interior):",30000,", VRAM allocated:",0,", VRAM reserved:",0
172300,Training Loss:,6.878672742516301e-09,", Learning rate:",4.213342221547679e-06,", Number of training points (boundary):",4800,", Number of training points (interior):",30000,", VRAM allocated:",0,", VRAM reserved:",0
172400,Training Loss:,6.645263006532787e-09,", Learning rate:",4.213342221547679e-06,", Number of training points (boundary):",4800,", Number of training points (interior):",30000,", VRAM allocated:",0,", VRAM reserved:",0
172500,Training Loss:,6.643632310954217e-09,", Learning rate:",4.213342221547679e-06,", Number of training points (boundary):",4800,", Number of training points (interior):",30000,", VRAM allocated:",0,", VRAM reserved:",0
172600,Training Loss:,7.544033842066256e-09,", Learning rate:",4.213342221547679e-06,", Number of training points (boundary):",4800,", Number of training points (interior):",30000,", VRAM allocated:",0,", VRAM reserved:",0
172700,Training Loss:,7.020573011828901e-09,", Learning rate:",4.213342221547679e-06,", Number of training points (boundary):",4800,", Number of training points (interior):",30000,", VRAM allocated:",0,", VRAM reserved:",0
172800,Training Loss:,7.927602574397952e-09,", Learning rate:",4.213342221547679e-06,", Number of training points (boundary):",4800,", Number of training points (interior):",30000,", VRAM allocated:",0,", VRAM reserved:",0
172900,Training Loss:,7.962392523097606e-09,", Learning rate:",4.213342221547679e-06,", Number of training points (boundary):",4800,", Number of training points (interior):",30000,", VRAM allocated:",0,", VRAM reserved:",0
173000,Training Loss:,6.5954899319820015e-09,", Learning rate:",4.213342221547679e-06,", Number of training points (boundary):",4800,", Number of training points (interior):",30000,", VRAM allocated:",0,", VRAM reserved:",0
173100,Training Loss:,6.5846288421766985e-09,", Learning rate:",4.213342221547679e-06,", Number of training points (boundary):",4800,", Number of training points (interior):",30000,", VRAM allocated:",0,", VRAM reserved:",0
173200,Training Loss:,6.5782876923492495e-09,", Learning rate:",4.213342221547679e-06,", Number of training points (boundary):",4800,", Number of training points (interior):",30000,", VRAM allocated:",0,", VRAM reserved:",0
173300,Training Loss:,6.5678085192644176e-09,", Learning rate:",4.213342221547679e-06,", Number of training points (boundary):",4800,", Number of training points (interior):",30000,", VRAM allocated:",0,", VRAM reserved:",0
173400,Training Loss:,6.576634348220978e-09,", Learning rate:",4.213342221547679e-06,", Number of training points (boundary):",4800,", Number of training points (interior):",30000,", VRAM allocated:",0,", VRAM reserved:",0
173500,Training Loss:,6.555811005171108e-09,", Learning rate:",4.213342221547679e-06,", Number of training points (boundary):",4800,", Number of training points (interior):",30000,", VRAM allocated:",0,", VRAM reserved:",0
173600,Training Loss:,6.587431489180062e-09,", Learning rate:",4.213342221547679e-06,", Number of training points (boundary):",4800,", Number of training points (interior):",30000,", VRAM allocated:",0,", VRAM reserved:",0
173700,Training Loss:,6.544557784593508e-09,", Learning rate:",4.213342221547679e-06,", Number of training points (boundary):",4800,", Number of training points (interior):",30000,", VRAM allocated:",0,", VRAM reserved:",0
173800,Training Loss:,6.5383898295579e-09,", Learning rate:",4.213342221547679e-06,", Number of training points (boundary):",4800,", Number of training points (interior):",30000,", VRAM allocated:",0,", VRAM reserved:",0
173900,Training Loss:,7.868229623397838e-09,", Learning rate:",4.213342221547679e-06,", Number of training points (boundary):",4800,", Number of training points (interior):",30000,", VRAM allocated:",0,", VRAM reserved:",0
174000,Training Loss:,6.526634344083959e-09,", Learning rate:",4.171208799332202e-06,", Number of training points (boundary):",4800,", Number of training points (interior):",30000,", VRAM allocated:",0,", VRAM reserved:",0
174100,Training Loss:,6.520940232235262e-09,", Learning rate:",4.171208799332202e-06,", Number of training points (boundary):",4800,", Number of training points (interior):",30000,", VRAM allocated:",0,", VRAM reserved:",0
174200,Training Loss:,6.579171873966061e-09,", Learning rate:",4.171208799332202e-06,", Number of training points (boundary):",4800,", Number of training points (interior):",30000,", VRAM allocated:",0,", VRAM reserved:",0
174300,Training Loss:,6.509464078874316e-09,", Learning rate:",4.171208799332202e-06,", Number of training points (boundary):",4800,", Number of training points (interior):",30000,", VRAM allocated:",0,", VRAM reserved:",0
174400,Training Loss:,6.503594995876938e-09,", Learning rate:",4.171208799332202e-06,", Number of training points (boundary):",4800,", Number of training points (interior):",30000,", VRAM allocated:",0,", VRAM reserved:",0
174500,Training Loss:,6.5463741094617944e-09,", Learning rate:",4.171208799332202e-06,", Number of training points (boundary):",4800,", Number of training points (interior):",30000,", VRAM allocated:",0,", VRAM reserved:",0
174600,Training Loss:,6.494830895320547e-09,", Learning rate:",4.171208799332202e-06,", Number of training points (boundary):",4800,", Number of training points (interior):",30000,", VRAM allocated:",0,", VRAM reserved:",0
174700,Training Loss:,6.486903902924723e-09,", Learning rate:",4.171208799332202e-06,", Number of training points (boundary):",4800,", Number of training points (interior):",30000,", VRAM allocated:",0,", VRAM reserved:",0
174800,Training Loss:,6.480899372718341e-09,", Learning rate:",4.171208799332202e-06,", Number of training points (boundary):",4800,", Number of training points (interior):",30000,", VRAM allocated:",0,", VRAM reserved:",0
174900,Training Loss:,1.3056161485280882e-08,", Learning rate:",4.171208799332202e-06,", Number of training points (boundary):",4800,", Number of training points (interior):",30000,", VRAM allocated:",0,", VRAM reserved:",0
175000,Training Loss:,6.470464608554494e-09,", Learning rate:",4.171208799332202e-06,", Number of training points (boundary):",4800,", Number of training points (interior):",30000,", VRAM allocated:",0,", VRAM reserved:",0
175100,Training Loss:,6.4639018582113295e-09,", Learning rate:",4.171208799332202e-06,", Number of training points (boundary):",4800,", Number of training points (interior):",30000,", VRAM allocated:",0,", VRAM reserved:",0
175200,Training Loss:,6.458292567401713e-09,", Learning rate:",4.171208799332202e-06,", Number of training points (boundary):",4800,", Number of training points (interior):",30000,", VRAM allocated:",0,", VRAM reserved:",0
175300,Training Loss:,6.593822821088224e-09,", Learning rate:",4.171208799332202e-06,", Number of training points (boundary):",4800,", Number of training points (interior):",30000,", VRAM allocated:",0,", VRAM reserved:",0
175400,Training Loss:,6.448356959509738e-09,", Learning rate:",4.171208799332202e-06,", Number of training points (boundary):",4800,", Number of training points (interior):",30000,", VRAM allocated:",0,", VRAM reserved:",0
175500,Training Loss:,6.442652633609214e-09,", Learning rate:",4.171208799332202e-06,", Number of training points (boundary):",4800,", Number of training points (interior):",30000,", VRAM allocated:",0,", VRAM reserved:",0
175600,Training Loss:,6.4367711161139596e-09,", Learning rate:",4.171208799332202e-06,", Number of training points (boundary):",4800,", Number of training points (interior):",30000,", VRAM allocated:",0,", VRAM reserved:",0
175700,Training Loss:,6.43087672003162e-09,", Learning rate:",4.171208799332202e-06,", Number of training points (boundary):",4800,", Number of training points (interior):",30000,", VRAM allocated:",0,", VRAM reserved:",0
175800,Training Loss:,6.425175502755565e-09,", Learning rate:",4.171208799332202e-06,", Number of training points (boundary):",4800,", Number of training points (interior):",30000,", VRAM allocated:",0,", VRAM reserved:",0
175900,Training Loss:,6.4219740636417555e-09,", Learning rate:",4.171208799332202e-06,", Number of training points (boundary):",4800,", Number of training points (interior):",30000,", VRAM allocated:",0,", VRAM reserved:",0
176000,Training Loss:,6.41505870646597e-09,", Learning rate:",4.1294967113388806e-06,", Number of training points (boundary):",4800,", Number of training points (interior):",30000,", VRAM allocated:",0,", VRAM reserved:",0
176100,Training Loss:,6.409489383685241e-09,", Learning rate:",4.1294967113388806e-06,", Number of training points (boundary):",4800,", Number of training points (interior):",30000,", VRAM allocated:",0,", VRAM reserved:",0
176200,Training Loss:,6.40383346350859e-09,", Learning rate:",4.1294967113388806e-06,", Number of training points (boundary):",4800,", Number of training points (interior):",30000,", VRAM allocated:",0,", VRAM reserved:",0
176300,Training Loss:,8.426001230077418e-09,", Learning rate:",4.1294967113388806e-06,", Number of training points (boundary):",4800,", Number of training points (interior):",30000,", VRAM allocated:",0,", VRAM reserved:",0
176400,Training Loss:,6.4081335793275684e-09,", Learning rate:",4.1294967113388806e-06,", Number of training points (boundary):",4800,", Number of training points (interior):",30000,", VRAM allocated:",0,", VRAM reserved:",0
176500,Training Loss:,6.477957725792294e-09,", Learning rate:",4.1294967113388806e-06,", Number of training points (boundary):",4800,", Number of training points (interior):",30000,", VRAM allocated:",0,", VRAM reserved:",0
176600,Training Loss:,9.610808149318473e-09,", Learning rate:",4.1294967113388806e-06,", Number of training points (boundary):",4800,", Number of training points (interior):",30000,", VRAM allocated:",0,", VRAM reserved:",0
176700,Training Loss:,6.377280925562445e-09,", Learning rate:",4.1294967113388806e-06,", Number of training points (boundary):",4800,", Number of training points (interior):",30000,", VRAM allocated:",0,", VRAM reserved:",0
176800,Training Loss:,6.493186432976472e-09,", Learning rate:",4.1294967113388806e-06,", Number of training points (boundary):",4800,", Number of training points (interior):",30000,", VRAM allocated:",0,", VRAM reserved:",0
176900,Training Loss:,6.461118751133199e-09,", Learning rate:",4.1294967113388806e-06,", Number of training points (boundary):",4800,", Number of training points (interior):",30000,", VRAM allocated:",0,", VRAM reserved:",0
177000,Training Loss:,6.3587330956238475e-09,", Learning rate:",4.1294967113388806e-06,", Number of training points (boundary):",4800,", Number of training points (interior):",30000,", VRAM allocated:",0,", VRAM reserved:",0
177100,Training Loss:,7.320796413523567e-09,", Learning rate:",4.1294967113388806e-06,", Number of training points (boundary):",4800,", Number of training points (interior):",30000,", VRAM allocated:",0,", VRAM reserved:",0
177200,Training Loss:,1.3511943564026296e-08,", Learning rate:",4.1294967113388806e-06,", Number of training points (boundary):",4800,", Number of training points (interior):",30000,", VRAM allocated:",0,", VRAM reserved:",0
177300,Training Loss:,6.341863922898483e-09,", Learning rate:",4.1294967113388806e-06,", Number of training points (boundary):",4800,", Number of training points (interior):",30000,", VRAM allocated:",0,", VRAM reserved:",0
177400,Training Loss:,6.370330041249872e-09,", Learning rate:",4.1294967113388806e-06,", Number of training points (boundary):",4800,", Number of training points (interior):",30000,", VRAM allocated:",0,", VRAM reserved:",0
177500,Training Loss:,6.331267066173041e-09,", Learning rate:",4.1294967113388806e-06,", Number of training points (boundary):",4800,", Number of training points (interior):",30000,", VRAM allocated:",0,", VRAM reserved:",0
177600,Training Loss:,6.324966328463688e-09,", Learning rate:",4.1294967113388806e-06,", Number of training points (boundary):",4800,", Number of training points (interior):",30000,", VRAM allocated:",0,", VRAM reserved:",0
177700,Training Loss:,9.33118915469322e-09,", Learning rate:",4.1294967113388806e-06,", Number of training points (boundary):",4800,", Number of training points (interior):",30000,", VRAM allocated:",0,", VRAM reserved:",0
177800,Training Loss:,6.314596845413689e-09,", Learning rate:",4.1294967113388806e-06,", Number of training points (boundary):",4800,", Number of training points (interior):",30000,", VRAM allocated:",0,", VRAM reserved:",0
177900,Training Loss:,6.30893604025573e-09,", Learning rate:",4.1294967113388806e-06,", Number of training points (boundary):",4800,", Number of training points (interior):",30000,", VRAM allocated:",0,", VRAM reserved:",0
178000,Training Loss:,6.3033498420850265e-09,", Learning rate:",4.088201744225492e-06,", Number of training points (boundary):",4800,", Number of training points (interior):",30000,", VRAM allocated:",0,", VRAM reserved:",0
178100,Training Loss:,2.3332965781719395e-08,", Learning rate:",4.088201744225492e-06,", Number of training points (boundary):",4800,", Number of training points (interior):",30000,", VRAM allocated:",0,", VRAM reserved:",0
178200,Training Loss:,6.293769949650141e-09,", Learning rate:",4.088201744225492e-06,", Number of training points (boundary):",4800,", Number of training points (interior):",30000,", VRAM allocated:",0,", VRAM reserved:",0
178300,Training Loss:,6.2876996942407e-09,", Learning rate:",4.088201744225492e-06,", Number of training points (boundary):",4800,", Number of training points (interior):",30000,", VRAM allocated:",0,", VRAM reserved:",0
178400,Training Loss:,6.28216145770466e-09,", Learning rate:",4.088201744225492e-06,", Number of training points (boundary):",4800,", Number of training points (interior):",30000,", VRAM allocated:",0,", VRAM reserved:",0
178500,Training Loss:,6.297468324589772e-09,", Learning rate:",4.088201744225492e-06,", Number of training points (boundary):",4800,", Number of training points (interior):",30000,", VRAM allocated:",0,", VRAM reserved:",0
178600,Training Loss:,6.291155152382544e-09,", Learning rate:",4.088201744225492e-06,", Number of training points (boundary):",4800,", Number of training points (interior):",30000,", VRAM allocated:",0,", VRAM reserved:",0
178700,Training Loss:,6.274069708211982e-09,", Learning rate:",4.088201744225492e-06,", Number of training points (boundary):",4800,", Number of training points (interior):",30000,", VRAM allocated:",0,", VRAM reserved:",0
178800,Training Loss:,9.284107704843336e-09,", Learning rate:",4.088201744225492e-06,", Number of training points (boundary):",4800,", Number of training points (interior):",30000,", VRAM allocated:",0,", VRAM reserved:",0
178900,Training Loss:,6.399768714970833e-09,", Learning rate:",4.088201744225492e-06,", Number of training points (boundary):",4800,", Number of training points (interior):",30000,", VRAM allocated:",0,", VRAM reserved:",0
179000,Training Loss:,9.138575229883372e-09,", Learning rate:",4.088201744225492e-06,", Number of training points (boundary):",4800,", Number of training points (interior):",30000,", VRAM allocated:",0,", VRAM reserved:",0
179100,Training Loss:,6.2437814918325785e-09,", Learning rate:",4.088201744225492e-06,", Number of training points (boundary):",4800,", Number of training points (interior):",30000,", VRAM allocated:",0,", VRAM reserved:",0
179200,Training Loss:,6.680437536488171e-09,", Learning rate:",4.088201744225492e-06,", Number of training points (boundary):",4800,", Number of training points (interior):",30000,", VRAM allocated:",0,", VRAM reserved:",0
179300,Training Loss:,1.0342397160911787e-08,", Learning rate:",4.088201744225492e-06,", Number of training points (boundary):",4800,", Number of training points (interior):",30000,", VRAM allocated:",0,", VRAM reserved:",0
179400,Training Loss:,6.31101171322257e-09,", Learning rate:",4.088201744225492e-06,", Number of training points (boundary):",4800,", Number of training points (interior):",30000,", VRAM allocated:",0,", VRAM reserved:",0
179500,Training Loss:,6.22215479140209e-09,", Learning rate:",4.088201744225492e-06,", Number of training points (boundary):",4800,", Number of training points (interior):",30000,", VRAM allocated:",0,", VRAM reserved:",0
179600,Training Loss:,6.298383148362063e-09,", Learning rate:",4.088201744225492e-06,", Number of training points (boundary):",4800,", Number of training points (interior):",30000,", VRAM allocated:",0,", VRAM reserved:",0
179700,Training Loss:,6.23924645282159e-09,", Learning rate:",4.088201744225492e-06,", Number of training points (boundary):",4800,", Number of training points (interior):",30000,", VRAM allocated:",0,", VRAM reserved:",0
179800,Training Loss:,6.225573834228726e-09,", Learning rate:",4.088201744225492e-06,", Number of training points (boundary):",4800,", Number of training points (interior):",30000,", VRAM allocated:",0,", VRAM reserved:",0
179900,Training Loss:,7.0691132947331425e-09,", Learning rate:",4.088201744225492e-06,", Number of training points (boundary):",4800,", Number of training points (interior):",30000,", VRAM allocated:",0,", VRAM reserved:",0
180000,Training Loss:,6.2436877890093e-09,", Learning rate:",4.047319726783237e-06,", Number of training points (boundary):",4800,", Number of training points (interior):",30000,", VRAM allocated:",0,", VRAM reserved:",0
180100,Training Loss:,6.495751936341776e-09,", Learning rate:",4.047319726783237e-06,", Number of training points (boundary):",4800,", Number of training points (interior):",30000,", VRAM allocated:",0,", VRAM reserved:",0
180200,Training Loss:,6.185733258945447e-09,", Learning rate:",4.047319726783237e-06,", Number of training points (boundary):",4800,", Number of training points (interior):",30000,", VRAM allocated:",0,", VRAM reserved:",0
180300,Training Loss:,6.18057249823778e-09,", Learning rate:",4.047319726783237e-06,", Number of training points (boundary):",4800,", Number of training points (interior):",30000,", VRAM allocated:",0,", VRAM reserved:",0
180400,Training Loss:,6.263136231865474e-09,", Learning rate:",4.047319726783237e-06,", Number of training points (boundary):",4800,", Number of training points (interior):",30000,", VRAM allocated:",0,", VRAM reserved:",0
180500,Training Loss:,6.210743919154993e-09,", Learning rate:",4.047319726783237e-06,", Number of training points (boundary):",4800,", Number of training points (interior):",30000,", VRAM allocated:",0,", VRAM reserved:",0
180600,Training Loss:,7.459712847435185e-09,", Learning rate:",4.047319726783237e-06,", Number of training points (boundary):",4800,", Number of training points (interior):",30000,", VRAM allocated:",0,", VRAM reserved:",0
180700,Training Loss:,6.1564042752593195e-09,", Learning rate:",4.047319726783237e-06,", Number of training points (boundary):",4800,", Number of training points (interior):",30000,", VRAM allocated:",0,", VRAM reserved:",0
180800,Training Loss:,6.235308269708639e-09,", Learning rate:",4.047319726783237e-06,", Number of training points (boundary):",4800,", Number of training points (interior):",30000,", VRAM allocated:",0,", VRAM reserved:",0
180900,Training Loss:,6.14562134515495e-09,", Learning rate:",4.047319726783237e-06,", Number of training points (boundary):",4800,", Number of training points (interior):",30000,", VRAM allocated:",0,", VRAM reserved:",0
181000,Training Loss:,7.469593832354349e-09,", Learning rate:",4.047319726783237e-06,", Number of training points (boundary):",4800,", Number of training points (interior):",30000,", VRAM allocated:",0,", VRAM reserved:",0
181100,Training Loss:,6.136325225725159e-09,", Learning rate:",4.047319726783237e-06,", Number of training points (boundary):",4800,", Number of training points (interior):",30000,", VRAM allocated:",0,", VRAM reserved:",0
181200,Training Loss:,6.130343788157688e-09,", Learning rate:",4.047319726783237e-06,", Number of training points (boundary):",4800,", Number of training points (interior):",30000,", VRAM allocated:",0,", VRAM reserved:",0
181300,Training Loss:,6.125040474813659e-09,", Learning rate:",4.047319726783237e-06,", Number of training points (boundary):",4800,", Number of training points (interior):",30000,", VRAM allocated:",0,", VRAM reserved:",0
181400,Training Loss:,7.244985500420853e-09,", Learning rate:",4.047319726783237e-06,", Number of training points (boundary):",4800,", Number of training points (interior):",30000,", VRAM allocated:",0,", VRAM reserved:",0
181500,Training Loss:,6.114964090642161e-09,", Learning rate:",4.047319726783237e-06,", Number of training points (boundary):",4800,", Number of training points (interior):",30000,", VRAM allocated:",0,", VRAM reserved:",0
181600,Training Loss:,6.109631467410281e-09,", Learning rate:",4.047319726783237e-06,", Number of training points (boundary):",4800,", Number of training points (interior):",30000,", VRAM allocated:",0,", VRAM reserved:",0
181700,Training Loss:,6.104279748342378e-09,", Learning rate:",4.047319726783237e-06,", Number of training points (boundary):",4800,", Number of training points (interior):",30000,", VRAM allocated:",0,", VRAM reserved:",0
181800,Training Loss:,6.234945448824192e-09,", Learning rate:",4.047319726783237e-06,", Number of training points (boundary):",4800,", Number of training points (interior):",30000,", VRAM allocated:",0,", VRAM reserved:",0
181900,Training Loss:,6.09503292281488e-09,", Learning rate:",4.047319726783237e-06,", Number of training points (boundary):",4800,", Number of training points (interior):",30000,", VRAM allocated:",0,", VRAM reserved:",0
182000,Training Loss:,6.089749593485294e-09,", Learning rate:",4.006846529515404e-06,", Number of training points (boundary):",4800,", Number of training points (interior):",30000,", VRAM allocated:",0,", VRAM reserved:",0
182100,Training Loss:,6.08475714258816e-09,", Learning rate:",4.006846529515404e-06,", Number of training points (boundary):",4800,", Number of training points (interior):",30000,", VRAM allocated:",0,", VRAM reserved:",0
182200,Training Loss:,6.079446723816773e-09,", Learning rate:",4.006846529515404e-06,", Number of training points (boundary):",4800,", Number of training points (interior):",30000,", VRAM allocated:",0,", VRAM reserved:",0
182300,Training Loss:,6.167441224391723e-09,", Learning rate:",4.006846529515404e-06,", Number of training points (boundary):",4800,", Number of training points (interior):",30000,", VRAM allocated:",0,", VRAM reserved:",0
182400,Training Loss:,6.0697176174073775e-09,", Learning rate:",4.006846529515404e-06,", Number of training points (boundary):",4800,", Number of training points (interior):",30000,", VRAM allocated:",0,", VRAM reserved:",0
182500,Training Loss:,6.064386770532337e-09,", Learning rate:",4.006846529515404e-06,", Number of training points (boundary):",4800,", Number of training points (interior):",30000,", VRAM allocated:",0,", VRAM reserved:",0
182600,Training Loss:,6.059340140751601e-09,", Learning rate:",4.006846529515404e-06,", Number of training points (boundary):",4800,", Number of training points (interior):",30000,", VRAM allocated:",0,", VRAM reserved:",0
182700,Training Loss:,6.111716910339737e-09,", Learning rate:",4.006846529515404e-06,", Number of training points (boundary):",4800,", Number of training points (interior):",30000,", VRAM allocated:",0,", VRAM reserved:",0
182800,Training Loss:,6.050863365913983e-09,", Learning rate:",4.006846529515404e-06,", Number of training points (boundary):",4800,", Number of training points (interior):",30000,", VRAM allocated:",0,", VRAM reserved:",0
182900,Training Loss:,6.045792311226705e-09,", Learning rate:",4.006846529515404e-06,", Number of training points (boundary):",4800,", Number of training points (interior):",30000,", VRAM allocated:",0,", VRAM reserved:",0
183000,Training Loss:,6.040677291707652e-09,", Learning rate:",4.006846529515404e-06,", Number of training points (boundary):",4800,", Number of training points (interior):",30000,", VRAM allocated:",0,", VRAM reserved:",0
183100,Training Loss:,6.035755450994884e-09,", Learning rate:",4.006846529515404e-06,", Number of training points (boundary):",4800,", Number of training points (interior):",30000,", VRAM allocated:",0,", VRAM reserved:",0
183200,Training Loss:,1.3454876324203724e-08,", Learning rate:",4.006846529515404e-06,", Number of training points (boundary):",4800,", Number of training points (interior):",30000,", VRAM allocated:",0,", VRAM reserved:",0
183300,Training Loss:,6.025639986972919e-09,", Learning rate:",4.006846529515404e-06,", Number of training points (boundary):",4800,", Number of training points (interior):",30000,", VRAM allocated:",0,", VRAM reserved:",0
183400,Training Loss:,6.020606235779269e-09,", Learning rate:",4.006846529515404e-06,", Number of training points (boundary):",4800,", Number of training points (interior):",30000,", VRAM allocated:",0,", VRAM reserved:",0
183500,Training Loss:,6.019931664269507e-09,", Learning rate:",4.006846529515404e-06,", Number of training points (boundary):",4800,", Number of training points (interior):",30000,", VRAM allocated:",0,", VRAM reserved:",0
183600,Training Loss:,6.011223963042767e-09,", Learning rate:",4.006846529515404e-06,", Number of training points (boundary):",4800,", Number of training points (interior):",30000,", VRAM allocated:",0,", VRAM reserved:",0
183700,Training Loss:,6.00606098188905e-09,", Learning rate:",4.006846529515404e-06,", Number of training points (boundary):",4800,", Number of training points (interior):",30000,", VRAM allocated:",0,", VRAM reserved:",0
183800,Training Loss:,6.000743013601095e-09,", Learning rate:",4.006846529515404e-06,", Number of training points (boundary):",4800,", Number of training points (interior):",30000,", VRAM allocated:",0,", VRAM reserved:",0
183900,Training Loss:,6.1311875576564034e-09,", Learning rate:",4.006846529515404e-06,", Number of training points (boundary):",4800,", Number of training points (interior):",30000,", VRAM allocated:",0,", VRAM reserved:",0
184000,Training Loss:,7.205949170696613e-09,", Learning rate:",3.9667780642202505e-06,", Number of training points (boundary):",4800,", Number of training points (interior):",30000,", VRAM allocated:",0,", VRAM reserved:",0
184100,Training Loss:,6.813166031349738e-09,", Learning rate:",3.9667780642202505e-06,", Number of training points (boundary):",4800,", Number of training points (interior):",30000,", VRAM allocated:",0,", VRAM reserved:",0
184200,Training Loss:,1.1058333804214726e-08,", Learning rate:",3.9667780642202505e-06,", Number of training points (boundary):",4800,", Number of training points (interior):",30000,", VRAM allocated:",0,", VRAM reserved:",0
184300,Training Loss:,5.976096506543627e-09,", Learning rate:",3.9667780642202505e-06,", Number of training points (boundary):",4800,", Number of training points (interior):",30000,", VRAM allocated:",0,", VRAM reserved:",0
184400,Training Loss:,9.215039398213776e-09,", Learning rate:",3.9667780642202505e-06,", Number of training points (boundary):",4800,", Number of training points (interior):",30000,", VRAM allocated:",0,", VRAM reserved:",0
184500,Training Loss:,9.794753452752047e-09,", Learning rate:",3.9667780642202505e-06,", Number of training points (boundary):",4800,", Number of training points (interior):",30000,", VRAM allocated:",0,", VRAM reserved:",0
184600,Training Loss:,5.960279381156397e-09,", Learning rate:",3.9667780642202505e-06,", Number of training points (boundary):",4800,", Number of training points (interior):",30000,", VRAM allocated:",0,", VRAM reserved:",0
184700,Training Loss:,5.963658455954146e-09,", Learning rate:",3.9667780642202505e-06,", Number of training points (boundary):",4800,", Number of training points (interior):",30000,", VRAM allocated:",0,", VRAM reserved:",0
184800,Training Loss:,5.975812289449323e-09,", Learning rate:",3.9667780642202505e-06,", Number of training points (boundary):",4800,", Number of training points (interior):",30000,", VRAM allocated:",0,", VRAM reserved:",0
184900,Training Loss:,5.974685191034723e-09,", Learning rate:",3.9667780642202505e-06,", Number of training points (boundary):",4800,", Number of training points (interior):",30000,", VRAM allocated:",0,", VRAM reserved:",0
185000,Training Loss:,5.939934322185536e-09,", Learning rate:",3.9667780642202505e-06,", Number of training points (boundary):",4800,", Number of training points (interior):",30000,", VRAM allocated:",0,", VRAM reserved:",0
185100,Training Loss:,6.7528134195526945e-09,", Learning rate:",3.9667780642202505e-06,", Number of training points (boundary):",4800,", Number of training points (interior):",30000,", VRAM allocated:",0,", VRAM reserved:",0
185200,Training Loss:,5.93091931122558e-09,", Learning rate:",3.9667780642202505e-06,", Number of training points (boundary):",4800,", Number of training points (interior):",30000,", VRAM allocated:",0,", VRAM reserved:",0
185300,Training Loss:,5.925674173568041e-09,", Learning rate:",3.9667780642202505e-06,", Number of training points (boundary):",4800,", Number of training points (interior):",30000,", VRAM allocated:",0,", VRAM reserved:",0
185400,Training Loss:,5.9207017066853496e-09,", Learning rate:",3.9667780642202505e-06,", Number of training points (boundary):",4800,", Number of training points (interior):",30000,", VRAM allocated:",0,", VRAM reserved:",0
185500,Training Loss:,5.921511281314906e-09,", Learning rate:",3.9667780642202505e-06,", Number of training points (boundary):",4800,", Number of training points (interior):",30000,", VRAM allocated:",0,", VRAM reserved:",0
185600,Training Loss:,5.9105129679437596e-09,", Learning rate:",3.9667780642202505e-06,", Number of training points (boundary):",4800,", Number of training points (interior):",30000,", VRAM allocated:",0,", VRAM reserved:",0
185700,Training Loss:,5.960120397219271e-09,", Learning rate:",3.9667780642202505e-06,", Number of training points (boundary):",4800,", Number of training points (interior):",30000,", VRAM allocated:",0,", VRAM reserved:",0
185800,Training Loss:,5.901345634384825e-09,", Learning rate:",3.9667780642202505e-06,", Number of training points (boundary):",4800,", Number of training points (interior):",30000,", VRAM allocated:",0,", VRAM reserved:",0
185900,Training Loss:,5.896699573071373e-09,", Learning rate:",3.9667780642202505e-06,", Number of training points (boundary):",4800,", Number of training points (interior):",30000,", VRAM allocated:",0,", VRAM reserved:",0
186000,Training Loss:,5.891639620614342e-09,", Learning rate:",3.927110283578048e-06,", Number of training points (boundary):",4800,", Number of training points (interior):",30000,", VRAM allocated:",0,", VRAM reserved:",0
186100,Training Loss:,6.079777570278111e-09,", Learning rate:",3.927110283578048e-06,", Number of training points (boundary):",4800,", Number of training points (interior):",30000,", VRAM allocated:",0,", VRAM reserved:",0
186200,Training Loss:,5.882161868697722e-09,", Learning rate:",3.927110283578048e-06,", Number of training points (boundary):",4800,", Number of training points (interior):",30000,", VRAM allocated:",0,", VRAM reserved:",0
186300,Training Loss:,5.877395459208401e-09,", Learning rate:",3.927110283578048e-06,", Number of training points (boundary):",4800,", Number of training points (interior):",30000,", VRAM allocated:",0,", VRAM reserved:",0
186400,Training Loss:,5.872205832702093e-09,", Learning rate:",3.927110283578048e-06,", Number of training points (boundary):",4800,", Number of training points (interior):",30000,", VRAM allocated:",0,", VRAM reserved:",0
186500,Training Loss:,5.909779776658297e-09,", Learning rate:",3.927110283578048e-06,", Number of training points (boundary):",4800,", Number of training points (interior):",30000,", VRAM allocated:",0,", VRAM reserved:",0
186600,Training Loss:,5.864771335239993e-09,", Learning rate:",3.927110283578048e-06,", Number of training points (boundary):",4800,", Number of training points (interior):",30000,", VRAM allocated:",0,", VRAM reserved:",0
186700,Training Loss:,5.8600821972731865e-09,", Learning rate:",3.927110283578048e-06,", Number of training points (boundary):",4800,", Number of training points (interior):",30000,", VRAM allocated:",0,", VRAM reserved:",0
186800,Training Loss:,5.855196771875626e-09,", Learning rate:",3.927110283578048e-06,", Number of training points (boundary):",4800,", Number of training points (interior):",30000,", VRAM allocated:",0,", VRAM reserved:",0
186900,Training Loss:,5.850408157925813e-09,", Learning rate:",3.927110283578048e-06,", Number of training points (boundary):",4800,", Number of training points (interior):",30000,", VRAM allocated:",0,", VRAM reserved:",0
187000,Training Loss:,5.8455782436794834e-09,", Learning rate:",3.927110283578048e-06,", Number of training points (boundary):",4800,", Number of training points (interior):",30000,", VRAM allocated:",0,", VRAM reserved:",0
187100,Training Loss:,5.866092944728507e-09,", Learning rate:",3.927110283578048e-06,", Number of training points (boundary):",4800,", Number of training points (interior):",30000,", VRAM allocated:",0,", VRAM reserved:",0
187200,Training Loss:,5.83608006365921e-09,", Learning rate:",3.927110283578048e-06,", Number of training points (boundary):",4800,", Number of training points (interior):",30000,", VRAM allocated:",0,", VRAM reserved:",0
187300,Training Loss:,5.83122350406029e-09,", Learning rate:",3.927110283578048e-06,", Number of training points (boundary):",4800,", Number of training points (interior):",30000,", VRAM allocated:",0,", VRAM reserved:",0
187400,Training Loss:,6.237503402672928e-09,", Learning rate:",3.927110283578048e-06,", Number of training points (boundary):",4800,", Number of training points (interior):",30000,", VRAM allocated:",0,", VRAM reserved:",0
187500,Training Loss:,5.8227067611937855e-09,", Learning rate:",3.927110283578048e-06,", Number of training points (boundary):",4800,", Number of training points (interior):",30000,", VRAM allocated:",0,", VRAM reserved:",0
187600,Training Loss:,5.818054926720606e-09,", Learning rate:",3.927110283578048e-06,", Number of training points (boundary):",4800,", Number of training points (interior):",30000,", VRAM allocated:",0,", VRAM reserved:",0
187700,Training Loss:,5.813300951729161e-09,", Learning rate:",3.927110283578048e-06,", Number of training points (boundary):",4800,", Number of training points (interior):",30000,", VRAM allocated:",0,", VRAM reserved:",0
187800,Training Loss:,5.8084128617963415e-09,", Learning rate:",3.927110283578048e-06,", Number of training points (boundary):",4800,", Number of training points (interior):",30000,", VRAM allocated:",0,", VRAM reserved:",0
187900,Training Loss:,5.952259574115715e-09,", Learning rate:",3.927110283578048e-06,", Number of training points (boundary):",4800,", Number of training points (interior):",30000,", VRAM allocated:",0,", VRAM reserved:",0
188000,Training Loss:,5.798964419767572e-09,", Learning rate:",3.887839180742267e-06,", Number of training points (boundary):",4800,", Number of training points (interior):",30000,", VRAM allocated:",0,", VRAM reserved:",0
188100,Training Loss:,5.7943294606843665e-09,", Learning rate:",3.887839180742267e-06,", Number of training points (boundary):",4800,", Number of training points (interior):",30000,", VRAM allocated:",0,", VRAM reserved:",0
188200,Training Loss:,1.5153037935533575e-08,", Learning rate:",3.887839180742267e-06,", Number of training points (boundary):",4800,", Number of training points (interior):",30000,", VRAM allocated:",0,", VRAM reserved:",0
188300,Training Loss:,5.786273682417686e-09,", Learning rate:",3.887839180742267e-06,", Number of training points (boundary):",4800,", Number of training points (interior):",30000,", VRAM allocated:",0,", VRAM reserved:",0
188400,Training Loss:,5.78149350616286e-09,", Learning rate:",3.887839180742267e-06,", Number of training points (boundary):",4800,", Number of training points (interior):",30000,", VRAM allocated:",0,", VRAM reserved:",0
188500,Training Loss:,5.776838563065212e-09,", Learning rate:",3.887839180742267e-06,", Number of training points (boundary):",4800,", Number of training points (interior):",30000,", VRAM allocated:",0,", VRAM reserved:",0
188600,Training Loss:,5.772258226954818e-09,", Learning rate:",3.887839180742267e-06,", Number of training points (boundary):",4800,", Number of training points (interior):",30000,", VRAM allocated:",0,", VRAM reserved:",0
188700,Training Loss:,5.767369248843579e-09,", Learning rate:",3.887839180742267e-06,", Number of training points (boundary):",4800,", Number of training points (interior):",30000,", VRAM allocated:",0,", VRAM reserved:",0
188800,Training Loss:,6.1185847499700685e-09,", Learning rate:",3.887839180742267e-06,", Number of training points (boundary):",4800,", Number of training points (interior):",30000,", VRAM allocated:",0,", VRAM reserved:",0
188900,Training Loss:,8.744545532124448e-09,", Learning rate:",3.887839180742267e-06,", Number of training points (boundary):",4800,", Number of training points (interior):",30000,", VRAM allocated:",0,", VRAM reserved:",0
189000,Training Loss:,7.339080454471514e-09,", Learning rate:",3.887839180742267e-06,", Number of training points (boundary):",4800,", Number of training points (interior):",30000,", VRAM allocated:",0,", VRAM reserved:",0
189100,Training Loss:,5.777085032576679e-09,", Learning rate:",3.887839180742267e-06,", Number of training points (boundary):",4800,", Number of training points (interior):",30000,", VRAM allocated:",0,", VRAM reserved:",0
189200,Training Loss:,5.781364720292004e-09,", Learning rate:",3.887839180742267e-06,", Number of training points (boundary):",4800,", Number of training points (interior):",30000,", VRAM allocated:",0,", VRAM reserved:",0
189300,Training Loss:,5.739063890786156e-09,", Learning rate:",3.887839180742267e-06,", Number of training points (boundary):",4800,", Number of training points (interior):",30000,", VRAM allocated:",0,", VRAM reserved:",0
189400,Training Loss:,5.737425201601809e-09,", Learning rate:",3.887839180742267e-06,", Number of training points (boundary):",4800,", Number of training points (interior):",30000,", VRAM allocated:",0,", VRAM reserved:",0
189500,Training Loss:,5.731425556376735e-09,", Learning rate:",3.887839180742267e-06,", Number of training points (boundary):",4800,", Number of training points (interior):",30000,", VRAM allocated:",0,", VRAM reserved:",0
189600,Training Loss:,5.855942397658964e-09,", Learning rate:",3.887839180742267e-06,", Number of training points (boundary):",4800,", Number of training points (interior):",30000,", VRAM allocated:",0,", VRAM reserved:",0
189700,Training Loss:,7.443181626598516e-09,", Learning rate:",3.887839180742267e-06,", Number of training points (boundary):",4800,", Number of training points (interior):",30000,", VRAM allocated:",0,", VRAM reserved:",0
189800,Training Loss:,8.835719711441925e-09,", Learning rate:",3.887839180742267e-06,", Number of training points (boundary):",4800,", Number of training points (interior):",30000,", VRAM allocated:",0,", VRAM reserved:",0
189900,Training Loss:,5.711064954283529e-09,", Learning rate:",3.887839180742267e-06,", Number of training points (boundary):",4800,", Number of training points (interior):",30000,", VRAM allocated:",0,", VRAM reserved:",0
190000,Training Loss:,5.705881545026159e-09,", Learning rate:",3.848960788934844e-06,", Number of training points (boundary):",4800,", Number of training points (interior):",30000,", VRAM allocated:",0,", VRAM reserved:",0
190100,Training Loss:,8.38876434983149e-09,", Learning rate:",3.848960788934844e-06,", Number of training points (boundary):",4800,", Number of training points (interior):",30000,", VRAM allocated:",0,", VRAM reserved:",0
190200,Training Loss:,5.697296412421338e-09,", Learning rate:",3.848960788934844e-06,", Number of training points (boundary):",4800,", Number of training points (interior):",30000,", VRAM allocated:",0,", VRAM reserved:",0
190300,Training Loss:,5.692502913490216e-09,", Learning rate:",3.848960788934844e-06,", Number of training points (boundary):",4800,", Number of training points (interior):",30000,", VRAM allocated:",0,", VRAM reserved:",0
190400,Training Loss:,5.6878666221393814e-09,", Learning rate:",3.848960788934844e-06,", Number of training points (boundary):",4800,", Number of training points (interior):",30000,", VRAM allocated:",0,", VRAM reserved:",0
190500,Training Loss:,5.690963256199666e-09,", Learning rate:",3.848960788934844e-06,", Number of training points (boundary):",4800,", Number of training points (interior):",30000,", VRAM allocated:",0,", VRAM reserved:",0
190600,Training Loss:,5.678663317354449e-09,", Learning rate:",3.848960788934844e-06,", Number of training points (boundary):",4800,", Number of training points (interior):",30000,", VRAM allocated:",0,", VRAM reserved:",0
190700,Training Loss:,1.1664747390227603e-08,", Learning rate:",3.848960788934844e-06,", Number of training points (boundary):",4800,", Number of training points (interior):",30000,", VRAM allocated:",0,", VRAM reserved:",0
190800,Training Loss:,5.670506730837133e-09,", Learning rate:",3.848960788934844e-06,", Number of training points (boundary):",4800,", Number of training points (interior):",30000,", VRAM allocated:",0,", VRAM reserved:",0
190900,Training Loss:,5.665959701417478e-09,", Learning rate:",3.848960788934844e-06,", Number of training points (boundary):",4800,", Number of training points (interior):",30000,", VRAM allocated:",0,", VRAM reserved:",0
191000,Training Loss:,5.661560109615493e-09,", Learning rate:",3.848960788934844e-06,", Number of training points (boundary):",4800,", Number of training points (interior):",30000,", VRAM allocated:",0,", VRAM reserved:",0
191100,Training Loss:,5.657027291050554e-09,", Learning rate:",3.848960788934844e-06,", Number of training points (boundary):",4800,", Number of training points (interior):",30000,", VRAM allocated:",0,", VRAM reserved:",0
191200,Training Loss:,7.757280151565737e-09,", Learning rate:",3.848960788934844e-06,", Number of training points (boundary):",4800,", Number of training points (interior):",30000,", VRAM allocated:",0,", VRAM reserved:",0
191300,Training Loss:,5.761081389721312e-09,", Learning rate:",3.848960788934844e-06,", Number of training points (boundary):",4800,", Number of training points (interior):",30000,", VRAM allocated:",0,", VRAM reserved:",0
191400,Training Loss:,5.706615180400831e-09,", Learning rate:",3.848960788934844e-06,", Number of training points (boundary):",4800,", Number of training points (interior):",30000,", VRAM allocated:",0,", VRAM reserved:",0
191500,Training Loss:,5.842553107981985e-09,", Learning rate:",3.848960788934844e-06,", Number of training points (boundary):",4800,", Number of training points (interior):",30000,", VRAM allocated:",0,", VRAM reserved:",0
191600,Training Loss:,6.7277210469285365e-09,", Learning rate:",3.848960788934844e-06,", Number of training points (boundary):",4800,", Number of training points (interior):",30000,", VRAM allocated:",0,", VRAM reserved:",0
191700,Training Loss:,5.629829935571706e-09,", Learning rate:",3.848960788934844e-06,", Number of training points (boundary):",4800,", Number of training points (interior):",30000,", VRAM allocated:",0,", VRAM reserved:",0
191800,Training Loss:,7.302698890043757e-09,", Learning rate:",3.848960788934844e-06,", Number of training points (boundary):",4800,", Number of training points (interior):",30000,", VRAM allocated:",0,", VRAM reserved:",0
191900,Training Loss:,5.62146595939339e-09,", Learning rate:",3.848960788934844e-06,", Number of training points (boundary):",4800,", Number of training points (interior):",30000,", VRAM allocated:",0,", VRAM reserved:",0
192000,Training Loss:,5.6215925248181975e-09,", Learning rate:",3.810471181045496e-06,", Number of training points (boundary):",4800,", Number of training points (interior):",30000,", VRAM allocated:",0,", VRAM reserved:",0
192100,Training Loss:,5.611719089415601e-09,", Learning rate:",3.810471181045496e-06,", Number of training points (boundary):",4800,", Number of training points (interior):",30000,", VRAM allocated:",0,", VRAM reserved:",0
192200,Training Loss:,8.328084888375997e-09,", Learning rate:",3.810471181045496e-06,", Number of training points (boundary):",4800,", Number of training points (interior):",30000,", VRAM allocated:",0,", VRAM reserved:",0
192300,Training Loss:,5.6030304840248846e-09,", Learning rate:",3.810471181045496e-06,", Number of training points (boundary):",4800,", Number of training points (interior):",30000,", VRAM allocated:",0,", VRAM reserved:",0
192400,Training Loss:,5.598374208659607e-09,", Learning rate:",3.810471181045496e-06,", Number of training points (boundary):",4800,", Number of training points (interior):",30000,", VRAM allocated:",0,", VRAM reserved:",0
192500,Training Loss:,5.59401147626204e-09,", Learning rate:",3.810471181045496e-06,", Number of training points (boundary):",4800,", Number of training points (interior):",30000,", VRAM allocated:",0,", VRAM reserved:",0
192600,Training Loss:,6.061990909245196e-09,", Learning rate:",3.810471181045496e-06,", Number of training points (boundary):",4800,", Number of training points (interior):",30000,", VRAM allocated:",0,", VRAM reserved:",0
192700,Training Loss:,5.586494378206908e-09,", Learning rate:",3.810471181045496e-06,", Number of training points (boundary):",4800,", Number of training points (interior):",30000,", VRAM allocated:",0,", VRAM reserved:",0
192800,Training Loss:,5.581987316816139e-09,", Learning rate:",3.810471181045496e-06,", Number of training points (boundary):",4800,", Number of training points (interior):",30000,", VRAM allocated:",0,", VRAM reserved:",0
192900,Training Loss:,5.577533990219763e-09,", Learning rate:",3.810471181045496e-06,", Number of training points (boundary):",4800,", Number of training points (interior):",30000,", VRAM allocated:",0,", VRAM reserved:",0
193000,Training Loss:,5.573212558118712e-09,", Learning rate:",3.810471181045496e-06,", Number of training points (boundary):",4800,", Number of training points (interior):",30000,", VRAM allocated:",0,", VRAM reserved:",0
193100,Training Loss:,7.670617918620337e-09,", Learning rate:",3.810471181045496e-06,", Number of training points (boundary):",4800,", Number of training points (interior):",30000,", VRAM allocated:",0,", VRAM reserved:",0
193200,Training Loss:,5.564542604474809e-09,", Learning rate:",3.810471181045496e-06,", Number of training points (boundary):",4800,", Number of training points (interior):",30000,", VRAM allocated:",0,", VRAM reserved:",0
193300,Training Loss:,5.560040428065349e-09,", Learning rate:",3.810471181045496e-06,", Number of training points (boundary):",4800,", Number of training points (interior):",30000,", VRAM allocated:",0,", VRAM reserved:",0
193400,Training Loss:,8.24162249557503e-09,", Learning rate:",3.810471181045496e-06,", Number of training points (boundary):",4800,", Number of training points (interior):",30000,", VRAM allocated:",0,", VRAM reserved:",0
193500,Training Loss:,5.552675208519986e-09,", Learning rate:",3.810471181045496e-06,", Number of training points (boundary):",4800,", Number of training points (interior):",30000,", VRAM allocated:",0,", VRAM reserved:",0
193600,Training Loss:,5.547883930034914e-09,", Learning rate:",3.810471181045496e-06,", Number of training points (boundary):",4800,", Number of training points (interior):",30000,", VRAM allocated:",0,", VRAM reserved:",0
193700,Training Loss:,5.543657533024771e-09,", Learning rate:",3.810471181045496e-06,", Number of training points (boundary):",4800,", Number of training points (interior):",30000,", VRAM allocated:",0,", VRAM reserved:",0
193800,Training Loss:,5.539242398100441e-09,", Learning rate:",3.810471181045496e-06,", Number of training points (boundary):",4800,", Number of training points (interior):",30000,", VRAM allocated:",0,", VRAM reserved:",0
193900,Training Loss:,5.534785518790386e-09,", Learning rate:",3.810471181045496e-06,", Number of training points (boundary):",4800,", Number of training points (interior):",30000,", VRAM allocated:",0,", VRAM reserved:",0
194000,Training Loss:,5.664949842554279e-09,", Learning rate:",3.772366469235041e-06,", Number of training points (boundary):",4800,", Number of training points (interior):",30000,", VRAM allocated:",0,", VRAM reserved:",0
194100,Training Loss:,5.5262154852186995e-09,", Learning rate:",3.772366469235041e-06,", Number of training points (boundary):",4800,", Number of training points (interior):",30000,", VRAM allocated:",0,", VRAM reserved:",0
194200,Training Loss:,5.521688439813488e-09,", Learning rate:",3.772366469235041e-06,", Number of training points (boundary):",4800,", Number of training points (interior):",30000,", VRAM allocated:",0,", VRAM reserved:",0
194300,Training Loss:,5.52511769669195e-09,", Learning rate:",3.772366469235041e-06,", Number of training points (boundary):",4800,", Number of training points (interior):",30000,", VRAM allocated:",0,", VRAM reserved:",0
194400,Training Loss:,5.514166456777048e-09,", Learning rate:",3.772366469235041e-06,", Number of training points (boundary):",4800,", Number of training points (interior):",30000,", VRAM allocated:",0,", VRAM reserved:",0
194500,Training Loss:,5.509927625269029e-09,", Learning rate:",3.772366469235041e-06,", Number of training points (boundary):",4800,", Number of training points (interior):",30000,", VRAM allocated:",0,", VRAM reserved:",0
194600,Training Loss:,5.505654154802642e-09,", Learning rate:",3.772366469235041e-06,", Number of training points (boundary):",4800,", Number of training points (interior):",30000,", VRAM allocated:",0,", VRAM reserved:",0
194700,Training Loss:,5.50133361088001e-09,", Learning rate:",3.772366469235041e-06,", Number of training points (boundary):",4800,", Number of training points (interior):",30000,", VRAM allocated:",0,", VRAM reserved:",0
194800,Training Loss:,5.497049926361797e-09,", Learning rate:",3.772366469235041e-06,", Number of training points (boundary):",4800,", Number of training points (interior):",30000,", VRAM allocated:",0,", VRAM reserved:",0
194900,Training Loss:,5.9804836638477354e-09,", Learning rate:",3.772366469235041e-06,", Number of training points (boundary):",4800,", Number of training points (interior):",30000,", VRAM allocated:",0,", VRAM reserved:",0
195000,Training Loss:,5.4893436463032685e-09,", Learning rate:",3.772366469235041e-06,", Number of training points (boundary):",4800,", Number of training points (interior):",30000,", VRAM allocated:",0,", VRAM reserved:",0
195100,Training Loss:,5.485016885131699e-09,", Learning rate:",3.772366469235041e-06,", Number of training points (boundary):",4800,", Number of training points (interior):",30000,", VRAM allocated:",0,", VRAM reserved:",0
195200,Training Loss:,5.480715437045092e-09,", Learning rate:",3.772366469235041e-06,", Number of training points (boundary):",4800,", Number of training points (interior):",30000,", VRAM allocated:",0,", VRAM reserved:",0
195300,Training Loss:,5.476358033718043e-09,", Learning rate:",3.772366469235041e-06,", Number of training points (boundary):",4800,", Number of training points (interior):",30000,", VRAM allocated:",0,", VRAM reserved:",0
195400,Training Loss:,5.480278453262599e-09,", Learning rate:",3.772366469235041e-06,", Number of training points (boundary):",4800,", Number of training points (interior):",30000,", VRAM allocated:",0,", VRAM reserved:",0
195500,Training Loss:,8.108122173666743e-09,", Learning rate:",3.772366469235041e-06,", Number of training points (boundary):",4800,", Number of training points (interior):",30000,", VRAM allocated:",0,", VRAM reserved:",0
195600,Training Loss:,5.463716590270451e-09,", Learning rate:",3.772366469235041e-06,", Number of training points (boundary):",4800,", Number of training points (interior):",30000,", VRAM allocated:",0,", VRAM reserved:",0
195700,Training Loss:,5.4592663722985435e-09,", Learning rate:",3.772366469235041e-06,", Number of training points (boundary):",4800,", Number of training points (interior):",30000,", VRAM allocated:",0,", VRAM reserved:",0
195800,Training Loss:,1.5816526754974802e-08,", Learning rate:",3.772366469235041e-06,", Number of training points (boundary):",4800,", Number of training points (interior):",30000,", VRAM allocated:",0,", VRAM reserved:",0
195900,Training Loss:,5.452648110804148e-09,", Learning rate:",3.772366469235041e-06,", Number of training points (boundary):",4800,", Number of training points (interior):",30000,", VRAM allocated:",0,", VRAM reserved:",0
196000,Training Loss:,5.447690742954592e-09,", Learning rate:",3.7346428045426907e-06,", Number of training points (boundary):",4800,", Number of training points (interior):",30000,", VRAM allocated:",0,", VRAM reserved:",0
196100,Training Loss:,5.443767658874776e-09,", Learning rate:",3.7346428045426907e-06,", Number of training points (boundary):",4800,", Number of training points (interior):",30000,", VRAM allocated:",0,", VRAM reserved:",0
196200,Training Loss:,5.43949107978392e-09,", Learning rate:",3.7346428045426907e-06,", Number of training points (boundary):",4800,", Number of training points (interior):",30000,", VRAM allocated:",0,", VRAM reserved:",0
196300,Training Loss:,5.435288663591109e-09,", Learning rate:",3.7346428045426907e-06,", Number of training points (boundary):",4800,", Number of training points (interior):",30000,", VRAM allocated:",0,", VRAM reserved:",0
196400,Training Loss:,5.43253042550873e-09,", Learning rate:",3.7346428045426907e-06,", Number of training points (boundary):",4800,", Number of training points (interior):",30000,", VRAM allocated:",0,", VRAM reserved:",0
196500,Training Loss:,5.427913229993919e-09,", Learning rate:",3.7346428045426907e-06,", Number of training points (boundary):",4800,", Number of training points (interior):",30000,", VRAM allocated:",0,", VRAM reserved:",0
196600,Training Loss:,5.422739590699166e-09,", Learning rate:",3.7346428045426907e-06,", Number of training points (boundary):",4800,", Number of training points (interior):",30000,", VRAM allocated:",0,", VRAM reserved:",0
196700,Training Loss:,5.418454573913323e-09,", Learning rate:",3.7346428045426907e-06,", Number of training points (boundary):",4800,", Number of training points (interior):",30000,", VRAM allocated:",0,", VRAM reserved:",0
196800,Training Loss:,5.418525184097689e-09,", Learning rate:",3.7346428045426907e-06,", Number of training points (boundary):",4800,", Number of training points (interior):",30000,", VRAM allocated:",0,", VRAM reserved:",0
196900,Training Loss:,5.411637804542124e-09,", Learning rate:",3.7346428045426907e-06,", Number of training points (boundary):",4800,", Number of training points (interior):",30000,", VRAM allocated:",0,", VRAM reserved:",0
197000,Training Loss:,5.407726266781765e-09,", Learning rate:",3.7346428045426907e-06,", Number of training points (boundary):",4800,", Number of training points (interior):",30000,", VRAM allocated:",0,", VRAM reserved:",0
197100,Training Loss:,5.403730352071534e-09,", Learning rate:",3.7346428045426907e-06,", Number of training points (boundary):",4800,", Number of training points (interior):",30000,", VRAM allocated:",0,", VRAM reserved:",0
197200,Training Loss:,5.399719338328168e-09,", Learning rate:",3.7346428045426907e-06,", Number of training points (boundary):",4800,", Number of training points (interior):",30000,", VRAM allocated:",0,", VRAM reserved:",0
197300,Training Loss:,5.395718982725839e-09,", Learning rate:",3.7346428045426907e-06,", Number of training points (boundary):",4800,", Number of training points (interior):",30000,", VRAM allocated:",0,", VRAM reserved:",0
197400,Training Loss:,5.391502355678313e-09,", Learning rate:",3.7346428045426907e-06,", Number of training points (boundary):",4800,", Number of training points (interior):",30000,", VRAM allocated:",0,", VRAM reserved:",0
197500,Training Loss:,5.402521541242322e-09,", Learning rate:",3.7346428045426907e-06,", Number of training points (boundary):",4800,", Number of training points (interior):",30000,", VRAM allocated:",0,", VRAM reserved:",0
197600,Training Loss:,5.383634427147399e-09,", Learning rate:",3.7346428045426907e-06,", Number of training points (boundary):",4800,", Number of training points (interior):",30000,", VRAM allocated:",0,", VRAM reserved:",0
197700,Training Loss:,5.379524381510237e-09,", Learning rate:",3.7346428045426907e-06,", Number of training points (boundary):",4800,", Number of training points (interior):",30000,", VRAM allocated:",0,", VRAM reserved:",0
197800,Training Loss:,5.375342393421079e-09,", Learning rate:",3.7346428045426907e-06,", Number of training points (boundary):",4800,", Number of training points (interior):",30000,", VRAM allocated:",0,", VRAM reserved:",0
197900,Training Loss:,5.375484501968231e-09,", Learning rate:",3.7346428045426907e-06,", Number of training points (boundary):",4800,", Number of training points (interior):",30000,", VRAM allocated:",0,", VRAM reserved:",0
198000,Training Loss:,5.368598010591086e-09,", Learning rate:",3.6972963764972635e-06,", Number of training points (boundary):",4800,", Number of training points (interior):",30000,", VRAM allocated:",0,", VRAM reserved:",0
198100,Training Loss:,5.364633182125544e-09,", Learning rate:",3.6972963764972635e-06,", Number of training points (boundary):",4800,", Number of training points (interior):",30000,", VRAM allocated:",0,", VRAM reserved:",0
198200,Training Loss:,5.36070743351047e-09,", Learning rate:",3.6972963764972635e-06,", Number of training points (boundary):",4800,", Number of training points (interior):",30000,", VRAM allocated:",0,", VRAM reserved:",0
198300,Training Loss:,5.356663557165575e-09,", Learning rate:",3.6972963764972635e-06,", Number of training points (boundary):",4800,", Number of training points (interior):",30000,", VRAM allocated:",0,", VRAM reserved:",0
198400,Training Loss:,5.352693399629516e-09,", Learning rate:",3.6972963764972635e-06,", Number of training points (boundary):",4800,", Number of training points (interior):",30000,", VRAM allocated:",0,", VRAM reserved:",0
198500,Training Loss:,5.7821445409445005e-09,", Learning rate:",3.6972963764972635e-06,", Number of training points (boundary):",4800,", Number of training points (interior):",30000,", VRAM allocated:",0,", VRAM reserved:",0
198600,Training Loss:,5.431283867096681e-09,", Learning rate:",3.6972963764972635e-06,", Number of training points (boundary):",4800,", Number of training points (interior):",30000,", VRAM allocated:",0,", VRAM reserved:",0
198700,Training Loss:,5.340879294379874e-09,", Learning rate:",3.6972963764972635e-06,", Number of training points (boundary):",4800,", Number of training points (interior):",30000,", VRAM allocated:",0,", VRAM reserved:",0
198800,Training Loss:,5.3362727570061e-09,", Learning rate:",3.6972963764972635e-06,", Number of training points (boundary):",4800,", Number of training points (interior):",30000,", VRAM allocated:",0,", VRAM reserved:",0
198900,Training Loss:,5.96169202893293e-09,", Learning rate:",3.6972963764972635e-06,", Number of training points (boundary):",4800,", Number of training points (interior):",30000,", VRAM allocated:",0,", VRAM reserved:",0
199000,Training Loss:,5.3287472212559805e-09,", Learning rate:",3.6972963764972635e-06,", Number of training points (boundary):",4800,", Number of training points (interior):",30000,", VRAM allocated:",0,", VRAM reserved:",0
199100,Training Loss:,5.3246598241685206e-09,", Learning rate:",3.6972963764972635e-06,", Number of training points (boundary):",4800,", Number of training points (interior):",30000,", VRAM allocated:",0,", VRAM reserved:",0
199200,Training Loss:,5.320783369455739e-09,", Learning rate:",3.6972963764972635e-06,", Number of training points (boundary):",4800,", Number of training points (interior):",30000,", VRAM allocated:",0,", VRAM reserved:",0
199300,Training Loss:,5.316795004262076e-09,", Learning rate:",3.6972963764972635e-06,", Number of training points (boundary):",4800,", Number of training points (interior):",30000,", VRAM allocated:",0,", VRAM reserved:",0
199400,Training Loss:,8.216698432761405e-09,", Learning rate:",3.6972963764972635e-06,", Number of training points (boundary):",4800,", Number of training points (interior):",30000,", VRAM allocated:",0,", VRAM reserved:",0
199500,Training Loss:,5.309450656909576e-09,", Learning rate:",3.6972963764972635e-06,", Number of training points (boundary):",4800,", Number of training points (interior):",30000,", VRAM allocated:",0,", VRAM reserved:",0
199600,Training Loss:,5.30532107134718e-09,", Learning rate:",3.6972963764972635e-06,", Number of training points (boundary):",4800,", Number of training points (interior):",30000,", VRAM allocated:",0,", VRAM reserved:",0
199700,Training Loss:,5.3014304057796835e-09,", Learning rate:",3.6972963764972635e-06,", Number of training points (boundary):",4800,", Number of training points (interior):",30000,", VRAM allocated:",0,", VRAM reserved:",0
199800,Training Loss:,5.29753041433878e-09,", Learning rate:",3.6972963764972635e-06,", Number of training points (boundary):",4800,", Number of training points (interior):",30000,", VRAM allocated:",0,", VRAM reserved:",0
199900,Training Loss:,5.2933977201519156e-09,", Learning rate:",3.6972963764972635e-06,", Number of training points (boundary):",4800,", Number of training points (interior):",30000,", VRAM allocated:",0,", VRAM reserved:",0
200000,Training Loss:,5.305187844584225e-09,", Learning rate:",3.660323412732291e-06,", Number of training points (boundary):",4800,", Number of training points (interior):",30000,", VRAM allocated:",0,", VRAM reserved:",0
200100,Training Loss:,5.2863931010449505e-09,", Learning rate:",3.660323412732291e-06,", Number of training points (boundary):",4800,", Number of training points (interior):",30000,", VRAM allocated:",0,", VRAM reserved:",0
200200,Training Loss:,5.282668524841938e-09,", Learning rate:",3.660323412732291e-06,", Number of training points (boundary):",4800,", Number of training points (interior):",30000,", VRAM allocated:",0,", VRAM reserved:",0
200300,Training Loss:,5.278749881654221e-09,", Learning rate:",3.660323412732291e-06,", Number of training points (boundary):",4800,", Number of training points (interior):",30000,", VRAM allocated:",0,", VRAM reserved:",0
200400,Training Loss:,5.274891190509834e-09,", Learning rate:",3.660323412732291e-06,", Number of training points (boundary):",4800,", Number of training points (interior):",30000,", VRAM allocated:",0,", VRAM reserved:",0
200500,Training Loss:,5.270946346058736e-09,", Learning rate:",3.660323412732291e-06,", Number of training points (boundary):",4800,", Number of training points (interior):",30000,", VRAM allocated:",0,", VRAM reserved:",0
200600,Training Loss:,8.290741426719705e-09,", Learning rate:",3.660323412732291e-06,", Number of training points (boundary):",4800,", Number of training points (interior):",30000,", VRAM allocated:",0,", VRAM reserved:",0
200700,Training Loss:,5.263869340410565e-09,", Learning rate:",3.660323412732291e-06,", Number of training points (boundary):",4800,", Number of training points (interior):",30000,", VRAM allocated:",0,", VRAM reserved:",0
200800,Training Loss:,5.25976862064681e-09,", Learning rate:",3.660323412732291e-06,", Number of training points (boundary):",4800,", Number of training points (interior):",30000,", VRAM allocated:",0,", VRAM reserved:",0
200900,Training Loss:,5.255966772921283e-09,", Learning rate:",3.660323412732291e-06,", Number of training points (boundary):",4800,", Number of training points (interior):",30000,", VRAM allocated:",0,", VRAM reserved:",0
201000,Training Loss:,5.251951318285819e-09,", Learning rate:",3.660323412732291e-06,", Number of training points (boundary):",4800,", Number of training points (interior):",30000,", VRAM allocated:",0,", VRAM reserved:",0
201100,Training Loss:,5.248174783645254e-09,", Learning rate:",3.660323412732291e-06,", Number of training points (boundary):",4800,", Number of training points (interior):",30000,", VRAM allocated:",0,", VRAM reserved:",0
201200,Training Loss:,5.364289012987911e-09,", Learning rate:",3.660323412732291e-06,", Number of training points (boundary):",4800,", Number of training points (interior):",30000,", VRAM allocated:",0,", VRAM reserved:",0
201300,Training Loss:,5.240915701421045e-09,", Learning rate:",3.660323412732291e-06,", Number of training points (boundary):",4800,", Number of training points (interior):",30000,", VRAM allocated:",0,", VRAM reserved:",0
201400,Training Loss:,5.237034805816165e-09,", Learning rate:",3.660323412732291e-06,", Number of training points (boundary):",4800,", Number of training points (interior):",30000,", VRAM allocated:",0,", VRAM reserved:",0
201500,Training Loss:,5.233107724933461e-09,", Learning rate:",3.660323412732291e-06,", Number of training points (boundary):",4800,", Number of training points (interior):",30000,", VRAM allocated:",0,", VRAM reserved:",0
201600,Training Loss:,5.229127797434785e-09,", Learning rate:",3.660323412732291e-06,", Number of training points (boundary):",4800,", Number of training points (interior):",30000,", VRAM allocated:",0,", VRAM reserved:",0
201700,Training Loss:,5.360472954407669e-09,", Learning rate:",3.660323412732291e-06,", Number of training points (boundary):",4800,", Number of training points (interior):",30000,", VRAM allocated:",0,", VRAM reserved:",0
201800,Training Loss:,5.228799615508706e-09,", Learning rate:",3.660323412732291e-06,", Number of training points (boundary):",4800,", Number of training points (interior):",30000,", VRAM allocated:",0,", VRAM reserved:",0
201900,Training Loss:,5.219876086925979e-09,", Learning rate:",3.660323412732291e-06,", Number of training points (boundary):",4800,", Number of training points (interior):",30000,", VRAM allocated:",0,", VRAM reserved:",0
202000,Training Loss:,5.214173093293084e-09,", Learning rate:",3.623720178604968e-06,", Number of training points (boundary):",4800,", Number of training points (interior):",30000,", VRAM allocated:",0,", VRAM reserved:",0
202100,Training Loss:,5.209313425069695e-09,", Learning rate:",3.623720178604968e-06,", Number of training points (boundary):",4800,", Number of training points (interior):",30000,", VRAM allocated:",0,", VRAM reserved:",0
202200,Training Loss:,1.4407031123653269e-08,", Learning rate:",3.623720178604968e-06,", Number of training points (boundary):",4800,", Number of training points (interior):",30000,", VRAM allocated:",0,", VRAM reserved:",0
202300,Training Loss:,5.2030264541258475e-09,", Learning rate:",3.623720178604968e-06,", Number of training points (boundary):",4800,", Number of training points (interior):",30000,", VRAM allocated:",0,", VRAM reserved:",0
202400,Training Loss:,5.1982698145991435e-09,", Learning rate:",3.623720178604968e-06,", Number of training points (boundary):",4800,", Number of training points (interior):",30000,", VRAM allocated:",0,", VRAM reserved:",0
202500,Training Loss:,5.194417784792904e-09,", Learning rate:",3.623720178604968e-06,", Number of training points (boundary):",4800,", Number of training points (interior):",30000,", VRAM allocated:",0,", VRAM reserved:",0
202600,Training Loss:,5.190484930750472e-09,", Learning rate:",3.623720178604968e-06,", Number of training points (boundary):",4800,", Number of training points (interior):",30000,", VRAM allocated:",0,", VRAM reserved:",0
202700,Training Loss:,5.202369646184479e-09,", Learning rate:",3.623720178604968e-06,", Number of training points (boundary):",4800,", Number of training points (interior):",30000,", VRAM allocated:",0,", VRAM reserved:",0
202800,Training Loss:,5.1827289127004406e-09,", Learning rate:",3.623720178604968e-06,", Number of training points (boundary):",4800,", Number of training points (interior):",30000,", VRAM allocated:",0,", VRAM reserved:",0
202900,Training Loss:,5.178869333377634e-09,", Learning rate:",3.623720178604968e-06,", Number of training points (boundary):",4800,", Number of training points (interior):",30000,", VRAM allocated:",0,", VRAM reserved:",0
203000,Training Loss:,5.73798564218464e-09,", Learning rate:",3.623720178604968e-06,", Number of training points (boundary):",4800,", Number of training points (interior):",30000,", VRAM allocated:",0,", VRAM reserved:",0
203100,Training Loss:,5.172643646744746e-09,", Learning rate:",3.623720178604968e-06,", Number of training points (boundary):",4800,", Number of training points (interior):",30000,", VRAM allocated:",0,", VRAM reserved:",0
203200,Training Loss:,5.16872189493256e-09,", Learning rate:",3.623720178604968e-06,", Number of training points (boundary):",4800,", Number of training points (interior):",30000,", VRAM allocated:",0,", VRAM reserved:",0
203300,Training Loss:,5.164973782001425e-09,", Learning rate:",3.623720178604968e-06,", Number of training points (boundary):",4800,", Number of training points (interior):",30000,", VRAM allocated:",0,", VRAM reserved:",0
203400,Training Loss:,5.161147509369357e-09,", Learning rate:",3.623720178604968e-06,", Number of training points (boundary):",4800,", Number of training points (interior):",30000,", VRAM allocated:",0,", VRAM reserved:",0
203500,Training Loss:,5.157372306996422e-09,", Learning rate:",3.623720178604968e-06,", Number of training points (boundary):",4800,", Number of training points (interior):",30000,", VRAM allocated:",0,", VRAM reserved:",0
203600,Training Loss:,5.15358644648245e-09,", Learning rate:",3.623720178604968e-06,", Number of training points (boundary):",4800,", Number of training points (interior):",30000,", VRAM allocated:",0,", VRAM reserved:",0
203700,Training Loss:,5.162960281523965e-09,", Learning rate:",3.623720178604968e-06,", Number of training points (boundary):",4800,", Number of training points (interior):",30000,", VRAM allocated:",0,", VRAM reserved:",0
203800,Training Loss:,5.1459725369795706e-09,", Learning rate:",3.623720178604968e-06,", Number of training points (boundary):",4800,", Number of training points (interior):",30000,", VRAM allocated:",0,", VRAM reserved:",0
203900,Training Loss:,5.142100079069678e-09,", Learning rate:",3.623720178604968e-06,", Number of training points (boundary):",4800,", Number of training points (interior):",30000,", VRAM allocated:",0,", VRAM reserved:",0
204000,Training Loss:,5.165367689130562e-09,", Learning rate:",3.5874829768189183e-06,", Number of training points (boundary):",4800,", Number of training points (interior):",30000,", VRAM allocated:",0,", VRAM reserved:",0
204100,Training Loss:,5.135525782407058e-09,", Learning rate:",3.5874829768189183e-06,", Number of training points (boundary):",4800,", Number of training points (interior):",30000,", VRAM allocated:",0,", VRAM reserved:",0
204200,Training Loss:,5.131826519289007e-09,", Learning rate:",3.5874829768189183e-06,", Number of training points (boundary):",4800,", Number of training points (interior):",30000,", VRAM allocated:",0,", VRAM reserved:",0
204300,Training Loss:,5.128218294458975e-09,", Learning rate:",3.5874829768189183e-06,", Number of training points (boundary):",4800,", Number of training points (interior):",30000,", VRAM allocated:",0,", VRAM reserved:",0
204400,Training Loss:,5.124616730967091e-09,", Learning rate:",3.5874829768189183e-06,", Number of training points (boundary):",4800,", Number of training points (interior):",30000,", VRAM allocated:",0,", VRAM reserved:",0
204500,Training Loss:,5.120673662872832e-09,", Learning rate:",3.5874829768189183e-06,", Number of training points (boundary):",4800,", Number of training points (interior):",30000,", VRAM allocated:",0,", VRAM reserved:",0
204600,Training Loss:,5.510401468455939e-09,", Learning rate:",3.5874829768189183e-06,", Number of training points (boundary):",4800,", Number of training points (interior):",30000,", VRAM allocated:",0,", VRAM reserved:",0
204700,Training Loss:,5.113399925704698e-09,", Learning rate:",3.5874829768189183e-06,", Number of training points (boundary):",4800,", Number of training points (interior):",30000,", VRAM allocated:",0,", VRAM reserved:",0
204800,Training Loss:,5.109653589130403e-09,", Learning rate:",3.5874829768189183e-06,", Number of training points (boundary):",4800,", Number of training points (interior):",30000,", VRAM allocated:",0,", VRAM reserved:",0
204900,Training Loss:,6.3907861225231954e-09,", Learning rate:",3.5874829768189183e-06,", Number of training points (boundary):",4800,", Number of training points (interior):",30000,", VRAM allocated:",0,", VRAM reserved:",0
205000,Training Loss:,5.103118816407459e-09,", Learning rate:",3.5874829768189183e-06,", Number of training points (boundary):",4800,", Number of training points (interior):",30000,", VRAM allocated:",0,", VRAM reserved:",0
205100,Training Loss:,5.098619304533258e-09,", Learning rate:",3.5874829768189183e-06,", Number of training points (boundary):",4800,", Number of training points (interior):",30000,", VRAM allocated:",0,", VRAM reserved:",0
205200,Training Loss:,5.094966670782242e-09,", Learning rate:",3.5874829768189183e-06,", Number of training points (boundary):",4800,", Number of training points (interior):",30000,", VRAM allocated:",0,", VRAM reserved:",0
205300,Training Loss:,5.091244759114488e-09,", Learning rate:",3.5874829768189183e-06,", Number of training points (boundary):",4800,", Number of training points (interior):",30000,", VRAM allocated:",0,", VRAM reserved:",0
205400,Training Loss:,5.110496470450698e-09,", Learning rate:",3.5874829768189183e-06,", Number of training points (boundary):",4800,", Number of training points (interior):",30000,", VRAM allocated:",0,", VRAM reserved:",0
205500,Training Loss:,5.0848374399947716e-09,", Learning rate:",3.5874829768189183e-06,", Number of training points (boundary):",4800,", Number of training points (interior):",30000,", VRAM allocated:",0,", VRAM reserved:",0
205600,Training Loss:,5.081344234270091e-09,", Learning rate:",3.5874829768189183e-06,", Number of training points (boundary):",4800,", Number of training points (interior):",30000,", VRAM allocated:",0,", VRAM reserved:",0
205700,Training Loss:,5.077747999848725e-09,", Learning rate:",3.5874829768189183e-06,", Number of training points (boundary):",4800,", Number of training points (interior):",30000,", VRAM allocated:",0,", VRAM reserved:",0
205800,Training Loss:,5.0741491008921e-09,", Learning rate:",3.5874829768189183e-06,", Number of training points (boundary):",4800,", Number of training points (interior):",30000,", VRAM allocated:",0,", VRAM reserved:",0
205900,Training Loss:,5.070316166921884e-09,", Learning rate:",3.5874829768189183e-06,", Number of training points (boundary):",4800,", Number of training points (interior):",30000,", VRAM allocated:",0,", VRAM reserved:",0
206000,Training Loss:,6.3552914042475095e-09,", Learning rate:",3.5516081470507293e-06,", Number of training points (boundary):",4800,", Number of training points (interior):",30000,", VRAM allocated:",0,", VRAM reserved:",0
206100,Training Loss:,5.063171215624607e-09,", Learning rate:",3.5516081470507293e-06,", Number of training points (boundary):",4800,", Number of training points (interior):",30000,", VRAM allocated:",0,", VRAM reserved:",0
206200,Training Loss:,5.059304530874442e-09,", Learning rate:",3.5516081470507293e-06,", Number of training points (boundary):",4800,", Number of training points (interior):",30000,", VRAM allocated:",0,", VRAM reserved:",0
206300,Training Loss:,5.055629692662933e-09,", Learning rate:",3.5516081470507293e-06,", Number of training points (boundary):",4800,", Number of training points (interior):",30000,", VRAM allocated:",0,", VRAM reserved:",0
206400,Training Loss:,5.064122898801315e-09,", Learning rate:",3.5516081470507293e-06,", Number of training points (boundary):",4800,", Number of training points (interior):",30000,", VRAM allocated:",0,", VRAM reserved:",0
206500,Training Loss:,5.049374252052985e-09,", Learning rate:",3.5516081470507293e-06,", Number of training points (boundary):",4800,", Number of training points (interior):",30000,", VRAM allocated:",0,", VRAM reserved:",0
206600,Training Loss:,5.0458983658074885e-09,", Learning rate:",3.5516081470507293e-06,", Number of training points (boundary):",4800,", Number of training points (interior):",30000,", VRAM allocated:",0,", VRAM reserved:",0
206700,Training Loss:,5.042203099492326e-09,", Learning rate:",3.5516081470507293e-06,", Number of training points (boundary):",4800,", Number of training points (interior):",30000,", VRAM allocated:",0,", VRAM reserved:",0
206800,Training Loss:,5.038534922618965e-09,", Learning rate:",3.5516081470507293e-06,", Number of training points (boundary):",4800,", Number of training points (interior):",30000,", VRAM allocated:",0,", VRAM reserved:",0
206900,Training Loss:,5.034960892658091e-09,", Learning rate:",3.5516081470507293e-06,", Number of training points (boundary):",4800,", Number of training points (interior):",30000,", VRAM allocated:",0,", VRAM reserved:",0
207000,Training Loss:,8.043254950962364e-09,", Learning rate:",3.5516081470507293e-06,", Number of training points (boundary):",4800,", Number of training points (interior):",30000,", VRAM allocated:",0,", VRAM reserved:",0
207100,Training Loss:,5.0277217944483255e-09,", Learning rate:",3.5516081470507293e-06,", Number of training points (boundary):",4800,", Number of training points (interior):",30000,", VRAM allocated:",0,", VRAM reserved:",0
207200,Training Loss:,5.0240580584670624e-09,", Learning rate:",3.5516081470507293e-06,", Number of training points (boundary):",4800,", Number of training points (interior):",30000,", VRAM allocated:",0,", VRAM reserved:",0
207300,Training Loss:,5.020436066871525e-09,", Learning rate:",3.5516081470507293e-06,", Number of training points (boundary):",4800,", Number of training points (interior):",30000,", VRAM allocated:",0,", VRAM reserved:",0
207400,Training Loss:,5.616903386851391e-09,", Learning rate:",3.5516081470507293e-06,", Number of training points (boundary):",4800,", Number of training points (interior):",30000,", VRAM allocated:",0,", VRAM reserved:",0
207500,Training Loss:,5.014486603727164e-09,", Learning rate:",3.5516081470507293e-06,", Number of training points (boundary):",4800,", Number of training points (interior):",30000,", VRAM allocated:",0,", VRAM reserved:",0
207600,Training Loss:,5.010861503507158e-09,", Learning rate:",3.5516081470507293e-06,", Number of training points (boundary):",4800,", Number of training points (interior):",30000,", VRAM allocated:",0,", VRAM reserved:",0
207700,Training Loss:,5.007386505440081e-09,", Learning rate:",3.5516081470507293e-06,", Number of training points (boundary):",4800,", Number of training points (interior):",30000,", VRAM allocated:",0,", VRAM reserved:",0
207800,Training Loss:,5.003941705439274e-09,", Learning rate:",3.5516081470507293e-06,", Number of training points (boundary):",4800,", Number of training points (interior):",30000,", VRAM allocated:",0,", VRAM reserved:",0
207900,Training Loss:,5.000344582839489e-09,", Learning rate:",3.5516081470507293e-06,", Number of training points (boundary):",4800,", Number of training points (interior):",30000,", VRAM allocated:",0,", VRAM reserved:",0
208000,Training Loss:,4.99690466781999e-09,", Learning rate:",3.516092065580222e-06,", Number of training points (boundary):",4800,", Number of training points (interior):",30000,", VRAM allocated:",0,", VRAM reserved:",0
208100,Training Loss:,4.993250257712134e-09,", Learning rate:",3.516092065580222e-06,", Number of training points (boundary):",4800,", Number of training points (interior):",30000,", VRAM allocated:",0,", VRAM reserved:",0
208200,Training Loss:,5.024210381066041e-09,", Learning rate:",3.516092065580222e-06,", Number of training points (boundary):",4800,", Number of training points (interior):",30000,", VRAM allocated:",0,", VRAM reserved:",0
208300,Training Loss:,4.986339785517657e-09,", Learning rate:",3.516092065580222e-06,", Number of training points (boundary):",4800,", Number of training points (interior):",30000,", VRAM allocated:",0,", VRAM reserved:",0
208400,Training Loss:,4.9830100046222014e-09,", Learning rate:",3.516092065580222e-06,", Number of training points (boundary):",4800,", Number of training points (interior):",30000,", VRAM allocated:",0,", VRAM reserved:",0
208500,Training Loss:,4.97957808320848e-09,", Learning rate:",3.516092065580222e-06,", Number of training points (boundary):",4800,", Number of training points (interior):",30000,", VRAM allocated:",0,", VRAM reserved:",0
208600,Training Loss:,5.023813809401645e-09,", Learning rate:",3.516092065580222e-06,", Number of training points (boundary):",4800,", Number of training points (interior):",30000,", VRAM allocated:",0,", VRAM reserved:",0
208700,Training Loss:,4.974594958184753e-09,", Learning rate:",3.516092065580222e-06,", Number of training points (boundary):",4800,", Number of training points (interior):",30000,", VRAM allocated:",0,", VRAM reserved:",0
208800,Training Loss:,4.969547440225597e-09,", Learning rate:",3.516092065580222e-06,", Number of training points (boundary):",4800,", Number of training points (interior):",30000,", VRAM allocated:",0,", VRAM reserved:",0
208900,Training Loss:,4.965908573240085e-09,", Learning rate:",3.516092065580222e-06,", Number of training points (boundary):",4800,", Number of training points (interior):",30000,", VRAM allocated:",0,", VRAM reserved:",0
209000,Training Loss:,4.962494415394758e-09,", Learning rate:",3.516092065580222e-06,", Number of training points (boundary):",4800,", Number of training points (interior):",30000,", VRAM allocated:",0,", VRAM reserved:",0
209100,Training Loss:,4.959018085060052e-09,", Learning rate:",3.516092065580222e-06,", Number of training points (boundary):",4800,", Number of training points (interior):",30000,", VRAM allocated:",0,", VRAM reserved:",0
209200,Training Loss:,1.5606941516921324e-08,", Learning rate:",3.516092065580222e-06,", Number of training points (boundary):",4800,", Number of training points (interior):",30000,", VRAM allocated:",0,", VRAM reserved:",0
209300,Training Loss:,4.952422028026149e-09,", Learning rate:",3.516092065580222e-06,", Number of training points (boundary):",4800,", Number of training points (interior):",30000,", VRAM allocated:",0,", VRAM reserved:",0
209400,Training Loss:,4.948718324015999e-09,", Learning rate:",3.516092065580222e-06,", Number of training points (boundary):",4800,", Number of training points (interior):",30000,", VRAM allocated:",0,", VRAM reserved:",0
209500,Training Loss:,4.945333476058522e-09,", Learning rate:",3.516092065580222e-06,", Number of training points (boundary):",4800,", Number of training points (interior):",30000,", VRAM allocated:",0,", VRAM reserved:",0
209600,Training Loss:,4.94172658349612e-09,", Learning rate:",3.516092065580222e-06,", Number of training points (boundary):",4800,", Number of training points (interior):",30000,", VRAM allocated:",0,", VRAM reserved:",0
209700,Training Loss:,6.452816059265842e-09,", Learning rate:",3.516092065580222e-06,", Number of training points (boundary):",4800,", Number of training points (interior):",30000,", VRAM allocated:",0,", VRAM reserved:",0
209800,Training Loss:,4.935114539250662e-09,", Learning rate:",3.516092065580222e-06,", Number of training points (boundary):",4800,", Number of training points (interior):",30000,", VRAM allocated:",0,", VRAM reserved:",0
209900,Training Loss:,4.931768327054442e-09,", Learning rate:",3.516092065580222e-06,", Number of training points (boundary):",4800,", Number of training points (interior):",30000,", VRAM allocated:",0,", VRAM reserved:",0
210000,Training Loss:,4.928200514342507e-09,", Learning rate:",3.4809311449244195e-06,", Number of training points (boundary):",4800,", Number of training points (interior):",30000,", VRAM allocated:",0,", VRAM reserved:",0
210100,Training Loss:,4.924769037017995e-09,", Learning rate:",3.4809311449244195e-06,", Number of training points (boundary):",4800,", Number of training points (interior):",30000,", VRAM allocated:",0,", VRAM reserved:",0
210200,Training Loss:,5.99604854656377e-09,", Learning rate:",3.4809311449244195e-06,", Number of training points (boundary):",4800,", Number of training points (interior):",30000,", VRAM allocated:",0,", VRAM reserved:",0
210300,Training Loss:,4.919134433123418e-09,", Learning rate:",3.4809311449244195e-06,", Number of training points (boundary):",4800,", Number of training points (interior):",30000,", VRAM allocated:",0,", VRAM reserved:",0
210400,Training Loss:,4.9154946779594866e-09,", Learning rate:",3.4809311449244195e-06,", Number of training points (boundary):",4800,", Number of training points (interior):",30000,", VRAM allocated:",0,", VRAM reserved:",0
210500,Training Loss:,4.912199091933189e-09,", Learning rate:",3.4809311449244195e-06,", Number of training points (boundary):",4800,", Number of training points (interior):",30000,", VRAM allocated:",0,", VRAM reserved:",0
210600,Training Loss:,4.909071371628215e-09,", Learning rate:",3.4809311449244195e-06,", Number of training points (boundary):",4800,", Number of training points (interior):",30000,", VRAM allocated:",0,", VRAM reserved:",0
210700,Training Loss:,4.905702066793083e-09,", Learning rate:",3.4809311449244195e-06,", Number of training points (boundary):",4800,", Number of training points (interior):",30000,", VRAM allocated:",0,", VRAM reserved:",0
210800,Training Loss:,4.902085404268064e-09,", Learning rate:",3.4809311449244195e-06,", Number of training points (boundary):",4800,", Number of training points (interior):",30000,", VRAM allocated:",0,", VRAM reserved:",0
210900,Training Loss:,4.900416961106657e-09,", Learning rate:",3.4809311449244195e-06,", Number of training points (boundary):",4800,", Number of training points (interior):",30000,", VRAM allocated:",0,", VRAM reserved:",0
211000,Training Loss:,4.896656857766857e-09,", Learning rate:",3.4809311449244195e-06,", Number of training points (boundary):",4800,", Number of training points (interior):",30000,", VRAM allocated:",0,", VRAM reserved:",0
211100,Training Loss:,4.892169336301322e-09,", Learning rate:",3.4809311449244195e-06,", Number of training points (boundary):",4800,", Number of training points (interior):",30000,", VRAM allocated:",0,", VRAM reserved:",0
211200,Training Loss:,4.888683236003999e-09,", Learning rate:",3.4809311449244195e-06,", Number of training points (boundary):",4800,", Number of training points (interior):",30000,", VRAM allocated:",0,", VRAM reserved:",0
211300,Training Loss:,4.8851096501323354e-09,", Learning rate:",3.4809311449244195e-06,", Number of training points (boundary):",4800,", Number of training points (interior):",30000,", VRAM allocated:",0,", VRAM reserved:",0
211400,Training Loss:,4.897746652687829e-09,", Learning rate:",3.4809311449244195e-06,", Number of training points (boundary):",4800,", Number of training points (interior):",30000,", VRAM allocated:",0,", VRAM reserved:",0
211500,Training Loss:,4.878883075321028e-09,", Learning rate:",3.4809311449244195e-06,", Number of training points (boundary):",4800,", Number of training points (interior):",30000,", VRAM allocated:",0,", VRAM reserved:",0
211600,Training Loss:,4.875431613982073e-09,", Learning rate:",3.4809311449244195e-06,", Number of training points (boundary):",4800,", Number of training points (interior):",30000,", VRAM allocated:",0,", VRAM reserved:",0
211700,Training Loss:,4.872134695688146e-09,", Learning rate:",3.4809311449244195e-06,", Number of training points (boundary):",4800,", Number of training points (interior):",30000,", VRAM allocated:",0,", VRAM reserved:",0
211800,Training Loss:,4.868574432492778e-09,", Learning rate:",3.4809311449244195e-06,", Number of training points (boundary):",4800,", Number of training points (interior):",30000,", VRAM allocated:",0,", VRAM reserved:",0
211900,Training Loss:,4.896268279708238e-09,", Learning rate:",3.4809311449244195e-06,", Number of training points (boundary):",4800,", Number of training points (interior):",30000,", VRAM allocated:",0,", VRAM reserved:",0
212000,Training Loss:,4.861703484237978e-09,", Learning rate:",3.446121833475175e-06,", Number of training points (boundary):",4800,", Number of training points (interior):",30000,", VRAM allocated:",0,", VRAM reserved:",0
212100,Training Loss:,4.858555779918561e-09,", Learning rate:",3.446121833475175e-06,", Number of training points (boundary):",4800,", Number of training points (interior):",30000,", VRAM allocated:",0,", VRAM reserved:",0
212200,Training Loss:,4.8549519959806275e-09,", Learning rate:",3.446121833475175e-06,", Number of training points (boundary):",4800,", Number of training points (interior):",30000,", VRAM allocated:",0,", VRAM reserved:",0
212300,Training Loss:,4.8566315413722805e-09,", Learning rate:",3.446121833475175e-06,", Number of training points (boundary):",4800,", Number of training points (interior):",30000,", VRAM allocated:",0,", VRAM reserved:",0
212400,Training Loss:,4.849225465619611e-09,", Learning rate:",3.446121833475175e-06,", Number of training points (boundary):",4800,", Number of training points (interior):",30000,", VRAM allocated:",0,", VRAM reserved:",0
212500,Training Loss:,4.845901457883883e-09,", Learning rate:",3.446121833475175e-06,", Number of training points (boundary):",4800,", Number of training points (interior):",30000,", VRAM allocated:",0,", VRAM reserved:",0
212600,Training Loss:,4.842870104937447e-09,", Learning rate:",3.446121833475175e-06,", Number of training points (boundary):",4800,", Number of training points (interior):",30000,", VRAM allocated:",0,", VRAM reserved:",0
212700,Training Loss:,4.839499023745475e-09,", Learning rate:",3.446121833475175e-06,", Number of training points (boundary):",4800,", Number of training points (interior):",30000,", VRAM allocated:",0,", VRAM reserved:",0
212800,Training Loss:,4.836217648573893e-09,", Learning rate:",3.446121833475175e-06,", Number of training points (boundary):",4800,", Number of training points (interior):",30000,", VRAM allocated:",0,", VRAM reserved:",0
212900,Training Loss:,4.832887867678437e-09,", Learning rate:",3.446121833475175e-06,", Number of training points (boundary):",4800,", Number of training points (interior):",30000,", VRAM allocated:",0,", VRAM reserved:",0
213000,Training Loss:,4.984354262660418e-09,", Learning rate:",3.446121833475175e-06,", Number of training points (boundary):",4800,", Number of training points (interior):",30000,", VRAM allocated:",0,", VRAM reserved:",0
213100,Training Loss:,4.826343324992877e-09,", Learning rate:",3.446121833475175e-06,", Number of training points (boundary):",4800,", Number of training points (interior):",30000,", VRAM allocated:",0,", VRAM reserved:",0
213200,Training Loss:,4.823357713235055e-09,", Learning rate:",3.446121833475175e-06,", Number of training points (boundary):",4800,", Number of training points (interior):",30000,", VRAM allocated:",0,", VRAM reserved:",0
213300,Training Loss:,4.820043031372734e-09,", Learning rate:",3.446121833475175e-06,", Number of training points (boundary):",4800,", Number of training points (interior):",30000,", VRAM allocated:",0,", VRAM reserved:",0
213400,Training Loss:,4.8165755828222245e-09,", Learning rate:",3.446121833475175e-06,", Number of training points (boundary):",4800,", Number of training points (interior):",30000,", VRAM allocated:",0,", VRAM reserved:",0
213500,Training Loss:,5.4686166706119366e-09,", Learning rate:",3.446121833475175e-06,", Number of training points (boundary):",4800,", Number of training points (interior):",30000,", VRAM allocated:",0,", VRAM reserved:",0
213600,Training Loss:,4.811142595428919e-09,", Learning rate:",3.446121833475175e-06,", Number of training points (boundary):",4800,", Number of training points (interior):",30000,", VRAM allocated:",0,", VRAM reserved:",0
213700,Training Loss:,4.80791095824884e-09,", Learning rate:",3.446121833475175e-06,", Number of training points (boundary):",4800,", Number of training points (interior):",30000,", VRAM allocated:",0,", VRAM reserved:",0
213800,Training Loss:,4.804856512663491e-09,", Learning rate:",3.446121833475175e-06,", Number of training points (boundary):",4800,", Number of training points (interior):",30000,", VRAM allocated:",0,", VRAM reserved:",0
213900,Training Loss:,4.801819386557327e-09,", Learning rate:",3.446121833475175e-06,", Number of training points (boundary):",4800,", Number of training points (interior):",30000,", VRAM allocated:",0,", VRAM reserved:",0
214000,Training Loss:,4.798603736588802e-09,", Learning rate:",3.4116606151404235e-06,", Number of training points (boundary):",4800,", Number of training points (interior):",30000,", VRAM allocated:",0,", VRAM reserved:",0
214100,Training Loss:,4.795330799112207e-09,", Learning rate:",3.4116606151404235e-06,", Number of training points (boundary):",4800,", Number of training points (interior):",30000,", VRAM allocated:",0,", VRAM reserved:",0
214200,Training Loss:,4.792141350407064e-09,", Learning rate:",3.4116606151404235e-06,", Number of training points (boundary):",4800,", Number of training points (interior):",30000,", VRAM allocated:",0,", VRAM reserved:",0
214300,Training Loss:,4.8779802419574025e-09,", Learning rate:",3.4116606151404235e-06,", Number of training points (boundary):",4800,", Number of training points (interior):",30000,", VRAM allocated:",0,", VRAM reserved:",0
214400,Training Loss:,4.785510210325583e-09,", Learning rate:",3.4116606151404235e-06,", Number of training points (boundary):",4800,", Number of training points (interior):",30000,", VRAM allocated:",0,", VRAM reserved:",0
214500,Training Loss:,4.7821471227393886e-09,", Learning rate:",3.4116606151404235e-06,", Number of training points (boundary):",4800,", Number of training points (interior):",30000,", VRAM allocated:",0,", VRAM reserved:",0
214600,Training Loss:,8.241249460638755e-09,", Learning rate:",3.4116606151404235e-06,", Number of training points (boundary):",4800,", Number of training points (interior):",30000,", VRAM allocated:",0,", VRAM reserved:",0
214700,Training Loss:,4.776145701157475e-09,", Learning rate:",3.4116606151404235e-06,", Number of training points (boundary):",4800,", Number of training points (interior):",30000,", VRAM allocated:",0,", VRAM reserved:",0
214800,Training Loss:,4.772818584797278e-09,", Learning rate:",3.4116606151404235e-06,", Number of training points (boundary):",4800,", Number of training points (interior):",30000,", VRAM allocated:",0,", VRAM reserved:",0
214900,Training Loss:,4.769721506647784e-09,", Learning rate:",3.4116606151404235e-06,", Number of training points (boundary):",4800,", Number of training points (interior):",30000,", VRAM allocated:",0,", VRAM reserved:",0
215000,Training Loss:,4.7664494573496086e-09,", Learning rate:",3.4116606151404235e-06,", Number of training points (boundary):",4800,", Number of training points (interior):",30000,", VRAM allocated:",0,", VRAM reserved:",0
215100,Training Loss:,4.763113903294425e-09,", Learning rate:",3.4116606151404235e-06,", Number of training points (boundary):",4800,", Number of training points (interior):",30000,", VRAM allocated:",0,", VRAM reserved:",0
215200,Training Loss:,2.66165542939234e-08,", Learning rate:",3.4116606151404235e-06,", Number of training points (boundary):",4800,", Number of training points (interior):",30000,", VRAM allocated:",0,", VRAM reserved:",0
215300,Training Loss:,4.757061411453378e-09,", Learning rate:",3.4116606151404235e-06,", Number of training points (boundary):",4800,", Number of training points (interior):",30000,", VRAM allocated:",0,", VRAM reserved:",0
215400,Training Loss:,4.753742288698959e-09,", Learning rate:",3.4116606151404235e-06,", Number of training points (boundary):",4800,", Number of training points (interior):",30000,", VRAM allocated:",0,", VRAM reserved:",0
215500,Training Loss:,4.750618121107664e-09,", Learning rate:",3.4116606151404235e-06,", Number of training points (boundary):",4800,", Number of training points (interior):",30000,", VRAM allocated:",0,", VRAM reserved:",0
215600,Training Loss:,4.7473962538902015e-09,", Learning rate:",3.4116606151404235e-06,", Number of training points (boundary):",4800,", Number of training points (interior):",30000,", VRAM allocated:",0,", VRAM reserved:",0
215700,Training Loss:,4.820727816934323e-09,", Learning rate:",3.4116606151404235e-06,", Number of training points (boundary):",4800,", Number of training points (interior):",30000,", VRAM allocated:",0,", VRAM reserved:",0
215800,Training Loss:,4.7410253500856925e-09,", Learning rate:",3.4116606151404235e-06,", Number of training points (boundary):",4800,", Number of training points (interior):",30000,", VRAM allocated:",0,", VRAM reserved:",0
215900,Training Loss:,4.737742198557271e-09,", Learning rate:",3.4116606151404235e-06,", Number of training points (boundary):",4800,", Number of training points (interior):",30000,", VRAM allocated:",0,", VRAM reserved:",0
216000,Training Loss:,4.734649117210665e-09,", Learning rate:",3.377544008989019e-06,", Number of training points (boundary):",4800,", Number of training points (interior):",30000,", VRAM allocated:",0,", VRAM reserved:",0
216100,Training Loss:,4.7314050455327106e-09,", Learning rate:",3.377544008989019e-06,", Number of training points (boundary):",4800,", Number of training points (interior):",30000,", VRAM allocated:",0,", VRAM reserved:",0
216200,Training Loss:,4.746224302465407e-09,", Learning rate:",3.377544008989019e-06,", Number of training points (boundary):",4800,", Number of training points (interior):",30000,", VRAM allocated:",0,", VRAM reserved:",0
216300,Training Loss:,4.7257953106338846e-09,", Learning rate:",3.377544008989019e-06,", Number of training points (boundary):",4800,", Number of training points (interior):",30000,", VRAM allocated:",0,", VRAM reserved:",0
216400,Training Loss:,4.722867874562553e-09,", Learning rate:",3.377544008989019e-06,", Number of training points (boundary):",4800,", Number of training points (interior):",30000,", VRAM allocated:",0,", VRAM reserved:",0
216500,Training Loss:,4.719597157532007e-09,", Learning rate:",3.377544008989019e-06,", Number of training points (boundary):",4800,", Number of training points (interior):",30000,", VRAM allocated:",0,", VRAM reserved:",0
216600,Training Loss:,4.716650181535442e-09,", Learning rate:",3.377544008989019e-06,", Number of training points (boundary):",4800,", Number of training points (interior):",30000,", VRAM allocated:",0,", VRAM reserved:",0
216700,Training Loss:,4.713497148145507e-09,", Learning rate:",3.377544008989019e-06,", Number of training points (boundary):",4800,", Number of training points (interior):",30000,", VRAM allocated:",0,", VRAM reserved:",0
216800,Training Loss:,4.710265510965428e-09,", Learning rate:",3.377544008989019e-06,", Number of training points (boundary):",4800,", Number of training points (interior):",30000,", VRAM allocated:",0,", VRAM reserved:",0
216900,Training Loss:,4.708790690699516e-09,", Learning rate:",3.377544008989019e-06,", Number of training points (boundary):",4800,", Number of training points (interior):",30000,", VRAM allocated:",0,", VRAM reserved:",0
217000,Training Loss:,4.7062020946953e-09,", Learning rate:",3.377544008989019e-06,", Number of training points (boundary):",4800,", Number of training points (interior):",30000,", VRAM allocated:",0,", VRAM reserved:",0
217100,Training Loss:,5.15844345017058e-09,", Learning rate:",3.377544008989019e-06,", Number of training points (boundary):",4800,", Number of training points (interior):",30000,", VRAM allocated:",0,", VRAM reserved:",0
217200,Training Loss:,4.697340738601952e-09,", Learning rate:",3.377544008989019e-06,", Number of training points (boundary):",4800,", Number of training points (interior):",30000,", VRAM allocated:",0,", VRAM reserved:",0
217300,Training Loss:,4.693962551982622e-09,", Learning rate:",3.377544008989019e-06,", Number of training points (boundary):",4800,", Number of training points (interior):",30000,", VRAM allocated:",0,", VRAM reserved:",0
217400,Training Loss:,4.698107680667363e-09,", Learning rate:",3.377544008989019e-06,", Number of training points (boundary):",4800,", Number of training points (interior):",30000,", VRAM allocated:",0,", VRAM reserved:",0
217500,Training Loss:,4.687938037761796e-09,", Learning rate:",3.377544008989019e-06,", Number of training points (boundary):",4800,", Number of training points (interior):",30000,", VRAM allocated:",0,", VRAM reserved:",0
217600,Training Loss:,4.684971077750788e-09,", Learning rate:",3.377544008989019e-06,", Number of training points (boundary):",4800,", Number of training points (interior):",30000,", VRAM allocated:",0,", VRAM reserved:",0
217700,Training Loss:,4.681657728156097e-09,", Learning rate:",3.377544008989019e-06,", Number of training points (boundary):",4800,", Number of training points (interior):",30000,", VRAM allocated:",0,", VRAM reserved:",0
217800,Training Loss:,4.959913812996319e-09,", Learning rate:",3.377544008989019e-06,", Number of training points (boundary):",4800,", Number of training points (interior):",30000,", VRAM allocated:",0,", VRAM reserved:",0
217900,Training Loss:,4.6772274941986325e-09,", Learning rate:",3.377544008989019e-06,", Number of training points (boundary):",4800,", Number of training points (interior):",30000,", VRAM allocated:",0,", VRAM reserved:",0
218000,Training Loss:,4.672870090871584e-09,", Learning rate:",3.343768568899129e-06,", Number of training points (boundary):",4800,", Number of training points (interior):",30000,", VRAM allocated:",0,", VRAM reserved:",0
218100,Training Loss:,4.670020814501186e-09,", Learning rate:",3.343768568899129e-06,", Number of training points (boundary):",4800,", Number of training points (interior):",30000,", VRAM allocated:",0,", VRAM reserved:",0
218200,Training Loss:,4.6670862730024965e-09,", Learning rate:",3.343768568899129e-06,", Number of training points (boundary):",4800,", Number of training points (interior):",30000,", VRAM allocated:",0,", VRAM reserved:",0
218300,Training Loss:,4.663945674110437e-09,", Learning rate:",3.343768568899129e-06,", Number of training points (boundary):",4800,", Number of training points (interior):",30000,", VRAM allocated:",0,", VRAM reserved:",0
218400,Training Loss:,4.660956065549726e-09,", Learning rate:",3.343768568899129e-06,", Number of training points (boundary):",4800,", Number of training points (interior):",30000,", VRAM allocated:",0,", VRAM reserved:",0
218500,Training Loss:,2.2590908699271495e-08,", Learning rate:",3.343768568899129e-06,", Number of training points (boundary):",4800,", Number of training points (interior):",30000,", VRAM allocated:",0,", VRAM reserved:",0
218600,Training Loss:,4.655778873541294e-09,", Learning rate:",3.343768568899129e-06,", Number of training points (boundary):",4800,", Number of training points (interior):",30000,", VRAM allocated:",0,", VRAM reserved:",0
218700,Training Loss:,4.652044527375665e-09,", Learning rate:",3.343768568899129e-06,", Number of training points (boundary):",4800,", Number of training points (interior):",30000,", VRAM allocated:",0,", VRAM reserved:",0
218800,Training Loss:,4.649169049741886e-09,", Learning rate:",3.343768568899129e-06,", Number of training points (boundary):",4800,", Number of training points (interior):",30000,", VRAM allocated:",0,", VRAM reserved:",0
218900,Training Loss:,4.646170559396978e-09,", Learning rate:",3.343768568899129e-06,", Number of training points (boundary):",4800,", Number of training points (interior):",30000,", VRAM allocated:",0,", VRAM reserved:",0
219000,Training Loss:,4.643045947716473e-09,", Learning rate:",3.343768568899129e-06,", Number of training points (boundary):",4800,", Number of training points (interior):",30000,", VRAM allocated:",0,", VRAM reserved:",0
219100,Training Loss:,4.639947981388559e-09,", Learning rate:",3.343768568899129e-06,", Number of training points (boundary):",4800,", Number of training points (interior):",30000,", VRAM allocated:",0,", VRAM reserved:",0
219200,Training Loss:,4.7927417590187815e-09,", Learning rate:",3.343768568899129e-06,", Number of training points (boundary):",4800,", Number of training points (interior):",30000,", VRAM allocated:",0,", VRAM reserved:",0
219300,Training Loss:,4.634294725747168e-09,", Learning rate:",3.343768568899129e-06,", Number of training points (boundary):",4800,", Number of training points (interior):",30000,", VRAM allocated:",0,", VRAM reserved:",0
219400,Training Loss:,4.631429906254425e-09,", Learning rate:",3.343768568899129e-06,", Number of training points (boundary):",4800,", Number of training points (interior):",30000,", VRAM allocated:",0,", VRAM reserved:",0
219500,Training Loss:,4.628341709889128e-09,", Learning rate:",3.343768568899129e-06,", Number of training points (boundary):",4800,", Number of training points (interior):",30000,", VRAM allocated:",0,", VRAM reserved:",0
219600,Training Loss:,4.625293925641927e-09,", Learning rate:",3.343768568899129e-06,", Number of training points (boundary):",4800,", Number of training points (interior):",30000,", VRAM allocated:",0,", VRAM reserved:",0
219700,Training Loss:,4.622216387417666e-09,", Learning rate:",3.343768568899129e-06,", Number of training points (boundary):",4800,", Number of training points (interior):",30000,", VRAM allocated:",0,", VRAM reserved:",0
219800,Training Loss:,4.779153961464999e-09,", Learning rate:",3.343768568899129e-06,", Number of training points (boundary):",4800,", Number of training points (interior):",30000,", VRAM allocated:",0,", VRAM reserved:",0
219900,Training Loss:,4.616238058474664e-09,", Learning rate:",3.343768568899129e-06,", Number of training points (boundary):",4800,", Number of training points (interior):",30000,", VRAM allocated:",0,", VRAM reserved:",0
220000,Training Loss:,4.6133168396522706e-09,", Learning rate:",3.3103308832101376e-06,", Number of training points (boundary):",4800,", Number of training points (interior):",30000,", VRAM allocated:",0,", VRAM reserved:",0
220100,Training Loss:,4.610299253471339e-09,", Learning rate:",3.3103308832101376e-06,", Number of training points (boundary):",4800,", Number of training points (interior):",30000,", VRAM allocated:",0,", VRAM reserved:",0
220200,Training Loss:,4.607265680078854e-09,", Learning rate:",3.3103308832101376e-06,", Number of training points (boundary):",4800,", Number of training points (interior):",30000,", VRAM allocated:",0,", VRAM reserved:",0
220300,Training Loss:,4.624243654660631e-09,", Learning rate:",3.3103308832101376e-06,", Number of training points (boundary):",4800,", Number of training points (interior):",30000,", VRAM allocated:",0,", VRAM reserved:",0
220400,Training Loss:,4.601967695805342e-09,", Learning rate:",3.3103308832101376e-06,", Number of training points (boundary):",4800,", Number of training points (interior):",30000,", VRAM allocated:",0,", VRAM reserved:",0
220500,Training Loss:,4.599270742033923e-09,", Learning rate:",3.3103308832101376e-06,", Number of training points (boundary):",4800,", Number of training points (interior):",30000,", VRAM allocated:",0,", VRAM reserved:",0
220600,Training Loss:,4.59646498640609e-09,", Learning rate:",3.3103308832101376e-06,", Number of training points (boundary):",4800,", Number of training points (interior):",30000,", VRAM allocated:",0,", VRAM reserved:",0
220700,Training Loss:,4.593722735535266e-09,", Learning rate:",3.3103308832101376e-06,", Number of training points (boundary):",4800,", Number of training points (interior):",30000,", VRAM allocated:",0,", VRAM reserved:",0
220800,Training Loss:,4.590686497607521e-09,", Learning rate:",3.3103308832101376e-06,", Number of training points (boundary):",4800,", Number of training points (interior):",30000,", VRAM allocated:",0,", VRAM reserved:",0
220900,Training Loss:,4.587552560053609e-09,", Learning rate:",3.3103308832101376e-06,", Number of training points (boundary):",4800,", Number of training points (interior):",30000,", VRAM allocated:",0,", VRAM reserved:",0
221000,Training Loss:,4.584604251789415e-09,", Learning rate:",3.3103308832101376e-06,", Number of training points (boundary):",4800,", Number of training points (interior):",30000,", VRAM allocated:",0,", VRAM reserved:",0
221100,Training Loss:,5.2498885239060655e-09,", Learning rate:",3.3103308832101376e-06,", Number of training points (boundary):",4800,", Number of training points (interior):",30000,", VRAM allocated:",0,", VRAM reserved:",0
221200,Training Loss:,4.578818657563488e-09,", Learning rate:",3.3103308832101376e-06,", Number of training points (boundary):",4800,", Number of training points (interior):",30000,", VRAM allocated:",0,", VRAM reserved:",0
221300,Training Loss:,4.575914314131069e-09,", Learning rate:",3.3103308832101376e-06,", Number of training points (boundary):",4800,", Number of training points (interior):",30000,", VRAM allocated:",0,", VRAM reserved:",0
221400,Training Loss:,4.573024625642574e-09,", Learning rate:",3.3103308832101376e-06,", Number of training points (boundary):",4800,", Number of training points (interior):",30000,", VRAM allocated:",0,", VRAM reserved:",0
221500,Training Loss:,4.569881362215256e-09,", Learning rate:",3.3103308832101376e-06,", Number of training points (boundary):",4800,", Number of training points (interior):",30000,", VRAM allocated:",0,", VRAM reserved:",0
221600,Training Loss:,5.376213252361595e-09,", Learning rate:",3.3103308832101376e-06,", Number of training points (boundary):",4800,", Number of training points (interior):",30000,", VRAM allocated:",0,", VRAM reserved:",0
221700,Training Loss:,4.564784106264597e-09,", Learning rate:",3.3103308832101376e-06,", Number of training points (boundary):",4800,", Number of training points (interior):",30000,", VRAM allocated:",0,", VRAM reserved:",0
221800,Training Loss:,4.561708788486385e-09,", Learning rate:",3.3103308832101376e-06,", Number of training points (boundary):",4800,", Number of training points (interior):",30000,", VRAM allocated:",0,", VRAM reserved:",0
221900,Training Loss:,4.559067789955407e-09,", Learning rate:",3.3103308832101376e-06,", Number of training points (boundary):",4800,", Number of training points (interior):",30000,", VRAM allocated:",0,", VRAM reserved:",0
222000,Training Loss:,4.555980037679319e-09,", Learning rate:",3.2772275743780363e-06,", Number of training points (boundary):",4800,", Number of training points (interior):",30000,", VRAM allocated:",0,", VRAM reserved:",0
222100,Training Loss:,4.553335042345452e-09,", Learning rate:",3.2772275743780363e-06,", Number of training points (boundary):",4800,", Number of training points (interior):",30000,", VRAM allocated:",0,", VRAM reserved:",0
222200,Training Loss:,4.550436472072761e-09,", Learning rate:",3.2772275743780363e-06,", Number of training points (boundary):",4800,", Number of training points (interior):",30000,", VRAM allocated:",0,", VRAM reserved:",0
222300,Training Loss:,4.547319853998033e-09,", Learning rate:",3.2772275743780363e-06,", Number of training points (boundary):",4800,", Number of training points (interior):",30000,", VRAM allocated:",0,", VRAM reserved:",0
222400,Training Loss:,5.9875890912053364e-09,", Learning rate:",3.2772275743780363e-06,", Number of training points (boundary):",4800,", Number of training points (interior):",30000,", VRAM allocated:",0,", VRAM reserved:",0
222500,Training Loss:,4.8741952696218505e-09,", Learning rate:",3.2772275743780363e-06,", Number of training points (boundary):",4800,", Number of training points (interior):",30000,", VRAM allocated:",0,", VRAM reserved:",0
222600,Training Loss:,4.6847592471976895e-09,", Learning rate:",3.2772275743780363e-06,", Number of training points (boundary):",4800,", Number of training points (interior):",30000,", VRAM allocated:",0,", VRAM reserved:",0
222700,Training Loss:,4.536105713270899e-09,", Learning rate:",3.2772275743780363e-06,", Number of training points (boundary):",4800,", Number of training points (interior):",30000,", VRAM allocated:",0,", VRAM reserved:",0
222800,Training Loss:,4.532350494912407e-09,", Learning rate:",3.2772275743780363e-06,", Number of training points (boundary):",4800,", Number of training points (interior):",30000,", VRAM allocated:",0,", VRAM reserved:",0
222900,Training Loss:,1.063605292728198e-08,", Learning rate:",3.2772275743780363e-06,", Number of training points (boundary):",4800,", Number of training points (interior):",30000,", VRAM allocated:",0,", VRAM reserved:",0
223000,Training Loss:,4.526989005881887e-09,", Learning rate:",3.2772275743780363e-06,", Number of training points (boundary):",4800,", Number of training points (interior):",30000,", VRAM allocated:",0,", VRAM reserved:",0
223100,Training Loss:,4.524013164086682e-09,", Learning rate:",3.2772275743780363e-06,", Number of training points (boundary):",4800,", Number of training points (interior):",30000,", VRAM allocated:",0,", VRAM reserved:",0
223200,Training Loss:,4.521042207272785e-09,", Learning rate:",3.2772275743780363e-06,", Number of training points (boundary):",4800,", Number of training points (interior):",30000,", VRAM allocated:",0,", VRAM reserved:",0
223300,Training Loss:,4.518261764729914e-09,", Learning rate:",3.2772275743780363e-06,", Number of training points (boundary):",4800,", Number of training points (interior):",30000,", VRAM allocated:",0,", VRAM reserved:",0
223400,Training Loss:,4.515114060410497e-09,", Learning rate:",3.2772275743780363e-06,", Number of training points (boundary):",4800,", Number of training points (interior):",30000,", VRAM allocated:",0,", VRAM reserved:",0
223500,Training Loss:,4.676397047376213e-09,", Learning rate:",3.2772275743780363e-06,", Number of training points (boundary):",4800,", Number of training points (interior):",30000,", VRAM allocated:",0,", VRAM reserved:",0
223600,Training Loss:,4.509334683433508e-09,", Learning rate:",3.2772275743780363e-06,", Number of training points (boundary):",4800,", Number of training points (interior):",30000,", VRAM allocated:",0,", VRAM reserved:",0
223700,Training Loss:,4.506315320895737e-09,", Learning rate:",3.2772275743780363e-06,", Number of training points (boundary):",4800,", Number of training points (interior):",30000,", VRAM allocated:",0,", VRAM reserved:",0
223800,Training Loss:,4.97110708153059e-09,", Learning rate:",3.2772275743780363e-06,", Number of training points (boundary):",4800,", Number of training points (interior):",30000,", VRAM allocated:",0,", VRAM reserved:",0
223900,Training Loss:,4.502892281266213e-09,", Learning rate:",3.2772275743780363e-06,", Number of training points (boundary):",4800,", Number of training points (interior):",30000,", VRAM allocated:",0,", VRAM reserved:",0
224000,Training Loss:,4.498514449835511e-09,", Learning rate:",3.244455298634256e-06,", Number of training points (boundary):",4800,", Number of training points (interior):",30000,", VRAM allocated:",0,", VRAM reserved:",0
224100,Training Loss:,4.49573445138185e-09,", Learning rate:",3.244455298634256e-06,", Number of training points (boundary):",4800,", Number of training points (interior):",30000,", VRAM allocated:",0,", VRAM reserved:",0
224200,Training Loss:,4.493064587052231e-09,", Learning rate:",3.244455298634256e-06,", Number of training points (boundary):",4800,", Number of training points (interior):",30000,", VRAM allocated:",0,", VRAM reserved:",0
224300,Training Loss:,4.490317007110889e-09,", Learning rate:",3.244455298634256e-06,", Number of training points (boundary):",4800,", Number of training points (interior):",30000,", VRAM allocated:",0,", VRAM reserved:",0
224400,Training Loss:,4.4874957083607114e-09,", Learning rate:",3.244455298634256e-06,", Number of training points (boundary):",4800,", Number of training points (interior):",30000,", VRAM allocated:",0,", VRAM reserved:",0
224500,Training Loss:,4.4846610869342385e-09,", Learning rate:",3.244455298634256e-06,", Number of training points (boundary):",4800,", Number of training points (interior):",30000,", VRAM allocated:",0,", VRAM reserved:",0
224600,Training Loss:,4.4817243249895e-09,", Learning rate:",3.244455298634256e-06,", Number of training points (boundary):",4800,", Number of training points (interior):",30000,", VRAM allocated:",0,", VRAM reserved:",0
224700,Training Loss:,4.629424843471952e-09,", Learning rate:",3.244455298634256e-06,", Number of training points (boundary):",4800,", Number of training points (interior):",30000,", VRAM allocated:",0,", VRAM reserved:",0
224800,Training Loss:,4.47609682652228e-09,", Learning rate:",3.244455298634256e-06,", Number of training points (boundary):",4800,", Number of training points (interior):",30000,", VRAM allocated:",0,", VRAM reserved:",0
224900,Training Loss:,4.473221792977711e-09,", Learning rate:",3.244455298634256e-06,", Number of training points (boundary):",4800,", Number of training points (interior):",30000,", VRAM allocated:",0,", VRAM reserved:",0
225000,Training Loss:,4.470310344117934e-09,", Learning rate:",3.244455298634256e-06,", Number of training points (boundary):",4800,", Number of training points (interior):",30000,", VRAM allocated:",0,", VRAM reserved:",0
225100,Training Loss:,6.222585113846435e-09,", Learning rate:",3.244455298634256e-06,", Number of training points (boundary):",4800,", Number of training points (interior):",30000,", VRAM allocated:",0,", VRAM reserved:",0
225200,Training Loss:,4.4656163211698185e-09,", Learning rate:",3.244455298634256e-06,", Number of training points (boundary):",4800,", Number of training points (interior):",30000,", VRAM allocated:",0,", VRAM reserved:",0
225300,Training Loss:,4.4628563067306e-09,", Learning rate:",3.244455298634256e-06,", Number of training points (boundary):",4800,", Number of training points (interior):",30000,", VRAM allocated:",0,", VRAM reserved:",0
225400,Training Loss:,4.460117164484245e-09,", Learning rate:",3.244455298634256e-06,", Number of training points (boundary):",4800,", Number of training points (interior):",30000,", VRAM allocated:",0,", VRAM reserved:",0
225500,Training Loss:,4.4573824631299885e-09,", Learning rate:",3.244455298634256e-06,", Number of training points (boundary):",4800,", Number of training points (interior):",30000,", VRAM allocated:",0,", VRAM reserved:",0
225600,Training Loss:,4.454691726607507e-09,", Learning rate:",3.244455298634256e-06,", Number of training points (boundary):",4800,", Number of training points (interior):",30000,", VRAM allocated:",0,", VRAM reserved:",0
225700,Training Loss:,4.451979673802953e-09,", Learning rate:",3.244455298634256e-06,", Number of training points (boundary):",4800,", Number of training points (interior):",30000,", VRAM allocated:",0,", VRAM reserved:",0
225800,Training Loss:,4.449041579590585e-09,", Learning rate:",3.244455298634256e-06,", Number of training points (boundary):",4800,", Number of training points (interior):",30000,", VRAM allocated:",0,", VRAM reserved:",0
225900,Training Loss:,4.5856238806152305e-09,", Learning rate:",3.244455298634256e-06,", Number of training points (boundary):",4800,", Number of training points (interior):",30000,", VRAM allocated:",0,", VRAM reserved:",0
226000,Training Loss:,4.443899026540521e-09,", Learning rate:",3.2120107456479135e-06,", Number of training points (boundary):",4800,", Number of training points (interior):",30000,", VRAM allocated:",0,", VRAM reserved:",0
226100,Training Loss:,4.440626977242346e-09,", Learning rate:",3.2120107456479135e-06,", Number of training points (boundary):",4800,", Number of training points (interior):",30000,", VRAM allocated:",0,", VRAM reserved:",0
226200,Training Loss:,4.437723077899136e-09,", Learning rate:",3.2120107456479135e-06,", Number of training points (boundary):",4800,", Number of training points (interior):",30000,", VRAM allocated:",0,", VRAM reserved:",0
226300,Training Loss:,4.436445877331607e-09,", Learning rate:",3.2120107456479135e-06,", Number of training points (boundary):",4800,", Number of training points (interior):",30000,", VRAM allocated:",0,", VRAM reserved:",0
226400,Training Loss:,4.432517020092064e-09,", Learning rate:",3.2120107456479135e-06,", Number of training points (boundary):",4800,", Number of training points (interior):",30000,", VRAM allocated:",0,", VRAM reserved:",0
226500,Training Loss:,4.429664191007987e-09,", Learning rate:",3.2120107456479135e-06,", Number of training points (boundary):",4800,", Number of training points (interior):",30000,", VRAM allocated:",0,", VRAM reserved:",0
226600,Training Loss:,4.426957911363161e-09,", Learning rate:",3.2120107456479135e-06,", Number of training points (boundary):",4800,", Number of training points (interior):",30000,", VRAM allocated:",0,", VRAM reserved:",0
226700,Training Loss:,4.4241863506044865e-09,", Learning rate:",3.2120107456479135e-06,", Number of training points (boundary):",4800,", Number of training points (interior):",30000,", VRAM allocated:",0,", VRAM reserved:",0
226800,Training Loss:,4.421377042262975e-09,", Learning rate:",3.2120107456479135e-06,", Number of training points (boundary):",4800,", Number of training points (interior):",30000,", VRAM allocated:",0,", VRAM reserved:",0
226900,Training Loss:,4.8519841477911996e-09,", Learning rate:",3.2120107456479135e-06,", Number of training points (boundary):",4800,", Number of training points (interior):",30000,", VRAM allocated:",0,", VRAM reserved:",0
227000,Training Loss:,4.416443655230751e-09,", Learning rate:",3.2120107456479135e-06,", Number of training points (boundary):",4800,", Number of training points (interior):",30000,", VRAM allocated:",0,", VRAM reserved:",0
227100,Training Loss:,4.4130232801364855e-09,", Learning rate:",3.2120107456479135e-06,", Number of training points (boundary):",4800,", Number of training points (interior):",30000,", VRAM allocated:",0,", VRAM reserved:",0
227200,Training Loss:,4.410040332913923e-09,", Learning rate:",3.2120107456479135e-06,", Number of training points (boundary):",4800,", Number of training points (interior):",30000,", VRAM allocated:",0,", VRAM reserved:",0
227300,Training Loss:,4.407171072529081e-09,", Learning rate:",3.2120107456479135e-06,", Number of training points (boundary):",4800,", Number of training points (interior):",30000,", VRAM allocated:",0,", VRAM reserved:",0
227400,Training Loss:,1.1640430841453053e-08,", Learning rate:",3.2120107456479135e-06,", Number of training points (boundary):",4800,", Number of training points (interior):",30000,", VRAM allocated:",0,", VRAM reserved:",0
227500,Training Loss:,4.402981979012566e-09,", Learning rate:",3.2120107456479135e-06,", Number of training points (boundary):",4800,", Number of training points (interior):",30000,", VRAM allocated:",0,", VRAM reserved:",0
227600,Training Loss:,4.399927977516427e-09,", Learning rate:",3.2120107456479135e-06,", Number of training points (boundary):",4800,", Number of training points (interior):",30000,", VRAM allocated:",0,", VRAM reserved:",0
227700,Training Loss:,4.39734160195826e-09,", Learning rate:",3.2120107456479135e-06,", Number of training points (boundary):",4800,", Number of training points (interior):",30000,", VRAM allocated:",0,", VRAM reserved:",0
227800,Training Loss:,4.394801411677918e-09,", Learning rate:",3.2120107456479135e-06,", Number of training points (boundary):",4800,", Number of training points (interior):",30000,", VRAM allocated:",0,", VRAM reserved:",0
227900,Training Loss:,4.392210151138443e-09,", Learning rate:",3.2120107456479135e-06,", Number of training points (boundary):",4800,", Number of training points (interior):",30000,", VRAM allocated:",0,", VRAM reserved:",0
228000,Training Loss:,4.389490548817321e-09,", Learning rate:",3.1798906381914345e-06,", Number of training points (boundary):",4800,", Number of training points (interior):",30000,", VRAM allocated:",0,", VRAM reserved:",0
228100,Training Loss:,4.386884633333921e-09,", Learning rate:",3.1798906381914345e-06,", Number of training points (boundary):",4800,", Number of training points (interior):",30000,", VRAM allocated:",0,", VRAM reserved:",0
228200,Training Loss:,4.384223650788499e-09,", Learning rate:",3.1798906381914345e-06,", Number of training points (boundary):",4800,", Number of training points (interior):",30000,", VRAM allocated:",0,", VRAM reserved:",0
228300,Training Loss:,4.381401907949112e-09,", Learning rate:",3.1798906381914345e-06,", Number of training points (boundary):",4800,", Number of training points (interior):",30000,", VRAM allocated:",0,", VRAM reserved:",0
228400,Training Loss:,4.5515804458773346e-09,", Learning rate:",3.1798906381914345e-06,", Number of training points (boundary):",4800,", Number of training points (interior):",30000,", VRAM allocated:",0,", VRAM reserved:",0
228500,Training Loss:,4.3761159140842665e-09,", Learning rate:",3.1798906381914345e-06,", Number of training points (boundary):",4800,", Number of training points (interior):",30000,", VRAM allocated:",0,", VRAM reserved:",0
228600,Training Loss:,4.373672979340881e-09,", Learning rate:",3.1798906381914345e-06,", Number of training points (boundary):",4800,", Number of training points (interior):",30000,", VRAM allocated:",0,", VRAM reserved:",0
228700,Training Loss:,4.37083302884389e-09,", Learning rate:",3.1798906381914345e-06,", Number of training points (boundary):",4800,", Number of training points (interior):",30000,", VRAM allocated:",0,", VRAM reserved:",0
228800,Training Loss:,4.368173822655308e-09,", Learning rate:",3.1798906381914345e-06,", Number of training points (boundary):",4800,", Number of training points (interior):",30000,", VRAM allocated:",0,", VRAM reserved:",0
228900,Training Loss:,4.365268591044469e-09,", Learning rate:",3.1798906381914345e-06,", Number of training points (boundary):",4800,", Number of training points (interior):",30000,", VRAM allocated:",0,", VRAM reserved:",0
229000,Training Loss:,4.371390804891462e-09,", Learning rate:",3.1798906381914345e-06,", Number of training points (boundary):",4800,", Number of training points (interior):",30000,", VRAM allocated:",0,", VRAM reserved:",0
229100,Training Loss:,4.360798389058118e-09,", Learning rate:",3.1798906381914345e-06,", Number of training points (boundary):",4800,", Number of training points (interior):",30000,", VRAM allocated:",0,", VRAM reserved:",0
229200,Training Loss:,4.35818536814736e-09,", Learning rate:",3.1798906381914345e-06,", Number of training points (boundary):",4800,", Number of training points (interior):",30000,", VRAM allocated:",0,", VRAM reserved:",0
229300,Training Loss:,4.355844129833031e-09,", Learning rate:",3.1798906381914345e-06,", Number of training points (boundary):",4800,", Number of training points (interior):",30000,", VRAM allocated:",0,", VRAM reserved:",0
229400,Training Loss:,4.353314597693725e-09,", Learning rate:",3.1798906381914345e-06,", Number of training points (boundary):",4800,", Number of training points (interior):",30000,", VRAM allocated:",0,", VRAM reserved:",0
229500,Training Loss:,4.350690918641931e-09,", Learning rate:",3.1798906381914345e-06,", Number of training points (boundary):",4800,", Number of training points (interior):",30000,", VRAM allocated:",0,", VRAM reserved:",0
229600,Training Loss:,4.348131188436355e-09,", Learning rate:",3.1798906381914345e-06,", Number of training points (boundary):",4800,", Number of training points (interior):",30000,", VRAM allocated:",0,", VRAM reserved:",0
229700,Training Loss:,4.345512394365869e-09,", Learning rate:",3.1798906381914345e-06,", Number of training points (boundary):",4800,", Number of training points (interior):",30000,", VRAM allocated:",0,", VRAM reserved:",0
229800,Training Loss:,4.342747494945343e-09,", Learning rate:",3.1798906381914345e-06,", Number of training points (boundary):",4800,", Number of training points (interior):",30000,", VRAM allocated:",0,", VRAM reserved:",0
229900,Training Loss:,6.918912109910025e-09,", Learning rate:",3.1798906381914345e-06,", Number of training points (boundary):",4800,", Number of training points (interior):",30000,", VRAM allocated:",0,", VRAM reserved:",0
230000,Training Loss:,4.337646686281005e-09,", Learning rate:",3.14809173180952e-06,", Number of training points (boundary):",4800,", Number of training points (interior):",30000,", VRAM allocated:",0,", VRAM reserved:",0
230100,Training Loss:,4.334908876302279e-09,", Learning rate:",3.14809173180952e-06,", Number of training points (boundary):",4800,", Number of training points (interior):",30000,", VRAM allocated:",0,", VRAM reserved:",0
230200,Training Loss:,4.332457947953117e-09,", Learning rate:",3.14809173180952e-06,", Number of training points (boundary):",4800,", Number of training points (interior):",30000,", VRAM allocated:",0,", VRAM reserved:",0
230300,Training Loss:,4.329784974999029e-09,", Learning rate:",3.14809173180952e-06,", Number of training points (boundary):",4800,", Number of training points (interior):",30000,", VRAM allocated:",0,", VRAM reserved:",0
230400,Training Loss:,4.327104008439164e-09,", Learning rate:",3.14809173180952e-06,", Number of training points (boundary):",4800,", Number of training points (interior):",30000,", VRAM allocated:",0,", VRAM reserved:",0
230500,Training Loss:,4.336218495382127e-09,", Learning rate:",3.14809173180952e-06,", Number of training points (boundary):",4800,", Number of training points (interior):",30000,", VRAM allocated:",0,", VRAM reserved:",0
230600,Training Loss:,4.3222487811078736e-09,", Learning rate:",3.14809173180952e-06,", Number of training points (boundary):",4800,", Number of training points (interior):",30000,", VRAM allocated:",0,", VRAM reserved:",0
230700,Training Loss:,4.31983071536024e-09,", Learning rate:",3.14809173180952e-06,", Number of training points (boundary):",4800,", Number of training points (interior):",30000,", VRAM allocated:",0,", VRAM reserved:",0
230800,Training Loss:,4.317235013928666e-09,", Learning rate:",3.14809173180952e-06,", Number of training points (boundary):",4800,", Number of training points (interior):",30000,", VRAM allocated:",0,", VRAM reserved:",0
230900,Training Loss:,4.314664625582054e-09,", Learning rate:",3.14809173180952e-06,", Number of training points (boundary):",4800,", Number of training points (interior):",30000,", VRAM allocated:",0,", VRAM reserved:",0
231000,Training Loss:,4.312103119019639e-09,", Learning rate:",3.14809173180952e-06,", Number of training points (boundary):",4800,", Number of training points (interior):",30000,", VRAM allocated:",0,", VRAM reserved:",0
231100,Training Loss:,4.309366641308543e-09,", Learning rate:",3.14809173180952e-06,", Number of training points (boundary):",4800,", Number of training points (interior):",30000,", VRAM allocated:",0,", VRAM reserved:",0
231200,Training Loss:,1.0266020034066514e-08,", Learning rate:",3.14809173180952e-06,", Number of training points (boundary):",4800,", Number of training points (interior):",30000,", VRAM allocated:",0,", VRAM reserved:",0
231300,Training Loss:,4.305423129125074e-09,", Learning rate:",3.14809173180952e-06,", Number of training points (boundary):",4800,", Number of training points (interior):",30000,", VRAM allocated:",0,", VRAM reserved:",0
231400,Training Loss:,4.302011191725796e-09,", Learning rate:",3.14809173180952e-06,", Number of training points (boundary):",4800,", Number of training points (interior):",30000,", VRAM allocated:",0,", VRAM reserved:",0
231500,Training Loss:,4.299590461442904e-09,", Learning rate:",3.14809173180952e-06,", Number of training points (boundary):",4800,", Number of training points (interior):",30000,", VRAM allocated:",0,", VRAM reserved:",0
231600,Training Loss:,4.2972776448380046e-09,", Learning rate:",3.14809173180952e-06,", Number of training points (boundary):",4800,", Number of training points (interior):",30000,", VRAM allocated:",0,", VRAM reserved:",0
231700,Training Loss:,4.29471391782954e-09,", Learning rate:",3.14809173180952e-06,", Number of training points (boundary):",4800,", Number of training points (interior):",30000,", VRAM allocated:",0,", VRAM reserved:",0
231800,Training Loss:,4.292132427252682e-09,", Learning rate:",3.14809173180952e-06,", Number of training points (boundary):",4800,", Number of training points (interior):",30000,", VRAM allocated:",0,", VRAM reserved:",0
231900,Training Loss:,4.2896570739969775e-09,", Learning rate:",3.14809173180952e-06,", Number of training points (boundary):",4800,", Number of training points (interior):",30000,", VRAM allocated:",0,", VRAM reserved:",0
232000,Training Loss:,4.2908241404404635e-09,", Learning rate:",3.116610814491425e-06,", Number of training points (boundary):",4800,", Number of training points (interior):",30000,", VRAM allocated:",0,", VRAM reserved:",0
232100,Training Loss:,4.284486543326693e-09,", Learning rate:",3.116610814491425e-06,", Number of training points (boundary):",4800,", Number of training points (interior):",30000,", VRAM allocated:",0,", VRAM reserved:",0
232200,Training Loss:,4.281962784347115e-09,", Learning rate:",3.116610814491425e-06,", Number of training points (boundary):",4800,", Number of training points (interior):",30000,", VRAM allocated:",0,", VRAM reserved:",0
232300,Training Loss:,4.279492316072719e-09,", Learning rate:",3.116610814491425e-06,", Number of training points (boundary):",4800,", Number of training points (interior):",30000,", VRAM allocated:",0,", VRAM reserved:",0
232400,Training Loss:,4.276840215311495e-09,", Learning rate:",3.116610814491425e-06,", Number of training points (boundary):",4800,", Number of training points (interior):",30000,", VRAM allocated:",0,", VRAM reserved:",0
232500,Training Loss:,1.643279823326793e-08,", Learning rate:",3.116610814491425e-06,", Number of training points (boundary):",4800,", Number of training points (interior):",30000,", VRAM allocated:",0,", VRAM reserved:",0
232600,Training Loss:,4.2724752624678786e-09,", Learning rate:",3.116610814491425e-06,", Number of training points (boundary):",4800,", Number of training points (interior):",30000,", VRAM allocated:",0,", VRAM reserved:",0
232700,Training Loss:,4.269637088327727e-09,", Learning rate:",3.116610814491425e-06,", Number of training points (boundary):",4800,", Number of training points (interior):",30000,", VRAM allocated:",0,", VRAM reserved:",0
232800,Training Loss:,4.267191044959873e-09,", Learning rate:",3.116610814491425e-06,", Number of training points (boundary):",4800,", Number of training points (interior):",30000,", VRAM allocated:",0,", VRAM reserved:",0
232900,Training Loss:,4.264781416907226e-09,", Learning rate:",3.116610814491425e-06,", Number of training points (boundary):",4800,", Number of training points (interior):",30000,", VRAM allocated:",0,", VRAM reserved:",0
233000,Training Loss:,4.262171948710147e-09,", Learning rate:",3.116610814491425e-06,", Number of training points (boundary):",4800,", Number of training points (interior):",30000,", VRAM allocated:",0,", VRAM reserved:",0
233100,Training Loss:,4.259594899025387e-09,", Learning rate:",3.116610814491425e-06,", Number of training points (boundary):",4800,", Number of training points (interior):",30000,", VRAM allocated:",0,", VRAM reserved:",0
233200,Training Loss:,4.257054708745045e-09,", Learning rate:",3.116610814491425e-06,", Number of training points (boundary):",4800,", Number of training points (interior):",30000,", VRAM allocated:",0,", VRAM reserved:",0
233300,Training Loss:,4.304376410857458e-09,", Learning rate:",3.116610814491425e-06,", Number of training points (boundary):",4800,", Number of training points (interior):",30000,", VRAM allocated:",0,", VRAM reserved:",0
233400,Training Loss:,4.252408203342384e-09,", Learning rate:",3.116610814491425e-06,", Number of training points (boundary):",4800,", Number of training points (interior):",30000,", VRAM allocated:",0,", VRAM reserved:",0
233500,Training Loss:,4.2493879526261935e-09,", Learning rate:",3.116610814491425e-06,", Number of training points (boundary):",4800,", Number of training points (interior):",30000,", VRAM allocated:",0,", VRAM reserved:",0
233600,Training Loss:,4.246892171266836e-09,", Learning rate:",3.116610814491425e-06,", Number of training points (boundary):",4800,", Number of training points (interior):",30000,", VRAM allocated:",0,", VRAM reserved:",0
233700,Training Loss:,4.244251616825068e-09,", Learning rate:",3.116610814491425e-06,", Number of training points (boundary):",4800,", Number of training points (interior):",30000,", VRAM allocated:",0,", VRAM reserved:",0
233800,Training Loss:,2.7747637076913634e-08,", Learning rate:",3.116610814491425e-06,", Number of training points (boundary):",4800,", Number of training points (interior):",30000,", VRAM allocated:",0,", VRAM reserved:",0
233900,Training Loss:,4.2413792478157575e-09,", Learning rate:",3.116610814491425e-06,", Number of training points (boundary):",4800,", Number of training points (interior):",30000,", VRAM allocated:",0,", VRAM reserved:",0
234000,Training Loss:,4.2374752595719656e-09,", Learning rate:",3.0854447063465105e-06,", Number of training points (boundary):",4800,", Number of training points (interior):",30000,", VRAM allocated:",0,", VRAM reserved:",0
234100,Training Loss:,4.235187311962818e-09,", Learning rate:",3.0854447063465105e-06,", Number of training points (boundary):",4800,", Number of training points (interior):",30000,", VRAM allocated:",0,", VRAM reserved:",0
234200,Training Loss:,4.2327514826467905e-09,", Learning rate:",3.0854447063465105e-06,", Number of training points (boundary):",4800,", Number of training points (interior):",30000,", VRAM allocated:",0,", VRAM reserved:",0
234300,Training Loss:,4.230490624479444e-09,", Learning rate:",3.0854447063465105e-06,", Number of training points (boundary):",4800,", Number of training points (interior):",30000,", VRAM allocated:",0,", VRAM reserved:",0
234400,Training Loss:,4.228005501261123e-09,", Learning rate:",3.0854447063465105e-06,", Number of training points (boundary):",4800,", Number of training points (interior):",30000,", VRAM allocated:",0,", VRAM reserved:",0
234500,Training Loss:,4.225503502652828e-09,", Learning rate:",3.0854447063465105e-06,", Number of training points (boundary):",4800,", Number of training points (interior):",30000,", VRAM allocated:",0,", VRAM reserved:",0
234600,Training Loss:,4.223005056758211e-09,", Learning rate:",3.0854447063465105e-06,", Number of training points (boundary):",4800,", Number of training points (interior):",30000,", VRAM allocated:",0,", VRAM reserved:",0
234700,Training Loss:,4.2204626460318195e-09,", Learning rate:",3.0854447063465105e-06,", Number of training points (boundary):",4800,", Number of training points (interior):",30000,", VRAM allocated:",0,", VRAM reserved:",0
234800,Training Loss:,7.564483262001431e-09,", Learning rate:",3.0854447063465105e-06,", Number of training points (boundary):",4800,", Number of training points (interior):",30000,", VRAM allocated:",0,", VRAM reserved:",0
234900,Training Loss:,4.215479076918882e-09,", Learning rate:",3.0854447063465105e-06,", Number of training points (boundary):",4800,", Number of training points (interior):",30000,", VRAM allocated:",0,", VRAM reserved:",0
235000,Training Loss:,4.213013049536585e-09,", Learning rate:",3.0854447063465105e-06,", Number of training points (boundary):",4800,", Number of training points (interior):",30000,", VRAM allocated:",0,", VRAM reserved:",0
235100,Training Loss:,4.210618964606283e-09,", Learning rate:",3.0854447063465105e-06,", Number of training points (boundary):",4800,", Number of training points (interior):",30000,", VRAM allocated:",0,", VRAM reserved:",0
235200,Training Loss:,4.208103643321692e-09,", Learning rate:",3.0854447063465105e-06,", Number of training points (boundary):",4800,", Number of training points (interior):",30000,", VRAM allocated:",0,", VRAM reserved:",0
235300,Training Loss:,4.205508830068538e-09,", Learning rate:",3.0854447063465105e-06,", Number of training points (boundary):",4800,", Number of training points (interior):",30000,", VRAM allocated:",0,", VRAM reserved:",0
235400,Training Loss:,4.377865625571076e-09,", Learning rate:",3.0854447063465105e-06,", Number of training points (boundary):",4800,", Number of training points (interior):",30000,", VRAM allocated:",0,", VRAM reserved:",0
235500,Training Loss:,4.201186509789068e-09,", Learning rate:",3.0854447063465105e-06,", Number of training points (boundary):",4800,", Number of training points (interior):",30000,", VRAM allocated:",0,", VRAM reserved:",0
235600,Training Loss:,4.198825287460295e-09,", Learning rate:",3.0854447063465105e-06,", Number of training points (boundary):",4800,", Number of training points (interior):",30000,", VRAM allocated:",0,", VRAM reserved:",0
235700,Training Loss:,4.196596847805267e-09,", Learning rate:",3.0854447063465105e-06,", Number of training points (boundary):",4800,", Number of training points (interior):",30000,", VRAM allocated:",0,", VRAM reserved:",0
235800,Training Loss:,4.194280922575899e-09,", Learning rate:",3.0854447063465105e-06,", Number of training points (boundary):",4800,", Number of training points (interior):",30000,", VRAM allocated:",0,", VRAM reserved:",0
235900,Training Loss:,4.191929470209743e-09,", Learning rate:",3.0854447063465105e-06,", Number of training points (boundary):",4800,", Number of training points (interior):",30000,", VRAM allocated:",0,", VRAM reserved:",0
236000,Training Loss:,4.189438573831694e-09,", Learning rate:",3.0545902592830452e-06,", Number of training points (boundary):",4800,", Number of training points (interior):",30000,", VRAM allocated:",0,", VRAM reserved:",0
236100,Training Loss:,4.1870413802769235e-09,", Learning rate:",3.0545902592830452e-06,", Number of training points (boundary):",4800,", Number of training points (interior):",30000,", VRAM allocated:",0,", VRAM reserved:",0
236200,Training Loss:,4.1846157650127225e-09,", Learning rate:",3.0545902592830452e-06,", Number of training points (boundary):",4800,", Number of training points (interior):",30000,", VRAM allocated:",0,", VRAM reserved:",0
236300,Training Loss:,4.361416561238229e-09,", Learning rate:",3.0545902592830452e-06,", Number of training points (boundary):",4800,", Number of training points (interior):",30000,", VRAM allocated:",0,", VRAM reserved:",0
236400,Training Loss:,4.179929291581175e-09,", Learning rate:",3.0545902592830452e-06,", Number of training points (boundary):",4800,", Number of training points (interior):",30000,", VRAM allocated:",0,", VRAM reserved:",0
236500,Training Loss:,4.177564960627933e-09,", Learning rate:",3.0545902592830452e-06,", Number of training points (boundary):",4800,", Number of training points (interior):",30000,", VRAM allocated:",0,", VRAM reserved:",0
236600,Training Loss:,4.17508694283697e-09,", Learning rate:",3.0545902592830452e-06,", Number of training points (boundary):",4800,", Number of training points (interior):",30000,", VRAM allocated:",0,", VRAM reserved:",0
236700,Training Loss:,4.172603595975488e-09,", Learning rate:",3.0545902592830452e-06,", Number of training points (boundary):",4800,", Number of training points (interior):",30000,", VRAM allocated:",0,", VRAM reserved:",0
236800,Training Loss:,4.170292555727428e-09,", Learning rate:",3.0545902592830452e-06,", Number of training points (boundary):",4800,", Number of training points (interior):",30000,", VRAM allocated:",0,", VRAM reserved:",0
236900,Training Loss:,4.167684419797979e-09,", Learning rate:",3.0545902592830452e-06,", Number of training points (boundary):",4800,", Number of training points (interior):",30000,", VRAM allocated:",0,", VRAM reserved:",0
237000,Training Loss:,4.174354195640717e-09,", Learning rate:",3.0545902592830452e-06,", Number of training points (boundary):",4800,", Number of training points (interior):",30000,", VRAM allocated:",0,", VRAM reserved:",0
237100,Training Loss:,4.163339006879596e-09,", Learning rate:",3.0545902592830452e-06,", Number of training points (boundary):",4800,", Number of training points (interior):",30000,", VRAM allocated:",0,", VRAM reserved:",0
237200,Training Loss:,4.161026634363907e-09,", Learning rate:",3.0545902592830452e-06,", Number of training points (boundary):",4800,", Number of training points (interior):",30000,", VRAM allocated:",0,", VRAM reserved:",0
237300,Training Loss:,4.158798638798089e-09,", Learning rate:",3.0545902592830452e-06,", Number of training points (boundary):",4800,", Number of training points (interior):",30000,", VRAM allocated:",0,", VRAM reserved:",0
237400,Training Loss:,4.156332167326582e-09,", Learning rate:",3.0545902592830452e-06,", Number of training points (boundary):",4800,", Number of training points (interior):",30000,", VRAM allocated:",0,", VRAM reserved:",0
237500,Training Loss:,4.154052213323212e-09,", Learning rate:",3.0545902592830452e-06,", Number of training points (boundary):",4800,", Number of training points (interior):",30000,", VRAM allocated:",0,", VRAM reserved:",0
237600,Training Loss:,4.151493815385265e-09,", Learning rate:",3.0545902592830452e-06,", Number of training points (boundary):",4800,", Number of training points (interior):",30000,", VRAM allocated:",0,", VRAM reserved:",0
237700,Training Loss:,4.149068200121064e-09,", Learning rate:",3.0545902592830452e-06,", Number of training points (boundary):",4800,", Number of training points (interior):",30000,", VRAM allocated:",0,", VRAM reserved:",0
237800,Training Loss:,4.1502761227718565e-09,", Learning rate:",3.0545902592830452e-06,", Number of training points (boundary):",4800,", Number of training points (interior):",30000,", VRAM allocated:",0,", VRAM reserved:",0
237900,Training Loss:,4.144280918438881e-09,", Learning rate:",3.0545902592830452e-06,", Number of training points (boundary):",4800,", Number of training points (interior):",30000,", VRAM allocated:",0,", VRAM reserved:",0
238000,Training Loss:,4.141998743989461e-09,", Learning rate:",3.0240443566902147e-06,", Number of training points (boundary):",4800,", Number of training points (interior):",30000,", VRAM allocated:",0,", VRAM reserved:",0
238100,Training Loss:,4.139630860322541e-09,", Learning rate:",3.0240443566902147e-06,", Number of training points (boundary):",4800,", Number of training points (interior):",30000,", VRAM allocated:",0,", VRAM reserved:",0
238200,Training Loss:,4.1370573633514596e-09,", Learning rate:",3.0240443566902147e-06,", Number of training points (boundary):",4800,", Number of training points (interior):",30000,", VRAM allocated:",0,", VRAM reserved:",0
238300,Training Loss:,4.191410774012638e-09,", Learning rate:",3.0240443566902147e-06,", Number of training points (boundary):",4800,", Number of training points (interior):",30000,", VRAM allocated:",0,", VRAM reserved:",0
238400,Training Loss:,4.135030984286914e-09,", Learning rate:",3.0240443566902147e-06,", Number of training points (boundary):",4800,", Number of training points (interior):",30000,", VRAM allocated:",0,", VRAM reserved:",0
238500,Training Loss:,4.13051148839827e-09,", Learning rate:",3.0240443566902147e-06,", Number of training points (boundary):",4800,", Number of training points (interior):",30000,", VRAM allocated:",0,", VRAM reserved:",0
238600,Training Loss:,4.128281272386403e-09,", Learning rate:",3.0240443566902147e-06,", Number of training points (boundary):",4800,", Number of training points (interior):",30000,", VRAM allocated:",0,", VRAM reserved:",0
238700,Training Loss:,4.1261136729531245e-09,", Learning rate:",3.0240443566902147e-06,", Number of training points (boundary):",4800,", Number of training points (interior):",30000,", VRAM allocated:",0,", VRAM reserved:",0
238800,Training Loss:,4.123881236495208e-09,", Learning rate:",3.0240443566902147e-06,", Number of training points (boundary):",4800,", Number of training points (interior):",30000,", VRAM allocated:",0,", VRAM reserved:",0
238900,Training Loss:,4.121574637139247e-09,", Learning rate:",3.0240443566902147e-06,", Number of training points (boundary):",4800,", Number of training points (interior):",30000,", VRAM allocated:",0,", VRAM reserved:",0
239000,Training Loss:,4.119264485069607e-09,", Learning rate:",3.0240443566902147e-06,", Number of training points (boundary):",4800,", Number of training points (interior):",30000,", VRAM allocated:",0,", VRAM reserved:",0
239100,Training Loss:,4.116843754786714e-09,", Learning rate:",3.0240443566902147e-06,", Number of training points (boundary):",4800,", Number of training points (interior):",30000,", VRAM allocated:",0,", VRAM reserved:",0
239200,Training Loss:,4.1761656355276955e-09,", Learning rate:",3.0240443566902147e-06,", Number of training points (boundary):",4800,", Number of training points (interior):",30000,", VRAM allocated:",0,", VRAM reserved:",0
239300,Training Loss:,4.11214706730334e-09,", Learning rate:",3.0240443566902147e-06,", Number of training points (boundary):",4800,", Number of training points (interior):",30000,", VRAM allocated:",0,", VRAM reserved:",0
239400,Training Loss:,4.109634854643218e-09,", Learning rate:",3.0240443566902147e-06,", Number of training points (boundary):",4800,", Number of training points (interior):",30000,", VRAM allocated:",0,", VRAM reserved:",0
239500,Training Loss:,4.107204798486919e-09,", Learning rate:",3.0240443566902147e-06,", Number of training points (boundary):",4800,", Number of training points (interior):",30000,", VRAM allocated:",0,", VRAM reserved:",0
239600,Training Loss:,1.690388273800636e-08,", Learning rate:",3.0240443566902147e-06,", Number of training points (boundary):",4800,", Number of training points (interior):",30000,", VRAM allocated:",0,", VRAM reserved:",0
239700,Training Loss:,4.104033557439379e-09,", Learning rate:",3.0240443566902147e-06,", Number of training points (boundary):",4800,", Number of training points (interior):",30000,", VRAM allocated:",0,", VRAM reserved:",0
239800,Training Loss:,4.100620287772472e-09,", Learning rate:",3.0240443566902147e-06,", Number of training points (boundary):",4800,", Number of training points (interior):",30000,", VRAM allocated:",0,", VRAM reserved:",0
239900,Training Loss:,4.0984264870758125e-09,", Learning rate:",3.0240443566902147e-06,", Number of training points (boundary):",4800,", Number of training points (interior):",30000,", VRAM allocated:",0,", VRAM reserved:",0
240000,Training Loss:,4.09612344043353e-09,", Learning rate:",2.9938039131233125e-06,", Number of training points (boundary):",4800,", Number of training points (interior):",30000,", VRAM allocated:",0,", VRAM reserved:",0
240100,Training Loss:,4.093904770741119e-09,", Learning rate:",2.9938039131233125e-06,", Number of training points (boundary):",4800,", Number of training points (interior):",30000,", VRAM allocated:",0,", VRAM reserved:",0
240200,Training Loss:,4.091723404542336e-09,", Learning rate:",2.9938039131233125e-06,", Number of training points (boundary):",4800,", Number of training points (interior):",30000,", VRAM allocated:",0,", VRAM reserved:",0
240300,Training Loss:,4.08934086593149e-09,", Learning rate:",2.9938039131233125e-06,", Number of training points (boundary):",4800,", Number of training points (interior):",30000,", VRAM allocated:",0,", VRAM reserved:",0
240400,Training Loss:,4.086985860851655e-09,", Learning rate:",2.9938039131233125e-06,", Number of training points (boundary):",4800,", Number of training points (interior):",30000,", VRAM allocated:",0,", VRAM reserved:",0
240500,Training Loss:,4.084651283875473e-09,", Learning rate:",2.9938039131233125e-06,", Number of training points (boundary):",4800,", Number of training points (interior):",30000,", VRAM allocated:",0,", VRAM reserved:",0
240600,Training Loss:,4.090533689549147e-09,", Learning rate:",2.9938039131233125e-06,", Number of training points (boundary):",4800,", Number of training points (interior):",30000,", VRAM allocated:",0,", VRAM reserved:",0
240700,Training Loss:,4.079811599666527e-09,", Learning rate:",2.9938039131233125e-06,", Number of training points (boundary):",4800,", Number of training points (interior):",30000,", VRAM allocated:",0,", VRAM reserved:",0
240800,Training Loss:,4.077639115251941e-09,", Learning rate:",2.9938039131233125e-06,", Number of training points (boundary):",4800,", Number of training points (interior):",30000,", VRAM allocated:",0,", VRAM reserved:",0
240900,Training Loss:,4.075189519170408e-09,", Learning rate:",2.9938039131233125e-06,", Number of training points (boundary):",4800,", Number of training points (interior):",30000,", VRAM allocated:",0,", VRAM reserved:",0
241000,Training Loss:,4.077059134743877e-09,", Learning rate:",2.9938039131233125e-06,", Number of training points (boundary):",4800,", Number of training points (interior):",30000,", VRAM allocated:",0,", VRAM reserved:",0
241100,Training Loss:,4.071022186025175e-09,", Learning rate:",2.9938039131233125e-06,", Number of training points (boundary):",4800,", Number of training points (interior):",30000,", VRAM allocated:",0,", VRAM reserved:",0
241200,Training Loss:,4.068952286218064e-09,", Learning rate:",2.9938039131233125e-06,", Number of training points (boundary):",4800,", Number of training points (interior):",30000,", VRAM allocated:",0,", VRAM reserved:",0
241300,Training Loss:,4.066750047826417e-09,", Learning rate:",2.9938039131233125e-06,", Number of training points (boundary):",4800,", Number of training points (interior):",30000,", VRAM allocated:",0,", VRAM reserved:",0
241400,Training Loss:,4.0645402599182034e-09,", Learning rate:",2.9938039131233125e-06,", Number of training points (boundary):",4800,", Number of training points (interior):",30000,", VRAM allocated:",0,", VRAM reserved:",0
241500,Training Loss:,4.062306491192658e-09,", Learning rate:",2.9938039131233125e-06,", Number of training points (boundary):",4800,", Number of training points (interior):",30000,", VRAM allocated:",0,", VRAM reserved:",0
241600,Training Loss:,4.060046521203731e-09,", Learning rate:",2.9938039131233125e-06,", Number of training points (boundary):",4800,", Number of training points (interior):",30000,", VRAM allocated:",0,", VRAM reserved:",0
241700,Training Loss:,4.057510327726277e-09,", Learning rate:",2.9938039131233125e-06,", Number of training points (boundary):",4800,", Number of training points (interior):",30000,", VRAM allocated:",0,", VRAM reserved:",0
241800,Training Loss:,4.055166868965898e-09,", Learning rate:",2.9938039131233125e-06,", Number of training points (boundary):",4800,", Number of training points (interior):",30000,", VRAM allocated:",0,", VRAM reserved:",0
241900,Training Loss:,4.056120772588656e-09,", Learning rate:",2.9938039131233125e-06,", Number of training points (boundary):",4800,", Number of training points (interior):",30000,", VRAM allocated:",0,", VRAM reserved:",0
242000,Training Loss:,4.050671797983796e-09,", Learning rate:",2.963865873992079e-06,", Number of training points (boundary):",4800,", Number of training points (interior):",30000,", VRAM allocated:",0,", VRAM reserved:",0
242100,Training Loss:,4.0484304797416826e-09,", Learning rate:",2.963865873992079e-06,", Number of training points (boundary):",4800,", Number of training points (interior):",30000,", VRAM allocated:",0,", VRAM reserved:",0
242200,Training Loss:,4.046036838900591e-09,", Learning rate:",2.963865873992079e-06,", Number of training points (boundary):",4800,", Number of training points (interior):",30000,", VRAM allocated:",0,", VRAM reserved:",0
242300,Training Loss:,4.043557932931208e-09,", Learning rate:",2.963865873992079e-06,", Number of training points (boundary):",4800,", Number of training points (interior):",30000,", VRAM allocated:",0,", VRAM reserved:",0
242400,Training Loss:,4.041219803241347e-09,", Learning rate:",2.963865873992079e-06,", Number of training points (boundary):",4800,", Number of training points (interior):",30000,", VRAM allocated:",0,", VRAM reserved:",0
242500,Training Loss:,7.086248032805997e-09,", Learning rate:",2.963865873992079e-06,", Number of training points (boundary):",4800,", Number of training points (interior):",30000,", VRAM allocated:",0,", VRAM reserved:",0
242600,Training Loss:,4.036929457384986e-09,", Learning rate:",2.963865873992079e-06,", Number of training points (boundary):",4800,", Number of training points (interior):",30000,", VRAM allocated:",0,", VRAM reserved:",0
242700,Training Loss:,4.0345899954274955e-09,", Learning rate:",2.963865873992079e-06,", Number of training points (boundary):",4800,", Number of training points (interior):",30000,", VRAM allocated:",0,", VRAM reserved:",0
242800,Training Loss:,4.032380207519282e-09,", Learning rate:",2.963865873992079e-06,", Number of training points (boundary):",4800,", Number of training points (interior):",30000,", VRAM allocated:",0,", VRAM reserved:",0
242900,Training Loss:,4.0303991255541405e-09,", Learning rate:",2.963865873992079e-06,", Number of training points (boundary):",4800,", Number of training points (interior):",30000,", VRAM allocated:",0,", VRAM reserved:",0
243000,Training Loss:,4.028107625231314e-09,", Learning rate:",2.963865873992079e-06,", Number of training points (boundary):",4800,", Number of training points (interior):",30000,", VRAM allocated:",0,", VRAM reserved:",0
243100,Training Loss:,4.025919153605173e-09,", Learning rate:",2.963865873992079e-06,", Number of training points (boundary):",4800,", Number of training points (interior):",30000,", VRAM allocated:",0,", VRAM reserved:",0
243200,Training Loss:,4.023541944064846e-09,", Learning rate:",2.963865873992079e-06,", Number of training points (boundary):",4800,", Number of training points (interior):",30000,", VRAM allocated:",0,", VRAM reserved:",0
243300,Training Loss:,4.021198041215257e-09,", Learning rate:",2.963865873992079e-06,", Number of training points (boundary):",4800,", Number of training points (interior):",30000,", VRAM allocated:",0,", VRAM reserved:",0
243400,Training Loss:,4.01879063360866e-09,", Learning rate:",2.963865873992079e-06,", Number of training points (boundary):",4800,", Number of training points (interior):",30000,", VRAM allocated:",0,", VRAM reserved:",0
243500,Training Loss:,4.019744537231418e-09,", Learning rate:",2.963865873992079e-06,", Number of training points (boundary):",4800,", Number of training points (interior):",30000,", VRAM allocated:",0,", VRAM reserved:",0
243600,Training Loss:,4.014471866042868e-09,", Learning rate:",2.963865873992079e-06,", Number of training points (boundary):",4800,", Number of training points (interior):",30000,", VRAM allocated:",0,", VRAM reserved:",0
243700,Training Loss:,4.012350451887414e-09,", Learning rate:",2.963865873992079e-06,", Number of training points (boundary):",4800,", Number of training points (interior):",30000,", VRAM allocated:",0,", VRAM reserved:",0
243800,Training Loss:,4.010033194390417e-09,", Learning rate:",2.963865873992079e-06,", Number of training points (boundary):",4800,", Number of training points (interior):",30000,", VRAM allocated:",0,", VRAM reserved:",0
243900,Training Loss:,4.007724818677616e-09,", Learning rate:",2.963865873992079e-06,", Number of training points (boundary):",4800,", Number of training points (interior):",30000,", VRAM allocated:",0,", VRAM reserved:",0
244000,Training Loss:,4.005299203413415e-09,", Learning rate:",2.9342272152521583e-06,", Number of training points (boundary):",4800,", Number of training points (interior):",30000,", VRAM allocated:",0,", VRAM reserved:",0
244100,Training Loss:,4.003035236621599e-09,", Learning rate:",2.9342272152521583e-06,", Number of training points (boundary):",4800,", Number of training points (interior):",30000,", VRAM allocated:",0,", VRAM reserved:",0
244200,Training Loss:,4.0006296053718415e-09,", Learning rate:",2.9342272152521583e-06,", Number of training points (boundary):",4800,", Number of training points (interior):",30000,", VRAM allocated:",0,", VRAM reserved:",0
244300,Training Loss:,4.0542005308452644e-09,", Learning rate:",2.9342272152521583e-06,", Number of training points (boundary):",4800,", Number of training points (interior):",30000,", VRAM allocated:",0,", VRAM reserved:",0
244400,Training Loss:,3.996588837651416e-09,", Learning rate:",2.9342272152521583e-06,", Number of training points (boundary):",4800,", Number of training points (interior):",30000,", VRAM allocated:",0,", VRAM reserved:",0
244500,Training Loss:,3.994284458741504e-09,", Learning rate:",2.9342272152521583e-06,", Number of training points (boundary):",4800,", Number of training points (interior):",30000,", VRAM allocated:",0,", VRAM reserved:",0
244600,Training Loss:,3.9923038208655726e-09,", Learning rate:",2.9342272152521583e-06,", Number of training points (boundary):",4800,", Number of training points (interior):",30000,", VRAM allocated:",0,", VRAM reserved:",0
244700,Training Loss:,3.990088259797631e-09,", Learning rate:",2.9342272152521583e-06,", Number of training points (boundary):",4800,", Number of training points (interior):",30000,", VRAM allocated:",0,", VRAM reserved:",0
244800,Training Loss:,3.987827401630284e-09,", Learning rate:",2.9342272152521583e-06,", Number of training points (boundary):",4800,", Number of training points (interior):",30000,", VRAM allocated:",0,", VRAM reserved:",0
244900,Training Loss:,3.98570731974246e-09,", Learning rate:",2.9342272152521583e-06,", Number of training points (boundary):",4800,", Number of training points (interior):",30000,", VRAM allocated:",0,", VRAM reserved:",0
245000,Training Loss:,3.983296359422184e-09,", Learning rate:",2.9342272152521583e-06,", Number of training points (boundary):",4800,", Number of training points (interior):",30000,", VRAM allocated:",0,", VRAM reserved:",0
245100,Training Loss:,3.9810252872030105e-09,", Learning rate:",2.9342272152521583e-06,", Number of training points (boundary):",4800,", Number of training points (interior):",30000,", VRAM allocated:",0,", VRAM reserved:",0
245200,Training Loss:,4.71268890578358e-09,", Learning rate:",2.9342272152521583e-06,", Number of training points (boundary):",4800,", Number of training points (interior):",30000,", VRAM allocated:",0,", VRAM reserved:",0
245300,Training Loss:,3.976421858453705e-09,", Learning rate:",2.9342272152521583e-06,", Number of training points (boundary):",4800,", Number of training points (interior):",30000,", VRAM allocated:",0,", VRAM reserved:",0
245400,Training Loss:,3.974306217457979e-09,", Learning rate:",2.9342272152521583e-06,", Number of training points (boundary):",4800,", Number of training points (interior):",30000,", VRAM allocated:",0,", VRAM reserved:",0
245500,Training Loss:,3.9720093880646345e-09,", Learning rate:",2.9342272152521583e-06,", Number of training points (boundary):",4800,", Number of training points (interior):",30000,", VRAM allocated:",0,", VRAM reserved:",0
245600,Training Loss:,3.969826245509012e-09,", Learning rate:",2.9342272152521583e-06,", Number of training points (boundary):",4800,", Number of training points (interior):",30000,", VRAM allocated:",0,", VRAM reserved:",0
245700,Training Loss:,3.967422834705303e-09,", Learning rate:",2.9342272152521583e-06,", Number of training points (boundary):",4800,", Number of training points (interior):",30000,", VRAM allocated:",0,", VRAM reserved:",0
245800,Training Loss:,3.967616013511588e-09,", Learning rate:",2.9342272152521583e-06,", Number of training points (boundary):",4800,", Number of training points (interior):",30000,", VRAM allocated:",0,", VRAM reserved:",0
245900,Training Loss:,3.965231698543903e-09,", Learning rate:",2.9342272152521583e-06,", Number of training points (boundary):",4800,", Number of training points (interior):",30000,", VRAM allocated:",0,", VRAM reserved:",0
246000,Training Loss:,3.9612459978854986e-09,", Learning rate:",2.9048849430996365e-06,", Number of training points (boundary):",4800,", Number of training points (interior):",30000,", VRAM allocated:",0,", VRAM reserved:",0
246100,Training Loss:,3.959055305813308e-09,", Learning rate:",2.9048849430996365e-06,", Number of training points (boundary):",4800,", Number of training points (interior):",30000,", VRAM allocated:",0,", VRAM reserved:",0
246200,Training Loss:,3.957075556115797e-09,", Learning rate:",2.9048849430996365e-06,", Number of training points (boundary):",4800,", Number of training points (interior):",30000,", VRAM allocated:",0,", VRAM reserved:",0
246300,Training Loss:,3.954915062109876e-09,", Learning rate:",2.9048849430996365e-06,", Number of training points (boundary):",4800,", Number of training points (interior):",30000,", VRAM allocated:",0,", VRAM reserved:",0
246400,Training Loss:,3.952784766170225e-09,", Learning rate:",2.9048849430996365e-06,", Number of training points (boundary):",4800,", Number of training points (interior):",30000,", VRAM allocated:",0,", VRAM reserved:",0
246500,Training Loss:,3.950611837666429e-09,", Learning rate:",2.9048849430996365e-06,", Number of training points (boundary):",4800,", Number of training points (interior):",30000,", VRAM allocated:",0,", VRAM reserved:",0
246600,Training Loss:,3.9484095992747825e-09,", Learning rate:",2.9048849430996365e-06,", Number of training points (boundary):",4800,", Number of training points (interior):",30000,", VRAM allocated:",0,", VRAM reserved:",0
246700,Training Loss:,3.946121651665635e-09,", Learning rate:",2.9048849430996365e-06,", Number of training points (boundary):",4800,", Number of training points (interior):",30000,", VRAM allocated:",0,", VRAM reserved:",0
246800,Training Loss:,3.943830151342809e-09,", Learning rate:",2.9048849430996365e-06,", Number of training points (boundary):",4800,", Number of training points (interior):",30000,", VRAM allocated:",0,", VRAM reserved:",0
246900,Training Loss:,4.245141571601607e-09,", Learning rate:",2.9048849430996365e-06,", Number of training points (boundary):",4800,", Number of training points (interior):",30000,", VRAM allocated:",0,", VRAM reserved:",0
247000,Training Loss:,3.9394025819206036e-09,", Learning rate:",2.9048849430996365e-06,", Number of training points (boundary):",4800,", Number of training points (interior):",30000,", VRAM allocated:",0,", VRAM reserved:",0
247100,Training Loss:,3.937475678839064e-09,", Learning rate:",2.9048849430996365e-06,", Number of training points (boundary):",4800,", Number of training points (interior):",30000,", VRAM allocated:",0,", VRAM reserved:",0
247200,Training Loss:,3.935409775834842e-09,", Learning rate:",2.9048849430996365e-06,", Number of training points (boundary):",4800,", Number of training points (interior):",30000,", VRAM allocated:",0,", VRAM reserved:",0
247300,Training Loss:,3.933201764283467e-09,", Learning rate:",2.9048849430996365e-06,", Number of training points (boundary):",4800,", Number of training points (interior):",30000,", VRAM allocated:",0,", VRAM reserved:",0
247400,Training Loss:,3.9309884236615744e-09,", Learning rate:",2.9048849430996365e-06,", Number of training points (boundary):",4800,", Number of training points (interior):",30000,", VRAM allocated:",0,", VRAM reserved:",0
247500,Training Loss:,3.928896319393971e-09,", Learning rate:",2.9048849430996365e-06,", Number of training points (boundary):",4800,", Number of training points (interior):",30000,", VRAM allocated:",0,", VRAM reserved:",0
247600,Training Loss:,3.926512448515496e-09,", Learning rate:",2.9048849430996365e-06,", Number of training points (boundary):",4800,", Number of training points (interior):",30000,", VRAM allocated:",0,", VRAM reserved:",0
247700,Training Loss:,4.490823268810118e-09,", Learning rate:",2.9048849430996365e-06,", Number of training points (boundary):",4800,", Number of training points (interior):",30000,", VRAM allocated:",0,", VRAM reserved:",0
247800,Training Loss:,3.922468128081391e-09,", Learning rate:",2.9048849430996365e-06,", Number of training points (boundary):",4800,", Number of training points (interior):",30000,", VRAM allocated:",0,", VRAM reserved:",0
247900,Training Loss:,3.9204852697594106e-09,", Learning rate:",2.9048849430996365e-06,", Number of training points (boundary):",4800,", Number of training points (interior):",30000,", VRAM allocated:",0,", VRAM reserved:",0
248000,Training Loss:,3.9183736255665735e-09,", Learning rate:",2.87583609366864e-06,", Number of training points (boundary):",4800,", Number of training points (interior):",30000,", VRAM allocated:",0,", VRAM reserved:",0
248100,Training Loss:,3.916395652225901e-09,", Learning rate:",2.87583609366864e-06,", Number of training points (boundary):",4800,", Number of training points (interior):",30000,", VRAM allocated:",0,", VRAM reserved:",0
248200,Training Loss:,3.914402579852094e-09,", Learning rate:",2.87583609366864e-06,", Number of training points (boundary):",4800,", Number of training points (interior):",30000,", VRAM allocated:",0,", VRAM reserved:",0
248300,Training Loss:,3.912252299898e-09,", Learning rate:",2.87583609366864e-06,", Number of training points (boundary):",4800,", Number of training points (interior):",30000,", VRAM allocated:",0,", VRAM reserved:",0
248400,Training Loss:,3.910183288269309e-09,", Learning rate:",2.87583609366864e-06,", Number of training points (boundary):",4800,", Number of training points (interior):",30000,", VRAM allocated:",0,", VRAM reserved:",0
248500,Training Loss:,3.907970391736626e-09,", Learning rate:",2.87583609366864e-06,", Number of training points (boundary):",4800,", Number of training points (interior):",30000,", VRAM allocated:",0,", VRAM reserved:",0
248600,Training Loss:,3.905794354608361e-09,", Learning rate:",2.87583609366864e-06,", Number of training points (boundary):",4800,", Number of training points (interior):",30000,", VRAM allocated:",0,", VRAM reserved:",0
248700,Training Loss:,3.903520617853928e-09,", Learning rate:",2.87583609366864e-06,", Number of training points (boundary):",4800,", Number of training points (interior):",30000,", VRAM allocated:",0,", VRAM reserved:",0
248800,Training Loss:,3.929057523777146e-09,", Learning rate:",2.87583609366864e-06,", Number of training points (boundary):",4800,", Number of training points (interior):",30000,", VRAM allocated:",0,", VRAM reserved:",0
248900,Training Loss:,3.899327971623734e-09,", Learning rate:",2.87583609366864e-06,", Number of training points (boundary):",4800,", Number of training points (interior):",30000,", VRAM allocated:",0,", VRAM reserved:",0
249000,Training Loss:,3.897317135681533e-09,", Learning rate:",2.87583609366864e-06,", Number of training points (boundary):",4800,", Number of training points (interior):",30000,", VRAM allocated:",0,", VRAM reserved:",0
249100,Training Loss:,3.895325395575355e-09,", Learning rate:",2.87583609366864e-06,", Number of training points (boundary):",4800,", Number of training points (interior):",30000,", VRAM allocated:",0,", VRAM reserved:",0
249200,Training Loss:,3.89341670015142e-09,", Learning rate:",2.87583609366864e-06,", Number of training points (boundary):",4800,", Number of training points (interior):",30000,", VRAM allocated:",0,", VRAM reserved:",0
249300,Training Loss:,3.891188704585602e-09,", Learning rate:",2.87583609366864e-06,", Number of training points (boundary):",4800,", Number of training points (interior):",30000,", VRAM allocated:",0,", VRAM reserved:",0
249400,Training Loss:,3.889067290430148e-09,", Learning rate:",2.87583609366864e-06,", Number of training points (boundary):",4800,", Number of training points (interior):",30000,", VRAM allocated:",0,", VRAM reserved:",0
249500,Training Loss:,3.88695786668336e-09,", Learning rate:",2.87583609366864e-06,", Number of training points (boundary):",4800,", Number of training points (interior):",30000,", VRAM allocated:",0,", VRAM reserved:",0
249600,Training Loss:,3.884801813569538e-09,", Learning rate:",2.87583609366864e-06,", Number of training points (boundary):",4800,", Number of training points (interior):",30000,", VRAM allocated:",0,", VRAM reserved:",0
249700,Training Loss:,3.907004497705202e-09,", Learning rate:",2.87583609366864e-06,", Number of training points (boundary):",4800,", Number of training points (interior):",30000,", VRAM allocated:",0,", VRAM reserved:",0
249800,Training Loss:,3.880671783917933e-09,", Learning rate:",2.87583609366864e-06,", Number of training points (boundary):",4800,", Number of training points (interior):",30000,", VRAM allocated:",0,", VRAM reserved:",0
249900,Training Loss:,3.87860765727055e-09,", Learning rate:",2.87583609366864e-06,", Number of training points (boundary):",4800,", Number of training points (interior):",30000,", VRAM allocated:",0,", VRAM reserved:",0
250000,Training Loss:,3.876633236643556e-09,", Learning rate:",2.8470777327319537e-06,", Number of training points (boundary):",4800,", Number of training points (interior):",30000,", VRAM allocated:",0,", VRAM reserved:",0
250100,Training Loss:,3.8745326946809655e-09,", Learning rate:",2.8470777327319537e-06,", Number of training points (boundary):",4800,", Number of training points (interior):",30000,", VRAM allocated:",0,", VRAM reserved:",0
250200,Training Loss:,3.872491216583285e-09,", Learning rate:",2.8470777327319537e-06,", Number of training points (boundary):",4800,", Number of training points (interior):",30000,", VRAM allocated:",0,", VRAM reserved:",0
250300,Training Loss:,3.870247233805912e-09,", Learning rate:",2.8470777327319537e-06,", Number of training points (boundary):",4800,", Number of training points (interior):",30000,", VRAM allocated:",0,", VRAM reserved:",0
250400,Training Loss:,3.868095177494979e-09,", Learning rate:",2.8470777327319537e-06,", Number of training points (boundary):",4800,", Number of training points (interior):",30000,", VRAM allocated:",0,", VRAM reserved:",0
250500,Training Loss:,4.100078054847245e-09,", Learning rate:",2.8470777327319537e-06,", Number of training points (boundary):",4800,", Number of training points (interior):",30000,", VRAM allocated:",0,", VRAM reserved:",0
250600,Training Loss:,3.86498166804472e-09,", Learning rate:",2.8470777327319537e-06,", Number of training points (boundary):",4800,", Number of training points (interior):",30000,", VRAM allocated:",0,", VRAM reserved:",0
250700,Training Loss:,3.862053787884179e-09,", Learning rate:",2.8470777327319537e-06,", Number of training points (boundary):",4800,", Number of training points (interior):",30000,", VRAM allocated:",0,", VRAM reserved:",0
250800,Training Loss:,3.860001651645462e-09,", Learning rate:",2.8470777327319537e-06,", Number of training points (boundary):",4800,", Number of training points (interior):",30000,", VRAM allocated:",0,", VRAM reserved:",0
250900,Training Loss:,3.858146691015918e-09,", Learning rate:",2.8470777327319537e-06,", Number of training points (boundary):",4800,", Number of training points (interior):",30000,", VRAM allocated:",0,", VRAM reserved:",0
251000,Training Loss:,3.855995522883404e-09,", Learning rate:",2.8470777327319537e-06,", Number of training points (boundary):",4800,", Number of training points (interior):",30000,", VRAM allocated:",0,", VRAM reserved:",0
251100,Training Loss:,3.8540663993558155e-09,", Learning rate:",2.8470777327319537e-06,", Number of training points (boundary):",4800,", Number of training points (interior):",30000,", VRAM allocated:",0,", VRAM reserved:",0
251200,Training Loss:,3.8519196721154e-09,", Learning rate:",2.8470777327319537e-06,", Number of training points (boundary):",4800,", Number of training points (interior):",30000,", VRAM allocated:",0,", VRAM reserved:",0
251300,Training Loss:,3.849714769188495e-09,", Learning rate:",2.8470777327319537e-06,", Number of training points (boundary):",4800,", Number of training points (interior):",30000,", VRAM allocated:",0,", VRAM reserved:",0
251400,Training Loss:,3.847609342244596e-09,", Learning rate:",2.8470777327319537e-06,", Number of training points (boundary):",4800,", Number of training points (interior):",30000,", VRAM allocated:",0,", VRAM reserved:",0
251500,Training Loss:,4.03164346352014e-09,", Learning rate:",2.8470777327319537e-06,", Number of training points (boundary):",4800,", Number of training points (interior):",30000,", VRAM allocated:",0,", VRAM reserved:",0
251600,Training Loss:,3.84356724225654e-09,", Learning rate:",2.8470777327319537e-06,", Number of training points (boundary):",4800,", Number of training points (interior):",30000,", VRAM allocated:",0,", VRAM reserved:",0
251700,Training Loss:,3.841550189065401e-09,", Learning rate:",2.8470777327319537e-06,", Number of training points (boundary):",4800,", Number of training points (interior):",30000,", VRAM allocated:",0,", VRAM reserved:",0
251800,Training Loss:,3.839795148508074e-09,", Learning rate:",2.8470777327319537e-06,", Number of training points (boundary):",4800,", Number of training points (interior):",30000,", VRAM allocated:",0,", VRAM reserved:",0
251900,Training Loss:,3.8377971911529585e-09,", Learning rate:",2.8470777327319537e-06,", Number of training points (boundary):",4800,", Number of training points (interior):",30000,", VRAM allocated:",0,", VRAM reserved:",0
252000,Training Loss:,3.835775252980511e-09,", Learning rate:",2.8186069554046343e-06,", Number of training points (boundary):",4800,", Number of training points (interior):",30000,", VRAM allocated:",0,", VRAM reserved:",0
252100,Training Loss:,3.833770190198038e-09,", Learning rate:",2.8186069554046343e-06,", Number of training points (boundary):",4800,", Number of training points (interior):",30000,", VRAM allocated:",0,", VRAM reserved:",0
252200,Training Loss:,3.831671424592287e-09,", Learning rate:",2.8186069554046343e-06,", Number of training points (boundary):",4800,", Number of training points (interior):",30000,", VRAM allocated:",0,", VRAM reserved:",0
252300,Training Loss:,3.829730310656032e-09,", Learning rate:",2.8186069554046343e-06,", Number of training points (boundary):",4800,", Number of training points (interior):",30000,", VRAM allocated:",0,", VRAM reserved:",0
252400,Training Loss:,3.8275786984343085e-09,", Learning rate:",2.8186069554046343e-06,", Number of training points (boundary):",4800,", Number of training points (interior):",30000,", VRAM allocated:",0,", VRAM reserved:",0
252500,Training Loss:,3.858138697410141e-09,", Learning rate:",2.8186069554046343e-06,", Number of training points (boundary):",4800,", Number of training points (interior):",30000,", VRAM allocated:",0,", VRAM reserved:",0
252600,Training Loss:,3.823910965650157e-09,", Learning rate:",2.8186069554046343e-06,", Number of training points (boundary):",4800,", Number of training points (interior):",30000,", VRAM allocated:",0,", VRAM reserved:",0
252700,Training Loss:,3.821893468369808e-09,", Learning rate:",2.8186069554046343e-06,", Number of training points (boundary):",4800,", Number of training points (interior):",30000,", VRAM allocated:",0,", VRAM reserved:",0
252800,Training Loss:,3.820009641941624e-09,", Learning rate:",2.8186069554046343e-06,", Number of training points (boundary):",4800,", Number of training points (interior):",30000,", VRAM allocated:",0,", VRAM reserved:",0
252900,Training Loss:,3.818152904955241e-09,", Learning rate:",2.8186069554046343e-06,", Number of training points (boundary):",4800,", Number of training points (interior):",30000,", VRAM allocated:",0,", VRAM reserved:",0
253000,Training Loss:,3.816178040239038e-09,", Learning rate:",2.8186069554046343e-06,", Number of training points (boundary):",4800,", Number of training points (interior):",30000,", VRAM allocated:",0,", VRAM reserved:",0
253100,Training Loss:,3.8142466962654e-09,", Learning rate:",2.8186069554046343e-06,", Number of training points (boundary):",4800,", Number of training points (interior):",30000,", VRAM allocated:",0,", VRAM reserved:",0
253200,Training Loss:,3.812133275715723e-09,", Learning rate:",2.8186069554046343e-06,", Number of training points (boundary):",4800,", Number of training points (interior):",30000,", VRAM allocated:",0,", VRAM reserved:",0
253300,Training Loss:,3.8101188870598435e-09,", Learning rate:",2.8186069554046343e-06,", Number of training points (boundary):",4800,", Number of training points (interior):",30000,", VRAM allocated:",0,", VRAM reserved:",0
253400,Training Loss:,3.807946402645257e-09,", Learning rate:",2.8186069554046343e-06,", Number of training points (boundary):",4800,", Number of training points (interior):",30000,", VRAM allocated:",0,", VRAM reserved:",0
253500,Training Loss:,3.805867176964739e-09,", Learning rate:",2.8186069554046343e-06,", Number of training points (boundary):",4800,", Number of training points (interior):",30000,", VRAM allocated:",0,", VRAM reserved:",0
253600,Training Loss:,2.1934006610990764e-08,", Learning rate:",2.8186069554046343e-06,", Number of training points (boundary):",4800,", Number of training points (interior):",30000,", VRAM allocated:",0,", VRAM reserved:",0
253700,Training Loss:,3.801979175932502e-09,", Learning rate:",2.8186069554046343e-06,", Number of training points (boundary):",4800,", Number of training points (interior):",30000,", VRAM allocated:",0,", VRAM reserved:",0
253800,Training Loss:,3.79996967225793e-09,", Learning rate:",2.8186069554046343e-06,", Number of training points (boundary):",4800,", Number of training points (interior):",30000,", VRAM allocated:",0,", VRAM reserved:",0
253900,Training Loss:,3.798130698839941e-09,", Learning rate:",2.8186069554046343e-06,", Number of training points (boundary):",4800,", Number of training points (interior):",30000,", VRAM allocated:",0,", VRAM reserved:",0
254000,Training Loss:,3.796289504975903e-09,", Learning rate:",2.790420885850588e-06,", Number of training points (boundary):",4800,", Number of training points (interior):",30000,", VRAM allocated:",0,", VRAM reserved:",0
254100,Training Loss:,3.7944327679895196e-09,", Learning rate:",2.790420885850588e-06,", Number of training points (boundary):",4800,", Number of training points (interior):",30000,", VRAM allocated:",0,", VRAM reserved:",0
254200,Training Loss:,3.792607561337036e-09,", Learning rate:",2.790420885850588e-06,", Number of training points (boundary):",4800,", Number of training points (interior):",30000,", VRAM allocated:",0,", VRAM reserved:",0
254300,Training Loss:,3.790601610376143e-09,", Learning rate:",2.790420885850588e-06,", Number of training points (boundary):",4800,", Number of training points (interior):",30000,", VRAM allocated:",0,", VRAM reserved:",0
254400,Training Loss:,3.788577895846856e-09,", Learning rate:",2.790420885850588e-06,", Number of training points (boundary):",4800,", Number of training points (interior):",30000,", VRAM allocated:",0,", VRAM reserved:",0
254500,Training Loss:,3.786635449642972e-09,", Learning rate:",2.790420885850588e-06,", Number of training points (boundary):",4800,", Number of training points (interior):",30000,", VRAM allocated:",0,", VRAM reserved:",0
254600,Training Loss:,3.784379032367724e-09,", Learning rate:",2.790420885850588e-06,", Number of training points (boundary):",4800,", Number of training points (interior):",30000,", VRAM allocated:",0,", VRAM reserved:",0
254700,Training Loss:,3.787424152079666e-09,", Learning rate:",2.790420885850588e-06,", Number of training points (boundary):",4800,", Number of training points (interior):",30000,", VRAM allocated:",0,", VRAM reserved:",0
254800,Training Loss:,3.780713075940412e-09,", Learning rate:",2.790420885850588e-06,", Number of training points (boundary):",4800,", Number of training points (interior):",30000,", VRAM allocated:",0,", VRAM reserved:",0
254900,Training Loss:,3.7790224283185125e-09,", Learning rate:",2.790420885850588e-06,", Number of training points (boundary):",4800,", Number of training points (interior):",30000,", VRAM allocated:",0,", VRAM reserved:",0
255000,Training Loss:,3.777099966129072e-09,", Learning rate:",2.790420885850588e-06,", Number of training points (boundary):",4800,", Number of training points (interior):",30000,", VRAM allocated:",0,", VRAM reserved:",0
255100,Training Loss:,3.775246781856367e-09,", Learning rate:",2.790420885850588e-06,", Number of training points (boundary):",4800,", Number of training points (interior):",30000,", VRAM allocated:",0,", VRAM reserved:",0
255200,Training Loss:,3.773310996990631e-09,", Learning rate:",2.790420885850588e-06,", Number of training points (boundary):",4800,", Number of training points (interior):",30000,", VRAM allocated:",0,", VRAM reserved:",0
255300,Training Loss:,3.771339240898897e-09,", Learning rate:",2.790420885850588e-06,", Number of training points (boundary):",4800,", Number of training points (interior):",30000,", VRAM allocated:",0,", VRAM reserved:",0
255400,Training Loss:,3.7693195231724985e-09,", Learning rate:",2.790420885850588e-06,", Number of training points (boundary):",4800,", Number of training points (interior):",30000,", VRAM allocated:",0,", VRAM reserved:",0
255500,Training Loss:,3.7673055786058285e-09,", Learning rate:",2.790420885850588e-06,", Number of training points (boundary):",4800,", Number of training points (interior):",30000,", VRAM allocated:",0,", VRAM reserved:",0
255600,Training Loss:,3.765265432775777e-09,", Learning rate:",2.790420885850588e-06,", Number of training points (boundary):",4800,", Number of training points (interior):",30000,", VRAM allocated:",0,", VRAM reserved:",0
255700,Training Loss:,3.893468658588972e-09,", Learning rate:",2.790420885850588e-06,", Number of training points (boundary):",4800,", Number of training points (interior):",30000,", VRAM allocated:",0,", VRAM reserved:",0
255800,Training Loss:,3.761462252782621e-09,", Learning rate:",2.790420885850588e-06,", Number of training points (boundary):",4800,", Number of training points (interior):",30000,", VRAM allocated:",0,", VRAM reserved:",0
255900,Training Loss:,3.75957176501629e-09,", Learning rate:",2.790420885850588e-06,", Number of training points (boundary):",4800,", Number of training points (interior):",30000,", VRAM allocated:",0,", VRAM reserved:",0
256000,Training Loss:,3.757727906616992e-09,", Learning rate:",2.762516676992082e-06,", Number of training points (boundary):",4800,", Number of training points (interior):",30000,", VRAM allocated:",0,", VRAM reserved:",0
256100,Training Loss:,3.755925348514211e-09,", Learning rate:",2.762516676992082e-06,", Number of training points (boundary):",4800,", Number of training points (interior):",30000,", VRAM allocated:",0,", VRAM reserved:",0
256200,Training Loss:,3.754037081193928e-09,", Learning rate:",2.762516676992082e-06,", Number of training points (boundary):",4800,", Number of training points (interior):",30000,", VRAM allocated:",0,", VRAM reserved:",0
256300,Training Loss:,3.752163468817571e-09,", Learning rate:",2.762516676992082e-06,", Number of training points (boundary):",4800,", Number of training points (interior):",30000,", VRAM allocated:",0,", VRAM reserved:",0
256400,Training Loss:,3.750219690346057e-09,", Learning rate:",2.762516676992082e-06,", Number of training points (boundary):",4800,", Number of training points (interior):",30000,", VRAM allocated:",0,", VRAM reserved:",0
256500,Training Loss:,3.7481333592381816e-09,", Learning rate:",2.762516676992082e-06,", Number of training points (boundary):",4800,", Number of training points (interior):",30000,", VRAM allocated:",0,", VRAM reserved:",0
256600,Training Loss:,3.746103871549167e-09,", Learning rate:",2.762516676992082e-06,", Number of training points (boundary):",4800,", Number of training points (interior):",30000,", VRAM allocated:",0,", VRAM reserved:",0
256700,Training Loss:,3.773839019061143e-09,", Learning rate:",2.762516676992082e-06,", Number of training points (boundary):",4800,", Number of training points (interior):",30000,", VRAM allocated:",0,", VRAM reserved:",0
256800,Training Loss:,3.742270049400531e-09,", Learning rate:",2.762516676992082e-06,", Number of training points (boundary):",4800,", Number of training points (interior):",30000,", VRAM allocated:",0,", VRAM reserved:",0
256900,Training Loss:,3.7403466990326706e-09,", Learning rate:",2.762516676992082e-06,", Number of training points (boundary):",4800,", Number of training points (interior):",30000,", VRAM allocated:",0,", VRAM reserved:",0
257000,Training Loss:,3.738521492380187e-09,", Learning rate:",2.762516676992082e-06,", Number of training points (boundary):",4800,", Number of training points (interior):",30000,", VRAM allocated:",0,", VRAM reserved:",0
257100,Training Loss:,3.7365648353215875e-09,", Learning rate:",2.762516676992082e-06,", Number of training points (boundary):",4800,", Number of training points (interior):",30000,", VRAM allocated:",0,", VRAM reserved:",0
257200,Training Loss:,3.734605957816939e-09,", Learning rate:",2.762516676992082e-06,", Number of training points (boundary):",4800,", Number of training points (interior):",30000,", VRAM allocated:",0,", VRAM reserved:",0
257300,Training Loss:,3.732513409460125e-09,", Learning rate:",2.762516676992082e-06,", Number of training points (boundary):",4800,", Number of training points (interior):",30000,", VRAM allocated:",0,", VRAM reserved:",0
257400,Training Loss:,3.730520337086318e-09,", Learning rate:",2.762516676992082e-06,", Number of training points (boundary):",4800,", Number of training points (interior):",30000,", VRAM allocated:",0,", VRAM reserved:",0
257500,Training Loss:,3.0974931064520206e-08,", Learning rate:",2.762516676992082e-06,", Number of training points (boundary):",4800,", Number of training points (interior):",30000,", VRAM allocated:",0,", VRAM reserved:",0
257600,Training Loss:,3.727380626372678e-09,", Learning rate:",2.762516676992082e-06,", Number of training points (boundary):",4800,", Number of training points (interior):",30000,", VRAM allocated:",0,", VRAM reserved:",0
257700,Training Loss:,3.725187269765229e-09,", Learning rate:",2.762516676992082e-06,", Number of training points (boundary):",4800,", Number of training points (interior):",30000,", VRAM allocated:",0,", VRAM reserved:",0
257800,Training Loss:,3.7234701988353436e-09,", Learning rate:",2.762516676992082e-06,", Number of training points (boundary):",4800,", Number of training points (interior):",30000,", VRAM allocated:",0,", VRAM reserved:",0
257900,Training Loss:,3.7217193771255097e-09,", Learning rate:",2.762516676992082e-06,", Number of training points (boundary):",4800,", Number of training points (interior):",30000,", VRAM allocated:",0,", VRAM reserved:",0
258000,Training Loss:,3.720024066566907e-09,", Learning rate:",2.7348915102221613e-06,", Number of training points (boundary):",4800,", Number of training points (interior):",30000,", VRAM allocated:",0,", VRAM reserved:",0
258100,Training Loss:,3.718214625081373e-09,", Learning rate:",2.7348915102221613e-06,", Number of training points (boundary):",4800,", Number of training points (interior):",30000,", VRAM allocated:",0,", VRAM reserved:",0
258200,Training Loss:,3.716517982255141e-09,", Learning rate:",2.7348915102221613e-06,", Number of training points (boundary):",4800,", Number of training points (interior):",30000,", VRAM allocated:",0,", VRAM reserved:",0
258300,Training Loss:,3.7146621334471774e-09,", Learning rate:",2.7348915102221613e-06,", Number of training points (boundary):",4800,", Number of training points (interior):",30000,", VRAM allocated:",0,", VRAM reserved:",0
258400,Training Loss:,3.7127425578376005e-09,", Learning rate:",2.7348915102221613e-06,", Number of training points (boundary):",4800,", Number of training points (interior):",30000,", VRAM allocated:",0,", VRAM reserved:",0
258500,Training Loss:,3.7108973671706735e-09,", Learning rate:",2.7348915102221613e-06,", Number of training points (boundary):",4800,", Number of training points (interior):",30000,", VRAM allocated:",0,", VRAM reserved:",0
258600,Training Loss:,3.7087213300424082e-09,", Learning rate:",2.7348915102221613e-06,", Number of training points (boundary):",4800,", Number of training points (interior):",30000,", VRAM allocated:",0,", VRAM reserved:",0
258700,Training Loss:,3.706864593056025e-09,", Learning rate:",2.7348915102221613e-06,", Number of training points (boundary):",4800,", Number of training points (interior):",30000,", VRAM allocated:",0,", VRAM reserved:",0
258800,Training Loss:,4.639823636409801e-09,", Learning rate:",2.7348915102221613e-06,", Number of training points (boundary):",4800,", Number of training points (interior):",30000,", VRAM allocated:",0,", VRAM reserved:",0
258900,Training Loss:,3.7031850919078124e-09,", Learning rate:",2.7348915102221613e-06,", Number of training points (boundary):",4800,", Number of training points (interior):",30000,", VRAM allocated:",0,", VRAM reserved:",0
259000,Training Loss:,3.701231099384472e-09,", Learning rate:",2.7348915102221613e-06,", Number of training points (boundary):",4800,", Number of training points (interior):",30000,", VRAM allocated:",0,", VRAM reserved:",0
259100,Training Loss:,3.699409889534877e-09,", Learning rate:",2.7348915102221613e-06,", Number of training points (boundary):",4800,", Number of training points (interior):",30000,", VRAM allocated:",0,", VRAM reserved:",0
259200,Training Loss:,3.6975633666003205e-09,", Learning rate:",2.7348915102221613e-06,", Number of training points (boundary):",4800,", Number of training points (interior):",30000,", VRAM allocated:",0,", VRAM reserved:",0
259300,Training Loss:,3.6957037430340733e-09,", Learning rate:",2.7348915102221613e-06,", Number of training points (boundary):",4800,", Number of training points (interior):",30000,", VRAM allocated:",0,", VRAM reserved:",0
259400,Training Loss:,3.6937684022575468e-09,", Learning rate:",2.7348915102221613e-06,", Number of training points (boundary):",4800,", Number of training points (interior):",30000,", VRAM allocated:",0,", VRAM reserved:",0
259500,Training Loss:,3.6917167101080395e-09,", Learning rate:",2.7348915102221613e-06,", Number of training points (boundary):",4800,", Number of training points (interior):",30000,", VRAM allocated:",0,", VRAM reserved:",0
259600,Training Loss:,7.380934086143043e-09,", Learning rate:",2.7348915102221613e-06,", Number of training points (boundary):",4800,", Number of training points (interior):",30000,", VRAM allocated:",0,", VRAM reserved:",0
259700,Training Loss:,3.688326755124649e-09,", Learning rate:",2.7348915102221613e-06,", Number of training points (boundary):",4800,", Number of training points (interior):",30000,", VRAM allocated:",0,", VRAM reserved:",0
259800,Training Loss:,3.6864009622661342e-09,", Learning rate:",2.7348915102221613e-06,", Number of training points (boundary):",4800,", Number of training points (interior):",30000,", VRAM allocated:",0,", VRAM reserved:",0
259900,Training Loss:,3.6846792283995455e-09,", Learning rate:",2.7348915102221613e-06,", Number of training points (boundary):",4800,", Number of training points (interior):",30000,", VRAM allocated:",0,", VRAM reserved:",0
260000,Training Loss:,3.6828611271744194e-09,", Learning rate:",2.70754259511994e-06,", Number of training points (boundary):",4800,", Number of training points (interior):",30000,", VRAM allocated:",0,", VRAM reserved:",0
260100,Training Loss:,3.6809506553936444e-09,", Learning rate:",2.70754259511994e-06,", Number of training points (boundary):",4800,", Number of training points (interior):",30000,", VRAM allocated:",0,", VRAM reserved:",0
260200,Training Loss:,3.6792036084420943e-09,", Learning rate:",2.70754259511994e-06,", Number of training points (boundary):",4800,", Number of training points (interior):",30000,", VRAM allocated:",0,", VRAM reserved:",0
260300,Training Loss:,3.6773255551736383e-09,", Learning rate:",2.70754259511994e-06,", Number of training points (boundary):",4800,", Number of training points (interior):",30000,", VRAM allocated:",0,", VRAM reserved:",0
260400,Training Loss:,3.6753469156991514e-09,", Learning rate:",2.70754259511994e-06,", Number of training points (boundary):",4800,", Number of training points (interior):",30000,", VRAM allocated:",0,", VRAM reserved:",0
260500,Training Loss:,3.673437998230611e-09,", Learning rate:",2.70754259511994e-06,", Number of training points (boundary):",4800,", Number of training points (interior):",30000,", VRAM allocated:",0,", VRAM reserved:",0
260600,Training Loss:,3.6713621032191668e-09,", Learning rate:",2.70754259511994e-06,", Number of training points (boundary):",4800,", Number of training points (interior):",30000,", VRAM allocated:",0,", VRAM reserved:",0
260700,Training Loss:,1.773215707601139e-08,", Learning rate:",2.70754259511994e-06,", Number of training points (boundary):",4800,", Number of training points (interior):",30000,", VRAM allocated:",0,", VRAM reserved:",0
260800,Training Loss:,3.668097159348349e-09,", Learning rate:",2.70754259511994e-06,", Number of training points (boundary):",4800,", Number of training points (interior):",30000,", VRAM allocated:",0,", VRAM reserved:",0
260900,Training Loss:,3.6660345870132005e-09,", Learning rate:",2.70754259511994e-06,", Number of training points (boundary):",4800,", Number of training points (interior):",30000,", VRAM allocated:",0,", VRAM reserved:",0
261000,Training Loss:,3.6642187062341236e-09,", Learning rate:",2.70754259511994e-06,", Number of training points (boundary):",4800,", Number of training points (interior):",30000,", VRAM allocated:",0,", VRAM reserved:",0
261100,Training Loss:,3.662591119280023e-09,", Learning rate:",2.70754259511994e-06,", Number of training points (boundary):",4800,", Number of training points (interior):",30000,", VRAM allocated:",0,", VRAM reserved:",0
261200,Training Loss:,3.6608716058594837e-09,", Learning rate:",2.70754259511994e-06,", Number of training points (boundary):",4800,", Number of training points (interior):",30000,", VRAM allocated:",0,", VRAM reserved:",0
261300,Training Loss:,3.6591305541122665e-09,", Learning rate:",2.70754259511994e-06,", Number of training points (boundary):",4800,", Number of training points (interior):",30000,", VRAM allocated:",0,", VRAM reserved:",0
261400,Training Loss:,3.657366631770742e-09,", Learning rate:",2.70754259511994e-06,", Number of training points (boundary):",4800,", Number of training points (interior):",30000,", VRAM allocated:",0,", VRAM reserved:",0
261500,Training Loss:,3.655501235044767e-09,", Learning rate:",2.70754259511994e-06,", Number of training points (boundary):",4800,", Number of training points (interior):",30000,", VRAM allocated:",0,", VRAM reserved:",0
261600,Training Loss:,3.653489732968751e-09,", Learning rate:",2.70754259511994e-06,", Number of training points (boundary):",4800,", Number of training points (interior):",30000,", VRAM allocated:",0,", VRAM reserved:",0
261700,Training Loss:,3.8829384152450075e-09,", Learning rate:",2.70754259511994e-06,", Number of training points (boundary):",4800,", Number of training points (interior):",30000,", VRAM allocated:",0,", VRAM reserved:",0
261800,Training Loss:,3.6496075050962418e-09,", Learning rate:",2.70754259511994e-06,", Number of training points (boundary):",4800,", Number of training points (interior):",30000,", VRAM allocated:",0,", VRAM reserved:",0
261900,Training Loss:,3.6477714182581167e-09,", Learning rate:",2.70754259511994e-06,", Number of training points (boundary):",4800,", Number of training points (interior):",30000,", VRAM allocated:",0,", VRAM reserved:",0
262000,Training Loss:,3.6457969976311233e-09,", Learning rate:",2.68046716916874e-06,", Number of training points (boundary):",4800,", Number of training points (interior):",30000,", VRAM allocated:",0,", VRAM reserved:",0
262100,Training Loss:,3.64367380711883e-09,", Learning rate:",2.68046716916874e-06,", Number of training points (boundary):",4800,", Number of training points (interior):",30000,", VRAM allocated:",0,", VRAM reserved:",0
262200,Training Loss:,3.653042091045222e-09,", Learning rate:",2.68046716916874e-06,", Number of training points (boundary):",4800,", Number of training points (interior):",30000,", VRAM allocated:",0,", VRAM reserved:",0
262300,Training Loss:,3.640558965400942e-09,", Learning rate:",2.68046716916874e-06,", Number of training points (boundary):",4800,", Number of training points (interior):",30000,", VRAM allocated:",0,", VRAM reserved:",0
262400,Training Loss:,3.6388323465530448e-09,", Learning rate:",2.68046716916874e-06,", Number of training points (boundary):",4800,", Number of training points (interior):",30000,", VRAM allocated:",0,", VRAM reserved:",0
262500,Training Loss:,3.6373291045777023e-09,", Learning rate:",2.68046716916874e-06,", Number of training points (boundary):",4800,", Number of training points (interior):",30000,", VRAM allocated:",0,", VRAM reserved:",0
262600,Training Loss:,3.6355658483699926e-09,", Learning rate:",2.68046716916874e-06,", Number of training points (boundary):",4800,", Number of training points (interior):",30000,", VRAM allocated:",0,", VRAM reserved:",0
262700,Training Loss:,3.6338458908602433e-09,", Learning rate:",2.68046716916874e-06,", Number of training points (boundary):",4800,", Number of training points (interior):",30000,", VRAM allocated:",0,", VRAM reserved:",0
262800,Training Loss:,3.63227092847751e-09,", Learning rate:",2.68046716916874e-06,", Number of training points (boundary):",4800,", Number of training points (interior):",30000,", VRAM allocated:",0,", VRAM reserved:",0
262900,Training Loss:,3.6304297346134717e-09,", Learning rate:",2.68046716916874e-06,", Number of training points (boundary):",4800,", Number of training points (interior):",30000,", VRAM allocated:",0,", VRAM reserved:",0
263000,Training Loss:,3.6287066684792535e-09,", Learning rate:",2.68046716916874e-06,", Number of training points (boundary):",4800,", Number of training points (interior):",30000,", VRAM allocated:",0,", VRAM reserved:",0
263100,Training Loss:,3.626847933091426e-09,", Learning rate:",2.68046716916874e-06,", Number of training points (boundary):",4800,", Number of training points (interior):",30000,", VRAM allocated:",0,", VRAM reserved:",0
263200,Training Loss:,3.6248883894529627e-09,", Learning rate:",2.68046716916874e-06,", Number of training points (boundary):",4800,", Number of training points (interior):",30000,", VRAM allocated:",0,", VRAM reserved:",0
263300,Training Loss:,3.989672592297211e-09,", Learning rate:",2.68046716916874e-06,", Number of training points (boundary):",4800,", Number of training points (interior):",30000,", VRAM allocated:",0,", VRAM reserved:",0
263400,Training Loss:,3.6210419107618463e-09,", Learning rate:",2.68046716916874e-06,", Number of training points (boundary):",4800,", Number of training points (interior):",30000,", VRAM allocated:",0,", VRAM reserved:",0
263500,Training Loss:,3.619286870204519e-09,", Learning rate:",2.68046716916874e-06,", Number of training points (boundary):",4800,", Number of training points (interior):",30000,", VRAM allocated:",0,", VRAM reserved:",0
263600,Training Loss:,3.6172320694305427e-09,", Learning rate:",2.68046716916874e-06,", Number of training points (boundary):",4800,", Number of training points (interior):",30000,", VRAM allocated:",0,", VRAM reserved:",0
263700,Training Loss:,4.471963244156996e-09,", Learning rate:",2.68046716916874e-06,", Number of training points (boundary):",4800,", Number of training points (interior):",30000,", VRAM allocated:",0,", VRAM reserved:",0
263800,Training Loss:,3.6141465376005044e-09,", Learning rate:",2.68046716916874e-06,", Number of training points (boundary):",4800,", Number of training points (interior):",30000,", VRAM allocated:",0,", VRAM reserved:",0
263900,Training Loss:,3.6121698965274618e-09,", Learning rate:",2.68046716916874e-06,", Number of training points (boundary):",4800,", Number of training points (interior):",30000,", VRAM allocated:",0,", VRAM reserved:",0
264000,Training Loss:,3.610377330431902e-09,", Learning rate:",2.6536624974770527e-06,", Number of training points (boundary):",4800,", Number of training points (interior):",30000,", VRAM allocated:",0,", VRAM reserved:",0
264100,Training Loss:,3.6089269350725317e-09,", Learning rate:",2.6536624974770527e-06,", Number of training points (boundary):",4800,", Number of training points (interior):",30000,", VRAM allocated:",0,", VRAM reserved:",0
264200,Training Loss:,3.60721363890093e-09,", Learning rate:",2.6536624974770527e-06,", Number of training points (boundary):",4800,", Number of training points (interior):",30000,", VRAM allocated:",0,", VRAM reserved:",0
264300,Training Loss:,3.605528986483364e-09,", Learning rate:",2.6536624974770527e-06,", Number of training points (boundary):",4800,", Number of training points (interior):",30000,", VRAM allocated:",0,", VRAM reserved:",0
264400,Training Loss:,3.603733755852545e-09,", Learning rate:",2.6536624974770527e-06,", Number of training points (boundary):",4800,", Number of training points (interior):",30000,", VRAM allocated:",0,", VRAM reserved:",0
264500,Training Loss:,3.6020317839557947e-09,", Learning rate:",2.6536624974770527e-06,", Number of training points (boundary):",4800,", Number of training points (interior):",30000,", VRAM allocated:",0,", VRAM reserved:",0
264600,Training Loss:,3.600117759461341e-09,", Learning rate:",2.6536624974770527e-06,", Number of training points (boundary):",4800,", Number of training points (interior):",30000,", VRAM allocated:",0,", VRAM reserved:",0
264700,Training Loss:,3.598369602286766e-09,", Learning rate:",2.6536624974770527e-06,", Number of training points (boundary):",4800,", Number of training points (interior):",30000,", VRAM allocated:",0,", VRAM reserved:",0
264800,Training Loss:,3.5964466960081154e-09,", Learning rate:",2.6536624974770527e-06,", Number of training points (boundary):",4800,", Number of training points (interior):",30000,", VRAM allocated:",0,", VRAM reserved:",0
264900,Training Loss:,3.5962810507328413e-09,", Learning rate:",2.6536624974770527e-06,", Number of training points (boundary):",4800,", Number of training points (interior):",30000,", VRAM allocated:",0,", VRAM reserved:",0
265000,Training Loss:,3.592775410510285e-09,", Learning rate:",2.6536624974770527e-06,", Number of training points (boundary):",4800,", Number of training points (interior):",30000,", VRAM allocated:",0,", VRAM reserved:",0
265100,Training Loss:,3.590974850808948e-09,", Learning rate:",2.6536624974770527e-06,", Number of training points (boundary):",4800,", Number of training points (interior):",30000,", VRAM allocated:",0,", VRAM reserved:",0
265200,Training Loss:,3.5892617766819512e-09,", Learning rate:",2.6536624974770527e-06,", Number of training points (boundary):",4800,", Number of training points (interior):",30000,", VRAM allocated:",0,", VRAM reserved:",0
265300,Training Loss:,3.5874712089878358e-09,", Learning rate:",2.6536624974770527e-06,", Number of training points (boundary):",4800,", Number of training points (interior):",30000,", VRAM allocated:",0,", VRAM reserved:",0
265400,Training Loss:,3.4458309983165236e-08,", Learning rate:",2.6536624974770527e-06,", Number of training points (boundary):",4800,", Number of training points (interior):",30000,", VRAM allocated:",0,", VRAM reserved:",0
265500,Training Loss:,3.584212926455166e-09,", Learning rate:",2.6536624974770527e-06,", Number of training points (boundary):",4800,", Number of training points (interior):",30000,", VRAM allocated:",0,", VRAM reserved:",0
265600,Training Loss:,3.5821796640078674e-09,", Learning rate:",2.6536624974770527e-06,", Number of training points (boundary):",4800,", Number of training points (interior):",30000,", VRAM allocated:",0,", VRAM reserved:",0
265700,Training Loss:,3.580667318203723e-09,", Learning rate:",2.6536624974770527e-06,", Number of training points (boundary):",4800,", Number of training points (interior):",30000,", VRAM allocated:",0,", VRAM reserved:",0
265800,Training Loss:,3.5789275987241354e-09,", Learning rate:",2.6536624974770527e-06,", Number of training points (boundary):",4800,", Number of training points (interior):",30000,", VRAM allocated:",0,", VRAM reserved:",0
265900,Training Loss:,3.577269813703765e-09,", Learning rate:",2.6536624974770527e-06,", Number of training points (boundary):",4800,", Number of training points (interior):",30000,", VRAM allocated:",0,", VRAM reserved:",0
266000,Training Loss:,3.575706175595883e-09,", Learning rate:",2.627125872502282e-06,", Number of training points (boundary):",4800,", Number of training points (interior):",30000,", VRAM allocated:",0,", VRAM reserved:",0
266100,Training Loss:,3.574050166932352e-09,", Learning rate:",2.627125872502282e-06,", Number of training points (boundary):",4800,", Number of training points (interior):",30000,", VRAM allocated:",0,", VRAM reserved:",0
266200,Training Loss:,3.5723313196456274e-09,", Learning rate:",2.627125872502282e-06,", Number of training points (boundary):",4800,", Number of training points (interior):",30000,", VRAM allocated:",0,", VRAM reserved:",0
266300,Training Loss:,3.570484574666466e-09,", Learning rate:",2.627125872502282e-06,", Number of training points (boundary):",4800,", Number of training points (interior):",30000,", VRAM allocated:",0,", VRAM reserved:",0
266400,Training Loss:,3.5685421284625818e-09,", Learning rate:",2.627125872502282e-06,", Number of training points (boundary):",4800,", Number of training points (interior):",30000,", VRAM allocated:",0,", VRAM reserved:",0
266500,Training Loss:,3.567027562212388e-09,", Learning rate:",2.627125872502282e-06,", Number of training points (boundary):",4800,", Number of training points (interior):",30000,", VRAM allocated:",0,", VRAM reserved:",0
266600,Training Loss:,3.56488971675617e-09,", Learning rate:",2.627125872502282e-06,", Number of training points (boundary):",4800,", Number of training points (interior):",30000,", VRAM allocated:",0,", VRAM reserved:",0
266700,Training Loss:,3.6356759824940355e-09,", Learning rate:",2.627125872502282e-06,", Number of training points (boundary):",4800,", Number of training points (interior):",30000,", VRAM allocated:",0,", VRAM reserved:",0
266800,Training Loss:,3.56155793745927e-09,", Learning rate:",2.627125872502282e-06,", Number of training points (boundary):",4800,", Number of training points (interior):",30000,", VRAM allocated:",0,", VRAM reserved:",0
266900,Training Loss:,3.559907701955467e-09,", Learning rate:",2.627125872502282e-06,", Number of training points (boundary):",4800,", Number of training points (interior):",30000,", VRAM allocated:",0,", VRAM reserved:",0
267000,Training Loss:,3.558468630870948e-09,", Learning rate:",2.627125872502282e-06,", Number of training points (boundary):",4800,", Number of training points (interior):",30000,", VRAM allocated:",0,", VRAM reserved:",0
267100,Training Loss:,3.556903882540041e-09,", Learning rate:",2.627125872502282e-06,", Number of training points (boundary):",4800,", Number of training points (interior):",30000,", VRAM allocated:",0,", VRAM reserved:",0
267200,Training Loss:,3.555343353056628e-09,", Learning rate:",2.627125872502282e-06,", Number of training points (boundary):",4800,", Number of training points (interior):",30000,", VRAM allocated:",0,", VRAM reserved:",0
267300,Training Loss:,3.5534377662571615e-09,", Learning rate:",2.627125872502282e-06,", Number of training points (boundary):",4800,", Number of training points (interior):",30000,", VRAM allocated:",0,", VRAM reserved:",0
267400,Training Loss:,3.5517639940252366e-09,", Learning rate:",2.627125872502282e-06,", Number of training points (boundary):",4800,", Number of training points (interior):",30000,", VRAM allocated:",0,", VRAM reserved:",0
267500,Training Loss:,3.550059579637832e-09,", Learning rate:",2.627125872502282e-06,", Number of training points (boundary):",4800,", Number of training points (interior):",30000,", VRAM allocated:",0,", VRAM reserved:",0
267600,Training Loss:,3.5481513283031063e-09,", Learning rate:",2.627125872502282e-06,", Number of training points (boundary):",4800,", Number of training points (interior):",30000,", VRAM allocated:",0,", VRAM reserved:",0
267700,Training Loss:,1.03349542257547e-08,", Learning rate:",2.627125872502282e-06,", Number of training points (boundary):",4800,", Number of training points (interior):",30000,", VRAM allocated:",0,", VRAM reserved:",0
267800,Training Loss:,3.5452003555036526e-09,", Learning rate:",2.627125872502282e-06,", Number of training points (boundary):",4800,", Number of training points (interior):",30000,", VRAM allocated:",0,", VRAM reserved:",0
267900,Training Loss:,3.5434066791850682e-09,", Learning rate:",2.627125872502282e-06,", Number of training points (boundary):",4800,", Number of training points (interior):",30000,", VRAM allocated:",0,", VRAM reserved:",0
268000,Training Loss:,3.5418752375449003e-09,", Learning rate:",2.6008546137772594e-06,", Number of training points (boundary):",4800,", Number of training points (interior):",30000,", VRAM allocated:",0,", VRAM reserved:",0
268100,Training Loss:,3.5403293630054122e-09,", Learning rate:",2.6008546137772594e-06,", Number of training points (boundary):",4800,", Number of training points (interior):",30000,", VRAM allocated:",0,", VRAM reserved:",0
268200,Training Loss:,3.5388387775725505e-09,", Learning rate:",2.6008546137772594e-06,", Number of training points (boundary):",4800,", Number of training points (interior):",30000,", VRAM allocated:",0,", VRAM reserved:",0
268300,Training Loss:,3.53715257084275e-09,", Learning rate:",2.6008546137772594e-06,", Number of training points (boundary):",4800,", Number of training points (interior):",30000,", VRAM allocated:",0,", VRAM reserved:",0
268400,Training Loss:,3.5355747218801525e-09,", Learning rate:",2.6008546137772594e-06,", Number of training points (boundary):",4800,", Number of training points (interior):",30000,", VRAM allocated:",0,", VRAM reserved:",0
268500,Training Loss:,3.5340199655564675e-09,", Learning rate:",2.6008546137772594e-06,", Number of training points (boundary):",4800,", Number of training points (interior):",30000,", VRAM allocated:",0,", VRAM reserved:",0
268600,Training Loss:,3.532297565556064e-09,", Learning rate:",2.6008546137772594e-06,", Number of training points (boundary):",4800,", Number of training points (interior):",30000,", VRAM allocated:",0,", VRAM reserved:",0
268700,Training Loss:,3.5304659196100374e-09,", Learning rate:",2.6008546137772594e-06,", Number of training points (boundary):",4800,", Number of training points (interior):",30000,", VRAM allocated:",0,", VRAM reserved:",0
268800,Training Loss:,3.528618508497061e-09,", Learning rate:",2.6008546137772594e-06,", Number of training points (boundary):",4800,", Number of training points (interior):",30000,", VRAM allocated:",0,", VRAM reserved:",0
268900,Training Loss:,3.526936520614754e-09,", Learning rate:",2.6008546137772594e-06,", Number of training points (boundary):",4800,", Number of training points (interior):",30000,", VRAM allocated:",0,", VRAM reserved:",0
269000,Training Loss:,4.3220951262412655e-09,", Learning rate:",2.6008546137772594e-06,", Number of training points (boundary):",4800,", Number of training points (interior):",30000,", VRAM allocated:",0,", VRAM reserved:",0
269100,Training Loss:,3.523803471239262e-09,", Learning rate:",2.6008546137772594e-06,", Number of training points (boundary):",4800,", Number of training points (interior):",30000,", VRAM allocated:",0,", VRAM reserved:",0
269200,Training Loss:,3.5219565042154954e-09,", Learning rate:",2.6008546137772594e-06,", Number of training points (boundary):",4800,", Number of training points (interior):",30000,", VRAM allocated:",0,", VRAM reserved:",0
269300,Training Loss:,3.5204377191178082e-09,", Learning rate:",2.6008546137772594e-06,", Number of training points (boundary):",4800,", Number of training points (interior):",30000,", VRAM allocated:",0,", VRAM reserved:",0
269400,Training Loss:,3.5190217406722013e-09,", Learning rate:",2.6008546137772594e-06,", Number of training points (boundary):",4800,", Number of training points (interior):",30000,", VRAM allocated:",0,", VRAM reserved:",0
269500,Training Loss:,3.51735174319856e-09,", Learning rate:",2.6008546137772594e-06,", Number of training points (boundary):",4800,", Number of training points (interior):",30000,", VRAM allocated:",0,", VRAM reserved:",0
269600,Training Loss:,3.5157901034921224e-09,", Learning rate:",2.6008546137772594e-06,", Number of training points (boundary):",4800,", Number of training points (interior):",30000,", VRAM allocated:",0,", VRAM reserved:",0
269700,Training Loss:,3.5141107801450744e-09,", Learning rate:",2.6008546137772594e-06,", Number of training points (boundary):",4800,", Number of training points (interior):",30000,", VRAM allocated:",0,", VRAM reserved:",0
269800,Training Loss:,3.512456103749173e-09,", Learning rate:",2.6008546137772594e-06,", Number of training points (boundary):",4800,", Number of training points (interior):",30000,", VRAM allocated:",0,", VRAM reserved:",0
269900,Training Loss:,3.5106981766119816e-09,", Learning rate:",2.6008546137772594e-06,", Number of training points (boundary):",4800,", Number of training points (interior):",30000,", VRAM allocated:",0,", VRAM reserved:",0
270000,Training Loss:,3.5088911776171017e-09,", Learning rate:",2.574846067639487e-06,", Number of training points (boundary):",4800,", Number of training points (interior):",30000,", VRAM allocated:",0,", VRAM reserved:",0
270100,Training Loss:,3.5071858750512774e-09,", Learning rate:",2.574846067639487e-06,", Number of training points (boundary):",4800,", Number of training points (interior):",30000,", VRAM allocated:",0,", VRAM reserved:",0
270200,Training Loss:,3.505389756242039e-09,", Learning rate:",2.574846067639487e-06,", Number of training points (boundary):",4800,", Number of training points (interior):",30000,", VRAM allocated:",0,", VRAM reserved:",0
270300,Training Loss:,3.6918323953472054e-09,", Learning rate:",2.574846067639487e-06,", Number of training points (boundary):",4800,", Number of training points (interior):",30000,", VRAM allocated:",0,", VRAM reserved:",0
270400,Training Loss:,3.502175216496539e-09,", Learning rate:",2.574846067639487e-06,", Number of training points (boundary):",4800,", Number of training points (interior):",30000,", VRAM allocated:",0,", VRAM reserved:",0
270500,Training Loss:,3.50057383080582e-09,", Learning rate:",2.574846067639487e-06,", Number of training points (boundary):",4800,", Number of training points (interior):",30000,", VRAM allocated:",0,", VRAM reserved:",0
270600,Training Loss:,3.4991827213559645e-09,", Learning rate:",2.574846067639487e-06,", Number of training points (boundary):",4800,", Number of training points (interior):",30000,", VRAM allocated:",0,", VRAM reserved:",0
270700,Training Loss:,3.497718115141879e-09,", Learning rate:",2.574846067639487e-06,", Number of training points (boundary):",4800,", Number of training points (interior):",30000,", VRAM allocated:",0,", VRAM reserved:",0
270800,Training Loss:,3.496180456252773e-09,", Learning rate:",2.574846067639487e-06,", Number of training points (boundary):",4800,", Number of training points (interior):",30000,", VRAM allocated:",0,", VRAM reserved:",0
270900,Training Loss:,3.494525113723057e-09,", Learning rate:",2.574846067639487e-06,", Number of training points (boundary):",4800,", Number of training points (interior):",30000,", VRAM allocated:",0,", VRAM reserved:",0
271000,Training Loss:,3.492890643386204e-09,", Learning rate:",2.574846067639487e-06,", Number of training points (boundary):",4800,", Number of training points (interior):",30000,", VRAM allocated:",0,", VRAM reserved:",0
271100,Training Loss:,3.491222866358612e-09,", Learning rate:",2.574846067639487e-06,", Number of training points (boundary):",4800,", Number of training points (interior):",30000,", VRAM allocated:",0,", VRAM reserved:",0
271200,Training Loss:,3.4895724088102043e-09,", Learning rate:",2.574846067639487e-06,", Number of training points (boundary):",4800,", Number of training points (interior):",30000,", VRAM allocated:",0,", VRAM reserved:",0
271300,Training Loss:,3.48785178516664e-09,", Learning rate:",2.574846067639487e-06,", Number of training points (boundary):",4800,", Number of training points (interior):",30000,", VRAM allocated:",0,", VRAM reserved:",0
271400,Training Loss:,3.4893259392987375e-09,", Learning rate:",2.574846067639487e-06,", Number of training points (boundary):",4800,", Number of training points (interior):",30000,", VRAM allocated:",0,", VRAM reserved:",0
271500,Training Loss:,3.48486040024909e-09,", Learning rate:",2.574846067639487e-06,", Number of training points (boundary):",4800,", Number of training points (interior):",30000,", VRAM allocated:",0,", VRAM reserved:",0
271600,Training Loss:,3.4834737316913333e-09,", Learning rate:",2.574846067639487e-06,", Number of training points (boundary):",4800,", Number of training points (interior):",30000,", VRAM allocated:",0,", VRAM reserved:",0
271700,Training Loss:,3.481999577559236e-09,", Learning rate:",2.574846067639487e-06,", Number of training points (boundary):",4800,", Number of training points (interior):",30000,", VRAM allocated:",0,", VRAM reserved:",0
271800,Training Loss:,3.480495225360869e-09,", Learning rate:",2.574846067639487e-06,", Number of training points (boundary):",4800,", Number of training points (interior):",30000,", VRAM allocated:",0,", VRAM reserved:",0
271900,Training Loss:,3.4789591207839976e-09,", Learning rate:",2.574846067639487e-06,", Number of training points (boundary):",4800,", Number of training points (interior):",30000,", VRAM allocated:",0,", VRAM reserved:",0
272000,Training Loss:,3.477461651968383e-09,", Learning rate:",2.549097606963092e-06,", Number of training points (boundary):",4800,", Number of training points (interior):",30000,", VRAM allocated:",0,", VRAM reserved:",0
272100,Training Loss:,3.4757536848673e-09,", Learning rate:",2.549097606963092e-06,", Number of training points (boundary):",4800,", Number of training points (interior):",30000,", VRAM allocated:",0,", VRAM reserved:",0
272200,Training Loss:,3.4742848598057208e-09,", Learning rate:",2.549097606963092e-06,", Number of training points (boundary):",4800,", Number of training points (interior):",30000,", VRAM allocated:",0,", VRAM reserved:",0
272300,Training Loss:,3.4726121977968205e-09,", Learning rate:",2.549097606963092e-06,", Number of training points (boundary):",4800,", Number of training points (interior):",30000,", VRAM allocated:",0,", VRAM reserved:",0
272400,Training Loss:,3.470804532668126e-09,", Learning rate:",2.549097606963092e-06,", Number of training points (boundary):",4800,", Number of training points (interior):",30000,", VRAM allocated:",0,", VRAM reserved:",0
272500,Training Loss:,3.46916362303773e-09,", Learning rate:",2.549097606963092e-06,", Number of training points (boundary):",4800,", Number of training points (interior):",30000,", VRAM allocated:",0,", VRAM reserved:",0
272600,Training Loss:,3.4673883764213542e-09,", Learning rate:",2.549097606963092e-06,", Number of training points (boundary):",4800,", Number of training points (interior):",30000,", VRAM allocated:",0,", VRAM reserved:",0
272700,Training Loss:,5.593247198731888e-09,", Learning rate:",2.549097606963092e-06,", Number of training points (boundary):",4800,", Number of training points (interior):",30000,", VRAM allocated:",0,", VRAM reserved:",0
272800,Training Loss:,3.4644962454422057e-09,", Learning rate:",2.549097606963092e-06,", Number of training points (boundary):",4800,", Number of training points (interior):",30000,", VRAM allocated:",0,", VRAM reserved:",0
272900,Training Loss:,3.4629414891185206e-09,", Learning rate:",2.549097606963092e-06,", Number of training points (boundary):",4800,", Number of training points (interior):",30000,", VRAM allocated:",0,", VRAM reserved:",0
273000,Training Loss:,3.4615468269549865e-09,", Learning rate:",2.549097606963092e-06,", Number of training points (boundary):",4800,", Number of training points (interior):",30000,", VRAM allocated:",0,", VRAM reserved:",0
273100,Training Loss:,3.4601581599957854e-09,", Learning rate:",2.549097606963092e-06,", Number of training points (boundary):",4800,", Number of training points (interior):",30000,", VRAM allocated:",0,", VRAM reserved:",0
273200,Training Loss:,3.4586207231512844e-09,", Learning rate:",2.549097606963092e-06,", Number of training points (boundary):",4800,", Number of training points (interior):",30000,", VRAM allocated:",0,", VRAM reserved:",0
273300,Training Loss:,3.4573166551865597e-09,", Learning rate:",2.549097606963092e-06,", Number of training points (boundary):",4800,", Number of training points (interior):",30000,", VRAM allocated:",0,", VRAM reserved:",0
273400,Training Loss:,3.4556852934741755e-09,", Learning rate:",2.549097606963092e-06,", Number of training points (boundary):",4800,", Number of training points (interior):",30000,", VRAM allocated:",0,", VRAM reserved:",0
273500,Training Loss:,3.4541063342885536e-09,", Learning rate:",2.549097606963092e-06,", Number of training points (boundary):",4800,", Number of training points (interior):",30000,", VRAM allocated:",0,", VRAM reserved:",0
273600,Training Loss:,3.452481633914317e-09,", Learning rate:",2.549097606963092e-06,", Number of training points (boundary):",4800,", Number of training points (interior):",30000,", VRAM allocated:",0,", VRAM reserved:",0
273700,Training Loss:,3.450865149190463e-09,", Learning rate:",2.549097606963092e-06,", Number of training points (boundary):",4800,", Number of training points (interior):",30000,", VRAM allocated:",0,", VRAM reserved:",0
273800,Training Loss:,3.449220686846388e-09,", Learning rate:",2.549097606963092e-06,", Number of training points (boundary):",4800,", Number of training points (interior):",30000,", VRAM allocated:",0,", VRAM reserved:",0
273900,Training Loss:,3.4475617916029933e-09,", Learning rate:",2.549097606963092e-06,", Number of training points (boundary):",4800,", Number of training points (interior):",30000,", VRAM allocated:",0,", VRAM reserved:",0
274000,Training Loss:,6.294444965249113e-09,", Learning rate:",2.523606630893461e-06,", Number of training points (boundary):",4800,", Number of training points (interior):",30000,", VRAM allocated:",0,", VRAM reserved:",0
274100,Training Loss:,3.4446134833387987e-09,", Learning rate:",2.523606630893461e-06,", Number of training points (boundary):",4800,", Number of training points (interior):",30000,", VRAM allocated:",0,", VRAM reserved:",0
274200,Training Loss:,3.442975016199057e-09,", Learning rate:",2.523606630893461e-06,", Number of training points (boundary):",4800,", Number of training points (interior):",30000,", VRAM allocated:",0,", VRAM reserved:",0
274300,Training Loss:,3.441525731062711e-09,", Learning rate:",2.523606630893461e-06,", Number of training points (boundary):",4800,", Number of training points (interior):",30000,", VRAM allocated:",0,", VRAM reserved:",0
274400,Training Loss:,3.440104645591191e-09,", Learning rate:",2.523606630893461e-06,", Number of training points (boundary):",4800,", Number of training points (interior):",30000,", VRAM allocated:",0,", VRAM reserved:",0
274500,Training Loss:,3.4386542502318207e-09,", Learning rate:",2.523606630893461e-06,", Number of training points (boundary):",4800,", Number of training points (interior):",30000,", VRAM allocated:",0,", VRAM reserved:",0
274600,Training Loss:,3.4370284396345596e-09,", Learning rate:",2.523606630893461e-06,", Number of training points (boundary):",4800,", Number of training points (interior):",30000,", VRAM allocated:",0,", VRAM reserved:",0
274700,Training Loss:,3.435433271192778e-09,", Learning rate:",2.523606630893461e-06,", Number of training points (boundary):",4800,", Number of training points (interior):",30000,", VRAM allocated:",0,", VRAM reserved:",0
274800,Training Loss:,3.433902939775635e-09,", Learning rate:",2.523606630893461e-06,", Number of training points (boundary):",4800,", Number of training points (interior):",30000,", VRAM allocated:",0,", VRAM reserved:",0
274900,Training Loss:,3.432093276245496e-09,", Learning rate:",2.523606630893461e-06,", Number of training points (boundary):",4800,", Number of training points (interior):",30000,", VRAM allocated:",0,", VRAM reserved:",0
275000,Training Loss:,3.4304679097374446e-09,", Learning rate:",2.523606630893461e-06,", Number of training points (boundary):",4800,", Number of training points (interior):",30000,", VRAM allocated:",0,", VRAM reserved:",0
275100,Training Loss:,4.56518778335635e-09,", Learning rate:",2.523606630893461e-06,", Number of training points (boundary):",4800,", Number of training points (interior):",30000,", VRAM allocated:",0,", VRAM reserved:",0
275200,Training Loss:,3.4275660087956794e-09,", Learning rate:",2.523606630893461e-06,", Number of training points (boundary):",4800,", Number of training points (interior):",30000,", VRAM allocated:",0,", VRAM reserved:",0
275300,Training Loss:,3.426056105482189e-09,", Learning rate:",2.523606630893461e-06,", Number of training points (boundary):",4800,", Number of training points (interior):",30000,", VRAM allocated:",0,", VRAM reserved:",0
275400,Training Loss:,3.4246159241746454e-09,", Learning rate:",2.523606630893461e-06,", Number of training points (boundary):",4800,", Number of training points (interior):",30000,", VRAM allocated:",0,", VRAM reserved:",0
275500,Training Loss:,3.4232527923450107e-09,", Learning rate:",2.523606630893461e-06,", Number of training points (boundary):",4800,", Number of training points (interior):",30000,", VRAM allocated:",0,", VRAM reserved:",0
275600,Training Loss:,3.4218206046432442e-09,", Learning rate:",2.523606630893461e-06,", Number of training points (boundary):",4800,", Number of training points (interior):",30000,", VRAM allocated:",0,", VRAM reserved:",0
275700,Training Loss:,3.4202198850863397e-09,", Learning rate:",2.523606630893461e-06,", Number of training points (boundary):",4800,", Number of training points (interior):",30000,", VRAM allocated:",0,", VRAM reserved:",0
275800,Training Loss:,3.418750171846341e-09,", Learning rate:",2.523606630893461e-06,", Number of training points (boundary):",4800,", Number of training points (interior):",30000,", VRAM allocated:",0,", VRAM reserved:",0
275900,Training Loss:,3.4172114027342104e-09,", Learning rate:",2.523606630893461e-06,", Number of training points (boundary):",4800,", Number of training points (interior):",30000,", VRAM allocated:",0,", VRAM reserved:",0
276000,Training Loss:,3.4156644179716977e-09,", Learning rate:",2.4983705645845265e-06,", Number of training points (boundary):",4800,", Number of training points (interior):",30000,", VRAM allocated:",0,", VRAM reserved:",0
276100,Training Loss:,3.41411721116458e-09,", Learning rate:",2.4983705645845265e-06,", Number of training points (boundary):",4800,", Number of training points (interior):",30000,", VRAM allocated:",0,", VRAM reserved:",0
276200,Training Loss:,3.412434779193063e-09,", Learning rate:",2.4983705645845265e-06,", Number of training points (boundary):",4800,", Number of training points (interior):",30000,", VRAM allocated:",0,", VRAM reserved:",0
276300,Training Loss:,3.4107863200460997e-09,", Learning rate:",2.4983705645845265e-06,", Number of training points (boundary):",4800,", Number of training points (interior):",30000,", VRAM allocated:",0,", VRAM reserved:",0
276400,Training Loss:,3.40903794082692e-09,", Learning rate:",2.4983705645845265e-06,", Number of training points (boundary):",4800,", Number of training points (interior):",30000,", VRAM allocated:",0,", VRAM reserved:",0
276500,Training Loss:,3.5956375654677686e-09,", Learning rate:",2.4983705645845265e-06,", Number of training points (boundary):",4800,", Number of training points (interior):",30000,", VRAM allocated:",0,", VRAM reserved:",0
276600,Training Loss:,3.406168236352869e-09,", Learning rate:",2.4983705645845265e-06,", Number of training points (boundary):",4800,", Number of training points (interior):",30000,", VRAM allocated:",0,", VRAM reserved:",0
276700,Training Loss:,3.4046734320725136e-09,", Learning rate:",2.4983705645845265e-06,", Number of training points (boundary):",4800,", Number of training points (interior):",30000,", VRAM allocated:",0,", VRAM reserved:",0
276800,Training Loss:,3.403250348199549e-09,", Learning rate:",2.4983705645845265e-06,", Number of training points (boundary):",4800,", Number of training points (interior):",30000,", VRAM allocated:",0,", VRAM reserved:",0
276900,Training Loss:,3.4018836636562355e-09,", Learning rate:",2.4983705645845265e-06,", Number of training points (boundary):",4800,", Number of training points (interior):",30000,", VRAM allocated:",0,", VRAM reserved:",0
277000,Training Loss:,3.4005540605619444e-09,", Learning rate:",2.4983705645845265e-06,", Number of training points (boundary):",4800,", Number of training points (interior):",30000,", VRAM allocated:",0,", VRAM reserved:",0
277100,Training Loss:,3.3990898984370688e-09,", Learning rate:",2.4983705645845265e-06,", Number of training points (boundary):",4800,", Number of training points (interior):",30000,", VRAM allocated:",0,", VRAM reserved:",0
277200,Training Loss:,3.3976430557913773e-09,", Learning rate:",2.4983705645845265e-06,", Number of training points (boundary):",4800,", Number of training points (interior):",30000,", VRAM allocated:",0,", VRAM reserved:",0
277300,Training Loss:,3.396299241842371e-09,", Learning rate:",2.4983705645845265e-06,", Number of training points (boundary):",4800,", Number of training points (interior):",30000,", VRAM allocated:",0,", VRAM reserved:",0
277400,Training Loss:,3.3945233290921806e-09,", Learning rate:",2.4983705645845265e-06,", Number of training points (boundary):",4800,", Number of training points (interior):",30000,", VRAM allocated:",0,", VRAM reserved:",0
277500,Training Loss:,3.393055836298231e-09,", Learning rate:",2.4983705645845265e-06,", Number of training points (boundary):",4800,", Number of training points (interior):",30000,", VRAM allocated:",0,", VRAM reserved:",0
277600,Training Loss:,3.3916389696742044e-09,", Learning rate:",2.4983705645845265e-06,", Number of training points (boundary):",4800,", Number of training points (interior):",30000,", VRAM allocated:",0,", VRAM reserved:",0
277700,Training Loss:,3.3898386320174723e-09,", Learning rate:",2.4983705645845265e-06,", Number of training points (boundary):",4800,", Number of training points (interior):",30000,", VRAM allocated:",0,", VRAM reserved:",0
277800,Training Loss:,3.388080260791071e-09,", Learning rate:",2.4983705645845265e-06,", Number of training points (boundary):",4800,", Number of training points (interior):",30000,", VRAM allocated:",0,", VRAM reserved:",0
277900,Training Loss:,3.6029543792892582e-09,", Learning rate:",2.4983705645845265e-06,", Number of training points (boundary):",4800,", Number of training points (interior):",30000,", VRAM allocated:",0,", VRAM reserved:",0
278000,Training Loss:,3.3851674796636644e-09,", Learning rate:",2.4733868589386814e-06,", Number of training points (boundary):",4800,", Number of training points (interior):",30000,", VRAM allocated:",0,", VRAM reserved:",0
278100,Training Loss:,3.3838754021076056e-09,", Learning rate:",2.4733868589386814e-06,", Number of training points (boundary):",4800,", Number of training points (interior):",30000,", VRAM allocated:",0,", VRAM reserved:",0
278200,Training Loss:,3.382597979495472e-09,", Learning rate:",2.4733868589386814e-06,", Number of training points (boundary):",4800,", Number of training points (interior):",30000,", VRAM allocated:",0,", VRAM reserved:",0
278300,Training Loss:,3.3812366240226766e-09,", Learning rate:",2.4733868589386814e-06,", Number of training points (boundary):",4800,", Number of training points (interior):",30000,", VRAM allocated:",0,", VRAM reserved:",0
278400,Training Loss:,3.3798439602605868e-09,", Learning rate:",2.4733868589386814e-06,", Number of training points (boundary):",4800,", Number of training points (interior):",30000,", VRAM allocated:",0,", VRAM reserved:",0
278500,Training Loss:,3.3783811304033406e-09,", Learning rate:",2.4733868589386814e-06,", Number of training points (boundary):",4800,", Number of training points (interior):",30000,", VRAM allocated:",0,", VRAM reserved:",0
278600,Training Loss:,3.377085500133603e-09,", Learning rate:",2.4733868589386814e-06,", Number of training points (boundary):",4800,", Number of training points (interior):",30000,", VRAM allocated:",0,", VRAM reserved:",0
278700,Training Loss:,3.3754581352241075e-09,", Learning rate:",2.4733868589386814e-06,", Number of training points (boundary):",4800,", Number of training points (interior):",30000,", VRAM allocated:",0,", VRAM reserved:",0
278800,Training Loss:,3.3740776839152886e-09,", Learning rate:",2.4733868589386814e-06,", Number of training points (boundary):",4800,", Number of training points (interior):",30000,", VRAM allocated:",0,", VRAM reserved:",0
278900,Training Loss:,3.372465195994323e-09,", Learning rate:",2.4733868589386814e-06,", Number of training points (boundary):",4800,", Number of training points (interior):",30000,", VRAM allocated:",0,", VRAM reserved:",0
279000,Training Loss:,3.3709062208231444e-09,", Learning rate:",2.4733868589386814e-06,", Number of training points (boundary):",4800,", Number of training points (interior):",30000,", VRAM allocated:",0,", VRAM reserved:",0
279100,Training Loss:,4.273558840139913e-09,", Learning rate:",2.4733868589386814e-06,", Number of training points (boundary):",4800,", Number of training points (interior):",30000,", VRAM allocated:",0,", VRAM reserved:",0
279200,Training Loss:,3.368099799061497e-09,", Learning rate:",2.4733868589386814e-06,", Number of training points (boundary):",4800,", Number of training points (interior):",30000,", VRAM allocated:",0,", VRAM reserved:",0
279300,Training Loss:,3.366612766342314e-09,", Learning rate:",2.4733868589386814e-06,", Number of training points (boundary):",4800,", Number of training points (interior):",30000,", VRAM allocated:",0,", VRAM reserved:",0
279400,Training Loss:,3.3652662878580486e-09,", Learning rate:",2.4733868589386814e-06,", Number of training points (boundary):",4800,", Number of training points (interior):",30000,", VRAM allocated:",0,", VRAM reserved:",0
279500,Training Loss:,3.363926692756536e-09,", Learning rate:",2.4733868589386814e-06,", Number of training points (boundary):",4800,", Number of training points (interior):",30000,", VRAM allocated:",0,", VRAM reserved:",0
279600,Training Loss:,3.3624905082518808e-09,", Learning rate:",2.4733868589386814e-06,", Number of training points (boundary):",4800,", Number of training points (interior):",30000,", VRAM allocated:",0,", VRAM reserved:",0
279700,Training Loss:,3.3611606831129848e-09,", Learning rate:",2.4733868589386814e-06,", Number of training points (boundary):",4800,", Number of training points (interior):",30000,", VRAM allocated:",0,", VRAM reserved:",0
279800,Training Loss:,3.359728939500428e-09,", Learning rate:",2.4733868589386814e-06,", Number of training points (boundary):",4800,", Number of training points (interior):",30000,", VRAM allocated:",0,", VRAM reserved:",0
279900,Training Loss:,3.358166189570966e-09,", Learning rate:",2.4733868589386814e-06,", Number of training points (boundary):",4800,", Number of training points (interior):",30000,", VRAM allocated:",0,", VRAM reserved:",0
280000,Training Loss:,3.356627864548045e-09,", Learning rate:",2.4486529903492947e-06,", Number of training points (boundary):",4800,", Number of training points (interior):",30000,", VRAM allocated:",0,", VRAM reserved:",0
280100,Training Loss:,3.355185462794452e-09,", Learning rate:",2.4486529903492947e-06,", Number of training points (boundary):",4800,", Number of training points (interior):",30000,", VRAM allocated:",0,", VRAM reserved:",0
280200,Training Loss:,3.3536442511916675e-09,", Learning rate:",2.4486529903492947e-06,", Number of training points (boundary):",4800,", Number of training points (interior):",30000,", VRAM allocated:",0,", VRAM reserved:",0
280300,Training Loss:,3.3519389486258433e-09,", Learning rate:",2.4486529903492947e-06,", Number of training points (boundary):",4800,", Number of training points (interior):",30000,", VRAM allocated:",0,", VRAM reserved:",0
280400,Training Loss:,3.3503040341997803e-09,", Learning rate:",2.4486529903492947e-06,", Number of training points (boundary):",4800,", Number of training points (interior):",30000,", VRAM allocated:",0,", VRAM reserved:",0
280500,Training Loss:,3.387123248543844e-09,", Learning rate:",2.4486529903492947e-06,", Number of training points (boundary):",4800,", Number of training points (interior):",30000,", VRAM allocated:",0,", VRAM reserved:",0
280600,Training Loss:,3.3475837657448437e-09,", Learning rate:",2.4486529903492947e-06,", Number of training points (boundary):",4800,", Number of training points (interior):",30000,", VRAM allocated:",0,", VRAM reserved:",0
280700,Training Loss:,3.3462894677427357e-09,", Learning rate:",2.4486529903492947e-06,", Number of training points (boundary):",4800,", Number of training points (interior):",30000,", VRAM allocated:",0,", VRAM reserved:",0
280800,Training Loss:,3.3450169301119104e-09,", Learning rate:",2.4486529903492947e-06,", Number of training points (boundary):",4800,", Number of training points (interior):",30000,", VRAM allocated:",0,", VRAM reserved:",0
280900,Training Loss:,3.3436651225571268e-09,", Learning rate:",2.4486529903492947e-06,", Number of training points (boundary):",4800,", Number of training points (interior):",30000,", VRAM allocated:",0,", VRAM reserved:",0
281000,Training Loss:,3.342311316600899e-09,", Learning rate:",2.4486529903492947e-06,", Number of training points (boundary):",4800,", Number of training points (interior):",30000,", VRAM allocated:",0,", VRAM reserved:",0
281100,Training Loss:,3.3410236799369386e-09,", Learning rate:",2.4486529903492947e-06,", Number of training points (boundary):",4800,", Number of training points (interior):",30000,", VRAM allocated:",0,", VRAM reserved:",0
281200,Training Loss:,3.33950933573135e-09,", Learning rate:",2.4486529903492947e-06,", Number of training points (boundary):",4800,", Number of training points (interior):",30000,", VRAM allocated:",0,", VRAM reserved:",0
281300,Training Loss:,3.3379849995185396e-09,", Learning rate:",2.4486529903492947e-06,", Number of training points (boundary):",4800,", Number of training points (interior):",30000,", VRAM allocated:",0,", VRAM reserved:",0
281400,Training Loss:,3.3365894491765857e-09,", Learning rate:",2.4486529903492947e-06,", Number of training points (boundary):",4800,", Number of training points (interior):",30000,", VRAM allocated:",0,", VRAM reserved:",0
281500,Training Loss:,3.3350178174629264e-09,", Learning rate:",2.4486529903492947e-06,", Number of training points (boundary):",4800,", Number of training points (interior):",30000,", VRAM allocated:",0,", VRAM reserved:",0
281600,Training Loss:,3.333553211248841e-09,", Learning rate:",2.4486529903492947e-06,", Number of training points (boundary):",4800,", Number of training points (interior):",30000,", VRAM allocated:",0,", VRAM reserved:",0
281700,Training Loss:,3.332012443735266e-09,", Learning rate:",2.4486529903492947e-06,", Number of training points (boundary):",4800,", Number of training points (interior):",30000,", VRAM allocated:",0,", VRAM reserved:",0
281800,Training Loss:,5.26335108830267e-09,", Learning rate:",2.4486529903492947e-06,", Number of training points (boundary):",4800,", Number of training points (interior):",30000,", VRAM allocated:",0,", VRAM reserved:",0
281900,Training Loss:,3.329122089112957e-09,", Learning rate:",2.4486529903492947e-06,", Number of training points (boundary):",4800,", Number of training points (interior):",30000,", VRAM allocated:",0,", VRAM reserved:",0
282000,Training Loss:,3.327812247988504e-09,", Learning rate:",2.424166460445802e-06,", Number of training points (boundary):",4800,", Number of training points (interior):",30000,", VRAM allocated:",0,", VRAM reserved:",0
282100,Training Loss:,3.3265117327374583e-09,", Learning rate:",2.424166460445802e-06,", Number of training points (boundary):",4800,", Number of training points (interior):",30000,", VRAM allocated:",0,", VRAM reserved:",0
282200,Training Loss:,3.325297592837728e-09,", Learning rate:",2.424166460445802e-06,", Number of training points (boundary):",4800,", Number of training points (interior):",30000,", VRAM allocated:",0,", VRAM reserved:",0
282300,Training Loss:,3.3239129226814157e-09,", Learning rate:",2.424166460445802e-06,", Number of training points (boundary):",4800,", Number of training points (interior):",30000,", VRAM allocated:",0,", VRAM reserved:",0
282400,Training Loss:,3.3226408291398e-09,", Learning rate:",2.424166460445802e-06,", Number of training points (boundary):",4800,", Number of training points (interior):",30000,", VRAM allocated:",0,", VRAM reserved:",0
282500,Training Loss:,3.321210861884083e-09,", Learning rate:",2.424166460445802e-06,", Number of training points (boundary):",4800,", Number of training points (interior):",30000,", VRAM allocated:",0,", VRAM reserved:",0
282600,Training Loss:,3.3198468418760285e-09,", Learning rate:",2.424166460445802e-06,", Number of training points (boundary):",4800,", Number of training points (interior):",30000,", VRAM allocated:",0,", VRAM reserved:",0
282700,Training Loss:,3.318311181388367e-09,", Learning rate:",2.424166460445802e-06,", Number of training points (boundary):",4800,", Number of training points (interior):",30000,", VRAM allocated:",0,", VRAM reserved:",0
282800,Training Loss:,3.3169063051730063e-09,", Learning rate:",2.424166460445802e-06,", Number of training points (boundary):",4800,", Number of training points (interior):",30000,", VRAM allocated:",0,", VRAM reserved:",0
282900,Training Loss:,3.315260288516697e-09,", Learning rate:",2.424166460445802e-06,", Number of training points (boundary):",4800,", Number of training points (interior):",30000,", VRAM allocated:",0,", VRAM reserved:",0
283000,Training Loss:,3.313927576797937e-09,", Learning rate:",2.424166460445802e-06,", Number of training points (boundary):",4800,", Number of training points (interior):",30000,", VRAM allocated:",0,", VRAM reserved:",0
283100,Training Loss:,7.315489103376649e-09,", Learning rate:",2.424166460445802e-06,", Number of training points (boundary):",4800,", Number of training points (interior):",30000,", VRAM allocated:",0,", VRAM reserved:",0
283200,Training Loss:,3.3114941899725636e-09,", Learning rate:",2.424166460445802e-06,", Number of training points (boundary):",4800,", Number of training points (interior):",30000,", VRAM allocated:",0,", VRAM reserved:",0
283300,Training Loss:,3.309715834731719e-09,", Learning rate:",2.424166460445802e-06,", Number of training points (boundary):",4800,", Number of training points (interior):",30000,", VRAM allocated:",0,", VRAM reserved:",0
283400,Training Loss:,3.3083691342028487e-09,", Learning rate:",2.424166460445802e-06,", Number of training points (boundary):",4800,", Number of training points (interior):",30000,", VRAM allocated:",0,", VRAM reserved:",0
283500,Training Loss:,3.307201623670153e-09,", Learning rate:",2.424166460445802e-06,", Number of training points (boundary):",4800,", Number of training points (interior):",30000,", VRAM allocated:",0,", VRAM reserved:",0
283600,Training Loss:,3.305963280908486e-09,", Learning rate:",2.424166460445802e-06,", Number of training points (boundary):",4800,", Number of training points (interior):",30000,", VRAM allocated:",0,", VRAM reserved:",0
283700,Training Loss:,3.3046327896357752e-09,", Learning rate:",2.424166460445802e-06,", Number of training points (boundary):",4800,", Number of training points (interior):",30000,", VRAM allocated:",0,", VRAM reserved:",0
283800,Training Loss:,3.303155082789999e-09,", Learning rate:",2.424166460445802e-06,", Number of training points (boundary):",4800,", Number of training points (interior):",30000,", VRAM allocated:",0,", VRAM reserved:",0
283900,Training Loss:,3.301855233672768e-09,", Learning rate:",2.424166460445802e-06,", Number of training points (boundary):",4800,", Number of training points (interior):",30000,", VRAM allocated:",0,", VRAM reserved:",0
284000,Training Loss:,3.300445694520704e-09,", Learning rate:",2.3999247958413438e-06,", Number of training points (boundary):",4800,", Number of training points (interior):",30000,", VRAM allocated:",0,", VRAM reserved:",0
284100,Training Loss:,3.298999962098037e-09,", Learning rate:",2.3999247958413438e-06,", Number of training points (boundary):",4800,", Number of training points (interior):",30000,", VRAM allocated:",0,", VRAM reserved:",0
284200,Training Loss:,3.2975051578176817e-09,", Learning rate:",2.3999247958413438e-06,", Number of training points (boundary):",4800,", Number of training points (interior):",30000,", VRAM allocated:",0,", VRAM reserved:",0
284300,Training Loss:,3.2961011697807407e-09,", Learning rate:",2.3999247958413438e-06,", Number of training points (boundary):",4800,", Number of training points (interior):",30000,", VRAM allocated:",0,", VRAM reserved:",0
284400,Training Loss:,3.2944400540912966e-09,", Learning rate:",2.3999247958413438e-06,", Number of training points (boundary):",4800,", Number of training points (interior):",30000,", VRAM allocated:",0,", VRAM reserved:",0
284500,Training Loss:,3.2930278504039734e-09,", Learning rate:",2.3999247958413438e-06,", Number of training points (boundary):",4800,", Number of training points (interior):",30000,", VRAM allocated:",0,", VRAM reserved:",0
284600,Training Loss:,3.4602436471686815e-09,", Learning rate:",2.3999247958413438e-06,", Number of training points (boundary):",4800,", Number of training points (interior):",30000,", VRAM allocated:",0,", VRAM reserved:",0
284700,Training Loss:,3.290354211316071e-09,", Learning rate:",2.3999247958413438e-06,", Number of training points (boundary):",4800,", Number of training points (interior):",30000,", VRAM allocated:",0,", VRAM reserved:",0
284800,Training Loss:,3.2891156465097993e-09,", Learning rate:",2.3999247958413438e-06,", Number of training points (boundary):",4800,", Number of training points (interior):",30000,", VRAM allocated:",0,", VRAM reserved:",0
284900,Training Loss:,3.2878169076155928e-09,", Learning rate:",2.3999247958413438e-06,", Number of training points (boundary):",4800,", Number of training points (interior):",30000,", VRAM allocated:",0,", VRAM reserved:",0
285000,Training Loss:,3.2866884769333637e-09,", Learning rate:",2.3999247958413438e-06,", Number of training points (boundary):",4800,", Number of training points (interior):",30000,", VRAM allocated:",0,", VRAM reserved:",0
285100,Training Loss:,3.285405725250712e-09,", Learning rate:",2.3999247958413438e-06,", Number of training points (boundary):",4800,", Number of training points (interior):",30000,", VRAM allocated:",0,", VRAM reserved:",0
285200,Training Loss:,3.2841662722660203e-09,", Learning rate:",2.3999247958413438e-06,", Number of training points (boundary):",4800,", Number of training points (interior):",30000,", VRAM allocated:",0,", VRAM reserved:",0
285300,Training Loss:,3.2828542106955183e-09,", Learning rate:",2.3999247958413438e-06,", Number of training points (boundary):",4800,", Number of training points (interior):",30000,", VRAM allocated:",0,", VRAM reserved:",0
285400,Training Loss:,3.2815690165222122e-09,", Learning rate:",2.3999247958413438e-06,", Number of training points (boundary):",4800,", Number of training points (interior):",30000,", VRAM allocated:",0,", VRAM reserved:",0
285500,Training Loss:,3.2800577809410925e-09,", Learning rate:",2.3999247958413438e-06,", Number of training points (boundary):",4800,", Number of training points (interior):",30000,", VRAM allocated:",0,", VRAM reserved:",0
285600,Training Loss:,3.278806781636945e-09,", Learning rate:",2.3999247958413438e-06,", Number of training points (boundary):",4800,", Number of training points (interior):",30000,", VRAM allocated:",0,", VRAM reserved:",0
285700,Training Loss:,3.277304205795417e-09,", Learning rate:",2.3999247958413438e-06,", Number of training points (boundary):",4800,", Number of training points (interior):",30000,", VRAM allocated:",0,", VRAM reserved:",0
285800,Training Loss:,3.275793636348112e-09,", Learning rate:",2.3999247958413438e-06,", Number of training points (boundary):",4800,", Number of training points (interior):",30000,", VRAM allocated:",0,", VRAM reserved:",0
285900,Training Loss:,3.27443738790123e-09,", Learning rate:",2.3999247958413438e-06,", Number of training points (boundary):",4800,", Number of training points (interior):",30000,", VRAM allocated:",0,", VRAM reserved:",0
286000,Training Loss:,3.2727185406145054e-09,", Learning rate:",2.3759255478829302e-06,", Number of training points (boundary):",4800,", Number of training points (interior):",30000,", VRAM allocated:",0,", VRAM reserved:",0
286100,Training Loss:,3.5243674645357714e-09,", Learning rate:",2.3759255478829302e-06,", Number of training points (boundary):",4800,", Number of training points (interior):",30000,", VRAM allocated:",0,", VRAM reserved:",0
286200,Training Loss:,3.2701918950550635e-09,", Learning rate:",2.3759255478829302e-06,", Number of training points (boundary):",4800,", Number of training points (interior):",30000,", VRAM allocated:",0,", VRAM reserved:",0
286300,Training Loss:,3.268955328650236e-09,", Learning rate:",2.3759255478829302e-06,", Number of training points (boundary):",4800,", Number of training points (interior):",30000,", VRAM allocated:",0,", VRAM reserved:",0
286400,Training Loss:,3.267631498715673e-09,", Learning rate:",2.3759255478829302e-06,", Number of training points (boundary):",4800,", Number of training points (interior):",30000,", VRAM allocated:",0,", VRAM reserved:",0
286500,Training Loss:,3.2663418636502684e-09,", Learning rate:",2.3759255478829302e-06,", Number of training points (boundary):",4800,", Number of training points (interior):",30000,", VRAM allocated:",0,", VRAM reserved:",0
286600,Training Loss:,3.265013148734397e-09,", Learning rate:",2.3759255478829302e-06,", Number of training points (boundary):",4800,", Number of training points (interior):",30000,", VRAM allocated:",0,", VRAM reserved:",0
286700,Training Loss:,3.263710413037302e-09,", Learning rate:",2.3759255478829302e-06,", Number of training points (boundary):",4800,", Number of training points (interior):",30000,", VRAM allocated:",0,", VRAM reserved:",0
286800,Training Loss:,3.2624076773402066e-09,", Learning rate:",2.3759255478829302e-06,", Number of training points (boundary):",4800,", Number of training points (interior):",30000,", VRAM allocated:",0,", VRAM reserved:",0
286900,Training Loss:,3.261032555101906e-09,", Learning rate:",2.3759255478829302e-06,", Number of training points (boundary):",4800,", Number of training points (interior):",30000,", VRAM allocated:",0,", VRAM reserved:",0
287000,Training Loss:,3.2596214616376074e-09,", Learning rate:",2.3759255478829302e-06,", Number of training points (boundary):",4800,", Number of training points (interior):",30000,", VRAM allocated:",0,", VRAM reserved:",0
287100,Training Loss:,3.258203484790556e-09,", Learning rate:",2.3759255478829302e-06,", Number of training points (boundary):",4800,", Number of training points (interior):",30000,", VRAM allocated:",0,", VRAM reserved:",0
287200,Training Loss:,3.256806158091763e-09,", Learning rate:",2.3759255478829302e-06,", Number of training points (boundary):",4800,", Number of training points (interior):",30000,", VRAM allocated:",0,", VRAM reserved:",0
287300,Training Loss:,3.255153258052701e-09,", Learning rate:",2.3759255478829302e-06,", Number of training points (boundary):",4800,", Number of training points (interior):",30000,", VRAM allocated:",0,", VRAM reserved:",0
287400,Training Loss:,3.2653826309569922e-09,", Learning rate:",2.3759255478829302e-06,", Number of training points (boundary):",4800,", Number of training points (interior):",30000,", VRAM allocated:",0,", VRAM reserved:",0
287500,Training Loss:,3.2527764926015834e-09,", Learning rate:",2.3759255478829302e-06,", Number of training points (boundary):",4800,", Number of training points (interior):",30000,", VRAM allocated:",0,", VRAM reserved:",0
287600,Training Loss:,3.251403146720122e-09,", Learning rate:",2.3759255478829302e-06,", Number of training points (boundary):",4800,", Number of training points (interior):",30000,", VRAM allocated:",0,", VRAM reserved:",0
287700,Training Loss:,3.2502414093471543e-09,", Learning rate:",2.3759255478829302e-06,", Number of training points (boundary):",4800,", Number of training points (interior):",30000,", VRAM allocated:",0,", VRAM reserved:",0
287800,Training Loss:,3.249107649594407e-09,", Learning rate:",2.3759255478829302e-06,", Number of training points (boundary):",4800,", Number of training points (interior):",30000,", VRAM allocated:",0,", VRAM reserved:",0
287900,Training Loss:,3.2478395528556803e-09,", Learning rate:",2.3759255478829302e-06,", Number of training points (boundary):",4800,", Number of training points (interior):",30000,", VRAM allocated:",0,", VRAM reserved:",0
288000,Training Loss:,3.246554358682374e-09,", Learning rate:",2.352166292404101e-06,", Number of training points (boundary):",4800,", Number of training points (interior):",30000,", VRAM allocated:",0,", VRAM reserved:",0
288100,Training Loss:,3.2452909248803508e-09,", Learning rate:",2.352166292404101e-06,", Number of training points (boundary):",4800,", Number of training points (interior):",30000,", VRAM allocated:",0,", VRAM reserved:",0
288200,Training Loss:,3.2438938202261625e-09,", Learning rate:",2.352166292404101e-06,", Number of training points (boundary):",4800,", Number of training points (interior):",30000,", VRAM allocated:",0,", VRAM reserved:",0
288300,Training Loss:,3.242521140478516e-09,", Learning rate:",2.352166292404101e-06,", Number of training points (boundary):",4800,", Number of training points (interior):",30000,", VRAM allocated:",0,", VRAM reserved:",0
288400,Training Loss:,3.241215296156952e-09,", Learning rate:",2.352166292404101e-06,", Number of training points (boundary):",4800,", Number of training points (interior):",30000,", VRAM allocated:",0,", VRAM reserved:",0
288500,Training Loss:,3.239804646781863e-09,", Learning rate:",2.352166292404101e-06,", Number of training points (boundary):",4800,", Number of training points (interior):",30000,", VRAM allocated:",0,", VRAM reserved:",0
288600,Training Loss:,3.2385083503783108e-09,", Learning rate:",2.352166292404101e-06,", Number of training points (boundary):",4800,", Number of training points (interior):",30000,", VRAM allocated:",0,", VRAM reserved:",0
288700,Training Loss:,3.2369453784042435e-09,", Learning rate:",2.352166292404101e-06,", Number of training points (boundary):",4800,", Number of training points (interior):",30000,", VRAM allocated:",0,", VRAM reserved:",0
288800,Training Loss:,3.235397505463311e-09,", Learning rate:",2.352166292404101e-06,", Number of training points (boundary):",4800,", Number of training points (interior):",30000,", VRAM allocated:",0,", VRAM reserved:",0
288900,Training Loss:,3.2340157218868626e-09,", Learning rate:",2.352166292404101e-06,", Number of training points (boundary):",4800,", Number of training points (interior):",30000,", VRAM allocated:",0,", VRAM reserved:",0
289000,Training Loss:,3.2348379530589e-09,", Learning rate:",2.352166292404101e-06,", Number of training points (boundary):",4800,", Number of training points (interior):",30000,", VRAM allocated:",0,", VRAM reserved:",0
289100,Training Loss:,3.231577450080181e-09,", Learning rate:",2.352166292404101e-06,", Number of training points (boundary):",4800,", Number of training points (interior):",30000,", VRAM allocated:",0,", VRAM reserved:",0
289200,Training Loss:,3.230321565794725e-09,", Learning rate:",2.352166292404101e-06,", Number of training points (boundary):",4800,", Number of training points (interior):",30000,", VRAM allocated:",0,", VRAM reserved:",0
289300,Training Loss:,3.2291846974175087e-09,", Learning rate:",2.352166292404101e-06,", Number of training points (boundary):",4800,", Number of training points (interior):",30000,", VRAM allocated:",0,", VRAM reserved:",0
289400,Training Loss:,3.2280009776286533e-09,", Learning rate:",2.352166292404101e-06,", Number of training points (boundary):",4800,", Number of training points (interior):",30000,", VRAM allocated:",0,", VRAM reserved:",0
289500,Training Loss:,3.2267206684366556e-09,", Learning rate:",2.352166292404101e-06,", Number of training points (boundary):",4800,", Number of training points (interior):",30000,", VRAM allocated:",0,", VRAM reserved:",0
289600,Training Loss:,3.2254143800258817e-09,", Learning rate:",2.352166292404101e-06,", Number of training points (boundary):",4800,", Number of training points (interior):",30000,", VRAM allocated:",0,", VRAM reserved:",0
289700,Training Loss:,3.2241140868194407e-09,", Learning rate:",2.352166292404101e-06,", Number of training points (boundary):",4800,", Number of training points (interior):",30000,", VRAM allocated:",0,", VRAM reserved:",0
289800,Training Loss:,3.2229245938708573e-09,", Learning rate:",2.352166292404101e-06,", Number of training points (boundary):",4800,", Number of training points (interior):",30000,", VRAM allocated:",0,", VRAM reserved:",0
289900,Training Loss:,3.2216798118156476e-09,", Learning rate:",2.352166292404101e-06,", Number of training points (boundary):",4800,", Number of training points (interior):",30000,", VRAM allocated:",0,", VRAM reserved:",0
290000,Training Loss:,3.2202605027009668e-09,", Learning rate:",2.32864462948006e-06,", Number of training points (boundary):",4800,", Number of training points (interior):",30000,", VRAM allocated:",0,", VRAM reserved:",0
290100,Training Loss:,3.218810995520016e-09,", Learning rate:",2.32864462948006e-06,", Number of training points (boundary):",4800,", Number of training points (interior):",30000,", VRAM allocated:",0,", VRAM reserved:",0
290200,Training Loss:,3.2173175235072904e-09,", Learning rate:",2.32864462948006e-06,", Number of training points (boundary):",4800,", Number of training points (interior):",30000,", VRAM allocated:",0,", VRAM reserved:",0
290300,Training Loss:,3.2159550578114704e-09,", Learning rate:",2.32864462948006e-06,", Number of training points (boundary):",4800,", Number of training points (interior):",30000,", VRAM allocated:",0,", VRAM reserved:",0
290400,Training Loss:,3.444058371826486e-09,", Learning rate:",2.32864462948006e-06,", Number of training points (boundary):",4800,", Number of training points (interior):",30000,", VRAM allocated:",0,", VRAM reserved:",0
290500,Training Loss:,3.2134142013973133e-09,", Learning rate:",2.32864462948006e-06,", Number of training points (boundary):",4800,", Number of training points (interior):",30000,", VRAM allocated:",0,", VRAM reserved:",0
290600,Training Loss:,3.212262900120777e-09,", Learning rate:",2.32864462948006e-06,", Number of training points (boundary):",4800,", Number of training points (interior):",30000,", VRAM allocated:",0,", VRAM reserved:",0
290700,Training Loss:,3.2110594183620833e-09,", Learning rate:",2.32864462948006e-06,", Number of training points (boundary):",4800,", Number of training points (interior):",30000,", VRAM allocated:",0,", VRAM reserved:",0
290800,Training Loss:,3.2099065627733125e-09,", Learning rate:",2.32864462948006e-06,", Number of training points (boundary):",4800,", Number of training points (interior):",30000,", VRAM allocated:",0,", VRAM reserved:",0
290900,Training Loss:,3.208726617742741e-09,", Learning rate:",2.32864462948006e-06,", Number of training points (boundary):",4800,", Number of training points (interior):",30000,", VRAM allocated:",0,", VRAM reserved:",0
291000,Training Loss:,3.207630827617436e-09,", Learning rate:",2.32864462948006e-06,", Number of training points (boundary):",4800,", Number of training points (interior):",30000,", VRAM allocated:",0,", VRAM reserved:",0
291100,Training Loss:,3.206267473743196e-09,", Learning rate:",2.32864462948006e-06,", Number of training points (boundary):",4800,", Number of training points (interior):",30000,", VRAM allocated:",0,", VRAM reserved:",0
291200,Training Loss:,3.2050171405728634e-09,", Learning rate:",2.32864462948006e-06,", Number of training points (boundary):",4800,", Number of training points (interior):",30000,", VRAM allocated:",0,", VRAM reserved:",0
291300,Training Loss:,3.203715071009583e-09,", Learning rate:",2.32864462948006e-06,", Number of training points (boundary):",4800,", Number of training points (interior):",30000,", VRAM allocated:",0,", VRAM reserved:",0
291400,Training Loss:,3.2024785046047555e-09,", Learning rate:",2.32864462948006e-06,", Number of training points (boundary):",4800,", Number of training points (interior):",30000,", VRAM allocated:",0,", VRAM reserved:",0
291500,Training Loss:,3.2011300277190458e-09,", Learning rate:",2.32864462948006e-06,", Number of training points (boundary):",4800,", Number of training points (interior):",30000,", VRAM allocated:",0,", VRAM reserved:",0
291600,Training Loss:,3.1996807425827e-09,", Learning rate:",2.32864462948006e-06,", Number of training points (boundary):",4800,", Number of training points (interior):",30000,", VRAM allocated:",0,", VRAM reserved:",0
291700,Training Loss:,3.198190823283653e-09,", Learning rate:",2.32864462948006e-06,", Number of training points (boundary):",4800,", Number of training points (interior):",30000,", VRAM allocated:",0,", VRAM reserved:",0
291800,Training Loss:,3.196819697848241e-09,", Learning rate:",2.32864462948006e-06,", Number of training points (boundary):",4800,", Number of training points (interior):",30000,", VRAM allocated:",0,", VRAM reserved:",0
291900,Training Loss:,3.195190556581906e-09,", Learning rate:",2.32864462948006e-06,", Number of training points (boundary):",4800,", Number of training points (interior):",30000,", VRAM allocated:",0,", VRAM reserved:",0
292000,Training Loss:,3.212748511671748e-09,", Learning rate:",2.3053581831852597e-06,", Number of training points (boundary):",4800,", Number of training points (interior):",30000,", VRAM allocated:",0,", VRAM reserved:",0
292100,Training Loss:,3.192969000309631e-09,", Learning rate:",2.3053581831852597e-06,", Number of training points (boundary):",4800,", Number of training points (interior):",30000,", VRAM allocated:",0,", VRAM reserved:",0
292200,Training Loss:,3.1918749865411655e-09,", Learning rate:",2.3053581831852597e-06,", Number of training points (boundary):",4800,", Number of training points (interior):",30000,", VRAM allocated:",0,", VRAM reserved:",0
292300,Training Loss:,3.190890662807533e-09,", Learning rate:",2.3053581831852597e-06,", Number of training points (boundary):",4800,", Number of training points (interior):",30000,", VRAM allocated:",0,", VRAM reserved:",0
292400,Training Loss:,3.18969983759132e-09,", Learning rate:",2.3053581831852597e-06,", Number of training points (boundary):",4800,", Number of training points (interior):",30000,", VRAM allocated:",0,", VRAM reserved:",0
292500,Training Loss:,3.1885671880615973e-09,", Learning rate:",2.3053581831852597e-06,", Number of training points (boundary):",4800,", Number of training points (interior):",30000,", VRAM allocated:",0,", VRAM reserved:",0
292600,Training Loss:,3.1874738404269465e-09,", Learning rate:",2.3053581831852597e-06,", Number of training points (boundary):",4800,", Number of training points (interior):",30000,", VRAM allocated:",0,", VRAM reserved:",0
292700,Training Loss:,3.1863718330527036e-09,", Learning rate:",2.3053581831852597e-06,", Number of training points (boundary):",4800,", Number of training points (interior):",30000,", VRAM allocated:",0,", VRAM reserved:",0
292800,Training Loss:,3.1853031323691994e-09,", Learning rate:",2.3053581831852597e-06,", Number of training points (boundary):",4800,", Number of training points (interior):",30000,", VRAM allocated:",0,", VRAM reserved:",0
292900,Training Loss:,3.184006613921042e-09,", Learning rate:",2.3053581831852597e-06,", Number of training points (boundary):",4800,", Number of training points (interior):",30000,", VRAM allocated:",0,", VRAM reserved:",0
293000,Training Loss:,3.1829188174015144e-09,", Learning rate:",2.3053581831852597e-06,", Number of training points (boundary):",4800,", Number of training points (interior):",30000,", VRAM allocated:",0,", VRAM reserved:",0
293100,Training Loss:,3.1816325130051837e-09,", Learning rate:",2.3053581831852597e-06,", Number of training points (boundary):",4800,", Number of training points (interior):",30000,", VRAM allocated:",0,", VRAM reserved:",0
293200,Training Loss:,3.1803204514346817e-09,", Learning rate:",2.3053581831852597e-06,", Number of training points (boundary):",4800,", Number of training points (interior):",30000,", VRAM allocated:",0,", VRAM reserved:",0
293300,Training Loss:,3.1789164633977407e-09,", Learning rate:",2.3053581831852597e-06,", Number of training points (boundary):",4800,", Number of training points (interior):",30000,", VRAM allocated:",0,", VRAM reserved:",0
293400,Training Loss:,3.1775782005638575e-09,", Learning rate:",2.3053581831852597e-06,", Number of training points (boundary):",4800,", Number of training points (interior):",30000,", VRAM allocated:",0,", VRAM reserved:",0
293500,Training Loss:,3.176285012784774e-09,", Learning rate:",2.3053581831852597e-06,", Number of training points (boundary):",4800,", Number of training points (interior):",30000,", VRAM allocated:",0,", VRAM reserved:",0
293600,Training Loss:,3.1789140209070865e-09,", Learning rate:",2.3053581831852597e-06,", Number of training points (boundary):",4800,", Number of training points (interior):",30000,", VRAM allocated:",0,", VRAM reserved:",0
293700,Training Loss:,3.1737665828757144e-09,", Learning rate:",2.3053581831852597e-06,", Number of training points (boundary):",4800,", Number of training points (interior):",30000,", VRAM allocated:",0,", VRAM reserved:",0
293800,Training Loss:,3.172745621782269e-09,", Learning rate:",2.3053581831852597e-06,", Number of training points (boundary):",4800,", Number of training points (interior):",30000,", VRAM allocated:",0,", VRAM reserved:",0
293900,Training Loss:,3.1713824899526344e-09,", Learning rate:",2.3053581831852597e-06,", Number of training points (boundary):",4800,", Number of training points (interior):",30000,", VRAM allocated:",0,", VRAM reserved:",0
294000,Training Loss:,3.1702294123192587e-09,", Learning rate:",2.282304601353407e-06,", Number of training points (boundary):",4800,", Number of training points (interior):",30000,", VRAM allocated:",0,", VRAM reserved:",0
294100,Training Loss:,3.169007944947566e-09,", Learning rate:",2.282304601353407e-06,", Number of training points (boundary):",4800,", Number of training points (interior):",30000,", VRAM allocated:",0,", VRAM reserved:",0
294200,Training Loss:,3.167826223560155e-09,", Learning rate:",2.282304601353407e-06,", Number of training points (boundary):",4800,", Number of training points (interior):",30000,", VRAM allocated:",0,", VRAM reserved:",0
294300,Training Loss:,3.1664955102428394e-09,", Learning rate:",2.282304601353407e-06,", Number of training points (boundary):",4800,", Number of training points (interior):",30000,", VRAM allocated:",0,", VRAM reserved:",0
294400,Training Loss:,3.1651359311268834e-09,", Learning rate:",2.282304601353407e-06,", Number of training points (boundary):",4800,", Number of training points (interior):",30000,", VRAM allocated:",0,", VRAM reserved:",0
294500,Training Loss:,3.16387205323565e-09,", Learning rate:",2.282304601353407e-06,", Number of training points (boundary):",4800,", Number of training points (interior):",30000,", VRAM allocated:",0,", VRAM reserved:",0
294600,Training Loss:,3.162601291961664e-09,", Learning rate:",2.282304601353407e-06,", Number of training points (boundary):",4800,", Number of training points (interior):",30000,", VRAM allocated:",0,", VRAM reserved:",0
294700,Training Loss:,3.161164885412404e-09,", Learning rate:",2.282304601353407e-06,", Number of training points (boundary):",4800,", Number of training points (interior):",30000,", VRAM allocated:",0,", VRAM reserved:",0
294800,Training Loss:,3.1597544580819203e-09,", Learning rate:",2.282304601353407e-06,", Number of training points (boundary):",4800,", Number of training points (interior):",30000,", VRAM allocated:",0,", VRAM reserved:",0
294900,Training Loss:,3.1829754387757703e-09,", Learning rate:",2.282304601353407e-06,", Number of training points (boundary):",4800,", Number of training points (interior):",30000,", VRAM allocated:",0,", VRAM reserved:",0
295000,Training Loss:,3.157321071256547e-09,", Learning rate:",2.282304601353407e-06,", Number of training points (boundary):",4800,", Number of training points (interior):",30000,", VRAM allocated:",0,", VRAM reserved:",0
295100,Training Loss:,3.156230388157155e-09,", Learning rate:",2.282304601353407e-06,", Number of training points (boundary):",4800,", Number of training points (interior):",30000,", VRAM allocated:",0,", VRAM reserved:",0
295200,Training Loss:,3.1549856061019455e-09,", Learning rate:",2.282304601353407e-06,", Number of training points (boundary):",4800,", Number of training points (interior):",30000,", VRAM allocated:",0,", VRAM reserved:",0
295300,Training Loss:,3.153956207313513e-09,", Learning rate:",2.282304601353407e-06,", Number of training points (boundary):",4800,", Number of training points (interior):",30000,", VRAM allocated:",0,", VRAM reserved:",0
295400,Training Loss:,3.152771155257028e-09,", Learning rate:",2.282304601353407e-06,", Number of training points (boundary):",4800,", Number of training points (interior):",30000,", VRAM allocated:",0,", VRAM reserved:",0
295500,Training Loss:,3.15156656327531e-09,", Learning rate:",2.282304601353407e-06,", Number of training points (boundary):",4800,", Number of training points (interior):",30000,", VRAM allocated:",0,", VRAM reserved:",0
295600,Training Loss:,3.150227856352217e-09,", Learning rate:",2.282304601353407e-06,", Number of training points (boundary):",4800,", Number of training points (interior):",30000,", VRAM allocated:",0,", VRAM reserved:",0
295700,Training Loss:,3.1490912100196056e-09,", Learning rate:",2.282304601353407e-06,", Number of training points (boundary):",4800,", Number of training points (interior):",30000,", VRAM allocated:",0,", VRAM reserved:",0
295800,Training Loss:,3.147837102090989e-09,", Learning rate:",2.282304601353407e-06,", Number of training points (boundary):",4800,", Number of training points (interior):",30000,", VRAM allocated:",0,", VRAM reserved:",0
295900,Training Loss:,3.1465656746831883e-09,", Learning rate:",2.282304601353407e-06,", Number of training points (boundary):",4800,", Number of training points (interior):",30000,", VRAM allocated:",0,", VRAM reserved:",0
296000,Training Loss:,3.145221416644972e-09,", Learning rate:",2.2594815553398726e-06,", Number of training points (boundary):",4800,", Number of training points (interior):",30000,", VRAM allocated:",0,", VRAM reserved:",0
296100,Training Loss:,3.143824089946179e-09,", Learning rate:",2.2594815553398726e-06,", Number of training points (boundary):",4800,", Number of training points (interior):",30000,", VRAM allocated:",0,", VRAM reserved:",0
296200,Training Loss:,3.142565097036254e-09,", Learning rate:",2.2594815553398726e-06,", Number of training points (boundary):",4800,", Number of training points (interior):",30000,", VRAM allocated:",0,", VRAM reserved:",0
296300,Training Loss:,3.1410802847631203e-09,", Learning rate:",2.2594815553398726e-06,", Number of training points (boundary):",4800,", Number of training points (interior):",30000,", VRAM allocated:",0,", VRAM reserved:",0
296400,Training Loss:,3.1638478503737133e-09,", Learning rate:",2.2594815553398726e-06,", Number of training points (boundary):",4800,", Number of training points (interior):",30000,", VRAM allocated:",0,", VRAM reserved:",0
296500,Training Loss:,3.1387406007610252e-09,", Learning rate:",2.2594815553398726e-06,", Number of training points (boundary):",4800,", Number of training points (interior):",30000,", VRAM allocated:",0,", VRAM reserved:",0
296600,Training Loss:,3.1375488873663926e-09,", Learning rate:",2.2594815553398726e-06,", Number of training points (boundary):",4800,", Number of training points (interior):",30000,", VRAM allocated:",0,", VRAM reserved:",0
296700,Training Loss:,3.1364173480596946e-09,", Learning rate:",2.2594815553398726e-06,", Number of training points (boundary):",4800,", Number of training points (interior):",30000,", VRAM allocated:",0,", VRAM reserved:",0
296800,Training Loss:,3.1353222240682044e-09,", Learning rate:",2.2594815553398726e-06,", Number of training points (boundary):",4800,", Number of training points (interior):",30000,", VRAM allocated:",0,", VRAM reserved:",0
296900,Training Loss:,3.1340949835367837e-09,", Learning rate:",2.2594815553398726e-06,", Number of training points (boundary):",4800,", Number of training points (interior):",30000,", VRAM allocated:",0,", VRAM reserved:",0
297000,Training Loss:,3.1329878691366275e-09,", Learning rate:",2.2594815553398726e-06,", Number of training points (boundary):",4800,", Number of training points (interior):",30000,", VRAM allocated:",0,", VRAM reserved:",0
297100,Training Loss:,3.1317555215792936e-09,", Learning rate:",2.2594815553398726e-06,", Number of training points (boundary):",4800,", Number of training points (interior):",30000,", VRAM allocated:",0,", VRAM reserved:",0
297200,Training Loss:,3.1304205894144843e-09,", Learning rate:",2.2594815553398726e-06,", Number of training points (boundary):",4800,", Number of training points (interior):",30000,", VRAM allocated:",0,", VRAM reserved:",0
297300,Training Loss:,3.1291522706311525e-09,", Learning rate:",2.2594815553398726e-06,", Number of training points (boundary):",4800,", Number of training points (interior):",30000,", VRAM allocated:",0,", VRAM reserved:",0
297400,Training Loss:,3.1278610812535135e-09,", Learning rate:",2.2594815553398726e-06,", Number of training points (boundary):",4800,", Number of training points (interior):",30000,", VRAM allocated:",0,", VRAM reserved:",0
297500,Training Loss:,3.126515046858458e-09,", Learning rate:",2.2594815553398726e-06,", Number of training points (boundary):",4800,", Number of training points (interior):",30000,", VRAM allocated:",0,", VRAM reserved:",0
297600,Training Loss:,3.1251332632820095e-09,", Learning rate:",2.2594815553398726e-06,", Number of training points (boundary):",4800,", Number of training points (interior):",30000,", VRAM allocated:",0,", VRAM reserved:",0
297700,Training Loss:,3.1238513997777773e-09,", Learning rate:",2.2594815553398726e-06,", Number of training points (boundary):",4800,", Number of training points (interior):",30000,", VRAM allocated:",0,", VRAM reserved:",0
297800,Training Loss:,3.2260452087484737e-09,", Learning rate:",2.2594815553398726e-06,", Number of training points (boundary):",4800,", Number of training points (interior):",30000,", VRAM allocated:",0,", VRAM reserved:",0
297900,Training Loss:,3.1214730800144252e-09,", Learning rate:",2.2594815553398726e-06,", Number of training points (boundary):",4800,", Number of training points (interior):",30000,", VRAM allocated:",0,", VRAM reserved:",0
298000,Training Loss:,3.1205384942722958e-09,", Learning rate:",2.236886739786474e-06,", Number of training points (boundary):",4800,", Number of training points (interior):",30000,", VRAM allocated:",0,", VRAM reserved:",0
298100,Training Loss:,3.1194642424736685e-09,", Learning rate:",2.236886739786474e-06,", Number of training points (boundary):",4800,", Number of training points (interior):",30000,", VRAM allocated:",0,", VRAM reserved:",0
298200,Training Loss:,3.1184208548751258e-09,", Learning rate:",2.236886739786474e-06,", Number of training points (boundary):",4800,", Number of training points (interior):",30000,", VRAM allocated:",0,", VRAM reserved:",0
298300,Training Loss:,3.1173608139312137e-09,", Learning rate:",2.236886739786474e-06,", Number of training points (boundary):",4800,", Number of training points (interior):",30000,", VRAM allocated:",0,", VRAM reserved:",0
298400,Training Loss:,3.116254587709477e-09,", Learning rate:",2.236886739786474e-06,", Number of training points (boundary):",4800,", Number of training points (interior):",30000,", VRAM allocated:",0,", VRAM reserved:",0
298500,Training Loss:,3.1152227464303905e-09,", Learning rate:",2.236886739786474e-06,", Number of training points (boundary):",4800,", Number of training points (interior):",30000,", VRAM allocated:",0,", VRAM reserved:",0
298600,Training Loss:,3.1140916512129024e-09,", Learning rate:",2.236886739786474e-06,", Number of training points (boundary):",4800,", Number of training points (interior):",30000,", VRAM allocated:",0,", VRAM reserved:",0
298700,Training Loss:,3.1128981614614304e-09,", Learning rate:",2.236886739786474e-06,", Number of training points (boundary):",4800,", Number of training points (interior):",30000,", VRAM allocated:",0,", VRAM reserved:",0
298800,Training Loss:,3.111767510333152e-09,", Learning rate:",2.236886739786474e-06,", Number of training points (boundary):",4800,", Number of training points (interior):",30000,", VRAM allocated:",0,", VRAM reserved:",0
298900,Training Loss:,3.1105973352651972e-09,", Learning rate:",2.236886739786474e-06,", Number of training points (boundary):",4800,", Number of training points (interior):",30000,", VRAM allocated:",0,", VRAM reserved:",0
299000,Training Loss:,3.1094358199368344e-09,", Learning rate:",2.236886739786474e-06,", Number of training points (boundary):",4800,", Number of training points (interior):",30000,", VRAM allocated:",0,", VRAM reserved:",0
299100,Training Loss:,3.1081559548340465e-09,", Learning rate:",2.236886739786474e-06,", Number of training points (boundary):",4800,", Number of training points (interior):",30000,", VRAM allocated:",0,", VRAM reserved:",0
299200,Training Loss:,3.1068578820736548e-09,", Learning rate:",2.236886739786474e-06,", Number of training points (boundary):",4800,", Number of training points (interior):",30000,", VRAM allocated:",0,", VRAM reserved:",0
299300,Training Loss:,3.105592671914792e-09,", Learning rate:",2.236886739786474e-06,", Number of training points (boundary):",4800,", Number of training points (interior):",30000,", VRAM allocated:",0,", VRAM reserved:",0
299400,Training Loss:,3.1042406423154034e-09,", Learning rate:",2.236886739786474e-06,", Number of training points (boundary):",4800,", Number of training points (interior):",30000,", VRAM allocated:",0,", VRAM reserved:",0
299500,Training Loss:,4.868748959552249e-09,", Learning rate:",2.236886739786474e-06,", Number of training points (boundary):",4800,", Number of training points (interior):",30000,", VRAM allocated:",0,", VRAM reserved:",0
299600,Training Loss:,3.1021112345541724e-09,", Learning rate:",2.236886739786474e-06,", Number of training points (boundary):",4800,", Number of training points (interior):",30000,", VRAM allocated:",0,", VRAM reserved:",0
299700,Training Loss:,3.100821377444163e-09,", Learning rate:",2.236886739786474e-06,", Number of training points (boundary):",4800,", Number of training points (interior):",30000,", VRAM allocated:",0,", VRAM reserved:",0
299800,Training Loss:,3.099829282149358e-09,", Learning rate:",2.236886739786474e-06,", Number of training points (boundary):",4800,", Number of training points (interior):",30000,", VRAM allocated:",0,", VRAM reserved:",0
299900,Training Loss:,3.0989382171497937e-09,", Learning rate:",2.236886739786474e-06,", Number of training points (boundary):",4800,", Number of training points (interior):",30000,", VRAM allocated:",0,", VRAM reserved:",0
300000,Training Loss:,3.0978399845338345e-09,", Learning rate:",2.214517872388609e-06,", Number of training points (boundary):",4800,", Number of training points (interior):",30000,", VRAM allocated:",0,", VRAM reserved:",0
300100,Training Loss:,3.096745748720764e-09,", Learning rate:",2.214517872388609e-06,", Number of training points (boundary):",4800,", Number of training points (interior):",30000,", VRAM allocated:",0,", VRAM reserved:",0
300200,Training Loss:,3.0955984442471163e-09,", Learning rate:",2.214517872388609e-06,", Number of training points (boundary):",4800,", Number of training points (interior):",30000,", VRAM allocated:",0,", VRAM reserved:",0
300300,Training Loss:,3.0946580853452588e-09,", Learning rate:",2.214517872388609e-06,", Number of training points (boundary):",4800,", Number of training points (interior):",30000,", VRAM allocated:",0,", VRAM reserved:",0
300400,Training Loss:,3.093449496560652e-09,", Learning rate:",2.214517872388609e-06,", Number of training points (boundary):",4800,", Number of training points (interior):",30000,", VRAM allocated:",0,", VRAM reserved:",0
300500,Training Loss:,3.0923068550237076e-09,", Learning rate:",2.214517872388609e-06,", Number of training points (boundary):",4800,", Number of training points (interior):",30000,", VRAM allocated:",0,", VRAM reserved:",0
300600,Training Loss:,3.091221278950229e-09,", Learning rate:",2.214517872388609e-06,", Number of training points (boundary):",4800,", Number of training points (interior):",30000,", VRAM allocated:",0,", VRAM reserved:",0
300700,Training Loss:,3.0899671710216126e-09,", Learning rate:",2.214517872388609e-06,", Number of training points (boundary):",4800,", Number of training points (interior):",30000,", VRAM allocated:",0,", VRAM reserved:",0
300800,Training Loss:,3.088701738818145e-09,", Learning rate:",2.214517872388609e-06,", Number of training points (boundary):",4800,", Number of training points (interior):",30000,", VRAM allocated:",0,", VRAM reserved:",0
300900,Training Loss:,3.0875297873933505e-09,", Learning rate:",2.214517872388609e-06,", Number of training points (boundary):",4800,", Number of training points (interior):",30000,", VRAM allocated:",0,", VRAM reserved:",0
301000,Training Loss:,3.086296107568387e-09,", Learning rate:",2.214517872388609e-06,", Number of training points (boundary):",4800,", Number of training points (interior):",30000,", VRAM allocated:",0,", VRAM reserved:",0
301100,Training Loss:,3.084862365554386e-09,", Learning rate:",2.214517872388609e-06,", Number of training points (boundary):",4800,", Number of training points (interior):",30000,", VRAM allocated:",0,", VRAM reserved:",0
301200,Training Loss:,3.0836702080705436e-09,", Learning rate:",2.214517872388609e-06,", Number of training points (boundary):",4800,", Number of training points (interior):",30000,", VRAM allocated:",0,", VRAM reserved:",0
301300,Training Loss:,3.082342381333092e-09,", Learning rate:",2.214517872388609e-06,", Number of training points (boundary):",4800,", Number of training points (interior):",30000,", VRAM allocated:",0,", VRAM reserved:",0
301400,Training Loss:,3.2680509409743763e-09,", Learning rate:",2.214517872388609e-06,", Number of training points (boundary):",4800,", Number of training points (interior):",30000,", VRAM allocated:",0,", VRAM reserved:",0
301500,Training Loss:,3.080050214876451e-09,", Learning rate:",2.214517872388609e-06,", Number of training points (boundary):",4800,", Number of training points (interior):",30000,", VRAM allocated:",0,", VRAM reserved:",0
301600,Training Loss:,3.078974630810194e-09,", Learning rate:",2.214517872388609e-06,", Number of training points (boundary):",4800,", Number of training points (interior):",30000,", VRAM allocated:",0,", VRAM reserved:",0
301700,Training Loss:,3.078175048187859e-09,", Learning rate:",2.214517872388609e-06,", Number of training points (boundary):",4800,", Number of training points (interior):",30000,", VRAM allocated:",0,", VRAM reserved:",0
301800,Training Loss:,3.0769760073212638e-09,", Learning rate:",2.214517872388609e-06,", Number of training points (boundary):",4800,", Number of training points (interior):",30000,", VRAM allocated:",0,", VRAM reserved:",0
301900,Training Loss:,3.076057186746084e-09,", Learning rate:",2.214517872388609e-06,", Number of training points (boundary):",4800,", Number of training points (interior):",30000,", VRAM allocated:",0,", VRAM reserved:",0
302000,Training Loss:,3.0748628088161922e-09,", Learning rate:",2.192372693664723e-06,", Number of training points (boundary):",4800,", Number of training points (interior):",30000,", VRAM allocated:",0,", VRAM reserved:",0
302100,Training Loss:,3.073921117646705e-09,", Learning rate:",2.192372693664723e-06,", Number of training points (boundary):",4800,", Number of training points (interior):",30000,", VRAM allocated:",0,", VRAM reserved:",0
302200,Training Loss:,3.0728537492308305e-09,", Learning rate:",2.192372693664723e-06,", Number of training points (boundary):",4800,", Number of training points (interior):",30000,", VRAM allocated:",0,", VRAM reserved:",0
302300,Training Loss:,3.0717306476191197e-09,", Learning rate:",2.192372693664723e-06,", Number of training points (boundary):",4800,", Number of training points (interior):",30000,", VRAM allocated:",0,", VRAM reserved:",0
302400,Training Loss:,3.070584009279287e-09,", Learning rate:",2.192372693664723e-06,", Number of training points (boundary):",4800,", Number of training points (interior):",30000,", VRAM allocated:",0,", VRAM reserved:",0
302500,Training Loss:,3.0695153085957827e-09,", Learning rate:",2.192372693664723e-06,", Number of training points (boundary):",4800,", Number of training points (interior):",30000,", VRAM allocated:",0,", VRAM reserved:",0
302600,Training Loss:,3.068222786950514e-09,", Learning rate:",2.192372693664723e-06,", Number of training points (boundary):",4800,", Number of training points (interior):",30000,", VRAM allocated:",0,", VRAM reserved:",0
302700,Training Loss:,3.0669720096909714e-09,", Learning rate:",2.192372693664723e-06,", Number of training points (boundary):",4800,", Number of training points (interior):",30000,", VRAM allocated:",0,", VRAM reserved:",0
302800,Training Loss:,3.065703024773825e-09,", Learning rate:",2.192372693664723e-06,", Number of training points (boundary):",4800,", Number of training points (interior):",30000,", VRAM allocated:",0,", VRAM reserved:",0
302900,Training Loss:,3.064535958330339e-09,", Learning rate:",2.192372693664723e-06,", Number of training points (boundary):",4800,", Number of training points (interior):",30000,", VRAM allocated:",0,", VRAM reserved:",0
303000,Training Loss:,3.063246989398749e-09,", Learning rate:",2.192372693664723e-06,", Number of training points (boundary):",4800,", Number of training points (interior):",30000,", VRAM allocated:",0,", VRAM reserved:",0
303100,Training Loss:,3.0774158776836202e-09,", Learning rate:",2.192372693664723e-06,", Number of training points (boundary):",4800,", Number of training points (interior):",30000,", VRAM allocated:",0,", VRAM reserved:",0
303200,Training Loss:,3.061165543272182e-09,", Learning rate:",2.192372693664723e-06,", Number of training points (boundary):",4800,", Number of training points (interior):",30000,", VRAM allocated:",0,", VRAM reserved:",0
303300,Training Loss:,3.0601912115457708e-09,", Learning rate:",2.192372693664723e-06,", Number of training points (boundary):",4800,", Number of training points (interior):",30000,", VRAM allocated:",0,", VRAM reserved:",0
303400,Training Loss:,3.059166253649437e-09,", Learning rate:",2.192372693664723e-06,", Number of training points (boundary):",4800,", Number of training points (interior):",30000,", VRAM allocated:",0,", VRAM reserved:",0
303500,Training Loss:,3.0580449283945654e-09,", Learning rate:",2.192372693664723e-06,", Number of training points (boundary):",4800,", Number of training points (interior):",30000,", VRAM allocated:",0,", VRAM reserved:",0
303600,Training Loss:,3.057047504029242e-09,", Learning rate:",2.192372693664723e-06,", Number of training points (boundary):",4800,", Number of training points (interior):",30000,", VRAM allocated:",0,", VRAM reserved:",0
303700,Training Loss:,3.0559976771371566e-09,", Learning rate:",2.192372693664723e-06,", Number of training points (boundary):",4800,", Number of training points (interior):",30000,", VRAM allocated:",0,", VRAM reserved:",0
303800,Training Loss:,3.0549369700594298e-09,", Learning rate:",2.192372693664723e-06,", Number of training points (boundary):",4800,", Number of training points (interior):",30000,", VRAM allocated:",0,", VRAM reserved:",0
303900,Training Loss:,3.053894248594702e-09,", Learning rate:",2.192372693664723e-06,", Number of training points (boundary):",4800,", Number of training points (interior):",30000,", VRAM allocated:",0,", VRAM reserved:",0
304000,Training Loss:,3.052717412188599e-09,", Learning rate:",2.1704489667280756e-06,", Number of training points (boundary):",4800,", Number of training points (interior):",30000,", VRAM allocated:",0,", VRAM reserved:",0
304100,Training Loss:,3.0515847626588766e-09,", Learning rate:",2.1704489667280756e-06,", Number of training points (boundary):",4800,", Number of training points (interior):",30000,", VRAM allocated:",0,", VRAM reserved:",0
304200,Training Loss:,3.050401486959231e-09,", Learning rate:",2.1704489667280756e-06,", Number of training points (boundary):",4800,", Number of training points (interior):",30000,", VRAM allocated:",0,", VRAM reserved:",0
304300,Training Loss:,3.0492952607374946e-09,", Learning rate:",2.1704489667280756e-06,", Number of training points (boundary):",4800,", Number of training points (interior):",30000,", VRAM allocated:",0,", VRAM reserved:",0
304400,Training Loss:,3.0481763779732773e-09,", Learning rate:",2.1704489667280756e-06,", Number of training points (boundary):",4800,", Number of training points (interior):",30000,", VRAM allocated:",0,", VRAM reserved:",0
304500,Training Loss:,3.046817464991136e-09,", Learning rate:",2.1704489667280756e-06,", Number of training points (boundary):",4800,", Number of training points (interior):",30000,", VRAM allocated:",0,", VRAM reserved:",0
304600,Training Loss:,3.045559138215026e-09,", Learning rate:",2.1704489667280756e-06,", Number of training points (boundary):",4800,", Number of training points (interior):",30000,", VRAM allocated:",0,", VRAM reserved:",0
304700,Training Loss:,3.044356766679357e-09,", Learning rate:",2.1704489667280756e-06,", Number of training points (boundary):",4800,", Number of training points (interior):",30000,", VRAM allocated:",0,", VRAM reserved:",0
304800,Training Loss:,7.200643192817324e-09,", Learning rate:",2.1704489667280756e-06,", Number of training points (boundary):",4800,", Number of training points (interior):",30000,", VRAM allocated:",0,", VRAM reserved:",0
304900,Training Loss:,3.0422309116318047e-09,", Learning rate:",2.1704489667280756e-06,", Number of training points (boundary):",4800,", Number of training points (interior):",30000,", VRAM allocated:",0,", VRAM reserved:",0
305000,Training Loss:,3.0410696183480468e-09,", Learning rate:",2.1704489667280756e-06,", Number of training points (boundary):",4800,", Number of training points (interior):",30000,", VRAM allocated:",0,", VRAM reserved:",0
305100,Training Loss:,3.0401379191857814e-09,", Learning rate:",2.1704489667280756e-06,", Number of training points (boundary):",4800,", Number of training points (interior):",30000,", VRAM allocated:",0,", VRAM reserved:",0
305200,Training Loss:,3.03920866251417e-09,", Learning rate:",2.1704489667280756e-06,", Number of training points (boundary):",4800,", Number of training points (interior):",30000,", VRAM allocated:",0,", VRAM reserved:",0
305300,Training Loss:,3.038109541719791e-09,", Learning rate:",2.1704489667280756e-06,", Number of training points (boundary):",4800,", Number of training points (interior):",30000,", VRAM allocated:",0,", VRAM reserved:",0
305400,Training Loss:,3.0370634895859894e-09,", Learning rate:",2.1704489667280756e-06,", Number of training points (boundary):",4800,", Number of training points (interior):",30000,", VRAM allocated:",0,", VRAM reserved:",0
305500,Training Loss:,3.036191298377844e-09,", Learning rate:",2.1704489667280756e-06,", Number of training points (boundary):",4800,", Number of training points (interior):",30000,", VRAM allocated:",0,", VRAM reserved:",0
305600,Training Loss:,3.0351501312253504e-09,", Learning rate:",2.1704489667280756e-06,", Number of training points (boundary):",4800,", Number of training points (interior):",30000,", VRAM allocated:",0,", VRAM reserved:",0
305700,Training Loss:,3.0341695822500014e-09,", Learning rate:",2.1704489667280756e-06,", Number of training points (boundary):",4800,", Number of training points (interior):",30000,", VRAM allocated:",0,", VRAM reserved:",0
305800,Training Loss:,3.0330356004526493e-09,", Learning rate:",2.1704489667280756e-06,", Number of training points (boundary):",4800,", Number of training points (interior):",30000,", VRAM allocated:",0,", VRAM reserved:",0
305900,Training Loss:,3.0319395882827394e-09,", Learning rate:",2.1704489667280756e-06,", Number of training points (boundary):",4800,", Number of training points (interior):",30000,", VRAM allocated:",0,", VRAM reserved:",0
306000,Training Loss:,3.0307609755197973e-09,", Learning rate:",2.1487444770607947e-06,", Number of training points (boundary):",4800,", Number of training points (interior):",30000,", VRAM allocated:",0,", VRAM reserved:",0
306100,Training Loss:,3.029692274836293e-09,", Learning rate:",2.1487444770607947e-06,", Number of training points (boundary):",4800,", Number of training points (interior):",30000,", VRAM allocated:",0,", VRAM reserved:",0
306200,Training Loss:,3.028487682854575e-09,", Learning rate:",2.1487444770607947e-06,", Number of training points (boundary):",4800,", Number of training points (interior):",30000,", VRAM allocated:",0,", VRAM reserved:",0
306300,Training Loss:,3.027343487005396e-09,", Learning rate:",2.1487444770607947e-06,", Number of training points (boundary):",4800,", Number of training points (interior):",30000,", VRAM allocated:",0,", VRAM reserved:",0
306400,Training Loss:,3.026076056400484e-09,", Learning rate:",2.1487444770607947e-06,", Number of training points (boundary):",4800,", Number of training points (interior):",30000,", VRAM allocated:",0,", VRAM reserved:",0
306500,Training Loss:,3.024880124158358e-09,", Learning rate:",2.1487444770607947e-06,", Number of training points (boundary):",4800,", Number of training points (interior):",30000,", VRAM allocated:",0,", VRAM reserved:",0
306600,Training Loss:,3.0236284587203954e-09,", Learning rate:",2.1487444770607947e-06,", Number of training points (boundary):",4800,", Number of training points (interior):",30000,", VRAM allocated:",0,", VRAM reserved:",0
306700,Training Loss:,3.296846351474869e-09,", Learning rate:",2.1487444770607947e-06,", Number of training points (boundary):",4800,", Number of training points (interior):",30000,", VRAM allocated:",0,", VRAM reserved:",0
306800,Training Loss:,3.021441541406489e-09,", Learning rate:",2.1487444770607947e-06,", Number of training points (boundary):",4800,", Number of training points (interior):",30000,", VRAM allocated:",0,", VRAM reserved:",0
306900,Training Loss:,3.0205475898270606e-09,", Learning rate:",2.1487444770607947e-06,", Number of training points (boundary):",4800,", Number of training points (interior):",30000,", VRAM allocated:",0,", VRAM reserved:",0
307000,Training Loss:,3.0196065647913883e-09,", Learning rate:",2.1487444770607947e-06,", Number of training points (boundary):",4800,", Number of training points (interior):",30000,", VRAM allocated:",0,", VRAM reserved:",0
307100,Training Loss:,3.0185962618389794e-09,", Learning rate:",2.1487444770607947e-06,", Number of training points (boundary):",4800,", Number of training points (interior):",30000,", VRAM allocated:",0,", VRAM reserved:",0
307200,Training Loss:,3.0177107479545384e-09,", Learning rate:",2.1487444770607947e-06,", Number of training points (boundary):",4800,", Number of training points (interior):",30000,", VRAM allocated:",0,", VRAM reserved:",0
307300,Training Loss:,3.016689564816488e-09,", Learning rate:",2.1487444770607947e-06,", Number of training points (boundary):",4800,", Number of training points (interior):",30000,", VRAM allocated:",0,", VRAM reserved:",0
307400,Training Loss:,3.0156876995590665e-09,", Learning rate:",2.1487444770607947e-06,", Number of training points (boundary):",4800,", Number of training points (interior):",30000,", VRAM allocated:",0,", VRAM reserved:",0
307500,Training Loss:,3.0146392049346105e-09,", Learning rate:",2.1487444770607947e-06,", Number of training points (boundary):",4800,", Number of training points (interior):",30000,", VRAM allocated:",0,", VRAM reserved:",0
307600,Training Loss:,3.013595595291463e-09,", Learning rate:",2.1487444770607947e-06,", Number of training points (boundary):",4800,", Number of training points (interior):",30000,", VRAM allocated:",0,", VRAM reserved:",0
307700,Training Loss:,3.0126727779133944e-09,", Learning rate:",2.1487444770607947e-06,", Number of training points (boundary):",4800,", Number of training points (interior):",30000,", VRAM allocated:",0,", VRAM reserved:",0
307800,Training Loss:,3.0116453775264063e-09,", Learning rate:",2.1487444770607947e-06,", Number of training points (boundary):",4800,", Number of training points (interior):",30000,", VRAM allocated:",0,", VRAM reserved:",0
307900,Training Loss:,3.0103974868467276e-09,", Learning rate:",2.1487444770607947e-06,", Number of training points (boundary):",4800,", Number of training points (interior):",30000,", VRAM allocated:",0,", VRAM reserved:",0
308000,Training Loss:,3.0093756375748626e-09,", Learning rate:",2.1272570322901866e-06,", Number of training points (boundary):",4800,", Number of training points (interior):",30000,", VRAM allocated:",0,", VRAM reserved:",0
308100,Training Loss:,3.008166604701046e-09,", Learning rate:",2.1272570322901866e-06,", Number of training points (boundary):",4800,", Number of training points (interior):",30000,", VRAM allocated:",0,", VRAM reserved:",0
308200,Training Loss:,3.006978888109302e-09,", Learning rate:",2.1272570322901866e-06,", Number of training points (boundary):",4800,", Number of training points (interior):",30000,", VRAM allocated:",0,", VRAM reserved:",0
308300,Training Loss:,3.005855564452986e-09,", Learning rate:",2.1272570322901866e-06,", Number of training points (boundary):",4800,", Number of training points (interior):",30000,", VRAM allocated:",0,", VRAM reserved:",0
308400,Training Loss:,3.0046760635116243e-09,", Learning rate:",2.1272570322901866e-06,", Number of training points (boundary):",4800,", Number of training points (interior):",30000,", VRAM allocated:",0,", VRAM reserved:",0
308500,Training Loss:,3.00341485015565e-09,", Learning rate:",2.1272570322901866e-06,", Number of training points (boundary):",4800,", Number of training points (interior):",30000,", VRAM allocated:",0,", VRAM reserved:",0
308600,Training Loss:,3.0022317965006096e-09,", Learning rate:",2.1272570322901866e-06,", Number of training points (boundary):",4800,", Number of training points (interior):",30000,", VRAM allocated:",0,", VRAM reserved:",0
308700,Training Loss:,3.002873727453448e-09,", Learning rate:",2.1272570322901866e-06,", Number of training points (boundary):",4800,", Number of training points (interior):",30000,", VRAM allocated:",0,", VRAM reserved:",0
308800,Training Loss:,3.000267367880838e-09,", Learning rate:",2.1272570322901866e-06,", Number of training points (boundary):",4800,", Number of training points (interior):",30000,", VRAM allocated:",0,", VRAM reserved:",0
308900,Training Loss:,2.9992284211743936e-09,", Learning rate:",2.1272570322901866e-06,", Number of training points (boundary):",4800,", Number of training points (interior):",30000,", VRAM allocated:",0,", VRAM reserved:",0
309000,Training Loss:,2.9983071581085596e-09,", Learning rate:",2.1272570322901866e-06,", Number of training points (boundary):",4800,", Number of training points (interior):",30000,", VRAM allocated:",0,", VRAM reserved:",0
309100,Training Loss:,2.9973925563808734e-09,", Learning rate:",2.1272570322901866e-06,", Number of training points (boundary):",4800,", Number of training points (interior):",30000,", VRAM allocated:",0,", VRAM reserved:",0
309200,Training Loss:,2.996342729488788e-09,", Learning rate:",2.1272570322901866e-06,", Number of training points (boundary):",4800,", Number of training points (interior):",30000,", VRAM allocated:",0,", VRAM reserved:",0
309300,Training Loss:,2.9952946789535417e-09,", Learning rate:",2.1272570322901866e-06,", Number of training points (boundary):",4800,", Number of training points (interior):",30000,", VRAM allocated:",0,", VRAM reserved:",0
309400,Training Loss:,2.9942821555550836e-09,", Learning rate:",2.1272570322901866e-06,", Number of training points (boundary):",4800,", Number of training points (interior):",30000,", VRAM allocated:",0,", VRAM reserved:",0
309500,Training Loss:,2.9932303302615537e-09,", Learning rate:",2.1272570322901866e-06,", Number of training points (boundary):",4800,", Number of training points (interior):",30000,", VRAM allocated:",0,", VRAM reserved:",0
309600,Training Loss:,2.992169179094617e-09,", Learning rate:",2.1272570322901866e-06,", Number of training points (boundary):",4800,", Number of training points (interior):",30000,", VRAM allocated:",0,", VRAM reserved:",0
309700,Training Loss:,2.9910720567016824e-09,", Learning rate:",2.1272570322901866e-06,", Number of training points (boundary):",4800,", Number of training points (interior):",30000,", VRAM allocated:",0,", VRAM reserved:",0
309800,Training Loss:,2.989933189923022e-09,", Learning rate:",2.1272570322901866e-06,", Number of training points (boundary):",4800,", Number of training points (interior):",30000,", VRAM allocated:",0,", VRAM reserved:",0
309900,Training Loss:,2.9887021746333176e-09,", Learning rate:",2.1272570322901866e-06,", Number of training points (boundary):",4800,", Number of training points (interior):",30000,", VRAM allocated:",0,", VRAM reserved:",0
310000,Training Loss:,2.9876390250649365e-09,", Learning rate:",2.1059844619672846e-06,", Number of training points (boundary):",4800,", Number of training points (interior):",30000,", VRAM allocated:",0,", VRAM reserved:",0
310100,Training Loss:,2.9864164474702193e-09,", Learning rate:",2.1059844619672846e-06,", Number of training points (boundary):",4800,", Number of training points (interior):",30000,", VRAM allocated:",0,", VRAM reserved:",0
310200,Training Loss:,2.9852809113606327e-09,", Learning rate:",2.1059844619672846e-06,", Number of training points (boundary):",4800,", Number of training points (interior):",30000,", VRAM allocated:",0,", VRAM reserved:",0
310300,Training Loss:,3.0130216099877316e-09,", Learning rate:",2.1059844619672846e-06,", Number of training points (boundary):",4800,", Number of training points (interior):",30000,", VRAM allocated:",0,", VRAM reserved:",0
310400,Training Loss:,2.98324520642268e-09,", Learning rate:",2.1059844619672846e-06,", Number of training points (boundary):",4800,", Number of training points (interior):",30000,", VRAM allocated:",0,", VRAM reserved:",0
310500,Training Loss:,2.9823128411265998e-09,", Learning rate:",2.1059844619672846e-06,", Number of training points (boundary):",4800,", Number of training points (interior):",30000,", VRAM allocated:",0,", VRAM reserved:",0
310600,Training Loss:,2.981340729846238e-09,", Learning rate:",2.1059844619672846e-06,", Number of training points (boundary):",4800,", Number of training points (interior):",30000,", VRAM allocated:",0,", VRAM reserved:",0
310700,Training Loss:,2.9803737255917895e-09,", Learning rate:",2.1059844619672846e-06,", Number of training points (boundary):",4800,", Number of training points (interior):",30000,", VRAM allocated:",0,", VRAM reserved:",0
310800,Training Loss:,2.9794711142727692e-09,", Learning rate:",2.1059844619672846e-06,", Number of training points (boundary):",4800,", Number of training points (interior):",30000,", VRAM allocated:",0,", VRAM reserved:",0
310900,Training Loss:,2.9784805732901987e-09,", Learning rate:",2.1059844619672846e-06,", Number of training points (boundary):",4800,", Number of training points (interior):",30000,", VRAM allocated:",0,", VRAM reserved:",0
311000,Training Loss:,2.9774389620484953e-09,", Learning rate:",2.1059844619672846e-06,", Number of training points (boundary):",4800,", Number of training points (interior):",30000,", VRAM allocated:",0,", VRAM reserved:",0
311100,Training Loss:,2.976471291660232e-09,", Learning rate:",2.1059844619672846e-06,", Number of training points (boundary):",4800,", Number of training points (interior):",30000,", VRAM allocated:",0,", VRAM reserved:",0
311200,Training Loss:,2.9754305685969484e-09,", Learning rate:",2.1059844619672846e-06,", Number of training points (boundary):",4800,", Number of training points (interior):",30000,", VRAM allocated:",0,", VRAM reserved:",0
311300,Training Loss:,2.9743056906283982e-09,", Learning rate:",2.1059844619672846e-06,", Number of training points (boundary):",4800,", Number of training points (interior):",30000,", VRAM allocated:",0,", VRAM reserved:",0
311400,Training Loss:,2.973275847750756e-09,", Learning rate:",2.1059844619672846e-06,", Number of training points (boundary):",4800,", Number of training points (interior):",30000,", VRAM allocated:",0,", VRAM reserved:",0
311500,Training Loss:,2.9721729521980933e-09,", Learning rate:",2.1059844619672846e-06,", Number of training points (boundary):",4800,", Number of training points (interior):",30000,", VRAM allocated:",0,", VRAM reserved:",0
311600,Training Loss:,2.9711118010311566e-09,", Learning rate:",2.1059844619672846e-06,", Number of training points (boundary):",4800,", Number of training points (interior):",30000,", VRAM allocated:",0,", VRAM reserved:",0
311700,Training Loss:,2.9699063208710186e-09,", Learning rate:",2.1059844619672846e-06,", Number of training points (boundary):",4800,", Number of training points (interior):",30000,", VRAM allocated:",0,", VRAM reserved:",0
311800,Training Loss:,2.968794543534159e-09,", Learning rate:",2.1059844619672846e-06,", Number of training points (boundary):",4800,", Number of training points (interior):",30000,", VRAM allocated:",0,", VRAM reserved:",0
311900,Training Loss:,2.9675102375392726e-09,", Learning rate:",2.1059844619672846e-06,", Number of training points (boundary):",4800,", Number of training points (interior):",30000,", VRAM allocated:",0,", VRAM reserved:",0
312000,Training Loss:,2.9663729250728466e-09,", Learning rate:",2.0849246173476117e-06,", Number of training points (boundary):",4800,", Number of training points (interior):",30000,", VRAM allocated:",0,", VRAM reserved:",0
312100,Training Loss:,3.8518717104807365e-09,", Learning rate:",2.0849246173476117e-06,", Number of training points (boundary):",4800,", Number of training points (interior):",30000,", VRAM allocated:",0,", VRAM reserved:",0
312200,Training Loss:,2.964212431066926e-09,", Learning rate:",2.0849246173476117e-06,", Number of training points (boundary):",4800,", Number of training points (interior):",30000,", VRAM allocated:",0,", VRAM reserved:",0
312300,Training Loss:,2.9632629683362666e-09,", Learning rate:",2.0849246173476117e-06,", Number of training points (boundary):",4800,", Number of training points (interior):",30000,", VRAM allocated:",0,", VRAM reserved:",0
312400,Training Loss:,2.9624480646361917e-09,", Learning rate:",2.0849246173476117e-06,", Number of training points (boundary):",4800,", Number of training points (interior):",30000,", VRAM allocated:",0,", VRAM reserved:",0
312500,Training Loss:,2.9616491481476714e-09,", Learning rate:",2.0849246173476117e-06,", Number of training points (boundary):",4800,", Number of training points (interior):",30000,", VRAM allocated:",0,", VRAM reserved:",0
312600,Training Loss:,2.9606475049348546e-09,", Learning rate:",2.0849246173476117e-06,", Number of training points (boundary):",4800,", Number of training points (interior):",30000,", VRAM allocated:",0,", VRAM reserved:",0
312700,Training Loss:,2.959662515067407e-09,", Learning rate:",2.0849246173476117e-06,", Number of training points (boundary):",4800,", Number of training points (interior):",30000,", VRAM allocated:",0,", VRAM reserved:",0
312800,Training Loss:,2.9587847727441385e-09,", Learning rate:",2.0849246173476117e-06,", Number of training points (boundary):",4800,", Number of training points (interior):",30000,", VRAM allocated:",0,", VRAM reserved:",0
312900,Training Loss:,2.957746936260719e-09,", Learning rate:",2.0849246173476117e-06,", Number of training points (boundary):",4800,", Number of training points (interior):",30000,", VRAM allocated:",0,", VRAM reserved:",0
313000,Training Loss:,2.9568620885100927e-09,", Learning rate:",2.0849246173476117e-06,", Number of training points (boundary):",4800,", Number of training points (interior):",30000,", VRAM allocated:",0,", VRAM reserved:",0
313100,Training Loss:,2.955830025186401e-09,", Learning rate:",2.0849246173476117e-06,", Number of training points (boundary):",4800,", Number of training points (interior):",30000,", VRAM allocated:",0,", VRAM reserved:",0
313200,Training Loss:,2.954805511379277e-09,", Learning rate:",2.0849246173476117e-06,", Number of training points (boundary):",4800,", Number of training points (interior):",30000,", VRAM allocated:",0,", VRAM reserved:",0
313300,Training Loss:,2.9538305135190512e-09,", Learning rate:",2.0849246173476117e-06,", Number of training points (boundary):",4800,", Number of training points (interior):",30000,", VRAM allocated:",0,", VRAM reserved:",0
313400,Training Loss:,2.952658562094257e-09,", Learning rate:",2.0849246173476117e-06,", Number of training points (boundary):",4800,", Number of training points (interior):",30000,", VRAM allocated:",0,", VRAM reserved:",0
313500,Training Loss:,2.951606958845332e-09,", Learning rate:",2.0849246173476117e-06,", Number of training points (boundary):",4800,", Number of training points (interior):",30000,", VRAM allocated:",0,", VRAM reserved:",0
313600,Training Loss:,2.950365951548406e-09,", Learning rate:",2.0849246173476117e-06,", Number of training points (boundary):",4800,", Number of training points (interior):",30000,", VRAM allocated:",0,", VRAM reserved:",0
313700,Training Loss:,2.9493987252493525e-09,", Learning rate:",2.0849246173476117e-06,", Number of training points (boundary):",4800,", Number of training points (interior):",30000,", VRAM allocated:",0,", VRAM reserved:",0
313800,Training Loss:,2.9482045693640657e-09,", Learning rate:",2.0849246173476117e-06,", Number of training points (boundary):",4800,", Number of training points (interior):",30000,", VRAM allocated:",0,", VRAM reserved:",0
313900,Training Loss:,2.9788758126869652e-09,", Learning rate:",2.0849246173476117e-06,", Number of training points (boundary):",4800,", Number of training points (interior):",30000,", VRAM allocated:",0,", VRAM reserved:",0
314000,Training Loss:,2.9461171280331655e-09,", Learning rate:",2.0640753711741356e-06,", Number of training points (boundary):",4800,", Number of training points (interior):",30000,", VRAM allocated:",0,", VRAM reserved:",0
314100,Training Loss:,2.9452205119184782e-09,", Learning rate:",2.0640753711741356e-06,", Number of training points (boundary):",4800,", Number of training points (interior):",30000,", VRAM allocated:",0,", VRAM reserved:",0
314200,Training Loss:,2.9443605331636036e-09,", Learning rate:",2.0640753711741356e-06,", Number of training points (boundary):",4800,", Number of training points (interior):",30000,", VRAM allocated:",0,", VRAM reserved:",0
314300,Training Loss:,2.943432830804227e-09,", Learning rate:",2.0640753711741356e-06,", Number of training points (boundary):",4800,", Number of training points (interior):",30000,", VRAM allocated:",0,", VRAM reserved:",0
314400,Training Loss:,2.942578847253685e-09,", Learning rate:",2.0640753711741356e-06,", Number of training points (boundary):",4800,", Number of training points (interior):",30000,", VRAM allocated:",0,", VRAM reserved:",0
314500,Training Loss:,2.941563659319968e-09,", Learning rate:",2.0640753711741356e-06,", Number of training points (boundary):",4800,", Number of training points (interior):",30000,", VRAM allocated:",0,", VRAM reserved:",0
314600,Training Loss:,2.9406908019780076e-09,", Learning rate:",2.0640753711741356e-06,", Number of training points (boundary):",4800,", Number of training points (interior):",30000,", VRAM allocated:",0,", VRAM reserved:",0
314700,Training Loss:,2.9395419431921255e-09,", Learning rate:",2.0640753711741356e-06,", Number of training points (boundary):",4800,", Number of training points (interior):",30000,", VRAM allocated:",0,", VRAM reserved:",0
314800,Training Loss:,2.938581156186615e-09,", Learning rate:",2.0640753711741356e-06,", Number of training points (boundary):",4800,", Number of training points (interior):",30000,", VRAM allocated:",0,", VRAM reserved:",0
314900,Training Loss:,2.937597498586797e-09,", Learning rate:",2.0640753711741356e-06,", Number of training points (boundary):",4800,", Number of training points (interior):",30000,", VRAM allocated:",0,", VRAM reserved:",0
315000,Training Loss:,2.936543452847218e-09,", Learning rate:",2.0640753711741356e-06,", Number of training points (boundary):",4800,", Number of training points (interior):",30000,", VRAM allocated:",0,", VRAM reserved:",0
315100,Training Loss:,2.935535592385463e-09,", Learning rate:",2.0640753711741356e-06,", Number of training points (boundary):",4800,", Number of training points (interior):",30000,", VRAM allocated:",0,", VRAM reserved:",0
315200,Training Loss:,2.9343798502168283e-09,", Learning rate:",2.0640753711741356e-06,", Number of training points (boundary):",4800,", Number of training points (interior):",30000,", VRAM allocated:",0,", VRAM reserved:",0
315300,Training Loss:,2.933323361986595e-09,", Learning rate:",2.0640753711741356e-06,", Number of training points (boundary):",4800,", Number of training points (interior):",30000,", VRAM allocated:",0,", VRAM reserved:",0
315400,Training Loss:,2.9321660655057258e-09,", Learning rate:",2.0640753711741356e-06,", Number of training points (boundary):",4800,", Number of training points (interior):",30000,", VRAM allocated:",0,", VRAM reserved:",0
315500,Training Loss:,2.9310229798795717e-09,", Learning rate:",2.0640753711741356e-06,", Number of training points (boundary):",4800,", Number of training points (interior):",30000,", VRAM allocated:",0,", VRAM reserved:",0
315600,Training Loss:,2.9299076498290333e-09,", Learning rate:",2.0640753711741356e-06,", Number of training points (boundary):",4800,", Number of training points (interior):",30000,", VRAM allocated:",0,", VRAM reserved:",0
315700,Training Loss:,2.938199239466144e-09,", Learning rate:",2.0640753711741356e-06,", Number of training points (boundary):",4800,", Number of training points (interior):",30000,", VRAM allocated:",0,", VRAM reserved:",0
315800,Training Loss:,2.927876385783179e-09,", Learning rate:",2.0640753711741356e-06,", Number of training points (boundary):",4800,", Number of training points (interior):",30000,", VRAM allocated:",0,", VRAM reserved:",0
315900,Training Loss:,2.9270965651306824e-09,", Learning rate:",2.0640753711741356e-06,", Number of training points (boundary):",4800,", Number of training points (interior):",30000,", VRAM allocated:",0,", VRAM reserved:",0
316000,Training Loss:,2.926143549686344e-09,", Learning rate:",2.0434346174623943e-06,", Number of training points (boundary):",4800,", Number of training points (interior):",30000,", VRAM allocated:",0,", VRAM reserved:",0
316100,Training Loss:,2.9253874878065744e-09,", Learning rate:",2.0434346174623943e-06,", Number of training points (boundary):",4800,", Number of training points (interior):",30000,", VRAM allocated:",0,", VRAM reserved:",0
316200,Training Loss:,2.9245068589034418e-09,", Learning rate:",2.0434346174623943e-06,", Number of training points (boundary):",4800,", Number of training points (interior):",30000,", VRAM allocated:",0,", VRAM reserved:",0
316300,Training Loss:,2.9236402188104194e-09,", Learning rate:",2.0434346174623943e-06,", Number of training points (boundary):",4800,", Number of training points (interior):",30000,", VRAM allocated:",0,", VRAM reserved:",0
316400,Training Loss:,2.9227120723618327e-09,", Learning rate:",2.0434346174623943e-06,", Number of training points (boundary):",4800,", Number of training points (interior):",30000,", VRAM allocated:",0,", VRAM reserved:",0
316500,Training Loss:,2.9217919195190234e-09,", Learning rate:",2.0434346174623943e-06,", Number of training points (boundary):",4800,", Number of training points (interior):",30000,", VRAM allocated:",0,", VRAM reserved:",0
316600,Training Loss:,2.920896191582756e-09,", Learning rate:",2.0434346174623943e-06,", Number of training points (boundary):",4800,", Number of training points (interior):",30000,", VRAM allocated:",0,", VRAM reserved:",0
316700,Training Loss:,2.919959607439182e-09,", Learning rate:",2.0434346174623943e-06,", Number of training points (boundary):",4800,", Number of training points (interior):",30000,", VRAM allocated:",0,", VRAM reserved:",0
316800,Training Loss:,2.9189302086507496e-09,", Learning rate:",2.0434346174623943e-06,", Number of training points (boundary):",4800,", Number of training points (interior):",30000,", VRAM allocated:",0,", VRAM reserved:",0
316900,Training Loss:,2.9178823801601084e-09,", Learning rate:",2.0434346174623943e-06,", Number of training points (boundary):",4800,", Number of training points (interior):",30000,", VRAM allocated:",0,", VRAM reserved:",0
317000,Training Loss:,2.9170001969447412e-09,", Learning rate:",2.0434346174623943e-06,", Number of training points (boundary):",4800,", Number of training points (interior):",30000,", VRAM allocated:",0,", VRAM reserved:",0
317100,Training Loss:,2.915949481874236e-09,", Learning rate:",2.0434346174623943e-06,", Number of training points (boundary):",4800,", Number of training points (interior):",30000,", VRAM allocated:",0,", VRAM reserved:",0
317200,Training Loss:,2.9148574665072147e-09,", Learning rate:",2.0434346174623943e-06,", Number of training points (boundary):",4800,", Number of training points (interior):",30000,", VRAM allocated:",0,", VRAM reserved:",0
317300,Training Loss:,2.91370083616016e-09,", Learning rate:",2.0434346174623943e-06,", Number of training points (boundary):",4800,", Number of training points (interior):",30000,", VRAM allocated:",0,", VRAM reserved:",0
317400,Training Loss:,2.912543095590081e-09,", Learning rate:",2.0434346174623943e-06,", Number of training points (boundary):",4800,", Number of training points (interior):",30000,", VRAM allocated:",0,", VRAM reserved:",0
317500,Training Loss:,2.9114994859469334e-09,", Learning rate:",2.0434346174623943e-06,", Number of training points (boundary):",4800,", Number of training points (interior):",30000,", VRAM allocated:",0,", VRAM reserved:",0
317600,Training Loss:,2.9353470765158818e-09,", Learning rate:",2.0434346174623943e-06,", Number of training points (boundary):",4800,", Number of training points (interior):",30000,", VRAM allocated:",0,", VRAM reserved:",0
317700,Training Loss:,2.909596563682726e-09,", Learning rate:",2.0434346174623943e-06,", Number of training points (boundary):",4800,", Number of training points (interior):",30000,", VRAM allocated:",0,", VRAM reserved:",0
317800,Training Loss:,2.9087630082358373e-09,", Learning rate:",2.0434346174623943e-06,", Number of training points (boundary):",4800,", Number of training points (interior):",30000,", VRAM allocated:",0,", VRAM reserved:",0
317900,Training Loss:,2.9079243457630355e-09,", Learning rate:",2.0434346174623943e-06,", Number of training points (boundary):",4800,", Number of training points (interior):",30000,", VRAM allocated:",0,", VRAM reserved:",0
318000,Training Loss:,2.90703772165557e-09,", Learning rate:",2.0230002712877703e-06,", Number of training points (boundary):",4800,", Number of training points (interior):",30000,", VRAM allocated:",0,", VRAM reserved:",0
318100,Training Loss:,2.906213936171298e-09,", Learning rate:",2.0230002712877703e-06,", Number of training points (boundary):",4800,", Number of training points (interior):",30000,", VRAM allocated:",0,", VRAM reserved:",0
318200,Training Loss:,2.905224505411752e-09,", Learning rate:",2.0230002712877703e-06,", Number of training points (boundary):",4800,", Number of training points (interior):",30000,", VRAM allocated:",0,", VRAM reserved:",0
318300,Training Loss:,2.904419593718899e-09,", Learning rate:",2.0230002712877703e-06,", Number of training points (boundary):",4800,", Number of training points (interior):",30000,", VRAM allocated:",0,", VRAM reserved:",0
318400,Training Loss:,2.9034907811364974e-09,", Learning rate:",2.0230002712877703e-06,", Number of training points (boundary):",4800,", Number of training points (interior):",30000,", VRAM allocated:",0,", VRAM reserved:",0
318500,Training Loss:,2.9024531666976827e-09,", Learning rate:",2.0230002712877703e-06,", Number of training points (boundary):",4800,", Number of training points (interior):",30000,", VRAM allocated:",0,", VRAM reserved:",0
318600,Training Loss:,2.901613838091066e-09,", Learning rate:",2.0230002712877703e-06,", Number of training points (boundary):",4800,", Number of training points (interior):",30000,", VRAM allocated:",0,", VRAM reserved:",0
318700,Training Loss:,2.9006825830180105e-09,", Learning rate:",2.0230002712877703e-06,", Number of training points (boundary):",4800,", Number of training points (interior):",30000,", VRAM allocated:",0,", VRAM reserved:",0
318800,Training Loss:,2.8996518519619485e-09,", Learning rate:",2.0230002712877703e-06,", Number of training points (boundary):",4800,", Number of training points (interior):",30000,", VRAM allocated:",0,", VRAM reserved:",0
318900,Training Loss:,2.8985325251085214e-09,", Learning rate:",2.0230002712877703e-06,", Number of training points (boundary):",4800,", Number of training points (interior):",30000,", VRAM allocated:",0,", VRAM reserved:",0
319000,Training Loss:,2.8975222221561125e-09,", Learning rate:",2.0230002712877703e-06,", Number of training points (boundary):",4800,", Number of training points (interior):",30000,", VRAM allocated:",0,", VRAM reserved:",0
319100,Training Loss:,2.8964617371229906e-09,", Learning rate:",2.0230002712877703e-06,", Number of training points (boundary):",4800,", Number of training points (interior):",30000,", VRAM allocated:",0,", VRAM reserved:",0
319200,Training Loss:,2.8954794117908023e-09,", Learning rate:",2.0230002712877703e-06,", Number of training points (boundary):",4800,", Number of training points (interior):",30000,", VRAM allocated:",0,", VRAM reserved:",0
319300,Training Loss:,2.8943862862007563e-09,", Learning rate:",2.0230002712877703e-06,", Number of training points (boundary):",4800,", Number of training points (interior):",30000,", VRAM allocated:",0,", VRAM reserved:",0
319400,Training Loss:,2.8932838347373036e-09,", Learning rate:",2.0230002712877703e-06,", Number of training points (boundary):",4800,", Number of training points (interior):",30000,", VRAM allocated:",0,", VRAM reserved:",0
319500,Training Loss:,2.892186046210554e-09,", Learning rate:",2.0230002712877703e-06,", Number of training points (boundary):",4800,", Number of training points (interior):",30000,", VRAM allocated:",0,", VRAM reserved:",0
319600,Training Loss:,2.891117123482445e-09,", Learning rate:",2.0230002712877703e-06,", Number of training points (boundary):",4800,", Number of training points (interior):",30000,", VRAM allocated:",0,", VRAM reserved:",0
319700,Training Loss:,2.9528579581494796e-09,", Learning rate:",2.0230002712877703e-06,", Number of training points (boundary):",4800,", Number of training points (interior):",30000,", VRAM allocated:",0,", VRAM reserved:",0
319800,Training Loss:,2.8892619408082965e-09,", Learning rate:",2.0230002712877703e-06,", Number of training points (boundary):",4800,", Number of training points (interior):",30000,", VRAM allocated:",0,", VRAM reserved:",0
319900,Training Loss:,2.888277172985454e-09,", Learning rate:",2.0230002712877703e-06,", Number of training points (boundary):",4800,", Number of training points (interior):",30000,", VRAM allocated:",0,", VRAM reserved:",0
320000,Training Loss:,2.887418526498209e-09,", Learning rate:",2.0027702685748925e-06,", Number of training points (boundary):",4800,", Number of training points (interior):",30000,", VRAM allocated:",0,", VRAM reserved:",0
320100,Training Loss:,2.886828109893713e-09,", Learning rate:",2.0027702685748925e-06,", Number of training points (boundary):",4800,", Number of training points (interior):",30000,", VRAM allocated:",0,", VRAM reserved:",0
320200,Training Loss:,2.8858202494319585e-09,", Learning rate:",2.0027702685748925e-06,", Number of training points (boundary):",4800,", Number of training points (interior):",30000,", VRAM allocated:",0,", VRAM reserved:",0
320300,Training Loss:,2.884986471940465e-09,", Learning rate:",2.0027702685748925e-06,", Number of training points (boundary):",4800,", Number of training points (interior):",30000,", VRAM allocated:",0,", VRAM reserved:",0
320400,Training Loss:,2.8842124244476963e-09,", Learning rate:",2.0027702685748925e-06,", Number of training points (boundary):",4800,", Number of training points (interior):",30000,", VRAM allocated:",0,", VRAM reserved:",0
320500,Training Loss:,2.8832876086681836e-09,", Learning rate:",2.0027702685748925e-06,", Number of training points (boundary):",4800,", Number of training points (interior):",30000,", VRAM allocated:",0,", VRAM reserved:",0
320600,Training Loss:,2.882314387164797e-09,", Learning rate:",2.0027702685748925e-06,", Number of training points (boundary):",4800,", Number of training points (interior):",30000,", VRAM allocated:",0,", VRAM reserved:",0
320700,Training Loss:,2.881396898857247e-09,", Learning rate:",2.0027702685748925e-06,", Number of training points (boundary):",4800,", Number of training points (interior):",30000,", VRAM allocated:",0,", VRAM reserved:",0
320800,Training Loss:,2.8805147156418798e-09,", Learning rate:",2.0027702685748925e-06,", Number of training points (boundary):",4800,", Number of training points (interior):",30000,", VRAM allocated:",0,", VRAM reserved:",0
320900,Training Loss:,2.8795477113874313e-09,", Learning rate:",2.0027702685748925e-06,", Number of training points (boundary):",4800,", Number of training points (interior):",30000,", VRAM allocated:",0,", VRAM reserved:",0
321000,Training Loss:,2.8785396288810716e-09,", Learning rate:",2.0027702685748925e-06,", Number of training points (boundary):",4800,", Number of training points (interior):",30000,", VRAM allocated:",0,", VRAM reserved:",0
321100,Training Loss:,2.8776372396066563e-09,", Learning rate:",2.0027702685748925e-06,", Number of training points (boundary):",4800,", Number of training points (interior):",30000,", VRAM allocated:",0,", VRAM reserved:",0
321200,Training Loss:,2.8765192450208588e-09,", Learning rate:",2.0027702685748925e-06,", Number of training points (boundary):",4800,", Number of training points (interior):",30000,", VRAM allocated:",0,", VRAM reserved:",0
321300,Training Loss:,2.875603533070148e-09,", Learning rate:",2.0027702685748925e-06,", Number of training points (boundary):",4800,", Number of training points (interior):",30000,", VRAM allocated:",0,", VRAM reserved:",0
321400,Training Loss:,2.8745090752124725e-09,", Learning rate:",2.0027702685748925e-06,", Number of training points (boundary):",4800,", Number of training points (interior):",30000,", VRAM allocated:",0,", VRAM reserved:",0
321500,Training Loss:,2.873364657318689e-09,", Learning rate:",2.0027702685748925e-06,", Number of training points (boundary):",4800,", Number of training points (interior):",30000,", VRAM allocated:",0,", VRAM reserved:",0
321600,Training Loss:,2.8723592393475883e-09,", Learning rate:",2.0027702685748925e-06,", Number of training points (boundary):",4800,", Number of training points (interior):",30000,", VRAM allocated:",0,", VRAM reserved:",0
321700,Training Loss:,4.0398204781411096e-09,", Learning rate:",2.0027702685748925e-06,", Number of training points (boundary):",4800,", Number of training points (interior):",30000,", VRAM allocated:",0,", VRAM reserved:",0
321800,Training Loss:,2.870429005596975e-09,", Learning rate:",2.0027702685748925e-06,", Number of training points (boundary):",4800,", Number of training points (interior):",30000,", VRAM allocated:",0,", VRAM reserved:",0
321900,Training Loss:,2.8695650300392117e-09,", Learning rate:",2.0027702685748925e-06,", Number of training points (boundary):",4800,", Number of training points (interior):",30000,", VRAM allocated:",0,", VRAM reserved:",0
322000,Training Loss:,2.868802528865899e-09,", Learning rate:",1.9827425658891434e-06,", Number of training points (boundary):",4800,", Number of training points (interior):",30000,", VRAM allocated:",0,", VRAM reserved:",0
322100,Training Loss:,2.867965198660727e-09,", Learning rate:",1.9827425658891434e-06,", Number of training points (boundary):",4800,", Number of training points (interior):",30000,", VRAM allocated:",0,", VRAM reserved:",0
322200,Training Loss:,2.8670636975647312e-09,", Learning rate:",1.9827425658891434e-06,", Number of training points (boundary):",4800,", Number of training points (interior):",30000,", VRAM allocated:",0,", VRAM reserved:",0
322300,Training Loss:,2.8662623385855568e-09,", Learning rate:",1.9827425658891434e-06,", Number of training points (boundary):",4800,", Number of training points (interior):",30000,", VRAM allocated:",0,", VRAM reserved:",0
322400,Training Loss:,2.8654552064466543e-09,", Learning rate:",1.9827425658891434e-06,", Number of training points (boundary):",4800,", Number of training points (interior):",30000,", VRAM allocated:",0,", VRAM reserved:",0
322500,Training Loss:,2.8643944993689274e-09,", Learning rate:",1.9827425658891434e-06,", Number of training points (boundary):",4800,", Number of training points (interior):",30000,", VRAM allocated:",0,", VRAM reserved:",0
322600,Training Loss:,2.863652648343873e-09,", Learning rate:",1.9827425658891434e-06,", Number of training points (boundary):",4800,", Number of training points (interior):",30000,", VRAM allocated:",0,", VRAM reserved:",0
322700,Training Loss:,2.8626856440894244e-09,", Learning rate:",1.9827425658891434e-06,", Number of training points (boundary):",4800,", Number of training points (interior):",30000,", VRAM allocated:",0,", VRAM reserved:",0
322800,Training Loss:,2.8616959912852735e-09,", Learning rate:",1.9827425658891434e-06,", Number of training points (boundary):",4800,", Number of training points (interior):",30000,", VRAM allocated:",0,", VRAM reserved:",0
322900,Training Loss:,2.8606836899314203e-09,", Learning rate:",1.9827425658891434e-06,", Number of training points (boundary):",4800,", Number of training points (interior):",30000,", VRAM allocated:",0,", VRAM reserved:",0
323000,Training Loss:,2.859734227200761e-09,", Learning rate:",1.9827425658891434e-06,", Number of training points (boundary):",4800,", Number of training points (interior):",30000,", VRAM allocated:",0,", VRAM reserved:",0
323100,Training Loss:,2.8588083011982235e-09,", Learning rate:",1.9827425658891434e-06,", Number of training points (boundary):",4800,", Number of training points (interior):",30000,", VRAM allocated:",0,", VRAM reserved:",0
323200,Training Loss:,2.8576916388800555e-09,", Learning rate:",1.9827425658891434e-06,", Number of training points (boundary):",4800,", Number of training points (interior):",30000,", VRAM allocated:",0,", VRAM reserved:",0
323300,Training Loss:,2.856709313547867e-09,", Learning rate:",1.9827425658891434e-06,", Number of training points (boundary):",4800,", Number of training points (interior):",30000,", VRAM allocated:",0,", VRAM reserved:",0
323400,Training Loss:,2.855728986617123e-09,", Learning rate:",1.9827425658891434e-06,", Number of training points (boundary):",4800,", Number of training points (interior):",30000,", VRAM allocated:",0,", VRAM reserved:",0
323500,Training Loss:,2.8545394936685398e-09,", Learning rate:",1.9827425658891434e-06,", Number of training points (boundary):",4800,", Number of training points (interior):",30000,", VRAM allocated:",0,", VRAM reserved:",0
323600,Training Loss:,2.853567382388178e-09,", Learning rate:",1.9827425658891434e-06,", Number of training points (boundary):",4800,", Number of training points (interior):",30000,", VRAM allocated:",0,", VRAM reserved:",0
323700,Training Loss:,2.8526632167569232e-09,", Learning rate:",1.9827425658891434e-06,", Number of training points (boundary):",4800,", Number of training points (interior):",30000,", VRAM allocated:",0,", VRAM reserved:",0
323800,Training Loss:,2.8523841066885325e-09,", Learning rate:",1.9827425658891434e-06,", Number of training points (boundary):",4800,", Number of training points (interior):",30000,", VRAM allocated:",0,", VRAM reserved:",0
323900,Training Loss:,2.8507518567977286e-09,", Learning rate:",1.9827425658891434e-06,", Number of training points (boundary):",4800,", Number of training points (interior):",30000,", VRAM allocated:",0,", VRAM reserved:",0
324000,Training Loss:,2.8499973492301933e-09,", Learning rate:",1.962915140230252e-06,", Number of training points (boundary):",4800,", Number of training points (interior):",30000,", VRAM allocated:",0,", VRAM reserved:",0
324100,Training Loss:,2.8491711212552673e-09,", Learning rate:",1.962915140230252e-06,", Number of training points (boundary):",4800,", Number of training points (interior):",30000,", VRAM allocated:",0,", VRAM reserved:",0
324200,Training Loss:,2.8484206104906207e-09,", Learning rate:",1.962915140230252e-06,", Number of training points (boundary):",4800,", Number of training points (interior):",30000,", VRAM allocated:",0,", VRAM reserved:",0
324300,Training Loss:,2.847622804225125e-09,", Learning rate:",1.962915140230252e-06,", Number of training points (boundary):",4800,", Number of training points (interior):",30000,", VRAM allocated:",0,", VRAM reserved:",0
324400,Training Loss:,2.846870961192849e-09,", Learning rate:",1.962915140230252e-06,", Number of training points (boundary):",4800,", Number of training points (interior):",30000,", VRAM allocated:",0,", VRAM reserved:",0
324500,Training Loss:,2.8460604983848725e-09,", Learning rate:",1.962915140230252e-06,", Number of training points (boundary):",4800,", Number of training points (interior):",30000,", VRAM allocated:",0,", VRAM reserved:",0
324600,Training Loss:,2.8451274669549775e-09,", Learning rate:",1.962915140230252e-06,", Number of training points (boundary):",4800,", Number of training points (interior):",30000,", VRAM allocated:",0,", VRAM reserved:",0
324700,Training Loss:,2.8442534993899926e-09,", Learning rate:",1.962915140230252e-06,", Number of training points (boundary):",4800,", Number of training points (interior):",30000,", VRAM allocated:",0,", VRAM reserved:",0
324800,Training Loss:,2.8434861132353717e-09,", Learning rate:",1.962915140230252e-06,", Number of training points (boundary):",4800,", Number of training points (interior):",30000,", VRAM allocated:",0,", VRAM reserved:",0
324900,Training Loss:,2.8424682607663954e-09,", Learning rate:",1.962915140230252e-06,", Number of training points (boundary):",4800,", Number of training points (interior):",30000,", VRAM allocated:",0,", VRAM reserved:",0
325000,Training Loss:,2.841672452902344e-09,", Learning rate:",1.962915140230252e-06,", Number of training points (boundary):",4800,", Number of training points (interior):",30000,", VRAM allocated:",0,", VRAM reserved:",0
325100,Training Loss:,2.8405626739669287e-09,", Learning rate:",1.962915140230252e-06,", Number of training points (boundary):",4800,", Number of training points (interior):",30000,", VRAM allocated:",0,", VRAM reserved:",0
325200,Training Loss:,2.839839030599478e-09,", Learning rate:",1.962915140230252e-06,", Number of training points (boundary):",4800,", Number of training points (interior):",30000,", VRAM allocated:",0,", VRAM reserved:",0
325300,Training Loss:,2.838772772406628e-09,", Learning rate:",1.962915140230252e-06,", Number of training points (boundary):",4800,", Number of training points (interior):",30000,", VRAM allocated:",0,", VRAM reserved:",0
325400,Training Loss:,2.83770029696484e-09,", Learning rate:",1.962915140230252e-06,", Number of training points (boundary):",4800,", Number of training points (interior):",30000,", VRAM allocated:",0,", VRAM reserved:",0
325500,Training Loss:,2.836728851818293e-09,", Learning rate:",1.962915140230252e-06,", Number of training points (boundary):",4800,", Number of training points (interior):",30000,", VRAM allocated:",0,", VRAM reserved:",0
325600,Training Loss:,2.8357114434385267e-09,", Learning rate:",1.962915140230252e-06,", Number of training points (boundary):",4800,", Number of training points (interior):",30000,", VRAM allocated:",0,", VRAM reserved:",0
325700,Training Loss:,2.8347104663595246e-09,", Learning rate:",1.962915140230252e-06,", Number of training points (boundary):",4800,", Number of training points (interior):",30000,", VRAM allocated:",0,", VRAM reserved:",0
325800,Training Loss:,3.281004357091888e-09,", Learning rate:",1.962915140230252e-06,", Number of training points (boundary):",4800,", Number of training points (interior):",30000,", VRAM allocated:",0,", VRAM reserved:",0
325900,Training Loss:,2.832843071232105e-09,", Learning rate:",1.962915140230252e-06,", Number of training points (boundary):",4800,", Number of training points (interior):",30000,", VRAM allocated:",0,", VRAM reserved:",0
326000,Training Loss:,2.831972656380799e-09,", Learning rate:",1.9432859888279494e-06,", Number of training points (boundary):",4800,", Number of training points (interior):",30000,", VRAM allocated:",0,", VRAM reserved:",0
326100,Training Loss:,2.831175294204513e-09,", Learning rate:",1.9432859888279494e-06,", Number of training points (boundary):",4800,", Number of training points (interior):",30000,", VRAM allocated:",0,", VRAM reserved:",0
326200,Training Loss:,2.830406131693053e-09,", Learning rate:",1.9432859888279494e-06,", Number of training points (boundary):",4800,", Number of training points (interior):",30000,", VRAM allocated:",0,", VRAM reserved:",0
326300,Training Loss:,2.829677381299689e-09,", Learning rate:",1.9432859888279494e-06,", Number of training points (boundary):",4800,", Number of training points (interior):",30000,", VRAM allocated:",0,", VRAM reserved:",0
326400,Training Loss:,2.8288615894211944e-09,", Learning rate:",1.9432859888279494e-06,", Number of training points (boundary):",4800,", Number of training points (interior):",30000,", VRAM allocated:",0,", VRAM reserved:",0
326500,Training Loss:,2.828054235237687e-09,", Learning rate:",1.9432859888279494e-06,", Number of training points (boundary):",4800,", Number of training points (interior):",30000,", VRAM allocated:",0,", VRAM reserved:",0
326600,Training Loss:,2.827132750127248e-09,", Learning rate:",1.9432859888279494e-06,", Number of training points (boundary):",4800,", Number of training points (interior):",30000,", VRAM allocated:",0,", VRAM reserved:",0
326700,Training Loss:,2.8263313911480736e-09,", Learning rate:",1.9432859888279494e-06,", Number of training points (boundary):",4800,", Number of training points (interior):",30000,", VRAM allocated:",0,", VRAM reserved:",0
326800,Training Loss:,2.8254549810924345e-09,", Learning rate:",1.9432859888279494e-06,", Number of training points (boundary):",4800,", Number of training points (interior):",30000,", VRAM allocated:",0,", VRAM reserved:",0
326900,Training Loss:,2.8245197292164903e-09,", Learning rate:",1.9432859888279494e-06,", Number of training points (boundary):",4800,", Number of training points (interior):",30000,", VRAM allocated:",0,", VRAM reserved:",0
327000,Training Loss:,2.823590028455669e-09,", Learning rate:",1.9432859888279494e-06,", Number of training points (boundary):",4800,", Number of training points (interior):",30000,", VRAM allocated:",0,", VRAM reserved:",0
327100,Training Loss:,2.8226969650546607e-09,", Learning rate:",1.9432859888279494e-06,", Number of training points (boundary):",4800,", Number of training points (interior):",30000,", VRAM allocated:",0,", VRAM reserved:",0
327200,Training Loss:,2.8217519432160998e-09,", Learning rate:",1.9432859888279494e-06,", Number of training points (boundary):",4800,", Number of training points (interior):",30000,", VRAM allocated:",0,", VRAM reserved:",0
327300,Training Loss:,2.8208910762828054e-09,", Learning rate:",1.9432859888279494e-06,", Number of training points (boundary):",4800,", Number of training points (interior):",30000,", VRAM allocated:",0,", VRAM reserved:",0
327400,Training Loss:,2.8197748580538473e-09,", Learning rate:",1.9432859888279494e-06,", Number of training points (boundary):",4800,", Number of training points (interior):",30000,", VRAM allocated:",0,", VRAM reserved:",0
327500,Training Loss:,2.8189033329795166e-09,", Learning rate:",1.9432859888279494e-06,", Number of training points (boundary):",4800,", Number of training points (interior):",30000,", VRAM allocated:",0,", VRAM reserved:",0
327600,Training Loss:,2.8178135380585445e-09,", Learning rate:",1.9432859888279494e-06,", Number of training points (boundary):",4800,", Number of training points (interior):",30000,", VRAM allocated:",0,", VRAM reserved:",0
327700,Training Loss:,2.816840982688973e-09,", Learning rate:",1.9432859888279494e-06,", Number of training points (boundary):",4800,", Number of training points (interior):",30000,", VRAM allocated:",0,", VRAM reserved:",0
327800,Training Loss:,2.8158946285827824e-09,", Learning rate:",1.9432859888279494e-06,", Number of training points (boundary):",4800,", Number of training points (interior):",30000,", VRAM allocated:",0,", VRAM reserved:",0
327900,Training Loss:,2.814619426416698e-09,", Learning rate:",1.9432859888279494e-06,", Number of training points (boundary):",4800,", Number of training points (interior):",30000,", VRAM allocated:",0,", VRAM reserved:",0
328000,Training Loss:,2.8549811403877356e-09,", Learning rate:",1.9238531289396697e-06,", Number of training points (boundary):",4800,", Number of training points (interior):",30000,", VRAM allocated:",0,", VRAM reserved:",0
328100,Training Loss:,2.8130449081231745e-09,", Learning rate:",1.9238531289396697e-06,", Number of training points (boundary):",4800,", Number of training points (interior):",30000,", VRAM allocated:",0,", VRAM reserved:",0
328200,Training Loss:,2.812324151335588e-09,", Learning rate:",1.9238531289396697e-06,", Number of training points (boundary):",4800,", Number of training points (interior):",30000,", VRAM allocated:",0,", VRAM reserved:",0
328300,Training Loss:,2.8116173833581115e-09,", Learning rate:",1.9238531289396697e-06,", Number of training points (boundary):",4800,", Number of training points (interior):",30000,", VRAM allocated:",0,", VRAM reserved:",0
328400,Training Loss:,2.8108479988020463e-09,", Learning rate:",1.9238531289396697e-06,", Number of training points (boundary):",4800,", Number of training points (interior):",30000,", VRAM allocated:",0,", VRAM reserved:",0
328500,Training Loss:,2.810143451270619e-09,", Learning rate:",1.9238531289396697e-06,", Number of training points (boundary):",4800,", Number of training points (interior):",30000,", VRAM allocated:",0,", VRAM reserved:",0
328600,Training Loss:,2.8093789516958623e-09,", Learning rate:",1.9238531289396697e-06,", Number of training points (boundary):",4800,", Number of training points (interior):",30000,", VRAM allocated:",0,", VRAM reserved:",0
328700,Training Loss:,2.8085871406346996e-09,", Learning rate:",1.9238531289396697e-06,", Number of training points (boundary):",4800,", Number of training points (interior):",30000,", VRAM allocated:",0,", VRAM reserved:",0
328800,Training Loss:,2.8078950276011483e-09,", Learning rate:",1.9238531289396697e-06,", Number of training points (boundary):",4800,", Number of training points (interior):",30000,", VRAM allocated:",0,", VRAM reserved:",0
328900,Training Loss:,2.8071482915947854e-09,", Learning rate:",1.9238531289396697e-06,", Number of training points (boundary):",4800,", Number of training points (interior):",30000,", VRAM allocated:",0,", VRAM reserved:",0
329000,Training Loss:,2.806139987043821e-09,", Learning rate:",1.9238531289396697e-06,", Number of training points (boundary):",4800,", Number of training points (interior):",30000,", VRAM allocated:",0,", VRAM reserved:",0
329100,Training Loss:,2.8053150913365243e-09,", Learning rate:",1.9238531289396697e-06,", Number of training points (boundary):",4800,", Number of training points (interior):",30000,", VRAM allocated:",0,", VRAM reserved:",0
329200,Training Loss:,2.804430465630503e-09,", Learning rate:",1.9238531289396697e-06,", Number of training points (boundary):",4800,", Number of training points (interior):",30000,", VRAM allocated:",0,", VRAM reserved:",0
329300,Training Loss:,2.8036448718182783e-09,", Learning rate:",1.9238531289396697e-06,", Number of training points (boundary):",4800,", Number of training points (interior):",30000,", VRAM allocated:",0,", VRAM reserved:",0
329400,Training Loss:,2.8027906662231317e-09,", Learning rate:",1.9238531289396697e-06,", Number of training points (boundary):",4800,", Number of training points (interior):",30000,", VRAM allocated:",0,", VRAM reserved:",0
329500,Training Loss:,2.801792131634784e-09,", Learning rate:",1.9238531289396697e-06,", Number of training points (boundary):",4800,", Number of training points (interior):",30000,", VRAM allocated:",0,", VRAM reserved:",0
329600,Training Loss:,2.80095924232171e-09,", Learning rate:",1.9238531289396697e-06,", Number of training points (boundary):",4800,", Number of training points (interior):",30000,", VRAM allocated:",0,", VRAM reserved:",0
329700,Training Loss:,2.800032650185358e-09,", Learning rate:",1.9238531289396697e-06,", Number of training points (boundary):",4800,", Number of training points (interior):",30000,", VRAM allocated:",0,", VRAM reserved:",0
329800,Training Loss:,2.7990618711726256e-09,", Learning rate:",1.9238531289396697e-06,", Number of training points (boundary):",4800,", Number of training points (interior):",30000,", VRAM allocated:",0,", VRAM reserved:",0
329900,Training Loss:,2.7980524563986364e-09,", Learning rate:",1.9238531289396697e-06,", Number of training points (boundary):",4800,", Number of training points (interior):",30000,", VRAM allocated:",0,", VRAM reserved:",0
330000,Training Loss:,2.7970596949700166e-09,", Learning rate:",1.904614597650273e-06,", Number of training points (boundary):",4800,", Number of training points (interior):",30000,", VRAM allocated:",0,", VRAM reserved:",0
330100,Training Loss:,2.796062936738508e-09,", Learning rate:",1.904614597650273e-06,", Number of training points (boundary):",4800,", Number of training points (interior):",30000,", VRAM allocated:",0,", VRAM reserved:",0
330200,Training Loss:,3.018250982478321e-09,", Learning rate:",1.904614597650273e-06,", Number of training points (boundary):",4800,", Number of training points (interior):",30000,", VRAM allocated:",0,", VRAM reserved:",0
330300,Training Loss:,2.794301456887638e-09,", Learning rate:",1.904614597650273e-06,", Number of training points (boundary):",4800,", Number of training points (interior):",30000,", VRAM allocated:",0,", VRAM reserved:",0
330400,Training Loss:,2.7934647928162804e-09,", Learning rate:",1.904614597650273e-06,", Number of training points (boundary):",4800,", Number of training points (interior):",30000,", VRAM allocated:",0,", VRAM reserved:",0
330500,Training Loss:,2.792861719669304e-09,", Learning rate:",1.904614597650273e-06,", Number of training points (boundary):",4800,", Number of training points (interior):",30000,", VRAM allocated:",0,", VRAM reserved:",0
330600,Training Loss:,2.792017950170589e-09,", Learning rate:",1.904614597650273e-06,", Number of training points (boundary):",4800,", Number of training points (interior):",30000,", VRAM allocated:",0,", VRAM reserved:",0
330700,Training Loss:,2.791356923381727e-09,", Learning rate:",1.904614597650273e-06,", Number of training points (boundary):",4800,", Number of training points (interior):",30000,", VRAM allocated:",0,", VRAM reserved:",0
330800,Training Loss:,2.79053335994206e-09,", Learning rate:",1.904614597650273e-06,", Number of training points (boundary):",4800,", Number of training points (interior):",30000,", VRAM allocated:",0,", VRAM reserved:",0
330900,Training Loss:,2.7897975041213385e-09,", Learning rate:",1.904614597650273e-06,", Number of training points (boundary):",4800,", Number of training points (interior):",30000,", VRAM allocated:",0,", VRAM reserved:",0
331000,Training Loss:,2.788898889605207e-09,", Learning rate:",1.904614597650273e-06,", Number of training points (boundary):",4800,", Number of training points (interior):",30000,", VRAM allocated:",0,", VRAM reserved:",0
331100,Training Loss:,2.788034025869024e-09,", Learning rate:",1.904614597650273e-06,", Number of training points (boundary):",4800,", Number of training points (interior):",30000,", VRAM allocated:",0,", VRAM reserved:",0
331200,Training Loss:,2.7872624208669095e-09,", Learning rate:",1.904614597650273e-06,", Number of training points (boundary):",4800,", Number of training points (interior):",30000,", VRAM allocated:",0,", VRAM reserved:",0
331300,Training Loss:,2.786280761668536e-09,", Learning rate:",1.904614597650273e-06,", Number of training points (boundary):",4800,", Number of training points (interior):",30000,", VRAM allocated:",0,", VRAM reserved:",0
331400,Training Loss:,2.7853719331005777e-09,", Learning rate:",1.904614597650273e-06,", Number of training points (boundary):",4800,", Number of training points (interior):",30000,", VRAM allocated:",0,", VRAM reserved:",0
331500,Training Loss:,2.784527275423443e-09,", Learning rate:",1.904614597650273e-06,", Number of training points (boundary):",4800,", Number of training points (interior):",30000,", VRAM allocated:",0,", VRAM reserved:",0
331600,Training Loss:,2.7836513094570137e-09,", Learning rate:",1.904614597650273e-06,", Number of training points (boundary):",4800,", Number of training points (interior):",30000,", VRAM allocated:",0,", VRAM reserved:",0
331700,Training Loss:,2.782663433009702e-09,", Learning rate:",1.904614597650273e-06,", Number of training points (boundary):",4800,", Number of training points (interior):",30000,", VRAM allocated:",0,", VRAM reserved:",0
331800,Training Loss:,2.781810559682185e-09,", Learning rate:",1.904614597650273e-06,", Number of training points (boundary):",4800,", Number of training points (interior):",30000,", VRAM allocated:",0,", VRAM reserved:",0
331900,Training Loss:,2.7808886304825364e-09,", Learning rate:",1.904614597650273e-06,", Number of training points (boundary):",4800,", Number of training points (interior):",30000,", VRAM allocated:",0,", VRAM reserved:",0
332000,Training Loss:,2.7798696677905355e-09,", Learning rate:",1.8855684516737702e-06,", Number of training points (boundary):",4800,", Number of training points (interior):",30000,", VRAM allocated:",0,", VRAM reserved:",0
332100,Training Loss:,2.7787765422004895e-09,", Learning rate:",1.8855684516737702e-06,", Number of training points (boundary):",4800,", Number of training points (interior):",30000,", VRAM allocated:",0,", VRAM reserved:",0
332200,Training Loss:,2.777883700844086e-09,", Learning rate:",1.8855684516737702e-06,", Number of training points (boundary):",4800,", Number of training points (interior):",30000,", VRAM allocated:",0,", VRAM reserved:",0
332300,Training Loss:,2.7769233579277852e-09,", Learning rate:",1.8855684516737702e-06,", Number of training points (boundary):",4800,", Number of training points (interior):",30000,", VRAM allocated:",0,", VRAM reserved:",0
332400,Training Loss:,2.778275165482569e-09,", Learning rate:",1.8855684516737702e-06,", Number of training points (boundary):",4800,", Number of training points (interior):",30000,", VRAM allocated:",0,", VRAM reserved:",0
332500,Training Loss:,2.775345953054398e-09,", Learning rate:",1.8855684516737702e-06,", Number of training points (boundary):",4800,", Number of training points (interior):",30000,", VRAM allocated:",0,", VRAM reserved:",0
332600,Training Loss:,2.7745477026996923e-09,", Learning rate:",1.8855684516737702e-06,", Number of training points (boundary):",4800,", Number of training points (interior):",30000,", VRAM allocated:",0,", VRAM reserved:",0
332700,Training Loss:,2.773799856470305e-09,", Learning rate:",1.8855684516737702e-06,", Number of training points (boundary):",4800,", Number of training points (interior):",30000,", VRAM allocated:",0,", VRAM reserved:",0
332800,Training Loss:,2.773091090091384e-09,", Learning rate:",1.8855684516737702e-06,", Number of training points (boundary):",4800,", Number of training points (interior):",30000,", VRAM allocated:",0,", VRAM reserved:",0
332900,Training Loss:,2.772282403640247e-09,", Learning rate:",1.8855684516737702e-06,", Number of training points (boundary):",4800,", Number of training points (interior):",30000,", VRAM allocated:",0,", VRAM reserved:",0
333000,Training Loss:,2.7715822970009185e-09,", Learning rate:",1.8855684516737702e-06,", Number of training points (boundary):",4800,", Number of training points (interior):",30000,", VRAM allocated:",0,", VRAM reserved:",0
333100,Training Loss:,2.7708473293586167e-09,", Learning rate:",1.8855684516737702e-06,", Number of training points (boundary):",4800,", Number of training points (interior):",30000,", VRAM allocated:",0,", VRAM reserved:",0
333200,Training Loss:,2.7699764704181007e-09,", Learning rate:",1.8855684516737702e-06,", Number of training points (boundary):",4800,", Number of training points (interior):",30000,", VRAM allocated:",0,", VRAM reserved:",0
333300,Training Loss:,2.769250384559996e-09,", Learning rate:",1.8855684516737702e-06,", Number of training points (boundary):",4800,", Number of training points (interior):",30000,", VRAM allocated:",0,", VRAM reserved:",0
333400,Training Loss:,2.7683180192639156e-09,", Learning rate:",1.8855684516737702e-06,", Number of training points (boundary):",4800,", Number of training points (interior):",30000,", VRAM allocated:",0,", VRAM reserved:",0
333500,Training Loss:,2.7673976443765014e-09,", Learning rate:",1.8855684516737702e-06,", Number of training points (boundary):",4800,", Number of training points (interior):",30000,", VRAM allocated:",0,", VRAM reserved:",0
333600,Training Loss:,2.7665356672201824e-09,", Learning rate:",1.8855684516737702e-06,", Number of training points (boundary):",4800,", Number of training points (interior):",30000,", VRAM allocated:",0,", VRAM reserved:",0
333700,Training Loss:,2.765761175638204e-09,", Learning rate:",1.8855684516737702e-06,", Number of training points (boundary):",4800,", Number of training points (interior):",30000,", VRAM allocated:",0,", VRAM reserved:",0
333800,Training Loss:,2.7648472400443325e-09,", Learning rate:",1.8855684516737702e-06,", Number of training points (boundary):",4800,", Number of training points (interior):",30000,", VRAM allocated:",0,", VRAM reserved:",0
333900,Training Loss:,2.7639193156403508e-09,", Learning rate:",1.8855684516737702e-06,", Number of training points (boundary):",4800,", Number of training points (interior):",30000,", VRAM allocated:",0,", VRAM reserved:",0
334000,Training Loss:,2.76294409573552e-09,", Learning rate:",1.8667127671570326e-06,", Number of training points (boundary):",4800,", Number of training points (interior):",30000,", VRAM allocated:",0,", VRAM reserved:",0
334100,Training Loss:,2.76202616333876e-09,", Learning rate:",1.8667127671570326e-06,", Number of training points (boundary):",4800,", Number of training points (interior):",30000,", VRAM allocated:",0,", VRAM reserved:",0
334200,Training Loss:,2.7612099273710555e-09,", Learning rate:",1.8667127671570326e-06,", Number of training points (boundary):",4800,", Number of training points (interior):",30000,", VRAM allocated:",0,", VRAM reserved:",0
334300,Training Loss:,2.7602533592130385e-09,", Learning rate:",1.8667127671570326e-06,", Number of training points (boundary):",4800,", Number of training points (interior):",30000,", VRAM allocated:",0,", VRAM reserved:",0
334400,Training Loss:,2.75931566484644e-09,", Learning rate:",1.8667127671570326e-06,", Number of training points (boundary):",4800,", Number of training points (interior):",30000,", VRAM allocated:",0,", VRAM reserved:",0
334500,Training Loss:,2.788786090945905e-09,", Learning rate:",1.8667127671570326e-06,", Number of training points (boundary):",4800,", Number of training points (interior):",30000,", VRAM allocated:",0,", VRAM reserved:",0
334600,Training Loss:,2.7575577377092486e-09,", Learning rate:",1.8667127671570326e-06,", Number of training points (boundary):",4800,", Number of training points (interior):",30000,", VRAM allocated:",0,", VRAM reserved:",0
334700,Training Loss:,2.7568531901778215e-09,", Learning rate:",1.8667127671570326e-06,", Number of training points (boundary):",4800,", Number of training points (interior):",30000,", VRAM allocated:",0,", VRAM reserved:",0
334800,Training Loss:,2.7560722593023e-09,", Learning rate:",1.8667127671570326e-06,", Number of training points (boundary):",4800,", Number of training points (interior):",30000,", VRAM allocated:",0,", VRAM reserved:",0
334900,Training Loss:,2.7552895520699394e-09,", Learning rate:",1.8667127671570326e-06,", Number of training points (boundary):",4800,", Number of training points (interior):",30000,", VRAM allocated:",0,", VRAM reserved:",0
335000,Training Loss:,2.7546167569170166e-09,", Learning rate:",1.8667127671570326e-06,", Number of training points (boundary):",4800,", Number of training points (interior):",30000,", VRAM allocated:",0,", VRAM reserved:",0
335100,Training Loss:,2.7538551439221237e-09,", Learning rate:",1.8667127671570326e-06,", Number of training points (boundary):",4800,", Number of training points (interior):",30000,", VRAM allocated:",0,", VRAM reserved:",0
335200,Training Loss:,2.7530204782522105e-09,", Learning rate:",1.8667127671570326e-06,", Number of training points (boundary):",4800,", Number of training points (interior):",30000,", VRAM allocated:",0,", VRAM reserved:",0
335300,Training Loss:,2.7522364387522202e-09,", Learning rate:",1.8667127671570326e-06,", Number of training points (boundary):",4800,", Number of training points (interior):",30000,", VRAM allocated:",0,", VRAM reserved:",0
335400,Training Loss:,2.7515698608482353e-09,", Learning rate:",1.8667127671570326e-06,", Number of training points (boundary):",4800,", Number of training points (interior):",30000,", VRAM allocated:",0,", VRAM reserved:",0
335500,Training Loss:,2.7507729427611594e-09,", Learning rate:",1.8667127671570326e-06,", Number of training points (boundary):",4800,", Number of training points (interior):",30000,", VRAM allocated:",0,", VRAM reserved:",0
335600,Training Loss:,2.749829697279438e-09,", Learning rate:",1.8667127671570326e-06,", Number of training points (boundary):",4800,", Number of training points (interior):",30000,", VRAM allocated:",0,", VRAM reserved:",0
335700,Training Loss:,2.7489779341749454e-09,", Learning rate:",1.8667127671570326e-06,", Number of training points (boundary):",4800,", Number of training points (interior):",30000,", VRAM allocated:",0,", VRAM reserved:",0
335800,Training Loss:,2.7481745767943266e-09,", Learning rate:",1.8667127671570326e-06,", Number of training points (boundary):",4800,", Number of training points (interior):",30000,", VRAM allocated:",0,", VRAM reserved:",0
335900,Training Loss:,2.7472504271486287e-09,", Learning rate:",1.8667127671570326e-06,", Number of training points (boundary):",4800,", Number of training points (interior):",30000,", VRAM allocated:",0,", VRAM reserved:",0
336000,Training Loss:,2.746413763077271e-09,", Learning rate:",1.8480456394854623e-06,", Number of training points (boundary):",4800,", Number of training points (interior):",30000,", VRAM allocated:",0,", VRAM reserved:",0
336100,Training Loss:,2.7455886453253697e-09,", Learning rate:",1.8480456394854623e-06,", Number of training points (boundary):",4800,", Number of training points (interior):",30000,", VRAM allocated:",0,", VRAM reserved:",0
336200,Training Loss:,2.7445614669829865e-09,", Learning rate:",1.8480456394854623e-06,", Number of training points (boundary):",4800,", Number of training points (interior):",30000,", VRAM allocated:",0,", VRAM reserved:",0
336300,Training Loss:,2.7435995697544513e-09,", Learning rate:",1.8480456394854623e-06,", Number of training points (boundary):",4800,", Number of training points (interior):",30000,", VRAM allocated:",0,", VRAM reserved:",0
336400,Training Loss:,2.7427131676915906e-09,", Learning rate:",1.8480456394854623e-06,", Number of training points (boundary):",4800,", Number of training points (interior):",30000,", VRAM allocated:",0,", VRAM reserved:",0
336500,Training Loss:,2.7417508263738455e-09,", Learning rate:",1.8480456394854623e-06,", Number of training points (boundary):",4800,", Number of training points (interior):",30000,", VRAM allocated:",0,", VRAM reserved:",0
336600,Training Loss:,2.740881299700959e-09,", Learning rate:",1.8480456394854623e-06,", Number of training points (boundary):",4800,", Number of training points (interior):",30000,", VRAM allocated:",0,", VRAM reserved:",0
336700,Training Loss:,2.7522439882687877e-09,", Learning rate:",1.8480456394854623e-06,", Number of training points (boundary):",4800,", Number of training points (interior):",30000,", VRAM allocated:",0,", VRAM reserved:",0
336800,Training Loss:,2.7392101920042933e-09,", Learning rate:",1.8480456394854623e-06,", Number of training points (boundary):",4800,", Number of training points (interior):",30000,", VRAM allocated:",0,", VRAM reserved:",0
336900,Training Loss:,2.7384565726151777e-09,", Learning rate:",1.8480456394854623e-06,", Number of training points (boundary):",4800,", Number of training points (interior):",30000,", VRAM allocated:",0,", VRAM reserved:",0
337000,Training Loss:,2.7378019851198587e-09,", Learning rate:",1.8480456394854623e-06,", Number of training points (boundary):",4800,", Number of training points (interior):",30000,", VRAM allocated:",0,", VRAM reserved:",0
337100,Training Loss:,2.7371980237944626e-09,", Learning rate:",1.8480456394854623e-06,", Number of training points (boundary):",4800,", Number of training points (interior):",30000,", VRAM allocated:",0,", VRAM reserved:",0
337200,Training Loss:,2.7363513677158835e-09,", Learning rate:",1.8480456394854623e-06,", Number of training points (boundary):",4800,", Number of training points (interior):",30000,", VRAM allocated:",0,", VRAM reserved:",0
337300,Training Loss:,2.735632831374346e-09,", Learning rate:",1.8480456394854623e-06,", Number of training points (boundary):",4800,", Number of training points (interior):",30000,", VRAM allocated:",0,", VRAM reserved:",0
337400,Training Loss:,2.734829918082937e-09,", Learning rate:",1.8480456394854623e-06,", Number of training points (boundary):",4800,", Number of training points (interior):",30000,", VRAM allocated:",0,", VRAM reserved:",0
337500,Training Loss:,2.7341540143055454e-09,", Learning rate:",1.8480456394854623e-06,", Number of training points (boundary):",4800,", Number of training points (interior):",30000,", VRAM allocated:",0,", VRAM reserved:",0
337600,Training Loss:,2.7333069141377564e-09,", Learning rate:",1.8480456394854623e-06,", Number of training points (boundary):",4800,", Number of training points (interior):",30000,", VRAM allocated:",0,", VRAM reserved:",0
337700,Training Loss:,2.7325564033731098e-09,", Learning rate:",1.8480456394854623e-06,", Number of training points (boundary):",4800,", Number of training points (interior):",30000,", VRAM allocated:",0,", VRAM reserved:",0
337800,Training Loss:,2.7318138862142405e-09,", Learning rate:",1.8480456394854623e-06,", Number of training points (boundary):",4800,", Number of training points (interior):",30000,", VRAM allocated:",0,", VRAM reserved:",0
337900,Training Loss:,2.7310194106178187e-09,", Learning rate:",1.8480456394854623e-06,", Number of training points (boundary):",4800,", Number of training points (interior):",30000,", VRAM allocated:",0,", VRAM reserved:",0
338000,Training Loss:,2.7301367833132417e-09,", Learning rate:",1.8295651830906076e-06,", Number of training points (boundary):",4800,", Number of training points (interior):",30000,", VRAM allocated:",0,", VRAM reserved:",0
338100,Training Loss:,2.729365622400337e-09,", Learning rate:",1.8295651830906076e-06,", Number of training points (boundary):",4800,", Number of training points (interior):",30000,", VRAM allocated:",0,", VRAM reserved:",0
338200,Training Loss:,2.728453907252515e-09,", Learning rate:",1.8295651830906076e-06,", Number of training points (boundary):",4800,", Number of training points (interior):",30000,", VRAM allocated:",0,", VRAM reserved:",0
338300,Training Loss:,2.7275879332933073e-09,", Learning rate:",1.8295651830906076e-06,", Number of training points (boundary):",4800,", Number of training points (interior):",30000,", VRAM allocated:",0,", VRAM reserved:",0
338400,Training Loss:,2.7267765823069112e-09,", Learning rate:",1.8295651830906076e-06,", Number of training points (boundary):",4800,", Number of training points (interior):",30000,", VRAM allocated:",0,", VRAM reserved:",0
338500,Training Loss:,2.725814240989166e-09,", Learning rate:",1.8295651830906076e-06,", Number of training points (boundary):",4800,", Number of training points (interior):",30000,", VRAM allocated:",0,", VRAM reserved:",0
338600,Training Loss:,2.7249695833120313e-09,", Learning rate:",1.8295651830906076e-06,", Number of training points (boundary):",4800,", Number of training points (interior):",30000,", VRAM allocated:",0,", VRAM reserved:",0
338700,Training Loss:,2.7240181221799276e-09,", Learning rate:",1.8295651830906076e-06,", Number of training points (boundary):",4800,", Number of training points (interior):",30000,", VRAM allocated:",0,", VRAM reserved:",0
338800,Training Loss:,2.7230551147283677e-09,", Learning rate:",1.8295651830906076e-06,", Number of training points (boundary):",4800,", Number of training points (interior):",30000,", VRAM allocated:",0,", VRAM reserved:",0
338900,Training Loss:,2.7220987686149556e-09,", Learning rate:",1.8295651830906076e-06,", Number of training points (boundary):",4800,", Number of training points (interior):",30000,", VRAM allocated:",0,", VRAM reserved:",0
339000,Training Loss:,2.7336675145761546e-09,", Learning rate:",1.8295651830906076e-06,", Number of training points (boundary):",4800,", Number of training points (interior):",30000,", VRAM allocated:",0,", VRAM reserved:",0
339100,Training Loss:,2.7205082631098776e-09,", Learning rate:",1.8295651830906076e-06,", Number of training points (boundary):",4800,", Number of training points (interior):",30000,", VRAM allocated:",0,", VRAM reserved:",0
339200,Training Loss:,2.719893643643445e-09,", Learning rate:",1.8295651830906076e-06,", Number of training points (boundary):",4800,", Number of training points (interior):",30000,", VRAM allocated:",0,", VRAM reserved:",0
339300,Training Loss:,2.719221514624337e-09,", Learning rate:",1.8295651830906076e-06,", Number of training points (boundary):",4800,", Number of training points (interior):",30000,", VRAM allocated:",0,", VRAM reserved:",0
339400,Training Loss:,2.71859135203556e-09,", Learning rate:",1.8295651830906076e-06,", Number of training points (boundary):",4800,", Number of training points (interior):",30000,", VRAM allocated:",0,", VRAM reserved:",0
339500,Training Loss:,2.7178244099701487e-09,", Learning rate:",1.8295651830906076e-06,", Number of training points (boundary):",4800,", Number of training points (interior):",30000,", VRAM allocated:",0,", VRAM reserved:",0
339600,Training Loss:,2.7172437633282698e-09,", Learning rate:",1.8295651830906076e-06,", Number of training points (boundary):",4800,", Number of training points (interior):",30000,", VRAM allocated:",0,", VRAM reserved:",0
339700,Training Loss:,2.7164208660224176e-09,", Learning rate:",1.8295651830906076e-06,", Number of training points (boundary):",4800,", Number of training points (interior):",30000,", VRAM allocated:",0,", VRAM reserved:",0
339800,Training Loss:,2.7157454063342357e-09,", Learning rate:",1.8295651830906076e-06,", Number of training points (boundary):",4800,", Number of training points (interior):",30000,", VRAM allocated:",0,", VRAM reserved:",0
339900,Training Loss:,2.714977132001195e-09,", Learning rate:",1.8295651830906076e-06,", Number of training points (boundary):",4800,", Number of training points (interior):",30000,", VRAM allocated:",0,", VRAM reserved:",0
340000,Training Loss:,2.7141311420564307e-09,", Learning rate:",1.8112695312597014e-06,", Number of training points (boundary):",4800,", Number of training points (interior):",30000,", VRAM allocated:",0,", VRAM reserved:",0
340100,Training Loss:,2.7134059443767455e-09,", Learning rate:",1.8112695312597014e-06,", Number of training points (boundary):",4800,", Number of training points (interior):",30000,", VRAM allocated:",0,", VRAM reserved:",0
340200,Training Loss:,2.712690294615072e-09,", Learning rate:",1.8112695312597014e-06,", Number of training points (boundary):",4800,", Number of training points (interior):",30000,", VRAM allocated:",0,", VRAM reserved:",0
340300,Training Loss:,2.7117064149706493e-09,", Learning rate:",1.8112695312597014e-06,", Number of training points (boundary):",4800,", Number of training points (interior):",30000,", VRAM allocated:",0,", VRAM reserved:",0
340400,Training Loss:,2.7110633737947865e-09,", Learning rate:",1.8112695312597014e-06,", Number of training points (boundary):",4800,", Number of training points (interior):",30000,", VRAM allocated:",0,", VRAM reserved:",0
340500,Training Loss:,2.710154989316038e-09,", Learning rate:",1.8112695312597014e-06,", Number of training points (boundary):",4800,", Number of training points (interior):",30000,", VRAM allocated:",0,", VRAM reserved:",0
340600,Training Loss:,2.7094282373241185e-09,", Learning rate:",1.8112695312597014e-06,", Number of training points (boundary):",4800,", Number of training points (interior):",30000,", VRAM allocated:",0,", VRAM reserved:",0
340700,Training Loss:,2.7085158560424816e-09,", Learning rate:",1.8112695312597014e-06,", Number of training points (boundary):",4800,", Number of training points (interior):",30000,", VRAM allocated:",0,", VRAM reserved:",0
340800,Training Loss:,2.7076485498156444e-09,", Learning rate:",1.8112695312597014e-06,", Number of training points (boundary):",4800,", Number of training points (interior):",30000,", VRAM allocated:",0,", VRAM reserved:",0
340900,Training Loss:,2.7067894592391895e-09,", Learning rate:",1.8112695312597014e-06,", Number of training points (boundary):",4800,", Number of training points (interior):",30000,", VRAM allocated:",0,", VRAM reserved:",0
341000,Training Loss:,2.705833779259592e-09,", Learning rate:",1.8112695312597014e-06,", Number of training points (boundary):",4800,", Number of training points (interior):",30000,", VRAM allocated:",0,", VRAM reserved:",0
341100,Training Loss:,2.704974910727742e-09,", Learning rate:",1.8112695312597014e-06,", Number of training points (boundary):",4800,", Number of training points (interior):",30000,", VRAM allocated:",0,", VRAM reserved:",0
341200,Training Loss:,2.704124923980089e-09,", Learning rate:",1.8112695312597014e-06,", Number of training points (boundary):",4800,", Number of training points (interior):",30000,", VRAM allocated:",0,", VRAM reserved:",0
341300,Training Loss:,3.355470568067176e-09,", Learning rate:",1.8112695312597014e-06,", Number of training points (boundary):",4800,", Number of training points (interior):",30000,", VRAM allocated:",0,", VRAM reserved:",0
341400,Training Loss:,2.702448931302115e-09,", Learning rate:",1.8112695312597014e-06,", Number of training points (boundary):",4800,", Number of training points (interior):",30000,", VRAM allocated:",0,", VRAM reserved:",0
341500,Training Loss:,2.7017252879346643e-09,", Learning rate:",1.8112695312597014e-06,", Number of training points (boundary):",4800,", Number of training points (interior):",30000,", VRAM allocated:",0,", VRAM reserved:",0
341600,Training Loss:,2.701113555048096e-09,", Learning rate:",1.8112695312597014e-06,", Number of training points (boundary):",4800,", Number of training points (interior):",30000,", VRAM allocated:",0,", VRAM reserved:",0
341700,Training Loss:,2.7003801417180284e-09,", Learning rate:",1.8112695312597014e-06,", Number of training points (boundary):",4800,", Number of training points (interior):",30000,", VRAM allocated:",0,", VRAM reserved:",0
341800,Training Loss:,2.699756418422794e-09,", Learning rate:",1.8112695312597014e-06,", Number of training points (boundary):",4800,", Number of training points (interior):",30000,", VRAM allocated:",0,", VRAM reserved:",0
341900,Training Loss:,2.699143131223991e-09,", Learning rate:",1.8112695312597014e-06,", Number of training points (boundary):",4800,", Number of training points (interior):",30000,", VRAM allocated:",0,", VRAM reserved:",0
342000,Training Loss:,2.6983801859614687e-09,", Learning rate:",1.7931568359471044e-06,", Number of training points (boundary):",4800,", Number of training points (interior):",30000,", VRAM allocated:",0,", VRAM reserved:",0
342100,Training Loss:,2.697775336457653e-09,", Learning rate:",1.7931568359471044e-06,", Number of training points (boundary):",4800,", Number of training points (interior):",30000,", VRAM allocated:",0,", VRAM reserved:",0
342200,Training Loss:,2.6969262378884196e-09,", Learning rate:",1.7931568359471044e-06,", Number of training points (boundary):",4800,", Number of training points (interior):",30000,", VRAM allocated:",0,", VRAM reserved:",0
342300,Training Loss:,2.696249667977213e-09,", Learning rate:",1.7931568359471044e-06,", Number of training points (boundary):",4800,", Number of training points (interior):",30000,", VRAM allocated:",0,", VRAM reserved:",0
342400,Training Loss:,2.6954634080311735e-09,", Learning rate:",1.7931568359471044e-06,", Number of training points (boundary):",4800,", Number of training points (interior):",30000,", VRAM allocated:",0,", VRAM reserved:",0
342500,Training Loss:,2.694783507450893e-09,", Learning rate:",1.7931568359471044e-06,", Number of training points (boundary):",4800,", Number of training points (interior):",30000,", VRAM allocated:",0,", VRAM reserved:",0
342600,Training Loss:,2.6939890318544712e-09,", Learning rate:",1.7931568359471044e-06,", Number of training points (boundary):",4800,", Number of training points (interior):",30000,", VRAM allocated:",0,", VRAM reserved:",0
342700,Training Loss:,2.693095302319648e-09,", Learning rate:",1.7931568359471044e-06,", Number of training points (boundary):",4800,", Number of training points (interior):",30000,", VRAM allocated:",0,", VRAM reserved:",0
342800,Training Loss:,2.692307043972164e-09,", Learning rate:",1.7931568359471044e-06,", Number of training points (boundary):",4800,", Number of training points (interior):",30000,", VRAM allocated:",0,", VRAM reserved:",0
342900,Training Loss:,2.6915001338778666e-09,", Learning rate:",1.7931568359471044e-06,", Number of training points (boundary):",4800,", Number of training points (interior):",30000,", VRAM allocated:",0,", VRAM reserved:",0
343000,Training Loss:,2.69063105129419e-09,", Learning rate:",1.7931568359471044e-06,", Number of training points (boundary):",4800,", Number of training points (interior):",30000,", VRAM allocated:",0,", VRAM reserved:",0
343100,Training Loss:,2.689769296182476e-09,", Learning rate:",1.7931568359471044e-06,", Number of training points (boundary):",4800,", Number of training points (interior):",30000,", VRAM allocated:",0,", VRAM reserved:",0
343200,Training Loss:,2.688860245569913e-09,", Learning rate:",1.7931568359471044e-06,", Number of training points (boundary):",4800,", Number of training points (interior):",30000,", VRAM allocated:",0,", VRAM reserved:",0
343300,Training Loss:,2.6880768722037374e-09,", Learning rate:",1.7931568359471044e-06,", Number of training points (boundary):",4800,", Number of training points (interior):",30000,", VRAM allocated:",0,", VRAM reserved:",0
343400,Training Loss:,2.687165601145125e-09,", Learning rate:",1.7931568359471044e-06,", Number of training points (boundary):",4800,", Number of training points (interior):",30000,", VRAM allocated:",0,", VRAM reserved:",0
343500,Training Loss:,2.686242117633242e-09,", Learning rate:",1.7931568359471044e-06,", Number of training points (boundary):",4800,", Number of training points (interior):",30000,", VRAM allocated:",0,", VRAM reserved:",0
343600,Training Loss:,2.68538902226112e-09,", Learning rate:",1.7931568359471044e-06,", Number of training points (boundary):",4800,", Number of training points (interior):",30000,", VRAM allocated:",0,", VRAM reserved:",0
343700,Training Loss:,2.6871100899938938e-09,", Learning rate:",1.7931568359471044e-06,", Number of training points (boundary):",4800,", Number of training points (interior):",30000,", VRAM allocated:",0,", VRAM reserved:",0
343800,Training Loss:,2.683895994337604e-09,", Learning rate:",1.7931568359471044e-06,", Number of training points (boundary):",4800,", Number of training points (interior):",30000,", VRAM allocated:",0,", VRAM reserved:",0
343900,Training Loss:,2.683158362160043e-09,", Learning rate:",1.7931568359471044e-06,", Number of training points (boundary):",4800,", Number of training points (interior):",30000,", VRAM allocated:",0,", VRAM reserved:",0
344000,Training Loss:,2.682562838529634e-09,", Learning rate:",1.7752252675876334e-06,", Number of training points (boundary):",4800,", Number of training points (interior):",30000,", VRAM allocated:",0,", VRAM reserved:",0
344100,Training Loss:,2.6820172749353333e-09,", Learning rate:",1.7752252675876334e-06,", Number of training points (boundary):",4800,", Number of training points (interior):",30000,", VRAM allocated:",0,", VRAM reserved:",0
344200,Training Loss:,2.6813768982947295e-09,", Learning rate:",1.7752252675876334e-06,", Number of training points (boundary):",4800,", Number of training points (interior):",30000,", VRAM allocated:",0,", VRAM reserved:",0
344300,Training Loss:,2.680749844330421e-09,", Learning rate:",1.7752252675876334e-06,", Number of training points (boundary):",4800,", Number of training points (interior):",30000,", VRAM allocated:",0,", VRAM reserved:",0
344400,Training Loss:,2.6800617280997585e-09,", Learning rate:",1.7752252675876334e-06,", Number of training points (boundary):",4800,", Number of training points (interior):",30000,", VRAM allocated:",0,", VRAM reserved:",0
344500,Training Loss:,2.679343413802826e-09,", Learning rate:",1.7752252675876334e-06,", Number of training points (boundary):",4800,", Number of training points (interior):",30000,", VRAM allocated:",0,", VRAM reserved:",0
344600,Training Loss:,2.6786053375360552e-09,", Learning rate:",1.7752252675876334e-06,", Number of training points (boundary):",4800,", Number of training points (interior):",30000,", VRAM allocated:",0,", VRAM reserved:",0
344700,Training Loss:,2.6780186956898433e-09,", Learning rate:",1.7752252675876334e-06,", Number of training points (boundary):",4800,", Number of training points (interior):",30000,", VRAM allocated:",0,", VRAM reserved:",0
344800,Training Loss:,2.6772446481970746e-09,", Learning rate:",1.7752252675876334e-06,", Number of training points (boundary):",4800,", Number of training points (interior):",30000,", VRAM allocated:",0,", VRAM reserved:",0
344900,Training Loss:,2.676562527170745e-09,", Learning rate:",1.7752252675876334e-06,", Number of training points (boundary):",4800,", Number of training points (interior):",30000,", VRAM allocated:",0,", VRAM reserved:",0
345000,Training Loss:,2.6757993598636176e-09,", Learning rate:",1.7752252675876334e-06,", Number of training points (boundary):",4800,", Number of training points (interior):",30000,", VRAM allocated:",0,", VRAM reserved:",0
345100,Training Loss:,2.6750237580586145e-09,", Learning rate:",1.7752252675876334e-06,", Number of training points (boundary):",4800,", Number of training points (interior):",30000,", VRAM allocated:",0,", VRAM reserved:",0
345200,Training Loss:,2.674310994876805e-09,", Learning rate:",1.7752252675876334e-06,", Number of training points (boundary):",4800,", Number of training points (interior):",30000,", VRAM allocated:",0,", VRAM reserved:",0
345300,Training Loss:,2.673461674262967e-09,", Learning rate:",1.7752252675876334e-06,", Number of training points (boundary):",4800,", Number of training points (interior):",30000,", VRAM allocated:",0,", VRAM reserved:",0
345400,Training Loss:,2.672709165096876e-09,", Learning rate:",1.7752252675876334e-06,", Number of training points (boundary):",4800,", Number of training points (interior):",30000,", VRAM allocated:",0,", VRAM reserved:",0
345500,Training Loss:,2.6719491064142176e-09,", Learning rate:",1.7752252675876334e-06,", Number of training points (boundary):",4800,", Number of training points (interior):",30000,", VRAM allocated:",0,", VRAM reserved:",0
345600,Training Loss:,2.671058929593073e-09,", Learning rate:",1.7752252675876334e-06,", Number of training points (boundary):",4800,", Number of training points (interior):",30000,", VRAM allocated:",0,", VRAM reserved:",0
345700,Training Loss:,2.6702227096109254e-09,", Learning rate:",1.7752252675876334e-06,", Number of training points (boundary):",4800,", Number of training points (interior):",30000,", VRAM allocated:",0,", VRAM reserved:",0
345800,Training Loss:,2.669374499220112e-09,", Learning rate:",1.7752252675876334e-06,", Number of training points (boundary):",4800,", Number of training points (interior):",30000,", VRAM allocated:",0,", VRAM reserved:",0
345900,Training Loss:,2.6684696674550423e-09,", Learning rate:",1.7752252675876334e-06,", Number of training points (boundary):",4800,", Number of training points (interior):",30000,", VRAM allocated:",0,", VRAM reserved:",0
346000,Training Loss:,2.6675859299274407e-09,", Learning rate:",1.7574730149117571e-06,", Number of training points (boundary):",4800,", Number of training points (interior):",30000,", VRAM allocated:",0,", VRAM reserved:",0
346100,Training Loss:,2.666681764296186e-09,", Learning rate:",1.7574730149117571e-06,", Number of training points (boundary):",4800,", Number of training points (interior):",30000,", VRAM allocated:",0,", VRAM reserved:",0
346200,Training Loss:,2.670451637598603e-09,", Learning rate:",1.7574730149117571e-06,", Number of training points (boundary):",4800,", Number of training points (interior):",30000,", VRAM allocated:",0,", VRAM reserved:",0
346300,Training Loss:,2.665497156328911e-09,", Learning rate:",1.7574730149117571e-06,", Number of training points (boundary):",4800,", Number of training points (interior):",30000,", VRAM allocated:",0,", VRAM reserved:",0
346400,Training Loss:,2.664463094603775e-09,", Learning rate:",1.7574730149117571e-06,", Number of training points (boundary):",4800,", Number of training points (interior):",30000,", VRAM allocated:",0,", VRAM reserved:",0
346500,Training Loss:,2.663775866551532e-09,", Learning rate:",1.7574730149117571e-06,", Number of training points (boundary):",4800,", Number of training points (interior):",30000,", VRAM allocated:",0,", VRAM reserved:",0
346600,Training Loss:,2.6633220073790653e-09,", Learning rate:",1.7574730149117571e-06,", Number of training points (boundary):",4800,", Number of training points (interior):",30000,", VRAM allocated:",0,", VRAM reserved:",0
346700,Training Loss:,2.6625102123034594e-09,", Learning rate:",1.7574730149117571e-06,", Number of training points (boundary):",4800,", Number of training points (interior):",30000,", VRAM allocated:",0,", VRAM reserved:",0
346800,Training Loss:,2.6619708659580965e-09,", Learning rate:",1.7574730149117571e-06,", Number of training points (boundary):",4800,", Number of training points (interior):",30000,", VRAM allocated:",0,", VRAM reserved:",0
346900,Training Loss:,2.6612154702121416e-09,", Learning rate:",1.7574730149117571e-06,", Number of training points (boundary):",4800,", Number of training points (interior):",30000,", VRAM allocated:",0,", VRAM reserved:",0
347000,Training Loss:,2.66059774212124e-09,", Learning rate:",1.7574730149117571e-06,", Number of training points (boundary):",4800,", Number of training points (interior):",30000,", VRAM allocated:",0,", VRAM reserved:",0
347100,Training Loss:,2.659893416634418e-09,", Learning rate:",1.7574730149117571e-06,", Number of training points (boundary):",4800,", Number of training points (interior):",30000,", VRAM allocated:",0,", VRAM reserved:",0
347200,Training Loss:,2.659188425013781e-09,", Learning rate:",1.7574730149117571e-06,", Number of training points (boundary):",4800,", Number of training points (interior):",30000,", VRAM allocated:",0,", VRAM reserved:",0
347300,Training Loss:,2.658445241721097e-09,", Learning rate:",1.7574730149117571e-06,", Number of training points (boundary):",4800,", Number of training points (interior):",30000,", VRAM allocated:",0,", VRAM reserved:",0
347400,Training Loss:,2.6578028666790487e-09,", Learning rate:",1.7574730149117571e-06,", Number of training points (boundary):",4800,", Number of training points (interior):",30000,", VRAM allocated:",0,", VRAM reserved:",0
347500,Training Loss:,2.6569499933515317e-09,", Learning rate:",1.7574730149117571e-06,", Number of training points (boundary):",4800,", Number of training points (interior):",30000,", VRAM allocated:",0,", VRAM reserved:",0
347600,Training Loss:,2.6561561838889247e-09,", Learning rate:",1.7574730149117571e-06,", Number of training points (boundary):",4800,", Number of training points (interior):",30000,", VRAM allocated:",0,", VRAM reserved:",0
347700,Training Loss:,2.6555255772109376e-09,", Learning rate:",1.7574730149117571e-06,", Number of training points (boundary):",4800,", Number of training points (interior):",30000,", VRAM allocated:",0,", VRAM reserved:",0
347800,Training Loss:,2.6545925457810426e-09,", Learning rate:",1.7574730149117571e-06,", Number of training points (boundary):",4800,", Number of training points (interior):",30000,", VRAM allocated:",0,", VRAM reserved:",0
347900,Training Loss:,2.6538822250898875e-09,", Learning rate:",1.7574730149117571e-06,", Number of training points (boundary):",4800,", Number of training points (interior):",30000,", VRAM allocated:",0,", VRAM reserved:",0
348000,Training Loss:,2.653054220758122e-09,", Learning rate:",1.7398982847626394e-06,", Number of training points (boundary):",4800,", Number of training points (interior):",30000,", VRAM allocated:",0,", VRAM reserved:",0
348100,Training Loss:,2.6523010454582163e-09,", Learning rate:",1.7398982847626394e-06,", Number of training points (boundary):",4800,", Number of training points (interior):",30000,", VRAM allocated:",0,", VRAM reserved:",0
348200,Training Loss:,2.651508124174029e-09,", Learning rate:",1.7398982847626394e-06,", Number of training points (boundary):",4800,", Number of training points (interior):",30000,", VRAM allocated:",0,", VRAM reserved:",0
348300,Training Loss:,2.6507092076855088e-09,", Learning rate:",1.7398982847626394e-06,", Number of training points (boundary):",4800,", Number of training points (interior):",30000,", VRAM allocated:",0,", VRAM reserved:",0
348400,Training Loss:,2.649844121904721e-09,", Learning rate:",1.7398982847626394e-06,", Number of training points (boundary):",4800,", Number of training points (interior):",30000,", VRAM allocated:",0,", VRAM reserved:",0
348500,Training Loss:,2.6489659354922424e-09,", Learning rate:",1.7398982847626394e-06,", Number of training points (boundary):",4800,", Number of training points (interior):",30000,", VRAM allocated:",0,", VRAM reserved:",0
348600,Training Loss:,2.6480448944710133e-09,", Learning rate:",1.7398982847626394e-06,", Number of training points (boundary):",4800,", Number of training points (interior):",30000,", VRAM allocated:",0,", VRAM reserved:",0
348700,Training Loss:,2.6663093954937267e-09,", Learning rate:",1.7398982847626394e-06,", Number of training points (boundary):",4800,", Number of training points (interior):",30000,", VRAM allocated:",0,", VRAM reserved:",0
348800,Training Loss:,2.6467354974357704e-09,", Learning rate:",1.7398982847626394e-06,", Number of training points (boundary):",4800,", Number of training points (interior):",30000,", VRAM allocated:",0,", VRAM reserved:",0
348900,Training Loss:,2.6460449387144536e-09,", Learning rate:",1.7398982847626394e-06,", Number of training points (boundary):",4800,", Number of training points (interior):",30000,", VRAM allocated:",0,", VRAM reserved:",0
349000,Training Loss:,2.6453943480220232e-09,", Learning rate:",1.7398982847626394e-06,", Number of training points (boundary):",4800,", Number of training points (interior):",30000,", VRAM allocated:",0,", VRAM reserved:",0
349100,Training Loss:,2.6447746215296775e-09,", Learning rate:",1.7398982847626394e-06,", Number of training points (boundary):",4800,", Number of training points (interior):",30000,", VRAM allocated:",0,", VRAM reserved:",0
349200,Training Loss:,2.644157337527986e-09,", Learning rate:",1.7398982847626394e-06,", Number of training points (boundary):",4800,", Number of training points (interior):",30000,", VRAM allocated:",0,", VRAM reserved:",0
349300,Training Loss:,2.643559149362318e-09,", Learning rate:",1.7398982847626394e-06,", Number of training points (boundary):",4800,", Number of training points (interior):",30000,", VRAM allocated:",0,", VRAM reserved:",0
349400,Training Loss:,2.6428674804179764e-09,", Learning rate:",1.7398982847626394e-06,", Number of training points (boundary):",4800,", Number of training points (interior):",30000,", VRAM allocated:",0,", VRAM reserved:",0
349500,Training Loss:,2.6421556054145867e-09,", Learning rate:",1.7398982847626394e-06,", Number of training points (boundary):",4800,", Number of training points (interior):",30000,", VRAM allocated:",0,", VRAM reserved:",0
349600,Training Loss:,2.6416226983627666e-09,", Learning rate:",1.7398982847626394e-06,", Number of training points (boundary):",4800,", Number of training points (interior):",30000,", VRAM allocated:",0,", VRAM reserved:",0
349700,Training Loss:,2.640756280314349e-09,", Learning rate:",1.7398982847626394e-06,", Number of training points (boundary):",4800,", Number of training points (interior):",30000,", VRAM allocated:",0,", VRAM reserved:",0
349800,Training Loss:,2.640155205568817e-09,", Learning rate:",1.7398982847626394e-06,", Number of training points (boundary):",4800,", Number of training points (interior):",30000,", VRAM allocated:",0,", VRAM reserved:",0
349900,Training Loss:,2.639436003093465e-09,", Learning rate:",1.7398982847626394e-06,", Number of training points (boundary):",4800,", Number of training points (interior):",30000,", VRAM allocated:",0,", VRAM reserved:",0
350000,Training Loss:,2.6386401952294136e-09,", Learning rate:",1.722499301915013e-06,", Number of training points (boundary):",4800,", Number of training points (interior):",30000,", VRAM allocated:",0,", VRAM reserved:",0
350100,Training Loss:,2.6379882722693537e-09,", Learning rate:",1.722499301915013e-06,", Number of training points (boundary):",4800,", Number of training points (interior):",30000,", VRAM allocated:",0,", VRAM reserved:",0
350200,Training Loss:,2.6372148909104e-09,", Learning rate:",1.722499301915013e-06,", Number of training points (boundary):",4800,", Number of training points (interior):",30000,", VRAM allocated:",0,", VRAM reserved:",0
350300,Training Loss:,2.6364213034923978e-09,", Learning rate:",1.722499301915013e-06,", Number of training points (boundary):",4800,", Number of training points (interior):",30000,", VRAM allocated:",0,", VRAM reserved:",0
350400,Training Loss:,2.635712315068872e-09,", Learning rate:",1.722499301915013e-06,", Number of training points (boundary):",4800,", Number of training points (interior):",30000,", VRAM allocated:",0,", VRAM reserved:",0
350500,Training Loss:,2.634770623899385e-09,", Learning rate:",1.722499301915013e-06,", Number of training points (boundary):",4800,", Number of training points (interior):",30000,", VRAM allocated:",0,", VRAM reserved:",0
350600,Training Loss:,2.6341322456602256e-09,", Learning rate:",1.722499301915013e-06,", Number of training points (boundary):",4800,", Number of training points (interior):",30000,", VRAM allocated:",0,", VRAM reserved:",0
350700,Training Loss:,2.633284035269412e-09,", Learning rate:",1.722499301915013e-06,", Number of training points (boundary):",4800,", Number of training points (interior):",30000,", VRAM allocated:",0,", VRAM reserved:",0
350800,Training Loss:,2.632510875955063e-09,", Learning rate:",1.722499301915013e-06,", Number of training points (boundary):",4800,", Number of training points (interior):",30000,", VRAM allocated:",0,", VRAM reserved:",0
350900,Training Loss:,2.6317092949312837e-09,", Learning rate:",1.722499301915013e-06,", Number of training points (boundary):",4800,", Number of training points (interior):",30000,", VRAM allocated:",0,", VRAM reserved:",0
351000,Training Loss:,2.6308100142813373e-09,", Learning rate:",1.722499301915013e-06,", Number of training points (boundary):",4800,", Number of training points (interior):",30000,", VRAM allocated:",0,", VRAM reserved:",0
351100,Training Loss:,2.6299533661955365e-09,", Learning rate:",1.722499301915013e-06,", Number of training points (boundary):",4800,", Number of training points (interior):",30000,", VRAM allocated:",0,", VRAM reserved:",0
351200,Training Loss:,5.261151070357073e-09,", Learning rate:",1.722499301915013e-06,", Number of training points (boundary):",4800,", Number of training points (interior):",30000,", VRAM allocated:",0,", VRAM reserved:",0
351300,Training Loss:,2.6285233989398193e-09,", Learning rate:",1.722499301915013e-06,", Number of training points (boundary):",4800,", Number of training points (interior):",30000,", VRAM allocated:",0,", VRAM reserved:",0
351400,Training Loss:,2.627855044678995e-09,", Learning rate:",1.722499301915013e-06,", Number of training points (boundary):",4800,", Number of training points (interior):",30000,", VRAM allocated:",0,", VRAM reserved:",0
351500,Training Loss:,2.627208894878663e-09,", Learning rate:",1.722499301915013e-06,", Number of training points (boundary):",4800,", Number of training points (interior):",30000,", VRAM allocated:",0,", VRAM reserved:",0
351600,Training Loss:,2.62672994466584e-09,", Learning rate:",1.722499301915013e-06,", Number of training points (boundary):",4800,", Number of training points (interior):",30000,", VRAM allocated:",0,", VRAM reserved:",0
351700,Training Loss:,2.6260207341977093e-09,", Learning rate:",1.722499301915013e-06,", Number of training points (boundary):",4800,", Number of training points (interior):",30000,", VRAM allocated:",0,", VRAM reserved:",0
351800,Training Loss:,2.6254660667746066e-09,", Learning rate:",1.722499301915013e-06,", Number of training points (boundary):",4800,", Number of training points (interior):",30000,", VRAM allocated:",0,", VRAM reserved:",0
351900,Training Loss:,2.624809924967053e-09,", Learning rate:",1.722499301915013e-06,", Number of training points (boundary):",4800,", Number of training points (interior):",30000,", VRAM allocated:",0,", VRAM reserved:",0
