0,Training Loss:,0.013779591768980026,", Learning rate:",0.0001,", Number of training points (boundary):",3000,", Number of training points (interior):",15000,", VRAM allocated:",0,", VRAM reserved:",0
100,Training Loss:,0.004306144081056118,", Learning rate:",0.0001,", Number of training points (boundary):",3000,", Number of training points (interior):",15000,", VRAM allocated:",0,", VRAM reserved:",0
200,Training Loss:,0.0028128407429903746,", Learning rate:",0.0001,", Number of training points (boundary):",3000,", Number of training points (interior):",15000,", VRAM allocated:",0,", VRAM reserved:",0
300,Training Loss:,0.002403927268460393,", Learning rate:",0.0001,", Number of training points (boundary):",3000,", Number of training points (interior):",15000,", VRAM allocated:",0,", VRAM reserved:",0
400,Training Loss:,0.0021208140533417463,", Learning rate:",0.0001,", Number of training points (boundary):",3000,", Number of training points (interior):",15000,", VRAM allocated:",0,", VRAM reserved:",0
500,Training Loss:,0.0019010681426152587,", Learning rate:",0.0001,", Number of training points (boundary):",3000,", Number of training points (interior):",15000,", VRAM allocated:",0,", VRAM reserved:",0
600,Training Loss:,0.0017237936845049262,", Learning rate:",0.0001,", Number of training points (boundary):",3000,", Number of training points (interior):",15000,", VRAM allocated:",0,", VRAM reserved:",0
700,Training Loss:,0.0015761468093842268,", Learning rate:",0.0001,", Number of training points (boundary):",3000,", Number of training points (interior):",15000,", VRAM allocated:",0,", VRAM reserved:",0
800,Training Loss:,0.0014500892721116543,", Learning rate:",0.0001,", Number of training points (boundary):",3000,", Number of training points (interior):",15000,", VRAM allocated:",0,", VRAM reserved:",0
900,Training Loss:,0.001340449322015047,", Learning rate:",0.0001,", Number of training points (boundary):",3000,", Number of training points (interior):",15000,", VRAM allocated:",0,", VRAM reserved:",0
1000,Training Loss:,0.0012437652330845594,", Learning rate:",9.8e-05,", Number of training points (boundary):",3000,", Number of training points (interior):",15000,", VRAM allocated:",0,", VRAM reserved:",0
1100,Training Loss:,0.0011592358350753784,", Learning rate:",9.8e-05,", Number of training points (boundary):",3000,", Number of training points (interior):",15000,", VRAM allocated:",0,", VRAM reserved:",0
1200,Training Loss:,0.0010830655228346586,", Learning rate:",9.8e-05,", Number of training points (boundary):",3000,", Number of training points (interior):",15000,", VRAM allocated:",0,", VRAM reserved:",0
1300,Training Loss:,0.0010142062092199922,", Learning rate:",9.8e-05,", Number of training points (boundary):",3000,", Number of training points (interior):",15000,", VRAM allocated:",0,", VRAM reserved:",0
1400,Training Loss:,0.0009233938762918115,", Learning rate:",9.8e-05,", Number of training points (boundary):",3000,", Number of training points (interior):",15000,", VRAM allocated:",0,", VRAM reserved:",0
1500,Training Loss:,0.0008699841564521194,", Learning rate:",9.8e-05,", Number of training points (boundary):",3000,", Number of training points (interior):",15000,", VRAM allocated:",0,", VRAM reserved:",0
1600,Training Loss:,0.0010277905967086554,", Learning rate:",9.8e-05,", Number of training points (boundary):",3000,", Number of training points (interior):",15000,", VRAM allocated:",0,", VRAM reserved:",0
1700,Training Loss:,0.0007321140146814287,", Learning rate:",9.8e-05,", Number of training points (boundary):",3000,", Number of training points (interior):",15000,", VRAM allocated:",0,", VRAM reserved:",0
1800,Training Loss:,0.0006940524326637387,", Learning rate:",9.8e-05,", Number of training points (boundary):",3000,", Number of training points (interior):",15000,", VRAM allocated:",0,", VRAM reserved:",0
1900,Training Loss:,0.0006592910503968596,", Learning rate:",9.8e-05,", Number of training points (boundary):",3000,", Number of training points (interior):",15000,", VRAM allocated:",0,", VRAM reserved:",0
2000,Training Loss:,0.0007675365777686238,", Learning rate:",9.604e-05,", Number of training points (boundary):",3000,", Number of training points (interior):",15000,", VRAM allocated:",0,", VRAM reserved:",0
2100,Training Loss:,0.0005717241438105702,", Learning rate:",9.604e-05,", Number of training points (boundary):",3000,", Number of training points (interior):",15000,", VRAM allocated:",0,", VRAM reserved:",0
2200,Training Loss:,0.0014347601681947708,", Learning rate:",9.604e-05,", Number of training points (boundary):",3000,", Number of training points (interior):",15000,", VRAM allocated:",0,", VRAM reserved:",0
2300,Training Loss:,0.00047018309123814106,", Learning rate:",9.604e-05,", Number of training points (boundary):",3000,", Number of training points (interior):",15000,", VRAM allocated:",0,", VRAM reserved:",0
2400,Training Loss:,0.00045087351463735104,", Learning rate:",9.604e-05,", Number of training points (boundary):",3000,", Number of training points (interior):",15000,", VRAM allocated:",0,", VRAM reserved:",0
2500,Training Loss:,0.00043270853348076344,", Learning rate:",9.604e-05,", Number of training points (boundary):",3000,", Number of training points (interior):",15000,", VRAM allocated:",0,", VRAM reserved:",0
2600,Training Loss:,0.0004386300570331514,", Learning rate:",9.604e-05,", Number of training points (boundary):",3000,", Number of training points (interior):",15000,", VRAM allocated:",0,", VRAM reserved:",0
2700,Training Loss:,0.00037043559132143855,", Learning rate:",9.604e-05,", Number of training points (boundary):",3000,", Number of training points (interior):",15000,", VRAM allocated:",0,", VRAM reserved:",0
2800,Training Loss:,0.00034872707328759134,", Learning rate:",9.604e-05,", Number of training points (boundary):",3000,", Number of training points (interior):",15000,", VRAM allocated:",0,", VRAM reserved:",0
2900,Training Loss:,0.006860393099486828,", Learning rate:",9.604e-05,", Number of training points (boundary):",3000,", Number of training points (interior):",15000,", VRAM allocated:",0,", VRAM reserved:",0
3000,Training Loss:,0.000278522667940706,", Learning rate:",9.41192e-05,", Number of training points (boundary):",3000,", Number of training points (interior):",15000,", VRAM allocated:",0,", VRAM reserved:",0
3100,Training Loss:,0.0002683493075892329,", Learning rate:",9.41192e-05,", Number of training points (boundary):",3000,", Number of training points (interior):",15000,", VRAM allocated:",0,", VRAM reserved:",0
3200,Training Loss:,0.00025943573564291,", Learning rate:",9.41192e-05,", Number of training points (boundary):",3000,", Number of training points (interior):",15000,", VRAM allocated:",0,", VRAM reserved:",0
3300,Training Loss:,0.00025097085745073855,", Learning rate:",9.41192e-05,", Number of training points (boundary):",3000,", Number of training points (interior):",15000,", VRAM allocated:",0,", VRAM reserved:",0
3400,Training Loss:,0.00024279783247038722,", Learning rate:",9.41192e-05,", Number of training points (boundary):",3000,", Number of training points (interior):",15000,", VRAM allocated:",0,", VRAM reserved:",0
3500,Training Loss:,0.0002137309347745031,", Learning rate:",9.41192e-05,", Number of training points (boundary):",3000,", Number of training points (interior):",15000,", VRAM allocated:",0,", VRAM reserved:",0
3600,Training Loss:,0.0001983629772439599,", Learning rate:",9.41192e-05,", Number of training points (boundary):",3000,", Number of training points (interior):",15000,", VRAM allocated:",0,", VRAM reserved:",0
3700,Training Loss:,0.00019196099310647696,", Learning rate:",9.41192e-05,", Number of training points (boundary):",3000,", Number of training points (interior):",15000,", VRAM allocated:",0,", VRAM reserved:",0
3800,Training Loss:,0.0024965801276266575,", Learning rate:",9.41192e-05,", Number of training points (boundary):",3000,", Number of training points (interior):",15000,", VRAM allocated:",0,", VRAM reserved:",0
3900,Training Loss:,0.00015754211926832795,", Learning rate:",9.41192e-05,", Number of training points (boundary):",3000,", Number of training points (interior):",15000,", VRAM allocated:",0,", VRAM reserved:",0
4000,Training Loss:,0.00015219826309476048,", Learning rate:",9.2236816e-05,", Number of training points (boundary):",3000,", Number of training points (interior):",15000,", VRAM allocated:",0,", VRAM reserved:",0
4100,Training Loss:,0.00014774981536902487,", Learning rate:",9.2236816e-05,", Number of training points (boundary):",3000,", Number of training points (interior):",15000,", VRAM allocated:",0,", VRAM reserved:",0
4200,Training Loss:,0.00014355691382661462,", Learning rate:",9.2236816e-05,", Number of training points (boundary):",3000,", Number of training points (interior):",15000,", VRAM allocated:",0,", VRAM reserved:",0
4300,Training Loss:,0.0001891283318400383,", Learning rate:",9.2236816e-05,", Number of training points (boundary):",3000,", Number of training points (interior):",15000,", VRAM allocated:",0,", VRAM reserved:",0
4400,Training Loss:,0.00011698792513925582,", Learning rate:",9.2236816e-05,", Number of training points (boundary):",3000,", Number of training points (interior):",15000,", VRAM allocated:",0,", VRAM reserved:",0
4500,Training Loss:,0.0001132208708440885,", Learning rate:",9.2236816e-05,", Number of training points (boundary):",3000,", Number of training points (interior):",15000,", VRAM allocated:",0,", VRAM reserved:",0
4600,Training Loss:,0.00011119236296508461,", Learning rate:",9.2236816e-05,", Number of training points (boundary):",3000,", Number of training points (interior):",15000,", VRAM allocated:",0,", VRAM reserved:",0
4700,Training Loss:,9.73160786088556e-05,", Learning rate:",9.2236816e-05,", Number of training points (boundary):",3000,", Number of training points (interior):",15000,", VRAM allocated:",0,", VRAM reserved:",0
4800,Training Loss:,9.114258136833087e-05,", Learning rate:",9.2236816e-05,", Number of training points (boundary):",3000,", Number of training points (interior):",15000,", VRAM allocated:",0,", VRAM reserved:",0
4900,Training Loss:,8.831902232486755e-05,", Learning rate:",9.2236816e-05,", Number of training points (boundary):",3000,", Number of training points (interior):",15000,", VRAM allocated:",0,", VRAM reserved:",0
5000,Training Loss:,0.014593731611967087,", Learning rate:",9.039207968e-05,", Number of training points (boundary):",3000,", Number of training points (interior):",15000,", VRAM allocated:",0,", VRAM reserved:",0
5100,Training Loss:,7.553260365966707e-05,", Learning rate:",9.039207968e-05,", Number of training points (boundary):",3000,", Number of training points (interior):",15000,", VRAM allocated:",0,", VRAM reserved:",0
5200,Training Loss:,7.144801202230155e-05,", Learning rate:",9.039207968e-05,", Number of training points (boundary):",3000,", Number of training points (interior):",15000,", VRAM allocated:",0,", VRAM reserved:",0
5300,Training Loss:,6.917412247275934e-05,", Learning rate:",9.039207968e-05,", Number of training points (boundary):",3000,", Number of training points (interior):",15000,", VRAM allocated:",0,", VRAM reserved:",0
5400,Training Loss:,6.730477616656572e-05,", Learning rate:",9.039207968e-05,", Number of training points (boundary):",3000,", Number of training points (interior):",15000,", VRAM allocated:",0,", VRAM reserved:",0
5500,Training Loss:,0.00010723373270593584,", Learning rate:",9.039207968e-05,", Number of training points (boundary):",3000,", Number of training points (interior):",15000,", VRAM allocated:",0,", VRAM reserved:",0
5600,Training Loss:,5.7946486776927486e-05,", Learning rate:",9.039207968e-05,", Number of training points (boundary):",3000,", Number of training points (interior):",15000,", VRAM allocated:",0,", VRAM reserved:",0
5700,Training Loss:,5.580134893534705e-05,", Learning rate:",9.039207968e-05,", Number of training points (boundary):",3000,", Number of training points (interior):",15000,", VRAM allocated:",0,", VRAM reserved:",0
5800,Training Loss:,0.0011311154812574387,", Learning rate:",9.039207968e-05,", Number of training points (boundary):",3000,", Number of training points (interior):",15000,", VRAM allocated:",0,", VRAM reserved:",0
5900,Training Loss:,5.013661939301528e-05,", Learning rate:",9.039207968e-05,", Number of training points (boundary):",3000,", Number of training points (interior):",15000,", VRAM allocated:",0,", VRAM reserved:",0
6000,Training Loss:,4.6934132114984095e-05,", Learning rate:",8.858423808639999e-05,", Number of training points (boundary):",3000,", Number of training points (interior):",15000,", VRAM allocated:",0,", VRAM reserved:",0
6100,Training Loss:,4.522001836448908e-05,", Learning rate:",8.858423808639999e-05,", Number of training points (boundary):",3000,", Number of training points (interior):",15000,", VRAM allocated:",0,", VRAM reserved:",0
6200,Training Loss:,4.392654955154285e-05,", Learning rate:",8.858423808639999e-05,", Number of training points (boundary):",3000,", Number of training points (interior):",15000,", VRAM allocated:",0,", VRAM reserved:",0
6300,Training Loss:,5.8776211517397314e-05,", Learning rate:",8.858423808639999e-05,", Number of training points (boundary):",3000,", Number of training points (interior):",15000,", VRAM allocated:",0,", VRAM reserved:",0
6400,Training Loss:,3.979409666499123e-05,", Learning rate:",8.858423808639999e-05,", Number of training points (boundary):",3000,", Number of training points (interior):",15000,", VRAM allocated:",0,", VRAM reserved:",0
6500,Training Loss:,3.821563586825505e-05,", Learning rate:",8.858423808639999e-05,", Number of training points (boundary):",3000,", Number of training points (interior):",15000,", VRAM allocated:",0,", VRAM reserved:",0
6600,Training Loss:,7.195742364274338e-05,", Learning rate:",8.858423808639999e-05,", Number of training points (boundary):",3000,", Number of training points (interior):",15000,", VRAM allocated:",0,", VRAM reserved:",0
6700,Training Loss:,3.5744000342674553e-05,", Learning rate:",8.858423808639999e-05,", Number of training points (boundary):",3000,", Number of training points (interior):",15000,", VRAM allocated:",0,", VRAM reserved:",0
6800,Training Loss:,3.390587153262459e-05,", Learning rate:",8.858423808639999e-05,", Number of training points (boundary):",3000,", Number of training points (interior):",15000,", VRAM allocated:",0,", VRAM reserved:",0
6900,Training Loss:,0.0035277600400149822,", Learning rate:",8.858423808639999e-05,", Number of training points (boundary):",3000,", Number of training points (interior):",15000,", VRAM allocated:",0,", VRAM reserved:",0
7000,Training Loss:,3.238364661228843e-05,", Learning rate:",8.681255332467199e-05,", Number of training points (boundary):",3000,", Number of training points (interior):",15000,", VRAM allocated:",0,", VRAM reserved:",0
7100,Training Loss:,3.0352213798323646e-05,", Learning rate:",8.681255332467199e-05,", Number of training points (boundary):",3000,", Number of training points (interior):",15000,", VRAM allocated:",0,", VRAM reserved:",0
7200,Training Loss:,2.927454079326708e-05,", Learning rate:",8.681255332467199e-05,", Number of training points (boundary):",3000,", Number of training points (interior):",15000,", VRAM allocated:",0,", VRAM reserved:",0
7300,Training Loss:,4.792927938979119e-05,", Learning rate:",8.681255332467199e-05,", Number of training points (boundary):",3000,", Number of training points (interior):",15000,", VRAM allocated:",0,", VRAM reserved:",0
7400,Training Loss:,2.8171358280815184e-05,", Learning rate:",8.681255332467199e-05,", Number of training points (boundary):",3000,", Number of training points (interior):",15000,", VRAM allocated:",0,", VRAM reserved:",0
7500,Training Loss:,2.6733210688689724e-05,", Learning rate:",8.681255332467199e-05,", Number of training points (boundary):",3000,", Number of training points (interior):",15000,", VRAM allocated:",0,", VRAM reserved:",0
7600,Training Loss:,0.008689330890774727,", Learning rate:",8.681255332467199e-05,", Number of training points (boundary):",3000,", Number of training points (interior):",15000,", VRAM allocated:",0,", VRAM reserved:",0
7700,Training Loss:,2.7283396775601432e-05,", Learning rate:",8.681255332467199e-05,", Number of training points (boundary):",3000,", Number of training points (interior):",15000,", VRAM allocated:",0,", VRAM reserved:",0
7800,Training Loss:,2.460521864122711e-05,", Learning rate:",8.681255332467199e-05,", Number of training points (boundary):",3000,", Number of training points (interior):",15000,", VRAM allocated:",0,", VRAM reserved:",0
7900,Training Loss:,2.3568707547383383e-05,", Learning rate:",8.681255332467199e-05,", Number of training points (boundary):",3000,", Number of training points (interior):",15000,", VRAM allocated:",0,", VRAM reserved:",0
8000,Training Loss:,0.0008253917330875993,", Learning rate:",8.507630225817855e-05,", Number of training points (boundary):",3000,", Number of training points (interior):",15000,", VRAM allocated:",0,", VRAM reserved:",0
8100,Training Loss:,2.325062087038532e-05,", Learning rate:",8.507630225817855e-05,", Number of training points (boundary):",3000,", Number of training points (interior):",15000,", VRAM allocated:",0,", VRAM reserved:",0
8200,Training Loss:,2.1957679564366117e-05,", Learning rate:",8.507630225817855e-05,", Number of training points (boundary):",3000,", Number of training points (interior):",15000,", VRAM allocated:",0,", VRAM reserved:",0
8300,Training Loss:,5.0520589866209775e-05,", Learning rate:",8.507630225817855e-05,", Number of training points (boundary):",3000,", Number of training points (interior):",15000,", VRAM allocated:",0,", VRAM reserved:",0
8400,Training Loss:,2.0572537323459983e-05,", Learning rate:",8.507630225817855e-05,", Number of training points (boundary):",3000,", Number of training points (interior):",15000,", VRAM allocated:",0,", VRAM reserved:",0
8500,Training Loss:,0.00038037687772884965,", Learning rate:",8.507630225817855e-05,", Number of training points (boundary):",3000,", Number of training points (interior):",15000,", VRAM allocated:",0,", VRAM reserved:",0
8600,Training Loss:,2.031648182310164e-05,", Learning rate:",8.507630225817855e-05,", Number of training points (boundary):",3000,", Number of training points (interior):",15000,", VRAM allocated:",0,", VRAM reserved:",0
8700,Training Loss:,0.0010531091829761863,", Learning rate:",8.507630225817855e-05,", Number of training points (boundary):",3000,", Number of training points (interior):",15000,", VRAM allocated:",0,", VRAM reserved:",0
8800,Training Loss:,1.9964449165854603e-05,", Learning rate:",8.507630225817855e-05,", Number of training points (boundary):",3000,", Number of training points (interior):",15000,", VRAM allocated:",0,", VRAM reserved:",0
8900,Training Loss:,0.00020908743317704648,", Learning rate:",8.507630225817855e-05,", Number of training points (boundary):",3000,", Number of training points (interior):",15000,", VRAM allocated:",0,", VRAM reserved:",0
9000,Training Loss:,1.8220205674879253e-05,", Learning rate:",8.337477621301498e-05,", Number of training points (boundary):",3000,", Number of training points (interior):",15000,", VRAM allocated:",0,", VRAM reserved:",0
9100,Training Loss:,1.7684333215584047e-05,", Learning rate:",8.337477621301498e-05,", Number of training points (boundary):",3000,", Number of training points (interior):",15000,", VRAM allocated:",0,", VRAM reserved:",0
9200,Training Loss:,3.846881372737698e-05,", Learning rate:",8.337477621301498e-05,", Number of training points (boundary):",3000,", Number of training points (interior):",15000,", VRAM allocated:",0,", VRAM reserved:",0
9300,Training Loss:,1.7405725884600542e-05,", Learning rate:",8.337477621301498e-05,", Number of training points (boundary):",3000,", Number of training points (interior):",15000,", VRAM allocated:",0,", VRAM reserved:",0
9400,Training Loss:,0.00023029962903819978,", Learning rate:",8.337477621301498e-05,", Number of training points (boundary):",3000,", Number of training points (interior):",15000,", VRAM allocated:",0,", VRAM reserved:",0
9500,Training Loss:,0.00013954484893474728,", Learning rate:",8.337477621301498e-05,", Number of training points (boundary):",3000,", Number of training points (interior):",15000,", VRAM allocated:",0,", VRAM reserved:",0
9600,Training Loss:,1.649928162805736e-05,", Learning rate:",8.337477621301498e-05,", Number of training points (boundary):",3000,", Number of training points (interior):",15000,", VRAM allocated:",0,", VRAM reserved:",0
9700,Training Loss:,1.6007043086574413e-05,", Learning rate:",8.337477621301498e-05,", Number of training points (boundary):",3000,", Number of training points (interior):",15000,", VRAM allocated:",0,", VRAM reserved:",0
9800,Training Loss:,5.718804823118262e-05,", Learning rate:",8.337477621301498e-05,", Number of training points (boundary):",3000,", Number of training points (interior):",15000,", VRAM allocated:",0,", VRAM reserved:",0
9900,Training Loss:,0.00010959519568132237,", Learning rate:",8.337477621301498e-05,", Number of training points (boundary):",3000,", Number of training points (interior):",15000,", VRAM allocated:",0,", VRAM reserved:",0
10000,Training Loss:,1.5769308447488584e-05,", Learning rate:",8.170728068875468e-05,", Number of training points (boundary):",3000,", Number of training points (interior):",15000,", VRAM allocated:",0,", VRAM reserved:",0
10100,Training Loss:,2.31541689572623e-05,", Learning rate:",8.170728068875468e-05,", Number of training points (boundary):",3000,", Number of training points (interior):",15000,", VRAM allocated:",0,", VRAM reserved:",0
10200,Training Loss:,1.6015390428947285e-05,", Learning rate:",8.170728068875468e-05,", Number of training points (boundary):",3000,", Number of training points (interior):",15000,", VRAM allocated:",0,", VRAM reserved:",0
10300,Training Loss:,1.4813986126682721e-05,", Learning rate:",8.170728068875468e-05,", Number of training points (boundary):",3000,", Number of training points (interior):",15000,", VRAM allocated:",0,", VRAM reserved:",0
10400,Training Loss:,2.5472567358519882e-05,", Learning rate:",8.170728068875468e-05,", Number of training points (boundary):",3000,", Number of training points (interior):",15000,", VRAM allocated:",0,", VRAM reserved:",0
10500,Training Loss:,1.4794721209909767e-05,", Learning rate:",8.170728068875468e-05,", Number of training points (boundary):",3000,", Number of training points (interior):",15000,", VRAM allocated:",0,", VRAM reserved:",0
10600,Training Loss:,2.0614244931493886e-05,", Learning rate:",8.170728068875468e-05,", Number of training points (boundary):",3000,", Number of training points (interior):",15000,", VRAM allocated:",0,", VRAM reserved:",0
10700,Training Loss:,1.446084297640482e-05,", Learning rate:",8.170728068875468e-05,", Number of training points (boundary):",3000,", Number of training points (interior):",15000,", VRAM allocated:",0,", VRAM reserved:",0
10800,Training Loss:,2.3567456082673743e-05,", Learning rate:",8.170728068875468e-05,", Number of training points (boundary):",3000,", Number of training points (interior):",15000,", VRAM allocated:",0,", VRAM reserved:",0
10900,Training Loss:,1.4080267646932043e-05,", Learning rate:",8.170728068875468e-05,", Number of training points (boundary):",3000,", Number of training points (interior):",15000,", VRAM allocated:",0,", VRAM reserved:",0
11000,Training Loss:,9.423908340977505e-05,", Learning rate:",8.007313507497958e-05,", Number of training points (boundary):",3000,", Number of training points (interior):",15000,", VRAM allocated:",0,", VRAM reserved:",0
11100,Training Loss:,1.4197876225807704e-05,", Learning rate:",8.007313507497958e-05,", Number of training points (boundary):",3000,", Number of training points (interior):",15000,", VRAM allocated:",0,", VRAM reserved:",0
11200,Training Loss:,1.3795242921332829e-05,", Learning rate:",8.007313507497958e-05,", Number of training points (boundary):",3000,", Number of training points (interior):",15000,", VRAM allocated:",0,", VRAM reserved:",0
11300,Training Loss:,2.1189425751799718e-05,", Learning rate:",8.007313507497958e-05,", Number of training points (boundary):",3000,", Number of training points (interior):",15000,", VRAM allocated:",0,", VRAM reserved:",0
11400,Training Loss:,1.8478307538316585e-05,", Learning rate:",8.007313507497958e-05,", Number of training points (boundary):",3000,", Number of training points (interior):",15000,", VRAM allocated:",0,", VRAM reserved:",0
11500,Training Loss:,1.4023086805536877e-05,", Learning rate:",8.007313507497958e-05,", Number of training points (boundary):",3000,", Number of training points (interior):",15000,", VRAM allocated:",0,", VRAM reserved:",0
11600,Training Loss:,1.3341697012947407e-05,", Learning rate:",8.007313507497958e-05,", Number of training points (boundary):",3000,", Number of training points (interior):",15000,", VRAM allocated:",0,", VRAM reserved:",0
11700,Training Loss:,0.00016259915719274431,", Learning rate:",8.007313507497958e-05,", Number of training points (boundary):",3000,", Number of training points (interior):",15000,", VRAM allocated:",0,", VRAM reserved:",0
11800,Training Loss:,1.3549255527323112e-05,", Learning rate:",8.007313507497958e-05,", Number of training points (boundary):",3000,", Number of training points (interior):",15000,", VRAM allocated:",0,", VRAM reserved:",0
11900,Training Loss:,1.640442860662006e-05,", Learning rate:",8.007313507497958e-05,", Number of training points (boundary):",3000,", Number of training points (interior):",15000,", VRAM allocated:",0,", VRAM reserved:",0
12000,Training Loss:,1.373140185023658e-05,", Learning rate:",7.847167237347999e-05,", Number of training points (boundary):",3000,", Number of training points (interior):",15000,", VRAM allocated:",0,", VRAM reserved:",0
12100,Training Loss:,5.31567056896165e-05,", Learning rate:",7.847167237347999e-05,", Number of training points (boundary):",3000,", Number of training points (interior):",15000,", VRAM allocated:",0,", VRAM reserved:",0
12200,Training Loss:,1.3142980606062338e-05,", Learning rate:",7.847167237347999e-05,", Number of training points (boundary):",3000,", Number of training points (interior):",15000,", VRAM allocated:",0,", VRAM reserved:",0
12300,Training Loss:,1.2791576409654226e-05,", Learning rate:",7.847167237347999e-05,", Number of training points (boundary):",3000,", Number of training points (interior):",15000,", VRAM allocated:",0,", VRAM reserved:",0
12400,Training Loss:,0.00013936150935478508,", Learning rate:",7.847167237347999e-05,", Number of training points (boundary):",3000,", Number of training points (interior):",15000,", VRAM allocated:",0,", VRAM reserved:",0
12500,Training Loss:,1.3352730093174614e-05,", Learning rate:",7.847167237347999e-05,", Number of training points (boundary):",3000,", Number of training points (interior):",15000,", VRAM allocated:",0,", VRAM reserved:",0
12600,Training Loss:,1.5641609934391454e-05,", Learning rate:",7.847167237347999e-05,", Number of training points (boundary):",3000,", Number of training points (interior):",15000,", VRAM allocated:",0,", VRAM reserved:",0
12700,Training Loss:,1.4699947314511519e-05,", Learning rate:",7.847167237347999e-05,", Number of training points (boundary):",3000,", Number of training points (interior):",15000,", VRAM allocated:",0,", VRAM reserved:",0
12800,Training Loss:,1.38364212034503e-05,", Learning rate:",7.847167237347999e-05,", Number of training points (boundary):",3000,", Number of training points (interior):",15000,", VRAM allocated:",0,", VRAM reserved:",0
12900,Training Loss:,1.2912570127809886e-05,", Learning rate:",7.847167237347999e-05,", Number of training points (boundary):",3000,", Number of training points (interior):",15000,", VRAM allocated:",0,", VRAM reserved:",0
13000,Training Loss:,9.62079648161307e-05,", Learning rate:",7.690223892601038e-05,", Number of training points (boundary):",3000,", Number of training points (interior):",15000,", VRAM allocated:",0,", VRAM reserved:",0
13100,Training Loss:,1.2502639947342686e-05,", Learning rate:",7.690223892601038e-05,", Number of training points (boundary):",3000,", Number of training points (interior):",15000,", VRAM allocated:",0,", VRAM reserved:",0
13200,Training Loss:,1.222872560902033e-05,", Learning rate:",7.690223892601038e-05,", Number of training points (boundary):",3000,", Number of training points (interior):",15000,", VRAM allocated:",0,", VRAM reserved:",0
13300,Training Loss:,2.783874879241921e-05,", Learning rate:",7.690223892601038e-05,", Number of training points (boundary):",3000,", Number of training points (interior):",15000,", VRAM allocated:",0,", VRAM reserved:",0
13400,Training Loss:,7.857108721509576e-05,", Learning rate:",7.690223892601038e-05,", Number of training points (boundary):",3000,", Number of training points (interior):",15000,", VRAM allocated:",0,", VRAM reserved:",0
13500,Training Loss:,2.8988361009396613e-05,", Learning rate:",7.690223892601038e-05,", Number of training points (boundary):",3000,", Number of training points (interior):",15000,", VRAM allocated:",0,", VRAM reserved:",0
13600,Training Loss:,1.2667454029724468e-05,", Learning rate:",7.690223892601038e-05,", Number of training points (boundary):",3000,", Number of training points (interior):",15000,", VRAM allocated:",0,", VRAM reserved:",0
13700,Training Loss:,1.2269379112694878e-05,", Learning rate:",7.690223892601038e-05,", Number of training points (boundary):",3000,", Number of training points (interior):",15000,", VRAM allocated:",0,", VRAM reserved:",0
13800,Training Loss:,1.2077436622348614e-05,", Learning rate:",7.690223892601038e-05,", Number of training points (boundary):",3000,", Number of training points (interior):",15000,", VRAM allocated:",0,", VRAM reserved:",0
13900,Training Loss:,1.335837623628322e-05,", Learning rate:",7.690223892601038e-05,", Number of training points (boundary):",3000,", Number of training points (interior):",15000,", VRAM allocated:",0,", VRAM reserved:",0
14000,Training Loss:,1.2850653547502588e-05,", Learning rate:",7.536419414749018e-05,", Number of training points (boundary):",3000,", Number of training points (interior):",15000,", VRAM allocated:",0,", VRAM reserved:",0
14100,Training Loss:,1.2134626558690798e-05,", Learning rate:",7.536419414749018e-05,", Number of training points (boundary):",3000,", Number of training points (interior):",15000,", VRAM allocated:",0,", VRAM reserved:",0
14200,Training Loss:,1.817039810703136e-05,", Learning rate:",7.536419414749018e-05,", Number of training points (boundary):",3000,", Number of training points (interior):",15000,", VRAM allocated:",0,", VRAM reserved:",0
14300,Training Loss:,1.2162082384747919e-05,", Learning rate:",7.536419414749018e-05,", Number of training points (boundary):",3000,", Number of training points (interior):",15000,", VRAM allocated:",0,", VRAM reserved:",0
14400,Training Loss:,1.1922747034986969e-05,", Learning rate:",7.536419414749018e-05,", Number of training points (boundary):",3000,", Number of training points (interior):",15000,", VRAM allocated:",0,", VRAM reserved:",0
14500,Training Loss:,1.3634167771670036e-05,", Learning rate:",7.536419414749018e-05,", Number of training points (boundary):",3000,", Number of training points (interior):",15000,", VRAM allocated:",0,", VRAM reserved:",0
14600,Training Loss:,0.0004724234458990395,", Learning rate:",7.536419414749018e-05,", Number of training points (boundary):",3000,", Number of training points (interior):",15000,", VRAM allocated:",0,", VRAM reserved:",0
14700,Training Loss:,1.2103996596124489e-05,", Learning rate:",7.536419414749018e-05,", Number of training points (boundary):",3000,", Number of training points (interior):",15000,", VRAM allocated:",0,", VRAM reserved:",0
14800,Training Loss:,1.2286012861295603e-05,", Learning rate:",7.536419414749018e-05,", Number of training points (boundary):",3000,", Number of training points (interior):",15000,", VRAM allocated:",0,", VRAM reserved:",0
14900,Training Loss:,1.2260753464943264e-05,", Learning rate:",7.536419414749018e-05,", Number of training points (boundary):",3000,", Number of training points (interior):",15000,", VRAM allocated:",0,", VRAM reserved:",0
15000,Training Loss:,1.1852699572045822e-05,", Learning rate:",7.385691026454037e-05,", Number of training points (boundary):",3000,", Number of training points (interior):",15000,", VRAM allocated:",0,", VRAM reserved:",0
15100,Training Loss:,1.1656144124572165e-05,", Learning rate:",7.385691026454037e-05,", Number of training points (boundary):",3000,", Number of training points (interior):",15000,", VRAM allocated:",0,", VRAM reserved:",0
15200,Training Loss:,1.7941110854735598e-05,", Learning rate:",7.385691026454037e-05,", Number of training points (boundary):",3000,", Number of training points (interior):",15000,", VRAM allocated:",0,", VRAM reserved:",0
15300,Training Loss:,1.1801929758803453e-05,", Learning rate:",7.385691026454037e-05,", Number of training points (boundary):",3000,", Number of training points (interior):",15000,", VRAM allocated:",0,", VRAM reserved:",0
15400,Training Loss:,1.1537367754499428e-05,", Learning rate:",7.385691026454037e-05,", Number of training points (boundary):",3000,", Number of training points (interior):",15000,", VRAM allocated:",0,", VRAM reserved:",0
15500,Training Loss:,0.000977036659605801,", Learning rate:",7.385691026454037e-05,", Number of training points (boundary):",3000,", Number of training points (interior):",15000,", VRAM allocated:",0,", VRAM reserved:",0
15600,Training Loss:,1.1805081157945096e-05,", Learning rate:",7.385691026454037e-05,", Number of training points (boundary):",3000,", Number of training points (interior):",15000,", VRAM allocated:",0,", VRAM reserved:",0
15700,Training Loss:,2.401950587227475e-05,", Learning rate:",7.385691026454037e-05,", Number of training points (boundary):",3000,", Number of training points (interior):",15000,", VRAM allocated:",0,", VRAM reserved:",0
15800,Training Loss:,1.1505832844704855e-05,", Learning rate:",7.385691026454037e-05,", Number of training points (boundary):",3000,", Number of training points (interior):",15000,", VRAM allocated:",0,", VRAM reserved:",0
15900,Training Loss:,1.557574069011025e-05,", Learning rate:",7.385691026454037e-05,", Number of training points (boundary):",3000,", Number of training points (interior):",15000,", VRAM allocated:",0,", VRAM reserved:",0
16000,Training Loss:,1.132203578890767e-05,", Learning rate:",7.237977205924956e-05,", Number of training points (boundary):",3000,", Number of training points (interior):",15000,", VRAM allocated:",0,", VRAM reserved:",0
16100,Training Loss:,1.114500810217578e-05,", Learning rate:",7.237977205924956e-05,", Number of training points (boundary):",3000,", Number of training points (interior):",15000,", VRAM allocated:",0,", VRAM reserved:",0
16200,Training Loss:,1.4298546375357546e-05,", Learning rate:",7.237977205924956e-05,", Number of training points (boundary):",3000,", Number of training points (interior):",15000,", VRAM allocated:",0,", VRAM reserved:",0
16300,Training Loss:,1.1685865501931403e-05,", Learning rate:",7.237977205924956e-05,", Number of training points (boundary):",3000,", Number of training points (interior):",15000,", VRAM allocated:",0,", VRAM reserved:",0
16400,Training Loss:,1.1045186511182692e-05,", Learning rate:",7.237977205924956e-05,", Number of training points (boundary):",3000,", Number of training points (interior):",15000,", VRAM allocated:",0,", VRAM reserved:",0
16500,Training Loss:,1.3763683455181308e-05,", Learning rate:",7.237977205924956e-05,", Number of training points (boundary):",3000,", Number of training points (interior):",15000,", VRAM allocated:",0,", VRAM reserved:",0
16600,Training Loss:,1.1111756975878961e-05,", Learning rate:",7.237977205924956e-05,", Number of training points (boundary):",3000,", Number of training points (interior):",15000,", VRAM allocated:",0,", VRAM reserved:",0
16700,Training Loss:,1.0850913895410486e-05,", Learning rate:",7.237977205924956e-05,", Number of training points (boundary):",3000,", Number of training points (interior):",15000,", VRAM allocated:",0,", VRAM reserved:",0
16800,Training Loss:,0.00015196042659226805,", Learning rate:",7.237977205924956e-05,", Number of training points (boundary):",3000,", Number of training points (interior):",15000,", VRAM allocated:",0,", VRAM reserved:",0
16900,Training Loss:,1.1744640687538777e-05,", Learning rate:",7.237977205924956e-05,", Number of training points (boundary):",3000,", Number of training points (interior):",15000,", VRAM allocated:",0,", VRAM reserved:",0
17000,Training Loss:,1.0716855285863858e-05,", Learning rate:",7.093217661806457e-05,", Number of training points (boundary):",3000,", Number of training points (interior):",15000,", VRAM allocated:",0,", VRAM reserved:",0
17100,Training Loss:,0.00012324329873081297,", Learning rate:",7.093217661806457e-05,", Number of training points (boundary):",3000,", Number of training points (interior):",15000,", VRAM allocated:",0,", VRAM reserved:",0
17200,Training Loss:,1.0793777619255707e-05,", Learning rate:",7.093217661806457e-05,", Number of training points (boundary):",3000,", Number of training points (interior):",15000,", VRAM allocated:",0,", VRAM reserved:",0
17300,Training Loss:,1.0711688446463086e-05,", Learning rate:",7.093217661806457e-05,", Number of training points (boundary):",3000,", Number of training points (interior):",15000,", VRAM allocated:",0,", VRAM reserved:",0
17400,Training Loss:,1.0412854862806853e-05,", Learning rate:",7.093217661806457e-05,", Number of training points (boundary):",3000,", Number of training points (interior):",15000,", VRAM allocated:",0,", VRAM reserved:",0
17500,Training Loss:,4.392972186906263e-05,", Learning rate:",7.093217661806457e-05,", Number of training points (boundary):",3000,", Number of training points (interior):",15000,", VRAM allocated:",0,", VRAM reserved:",0
17600,Training Loss:,0.00013235867663752288,", Learning rate:",7.093217661806457e-05,", Number of training points (boundary):",3000,", Number of training points (interior):",15000,", VRAM allocated:",0,", VRAM reserved:",0
17700,Training Loss:,1.0260251656291075e-05,", Learning rate:",7.093217661806457e-05,", Number of training points (boundary):",3000,", Number of training points (interior):",15000,", VRAM allocated:",0,", VRAM reserved:",0
17800,Training Loss:,1.3584601219918113e-05,", Learning rate:",7.093217661806457e-05,", Number of training points (boundary):",3000,", Number of training points (interior):",15000,", VRAM allocated:",0,", VRAM reserved:",0
17900,Training Loss:,1.0101400221174117e-05,", Learning rate:",7.093217661806457e-05,", Number of training points (boundary):",3000,", Number of training points (interior):",15000,", VRAM allocated:",0,", VRAM reserved:",0
18000,Training Loss:,0.0009429189958609641,", Learning rate:",6.951353308570328e-05,", Number of training points (boundary):",3000,", Number of training points (interior):",15000,", VRAM allocated:",0,", VRAM reserved:",0
18100,Training Loss:,1.0007808668888174e-05,", Learning rate:",6.951353308570328e-05,", Number of training points (boundary):",3000,", Number of training points (interior):",15000,", VRAM allocated:",0,", VRAM reserved:",0
18200,Training Loss:,9.781063454283867e-06,", Learning rate:",6.951353308570328e-05,", Number of training points (boundary):",3000,", Number of training points (interior):",15000,", VRAM allocated:",0,", VRAM reserved:",0
18300,Training Loss:,9.987531484512147e-06,", Learning rate:",6.951353308570328e-05,", Number of training points (boundary):",3000,", Number of training points (interior):",15000,", VRAM allocated:",0,", VRAM reserved:",0
18400,Training Loss:,9.676292393123731e-06,", Learning rate:",6.951353308570328e-05,", Number of training points (boundary):",3000,", Number of training points (interior):",15000,", VRAM allocated:",0,", VRAM reserved:",0
18500,Training Loss:,1.0520332580199465e-05,", Learning rate:",6.951353308570328e-05,", Number of training points (boundary):",3000,", Number of training points (interior):",15000,", VRAM allocated:",0,", VRAM reserved:",0
18600,Training Loss:,9.487055649515241e-06,", Learning rate:",6.951353308570328e-05,", Number of training points (boundary):",3000,", Number of training points (interior):",15000,", VRAM allocated:",0,", VRAM reserved:",0
18700,Training Loss:,9.492300705460366e-06,", Learning rate:",6.951353308570328e-05,", Number of training points (boundary):",3000,", Number of training points (interior):",15000,", VRAM allocated:",0,", VRAM reserved:",0
18800,Training Loss:,9.325076462118886e-06,", Learning rate:",6.951353308570328e-05,", Number of training points (boundary):",3000,", Number of training points (interior):",15000,", VRAM allocated:",0,", VRAM reserved:",0
18900,Training Loss:,9.108532140089665e-06,", Learning rate:",6.951353308570328e-05,", Number of training points (boundary):",3000,", Number of training points (interior):",15000,", VRAM allocated:",0,", VRAM reserved:",0
19000,Training Loss:,6.099308666307479e-05,", Learning rate:",6.812326242398921e-05,", Number of training points (boundary):",3000,", Number of training points (interior):",15000,", VRAM allocated:",0,", VRAM reserved:",0
19100,Training Loss:,8.999449164548423e-06,", Learning rate:",6.812326242398921e-05,", Number of training points (boundary):",3000,", Number of training points (interior):",15000,", VRAM allocated:",0,", VRAM reserved:",0
19200,Training Loss:,8.891223842510954e-06,", Learning rate:",6.812326242398921e-05,", Number of training points (boundary):",3000,", Number of training points (interior):",15000,", VRAM allocated:",0,", VRAM reserved:",0
19300,Training Loss:,8.700367288838606e-06,", Learning rate:",6.812326242398921e-05,", Number of training points (boundary):",3000,", Number of training points (interior):",15000,", VRAM allocated:",0,", VRAM reserved:",0
19400,Training Loss:,0.00034022441832348704,", Learning rate:",6.812326242398921e-05,", Number of training points (boundary):",3000,", Number of training points (interior):",15000,", VRAM allocated:",0,", VRAM reserved:",0
19500,Training Loss:,8.488652383675799e-06,", Learning rate:",6.812326242398921e-05,", Number of training points (boundary):",3000,", Number of training points (interior):",15000,", VRAM allocated:",0,", VRAM reserved:",0
19600,Training Loss:,8.463558333460242e-05,", Learning rate:",6.812326242398921e-05,", Number of training points (boundary):",3000,", Number of training points (interior):",15000,", VRAM allocated:",0,", VRAM reserved:",0
19700,Training Loss:,8.266314580396283e-06,", Learning rate:",6.812326242398921e-05,", Number of training points (boundary):",3000,", Number of training points (interior):",15000,", VRAM allocated:",0,", VRAM reserved:",0
19800,Training Loss:,8.289338438771665e-06,", Learning rate:",6.812326242398921e-05,", Number of training points (boundary):",3000,", Number of training points (interior):",15000,", VRAM allocated:",0,", VRAM reserved:",0
19900,Training Loss:,7.916540198493749e-06,", Learning rate:",6.812326242398921e-05,", Number of training points (boundary):",3000,", Number of training points (interior):",15000,", VRAM allocated:",0,", VRAM reserved:",0
20000,Training Loss:,7.70487076806603e-06,", Learning rate:",6.676079717550942e-05,", Number of training points (boundary):",3000,", Number of training points (interior):",15000,", VRAM allocated:",0,", VRAM reserved:",0
20100,Training Loss:,1.0033571015810594e-05,", Learning rate:",6.676079717550942e-05,", Number of training points (boundary):",3000,", Number of training points (interior):",15000,", VRAM allocated:",0,", VRAM reserved:",0
20200,Training Loss:,7.3902428994188085e-06,", Learning rate:",6.676079717550942e-05,", Number of training points (boundary):",3000,", Number of training points (interior):",15000,", VRAM allocated:",0,", VRAM reserved:",0
20300,Training Loss:,7.177439329097979e-06,", Learning rate:",6.676079717550942e-05,", Number of training points (boundary):",3000,", Number of training points (interior):",15000,", VRAM allocated:",0,", VRAM reserved:",0
20400,Training Loss:,7.957729394547641e-06,", Learning rate:",6.676079717550942e-05,", Number of training points (boundary):",3000,", Number of training points (interior):",15000,", VRAM allocated:",0,", VRAM reserved:",0
20500,Training Loss:,6.9004563556518406e-06,", Learning rate:",6.676079717550942e-05,", Number of training points (boundary):",3000,", Number of training points (interior):",15000,", VRAM allocated:",0,", VRAM reserved:",0
20600,Training Loss:,6.6310026340943296e-06,", Learning rate:",6.676079717550942e-05,", Number of training points (boundary):",3000,", Number of training points (interior):",15000,", VRAM allocated:",0,", VRAM reserved:",0
20700,Training Loss:,7.531670235039201e-06,", Learning rate:",6.676079717550942e-05,", Number of training points (boundary):",3000,", Number of training points (interior):",15000,", VRAM allocated:",0,", VRAM reserved:",0
20800,Training Loss:,6.288010354182916e-06,", Learning rate:",6.676079717550942e-05,", Number of training points (boundary):",3000,", Number of training points (interior):",15000,", VRAM allocated:",0,", VRAM reserved:",0
20900,Training Loss:,0.00022037320013623685,", Learning rate:",6.676079717550942e-05,", Number of training points (boundary):",3000,", Number of training points (interior):",15000,", VRAM allocated:",0,", VRAM reserved:",0
21000,Training Loss:,5.840999619977083e-06,", Learning rate:",6.542558123199923e-05,", Number of training points (boundary):",3000,", Number of training points (interior):",15000,", VRAM allocated:",0,", VRAM reserved:",0
21100,Training Loss:,5.598970346909482e-06,", Learning rate:",6.542558123199923e-05,", Number of training points (boundary):",3000,", Number of training points (interior):",15000,", VRAM allocated:",0,", VRAM reserved:",0
21200,Training Loss:,5.386748853197787e-06,", Learning rate:",6.542558123199923e-05,", Number of training points (boundary):",3000,", Number of training points (interior):",15000,", VRAM allocated:",0,", VRAM reserved:",0
21300,Training Loss:,5.515146312973229e-06,", Learning rate:",6.542558123199923e-05,", Number of training points (boundary):",3000,", Number of training points (interior):",15000,", VRAM allocated:",0,", VRAM reserved:",0
21400,Training Loss:,5.1125466598023195e-06,", Learning rate:",6.542558123199923e-05,", Number of training points (boundary):",3000,", Number of training points (interior):",15000,", VRAM allocated:",0,", VRAM reserved:",0
21500,Training Loss:,4.891703611065168e-06,", Learning rate:",6.542558123199923e-05,", Number of training points (boundary):",3000,", Number of training points (interior):",15000,", VRAM allocated:",0,", VRAM reserved:",0
21600,Training Loss:,5.438498646981316e-06,", Learning rate:",6.542558123199923e-05,", Number of training points (boundary):",3000,", Number of training points (interior):",15000,", VRAM allocated:",0,", VRAM reserved:",0
21700,Training Loss:,4.5924803089292254e-06,", Learning rate:",6.542558123199923e-05,", Number of training points (boundary):",3000,", Number of training points (interior):",15000,", VRAM allocated:",0,", VRAM reserved:",0
21800,Training Loss:,4.437669304024894e-06,", Learning rate:",6.542558123199923e-05,", Number of training points (boundary):",3000,", Number of training points (interior):",15000,", VRAM allocated:",0,", VRAM reserved:",0
21900,Training Loss:,4.915219506074209e-06,", Learning rate:",6.542558123199923e-05,", Number of training points (boundary):",3000,", Number of training points (interior):",15000,", VRAM allocated:",0,", VRAM reserved:",0
22000,Training Loss:,4.233111667417688e-06,", Learning rate:",6.411706960735925e-05,", Number of training points (boundary):",3000,", Number of training points (interior):",15000,", VRAM allocated:",0,", VRAM reserved:",0
22100,Training Loss:,4.570646524371114e-06,", Learning rate:",6.411706960735925e-05,", Number of training points (boundary):",3000,", Number of training points (interior):",15000,", VRAM allocated:",0,", VRAM reserved:",0
22200,Training Loss:,3.9687720345682465e-06,", Learning rate:",6.411706960735925e-05,", Number of training points (boundary):",3000,", Number of training points (interior):",15000,", VRAM allocated:",0,", VRAM reserved:",0
22300,Training Loss:,3.854402166325599e-06,", Learning rate:",6.411706960735925e-05,", Number of training points (boundary):",3000,", Number of training points (interior):",15000,", VRAM allocated:",0,", VRAM reserved:",0
22400,Training Loss:,3.963711606047582e-06,", Learning rate:",6.411706960735925e-05,", Number of training points (boundary):",3000,", Number of training points (interior):",15000,", VRAM allocated:",0,", VRAM reserved:",0
22500,Training Loss:,3.667275677798898e-06,", Learning rate:",6.411706960735925e-05,", Number of training points (boundary):",3000,", Number of training points (interior):",15000,", VRAM allocated:",0,", VRAM reserved:",0
22600,Training Loss:,4.041483862238238e-06,", Learning rate:",6.411706960735925e-05,", Number of training points (boundary):",3000,", Number of training points (interior):",15000,", VRAM allocated:",0,", VRAM reserved:",0
22700,Training Loss:,1.2153862371633295e-05,", Learning rate:",6.411706960735925e-05,", Number of training points (boundary):",3000,", Number of training points (interior):",15000,", VRAM allocated:",0,", VRAM reserved:",0
22800,Training Loss:,3.445319634920452e-06,", Learning rate:",6.411706960735925e-05,", Number of training points (boundary):",3000,", Number of training points (interior):",15000,", VRAM allocated:",0,", VRAM reserved:",0
22900,Training Loss:,3.349297685417696e-06,", Learning rate:",6.411706960735925e-05,", Number of training points (boundary):",3000,", Number of training points (interior):",15000,", VRAM allocated:",0,", VRAM reserved:",0
23000,Training Loss:,3.2446516797790537e-06,", Learning rate:",6.283472821521206e-05,", Number of training points (boundary):",3000,", Number of training points (interior):",15000,", VRAM allocated:",0,", VRAM reserved:",0
23100,Training Loss:,3.16079376716516e-06,", Learning rate:",6.283472821521206e-05,", Number of training points (boundary):",3000,", Number of training points (interior):",15000,", VRAM allocated:",0,", VRAM reserved:",0
23200,Training Loss:,3.1703368676971877e-06,", Learning rate:",6.283472821521206e-05,", Number of training points (boundary):",3000,", Number of training points (interior):",15000,", VRAM allocated:",0,", VRAM reserved:",0
23300,Training Loss:,3.0117359983705683e-06,", Learning rate:",6.283472821521206e-05,", Number of training points (boundary):",3000,", Number of training points (interior):",15000,", VRAM allocated:",0,", VRAM reserved:",0
23400,Training Loss:,2.9292284580151318e-06,", Learning rate:",6.283472821521206e-05,", Number of training points (boundary):",3000,", Number of training points (interior):",15000,", VRAM allocated:",0,", VRAM reserved:",0
23500,Training Loss:,3.61861702913302e-06,", Learning rate:",6.283472821521206e-05,", Number of training points (boundary):",3000,", Number of training points (interior):",15000,", VRAM allocated:",0,", VRAM reserved:",0
23600,Training Loss:,2.800413767545251e-06,", Learning rate:",6.283472821521206e-05,", Number of training points (boundary):",3000,", Number of training points (interior):",15000,", VRAM allocated:",0,", VRAM reserved:",0
23700,Training Loss:,2.7096050416730577e-06,", Learning rate:",6.283472821521206e-05,", Number of training points (boundary):",3000,", Number of training points (interior):",15000,", VRAM allocated:",0,", VRAM reserved:",0
23800,Training Loss:,2.7200412660022266e-06,", Learning rate:",6.283472821521206e-05,", Number of training points (boundary):",3000,", Number of training points (interior):",15000,", VRAM allocated:",0,", VRAM reserved:",0
23900,Training Loss:,2.569662001405959e-06,", Learning rate:",6.283472821521206e-05,", Number of training points (boundary):",3000,", Number of training points (interior):",15000,", VRAM allocated:",0,", VRAM reserved:",0
24000,Training Loss:,2.4857672542566434e-06,", Learning rate:",6.157803365090782e-05,", Number of training points (boundary):",3000,", Number of training points (interior):",15000,", VRAM allocated:",0,", VRAM reserved:",0
24100,Training Loss:,1.1771717254305258e-05,", Learning rate:",6.157803365090782e-05,", Number of training points (boundary):",3000,", Number of training points (interior):",15000,", VRAM allocated:",0,", VRAM reserved:",0
24200,Training Loss:,2.353376657993067e-06,", Learning rate:",6.157803365090782e-05,", Number of training points (boundary):",3000,", Number of training points (interior):",15000,", VRAM allocated:",0,", VRAM reserved:",0
24300,Training Loss:,2.2666779386781855e-06,", Learning rate:",6.157803365090782e-05,", Number of training points (boundary):",3000,", Number of training points (interior):",15000,", VRAM allocated:",0,", VRAM reserved:",0
24400,Training Loss:,3.3637279557297006e-05,", Learning rate:",6.157803365090782e-05,", Number of training points (boundary):",3000,", Number of training points (interior):",15000,", VRAM allocated:",0,", VRAM reserved:",0
24500,Training Loss:,2.138026502507273e-06,", Learning rate:",6.157803365090782e-05,", Number of training points (boundary):",3000,", Number of training points (interior):",15000,", VRAM allocated:",0,", VRAM reserved:",0
24600,Training Loss:,2.0575230337271933e-06,", Learning rate:",6.157803365090782e-05,", Number of training points (boundary):",3000,", Number of training points (interior):",15000,", VRAM allocated:",0,", VRAM reserved:",0
24700,Training Loss:,2.017913402596605e-06,", Learning rate:",6.157803365090782e-05,", Number of training points (boundary):",3000,", Number of training points (interior):",15000,", VRAM allocated:",0,", VRAM reserved:",0
24800,Training Loss:,1.9369608708075248e-06,", Learning rate:",6.157803365090782e-05,", Number of training points (boundary):",3000,", Number of training points (interior):",15000,", VRAM allocated:",0,", VRAM reserved:",0
24900,Training Loss:,5.301980763761094e-06,", Learning rate:",6.157803365090782e-05,", Number of training points (boundary):",3000,", Number of training points (interior):",15000,", VRAM allocated:",0,", VRAM reserved:",0
25000,Training Loss:,1.8261315517520416e-06,", Learning rate:",6.0346472977889664e-05,", Number of training points (boundary):",3000,", Number of training points (interior):",15000,", VRAM allocated:",0,", VRAM reserved:",0
25100,Training Loss:,1.7668626242084429e-06,", Learning rate:",6.0346472977889664e-05,", Number of training points (boundary):",3000,", Number of training points (interior):",15000,", VRAM allocated:",0,", VRAM reserved:",0
25200,Training Loss:,3.475472840364091e-05,", Learning rate:",6.0346472977889664e-05,", Number of training points (boundary):",3000,", Number of training points (interior):",15000,", VRAM allocated:",0,", VRAM reserved:",0
25300,Training Loss:,1.6810981833259575e-06,", Learning rate:",6.0346472977889664e-05,", Number of training points (boundary):",3000,", Number of training points (interior):",15000,", VRAM allocated:",0,", VRAM reserved:",0
25400,Training Loss:,1.6277278973575449e-06,", Learning rate:",6.0346472977889664e-05,", Number of training points (boundary):",3000,", Number of training points (interior):",15000,", VRAM allocated:",0,", VRAM reserved:",0
25500,Training Loss:,1.5801160770934075e-06,", Learning rate:",6.0346472977889664e-05,", Number of training points (boundary):",3000,", Number of training points (interior):",15000,", VRAM allocated:",0,", VRAM reserved:",0
25600,Training Loss:,1.5344550092777354e-06,", Learning rate:",6.0346472977889664e-05,", Number of training points (boundary):",3000,", Number of training points (interior):",15000,", VRAM allocated:",0,", VRAM reserved:",0
25700,Training Loss:,1.5226245295707486e-06,", Learning rate:",6.0346472977889664e-05,", Number of training points (boundary):",3000,", Number of training points (interior):",15000,", VRAM allocated:",0,", VRAM reserved:",0
25800,Training Loss:,1.455833171348786e-06,", Learning rate:",6.0346472977889664e-05,", Number of training points (boundary):",3000,", Number of training points (interior):",15000,", VRAM allocated:",0,", VRAM reserved:",0
25900,Training Loss:,1.79645678599627e-06,", Learning rate:",6.0346472977889664e-05,", Number of training points (boundary):",3000,", Number of training points (interior):",15000,", VRAM allocated:",0,", VRAM reserved:",0
26000,Training Loss:,2.878330178646138e-06,", Learning rate:",5.913954351833187e-05,", Number of training points (boundary):",3000,", Number of training points (interior):",15000,", VRAM allocated:",0,", VRAM reserved:",0
26100,Training Loss:,1.9014048575627385e-06,", Learning rate:",5.913954351833187e-05,", Number of training points (boundary):",3000,", Number of training points (interior):",15000,", VRAM allocated:",0,", VRAM reserved:",0
26200,Training Loss:,1.305825662711868e-06,", Learning rate:",5.913954351833187e-05,", Number of training points (boundary):",3000,", Number of training points (interior):",15000,", VRAM allocated:",0,", VRAM reserved:",0
26300,Training Loss:,1.2860150491178501e-06,", Learning rate:",5.913954351833187e-05,", Number of training points (boundary):",3000,", Number of training points (interior):",15000,", VRAM allocated:",0,", VRAM reserved:",0
26400,Training Loss:,1.228861719937413e-06,", Learning rate:",5.913954351833187e-05,", Number of training points (boundary):",3000,", Number of training points (interior):",15000,", VRAM allocated:",0,", VRAM reserved:",0
26500,Training Loss:,1.2012002343908534e-06,", Learning rate:",5.913954351833187e-05,", Number of training points (boundary):",3000,", Number of training points (interior):",15000,", VRAM allocated:",0,", VRAM reserved:",0
26600,Training Loss:,1.1724027899617795e-06,", Learning rate:",5.913954351833187e-05,", Number of training points (boundary):",3000,", Number of training points (interior):",15000,", VRAM allocated:",0,", VRAM reserved:",0
26700,Training Loss:,1.218664465341135e-06,", Learning rate:",5.913954351833187e-05,", Number of training points (boundary):",3000,", Number of training points (interior):",15000,", VRAM allocated:",0,", VRAM reserved:",0
26800,Training Loss:,1.7016764104482718e-06,", Learning rate:",5.913954351833187e-05,", Number of training points (boundary):",3000,", Number of training points (interior):",15000,", VRAM allocated:",0,", VRAM reserved:",0
26900,Training Loss:,4.36908067058539e-06,", Learning rate:",5.913954351833187e-05,", Number of training points (boundary):",3000,", Number of training points (interior):",15000,", VRAM allocated:",0,", VRAM reserved:",0
27000,Training Loss:,1.8484847714717034e-06,", Learning rate:",5.795675264796523e-05,", Number of training points (boundary):",3000,", Number of training points (interior):",15000,", VRAM allocated:",0,", VRAM reserved:",0
27100,Training Loss:,2.020424062720849e-06,", Learning rate:",5.795675264796523e-05,", Number of training points (boundary):",3000,", Number of training points (interior):",15000,", VRAM allocated:",0,", VRAM reserved:",0
27200,Training Loss:,9.845514341577655e-07,", Learning rate:",5.795675264796523e-05,", Number of training points (boundary):",3000,", Number of training points (interior):",15000,", VRAM allocated:",0,", VRAM reserved:",0
27300,Training Loss:,2.226521246484481e-06,", Learning rate:",5.795675264796523e-05,", Number of training points (boundary):",3000,", Number of training points (interior):",15000,", VRAM allocated:",0,", VRAM reserved:",0
27400,Training Loss:,9.808633194552385e-07,", Learning rate:",5.795675264796523e-05,", Number of training points (boundary):",3000,", Number of training points (interior):",15000,", VRAM allocated:",0,", VRAM reserved:",0
27500,Training Loss:,1.0134731383004691e-06,", Learning rate:",5.795675264796523e-05,", Number of training points (boundary):",3000,", Number of training points (interior):",15000,", VRAM allocated:",0,", VRAM reserved:",0
27600,Training Loss:,1.7674137779977173e-06,", Learning rate:",5.795675264796523e-05,", Number of training points (boundary):",3000,", Number of training points (interior):",15000,", VRAM allocated:",0,", VRAM reserved:",0
27700,Training Loss:,1.439854031559662e-06,", Learning rate:",5.795675264796523e-05,", Number of training points (boundary):",3000,", Number of training points (interior):",15000,", VRAM allocated:",0,", VRAM reserved:",0
27800,Training Loss:,1.0291481657986878e-06,", Learning rate:",5.795675264796523e-05,", Number of training points (boundary):",3000,", Number of training points (interior):",15000,", VRAM allocated:",0,", VRAM reserved:",0
27900,Training Loss:,0.00015733778127469122,", Learning rate:",5.795675264796523e-05,", Number of training points (boundary):",3000,", Number of training points (interior):",15000,", VRAM allocated:",0,", VRAM reserved:",0
28000,Training Loss:,1.4369466043717694e-05,", Learning rate:",5.6797617595005923e-05,", Number of training points (boundary):",3000,", Number of training points (interior):",15000,", VRAM allocated:",0,", VRAM reserved:",0
28100,Training Loss:,1.3095891517878044e-05,", Learning rate:",5.6797617595005923e-05,", Number of training points (boundary):",3000,", Number of training points (interior):",15000,", VRAM allocated:",0,", VRAM reserved:",0
28200,Training Loss:,1.240681012859568e-05,", Learning rate:",5.6797617595005923e-05,", Number of training points (boundary):",3000,", Number of training points (interior):",15000,", VRAM allocated:",0,", VRAM reserved:",0
28300,Training Loss:,1.1928717867704108e-05,", Learning rate:",5.6797617595005923e-05,", Number of training points (boundary):",3000,", Number of training points (interior):",15000,", VRAM allocated:",0,", VRAM reserved:",0
28400,Training Loss:,1.1554903721844312e-05,", Learning rate:",5.6797617595005923e-05,", Number of training points (boundary):",3000,", Number of training points (interior):",15000,", VRAM allocated:",0,", VRAM reserved:",0
28500,Training Loss:,1.1239770174142905e-05,", Learning rate:",5.6797617595005923e-05,", Number of training points (boundary):",3000,", Number of training points (interior):",15000,", VRAM allocated:",0,", VRAM reserved:",0
28600,Training Loss:,1.0959925020870287e-05,", Learning rate:",5.6797617595005923e-05,", Number of training points (boundary):",3000,", Number of training points (interior):",15000,", VRAM allocated:",0,", VRAM reserved:",0
28700,Training Loss:,1.0701391147449613e-05,", Learning rate:",5.6797617595005923e-05,", Number of training points (boundary):",3000,", Number of training points (interior):",15000,", VRAM allocated:",0,", VRAM reserved:",0
28800,Training Loss:,1.0454794391989708e-05,", Learning rate:",5.6797617595005923e-05,", Number of training points (boundary):",3000,", Number of training points (interior):",15000,", VRAM allocated:",0,", VRAM reserved:",0
28900,Training Loss:,1.021302341541741e-05,", Learning rate:",5.6797617595005923e-05,", Number of training points (boundary):",3000,", Number of training points (interior):",15000,", VRAM allocated:",0,", VRAM reserved:",0
29000,Training Loss:,9.970106475520879e-06,", Learning rate:",5.56616652431058e-05,", Number of training points (boundary):",3000,", Number of training points (interior):",15000,", VRAM allocated:",0,", VRAM reserved:",0
29100,Training Loss:,9.725353265821468e-06,", Learning rate:",5.56616652431058e-05,", Number of training points (boundary):",3000,", Number of training points (interior):",15000,", VRAM allocated:",0,", VRAM reserved:",0
29200,Training Loss:,9.468759344599675e-06,", Learning rate:",5.56616652431058e-05,", Number of training points (boundary):",3000,", Number of training points (interior):",15000,", VRAM allocated:",0,", VRAM reserved:",0
29300,Training Loss:,9.195000529871322e-06,", Learning rate:",5.56616652431058e-05,", Number of training points (boundary):",3000,", Number of training points (interior):",15000,", VRAM allocated:",0,", VRAM reserved:",0
29400,Training Loss:,8.898613486962859e-06,", Learning rate:",5.56616652431058e-05,", Number of training points (boundary):",3000,", Number of training points (interior):",15000,", VRAM allocated:",0,", VRAM reserved:",0
29500,Training Loss:,8.574207640776876e-06,", Learning rate:",5.56616652431058e-05,", Number of training points (boundary):",3000,", Number of training points (interior):",15000,", VRAM allocated:",0,", VRAM reserved:",0
29600,Training Loss:,8.216785317927133e-06,", Learning rate:",5.56616652431058e-05,", Number of training points (boundary):",3000,", Number of training points (interior):",15000,", VRAM allocated:",0,", VRAM reserved:",0
29700,Training Loss:,7.822572115401272e-06,", Learning rate:",5.56616652431058e-05,", Number of training points (boundary):",3000,", Number of training points (interior):",15000,", VRAM allocated:",0,", VRAM reserved:",0
29800,Training Loss:,7.3899309427361e-06,", Learning rate:",5.56616652431058e-05,", Number of training points (boundary):",3000,", Number of training points (interior):",15000,", VRAM allocated:",0,", VRAM reserved:",0
29900,Training Loss:,6.920541181898443e-06,", Learning rate:",5.56616652431058e-05,", Number of training points (boundary):",3000,", Number of training points (interior):",15000,", VRAM allocated:",0,", VRAM reserved:",0
30000,Training Loss:,6.420087629521731e-06,", Learning rate:",5.4548431938243684e-05,", Number of training points (boundary):",3000,", Number of training points (interior):",15000,", VRAM allocated:",0,", VRAM reserved:",0
30100,Training Loss:,5.908499133511214e-06,", Learning rate:",5.4548431938243684e-05,", Number of training points (boundary):",3000,", Number of training points (interior):",15000,", VRAM allocated:",0,", VRAM reserved:",0
30200,Training Loss:,5.387593773775734e-06,", Learning rate:",5.4548431938243684e-05,", Number of training points (boundary):",3000,", Number of training points (interior):",15000,", VRAM allocated:",0,", VRAM reserved:",0
30300,Training Loss:,4.871421424468281e-06,", Learning rate:",5.4548431938243684e-05,", Number of training points (boundary):",3000,", Number of training points (interior):",15000,", VRAM allocated:",0,", VRAM reserved:",0
30400,Training Loss:,4.375683602120262e-06,", Learning rate:",5.4548431938243684e-05,", Number of training points (boundary):",3000,", Number of training points (interior):",15000,", VRAM allocated:",0,", VRAM reserved:",0
30500,Training Loss:,3.915090019290801e-06,", Learning rate:",5.4548431938243684e-05,", Number of training points (boundary):",3000,", Number of training points (interior):",15000,", VRAM allocated:",0,", VRAM reserved:",0
30600,Training Loss:,3.4992901873920346e-06,", Learning rate:",5.4548431938243684e-05,", Number of training points (boundary):",3000,", Number of training points (interior):",15000,", VRAM allocated:",0,", VRAM reserved:",0
30700,Training Loss:,3.1316121749114245e-06,", Learning rate:",5.4548431938243684e-05,", Number of training points (boundary):",3000,", Number of training points (interior):",15000,", VRAM allocated:",0,", VRAM reserved:",0
30800,Training Loss:,2.8119782200519694e-06,", Learning rate:",5.4548431938243684e-05,", Number of training points (boundary):",3000,", Number of training points (interior):",15000,", VRAM allocated:",0,", VRAM reserved:",0
30900,Training Loss:,2.53942175731936e-06,", Learning rate:",5.4548431938243684e-05,", Number of training points (boundary):",3000,", Number of training points (interior):",15000,", VRAM allocated:",0,", VRAM reserved:",0
31000,Training Loss:,2.311942353117047e-06,", Learning rate:",5.345746329947881e-05,", Number of training points (boundary):",3000,", Number of training points (interior):",15000,", VRAM allocated:",0,", VRAM reserved:",0
31100,Training Loss:,2.1285050024744123e-06,", Learning rate:",5.345746329947881e-05,", Number of training points (boundary):",3000,", Number of training points (interior):",15000,", VRAM allocated:",0,", VRAM reserved:",0
31200,Training Loss:,1.9775691271206597e-06,", Learning rate:",5.345746329947881e-05,", Number of training points (boundary):",3000,", Number of training points (interior):",15000,", VRAM allocated:",0,", VRAM reserved:",0
31300,Training Loss:,1.8518932165534352e-06,", Learning rate:",5.345746329947881e-05,", Number of training points (boundary):",3000,", Number of training points (interior):",15000,", VRAM allocated:",0,", VRAM reserved:",0
31400,Training Loss:,1.745072950143367e-06,", Learning rate:",5.345746329947881e-05,", Number of training points (boundary):",3000,", Number of training points (interior):",15000,", VRAM allocated:",0,", VRAM reserved:",0
31500,Training Loss:,1.6523719068572973e-06,", Learning rate:",5.345746329947881e-05,", Number of training points (boundary):",3000,", Number of training points (interior):",15000,", VRAM allocated:",0,", VRAM reserved:",0
31600,Training Loss:,1.570525000715861e-06,", Learning rate:",5.345746329947881e-05,", Number of training points (boundary):",3000,", Number of training points (interior):",15000,", VRAM allocated:",0,", VRAM reserved:",0
31700,Training Loss:,1.4973452380218077e-06,", Learning rate:",5.345746329947881e-05,", Number of training points (boundary):",3000,", Number of training points (interior):",15000,", VRAM allocated:",0,", VRAM reserved:",0
31800,Training Loss:,1.4312474831967847e-06,", Learning rate:",5.345746329947881e-05,", Number of training points (boundary):",3000,", Number of training points (interior):",15000,", VRAM allocated:",0,", VRAM reserved:",0
31900,Training Loss:,1.3710681514567113e-06,", Learning rate:",5.345746329947881e-05,", Number of training points (boundary):",3000,", Number of training points (interior):",15000,", VRAM allocated:",0,", VRAM reserved:",0
32000,Training Loss:,1.3159367426851531e-06,", Learning rate:",5.2388314033489236e-05,", Number of training points (boundary):",3000,", Number of training points (interior):",15000,", VRAM allocated:",0,", VRAM reserved:",0
32100,Training Loss:,1.2661749906328623e-06,", Learning rate:",5.2388314033489236e-05,", Number of training points (boundary):",3000,", Number of training points (interior):",15000,", VRAM allocated:",0,", VRAM reserved:",0
32200,Training Loss:,1.2201481922602397e-06,", Learning rate:",5.2388314033489236e-05,", Number of training points (boundary):",3000,", Number of training points (interior):",15000,", VRAM allocated:",0,", VRAM reserved:",0
32300,Training Loss:,1.1775679240599857e-06,", Learning rate:",5.2388314033489236e-05,", Number of training points (boundary):",3000,", Number of training points (interior):",15000,", VRAM allocated:",0,", VRAM reserved:",0
32400,Training Loss:,1.13818919089681e-06,", Learning rate:",5.2388314033489236e-05,", Number of training points (boundary):",3000,", Number of training points (interior):",15000,", VRAM allocated:",0,", VRAM reserved:",0
32500,Training Loss:,1.1018527175110648e-06,", Learning rate:",5.2388314033489236e-05,", Number of training points (boundary):",3000,", Number of training points (interior):",15000,", VRAM allocated:",0,", VRAM reserved:",0
32600,Training Loss:,1.0684105973268743e-06,", Learning rate:",5.2388314033489236e-05,", Number of training points (boundary):",3000,", Number of training points (interior):",15000,", VRAM allocated:",0,", VRAM reserved:",0
32700,Training Loss:,1.0377050330134807e-06,", Learning rate:",5.2388314033489236e-05,", Number of training points (boundary):",3000,", Number of training points (interior):",15000,", VRAM allocated:",0,", VRAM reserved:",0
32800,Training Loss:,1.0095885727423592e-06,", Learning rate:",5.2388314033489236e-05,", Number of training points (boundary):",3000,", Number of training points (interior):",15000,", VRAM allocated:",0,", VRAM reserved:",0
32900,Training Loss:,9.838997812039452e-07,", Learning rate:",5.2388314033489236e-05,", Number of training points (boundary):",3000,", Number of training points (interior):",15000,", VRAM allocated:",0,", VRAM reserved:",0
33000,Training Loss:,9.6045346253959e-07,", Learning rate:",5.134054775281945e-05,", Number of training points (boundary):",3000,", Number of training points (interior):",15000,", VRAM allocated:",0,", VRAM reserved:",0
33100,Training Loss:,9.394721018907148e-07,", Learning rate:",5.134054775281945e-05,", Number of training points (boundary):",3000,", Number of training points (interior):",15000,", VRAM allocated:",0,", VRAM reserved:",0
33200,Training Loss:,9.202539104080643e-07,", Learning rate:",5.134054775281945e-05,", Number of training points (boundary):",3000,", Number of training points (interior):",15000,", VRAM allocated:",0,", VRAM reserved:",0
33300,Training Loss:,9.026039151649456e-07,", Learning rate:",5.134054775281945e-05,", Number of training points (boundary):",3000,", Number of training points (interior):",15000,", VRAM allocated:",0,", VRAM reserved:",0
33400,Training Loss:,8.863219704835501e-07,", Learning rate:",5.134054775281945e-05,", Number of training points (boundary):",3000,", Number of training points (interior):",15000,", VRAM allocated:",0,", VRAM reserved:",0
33500,Training Loss:,8.712182193448825e-07,", Learning rate:",5.134054775281945e-05,", Number of training points (boundary):",3000,", Number of training points (interior):",15000,", VRAM allocated:",0,", VRAM reserved:",0
33600,Training Loss:,8.622237714916992e-07,", Learning rate:",5.134054775281945e-05,", Number of training points (boundary):",3000,", Number of training points (interior):",15000,", VRAM allocated:",0,", VRAM reserved:",0
33700,Training Loss:,8.440492820227519e-07,", Learning rate:",5.134054775281945e-05,", Number of training points (boundary):",3000,", Number of training points (interior):",15000,", VRAM allocated:",0,", VRAM reserved:",0
33800,Training Loss:,2.645969743753085e-06,", Learning rate:",5.134054775281945e-05,", Number of training points (boundary):",3000,", Number of training points (interior):",15000,", VRAM allocated:",0,", VRAM reserved:",0
33900,Training Loss:,8.202040930882504e-07,", Learning rate:",5.134054775281945e-05,", Number of training points (boundary):",3000,", Number of training points (interior):",15000,", VRAM allocated:",0,", VRAM reserved:",0
34000,Training Loss:,8.12115843018546e-07,", Learning rate:",5.031373679776306e-05,", Number of training points (boundary):",3000,", Number of training points (interior):",15000,", VRAM allocated:",0,", VRAM reserved:",0
34100,Training Loss:,7.983724685800553e-07,", Learning rate:",5.031373679776306e-05,", Number of training points (boundary):",3000,", Number of training points (interior):",15000,", VRAM allocated:",0,", VRAM reserved:",0
34200,Training Loss:,7.881164378886751e-07,", Learning rate:",5.031373679776306e-05,", Number of training points (boundary):",3000,", Number of training points (interior):",15000,", VRAM allocated:",0,", VRAM reserved:",0
34300,Training Loss:,7.873084086895688e-07,", Learning rate:",5.031373679776306e-05,", Number of training points (boundary):",3000,", Number of training points (interior):",15000,", VRAM allocated:",0,", VRAM reserved:",0
34400,Training Loss:,8.808675602267613e-07,", Learning rate:",5.031373679776306e-05,", Number of training points (boundary):",3000,", Number of training points (interior):",15000,", VRAM allocated:",0,", VRAM reserved:",0
34500,Training Loss:,7.601316269756353e-07,", Learning rate:",5.031373679776306e-05,", Number of training points (boundary):",3000,", Number of training points (interior):",15000,", VRAM allocated:",0,", VRAM reserved:",0
34600,Training Loss:,7.507960617658682e-07,", Learning rate:",5.031373679776306e-05,", Number of training points (boundary):",3000,", Number of training points (interior):",15000,", VRAM allocated:",0,", VRAM reserved:",0
34700,Training Loss:,7.429122774738062e-07,", Learning rate:",5.031373679776306e-05,", Number of training points (boundary):",3000,", Number of training points (interior):",15000,", VRAM allocated:",0,", VRAM reserved:",0
34800,Training Loss:,7.338423984037945e-07,", Learning rate:",5.031373679776306e-05,", Number of training points (boundary):",3000,", Number of training points (interior):",15000,", VRAM allocated:",0,", VRAM reserved:",0
34900,Training Loss:,7.392628731395234e-07,", Learning rate:",5.031373679776306e-05,", Number of training points (boundary):",3000,", Number of training points (interior):",15000,", VRAM allocated:",0,", VRAM reserved:",0
35000,Training Loss:,7.164017574723403e-07,", Learning rate:",4.9307462061807795e-05,", Number of training points (boundary):",3000,", Number of training points (interior):",15000,", VRAM allocated:",0,", VRAM reserved:",0
35100,Training Loss:,7.077460963955673e-07,", Learning rate:",4.9307462061807795e-05,", Number of training points (boundary):",3000,", Number of training points (interior):",15000,", VRAM allocated:",0,", VRAM reserved:",0
35200,Training Loss:,8.241505611294997e-07,", Learning rate:",4.9307462061807795e-05,", Number of training points (boundary):",3000,", Number of training points (interior):",15000,", VRAM allocated:",0,", VRAM reserved:",0
35300,Training Loss:,6.917644554960134e-07,", Learning rate:",4.9307462061807795e-05,", Number of training points (boundary):",3000,", Number of training points (interior):",15000,", VRAM allocated:",0,", VRAM reserved:",0
35400,Training Loss:,6.865094519525883e-07,", Learning rate:",4.9307462061807795e-05,", Number of training points (boundary):",3000,", Number of training points (interior):",15000,", VRAM allocated:",0,", VRAM reserved:",0
35500,Training Loss:,6.752900389983552e-07,", Learning rate:",4.9307462061807795e-05,", Number of training points (boundary):",3000,", Number of training points (interior):",15000,", VRAM allocated:",0,", VRAM reserved:",0
35600,Training Loss:,6.66562186779629e-07,", Learning rate:",4.9307462061807795e-05,", Number of training points (boundary):",3000,", Number of training points (interior):",15000,", VRAM allocated:",0,", VRAM reserved:",0
35700,Training Loss:,7.59927161197993e-07,", Learning rate:",4.9307462061807795e-05,", Number of training points (boundary):",3000,", Number of training points (interior):",15000,", VRAM allocated:",0,", VRAM reserved:",0
35800,Training Loss:,6.508629439849756e-07,", Learning rate:",4.9307462061807795e-05,", Number of training points (boundary):",3000,", Number of training points (interior):",15000,", VRAM allocated:",0,", VRAM reserved:",0
35900,Training Loss:,6.433912744796544e-07,", Learning rate:",4.9307462061807795e-05,", Number of training points (boundary):",3000,", Number of training points (interior):",15000,", VRAM allocated:",0,", VRAM reserved:",0
36000,Training Loss:,6.338789262372302e-07,", Learning rate:",4.832131282057164e-05,", Number of training points (boundary):",3000,", Number of training points (interior):",15000,", VRAM allocated:",0,", VRAM reserved:",0
36100,Training Loss:,6.257863560676924e-07,", Learning rate:",4.832131282057164e-05,", Number of training points (boundary):",3000,", Number of training points (interior):",15000,", VRAM allocated:",0,", VRAM reserved:",0
36200,Training Loss:,6.162109684737516e-07,", Learning rate:",4.832131282057164e-05,", Number of training points (boundary):",3000,", Number of training points (interior):",15000,", VRAM allocated:",0,", VRAM reserved:",0
36300,Training Loss:,1.0810301773744868e-06,", Learning rate:",4.832131282057164e-05,", Number of training points (boundary):",3000,", Number of training points (interior):",15000,", VRAM allocated:",0,", VRAM reserved:",0
36400,Training Loss:,5.992562250867195e-07,", Learning rate:",4.832131282057164e-05,", Number of training points (boundary):",3000,", Number of training points (interior):",15000,", VRAM allocated:",0,", VRAM reserved:",0
36500,Training Loss:,5.934676892138668e-07,", Learning rate:",4.832131282057164e-05,", Number of training points (boundary):",3000,", Number of training points (interior):",15000,", VRAM allocated:",0,", VRAM reserved:",0
36600,Training Loss:,5.821835884489701e-07,", Learning rate:",4.832131282057164e-05,", Number of training points (boundary):",3000,", Number of training points (interior):",15000,", VRAM allocated:",0,", VRAM reserved:",0
36700,Training Loss:,5.736726507166168e-07,", Learning rate:",4.832131282057164e-05,", Number of training points (boundary):",3000,", Number of training points (interior):",15000,", VRAM allocated:",0,", VRAM reserved:",0
36800,Training Loss:,5.640679319185438e-07,", Learning rate:",4.832131282057164e-05,", Number of training points (boundary):",3000,", Number of training points (interior):",15000,", VRAM allocated:",0,", VRAM reserved:",0
36900,Training Loss:,1.426919766345236e-06,", Learning rate:",4.832131282057164e-05,", Number of training points (boundary):",3000,", Number of training points (interior):",15000,", VRAM allocated:",0,", VRAM reserved:",0
37000,Training Loss:,5.464848982228432e-07,", Learning rate:",4.735488656416021e-05,", Number of training points (boundary):",3000,", Number of training points (interior):",15000,", VRAM allocated:",0,", VRAM reserved:",0
37100,Training Loss:,5.387065584727679e-07,", Learning rate:",4.735488656416021e-05,", Number of training points (boundary):",3000,", Number of training points (interior):",15000,", VRAM allocated:",0,", VRAM reserved:",0
37200,Training Loss:,5.27846850673086e-07,", Learning rate:",4.735488656416021e-05,", Number of training points (boundary):",3000,", Number of training points (interior):",15000,", VRAM allocated:",0,", VRAM reserved:",0
37300,Training Loss:,5.201550266065169e-07,", Learning rate:",4.735488656416021e-05,", Number of training points (boundary):",3000,", Number of training points (interior):",15000,", VRAM allocated:",0,", VRAM reserved:",0
37400,Training Loss:,5.09166682149953e-07,", Learning rate:",4.735488656416021e-05,", Number of training points (boundary):",3000,", Number of training points (interior):",15000,", VRAM allocated:",0,", VRAM reserved:",0
37500,Training Loss:,5.029497174291464e-07,", Learning rate:",4.735488656416021e-05,", Number of training points (boundary):",3000,", Number of training points (interior):",15000,", VRAM allocated:",0,", VRAM reserved:",0
37600,Training Loss:,7.58456167204713e-07,", Learning rate:",4.735488656416021e-05,", Number of training points (boundary):",3000,", Number of training points (interior):",15000,", VRAM allocated:",0,", VRAM reserved:",0
37700,Training Loss:,4.812030738321482e-07,", Learning rate:",4.735488656416021e-05,", Number of training points (boundary):",3000,", Number of training points (interior):",15000,", VRAM allocated:",0,", VRAM reserved:",0
37800,Training Loss:,4.708839469458326e-07,", Learning rate:",4.735488656416021e-05,", Number of training points (boundary):",3000,", Number of training points (interior):",15000,", VRAM allocated:",0,", VRAM reserved:",0
37900,Training Loss:,4.616483977315511e-07,", Learning rate:",4.735488656416021e-05,", Number of training points (boundary):",3000,", Number of training points (interior):",15000,", VRAM allocated:",0,", VRAM reserved:",0
38000,Training Loss:,4.523162999703345e-07,", Learning rate:",4.6407788832877e-05,", Number of training points (boundary):",3000,", Number of training points (interior):",15000,", VRAM allocated:",0,", VRAM reserved:",0
38100,Training Loss:,4.4144945832158555e-07,", Learning rate:",4.6407788832877e-05,", Number of training points (boundary):",3000,", Number of training points (interior):",15000,", VRAM allocated:",0,", VRAM reserved:",0
38200,Training Loss:,4.3912189084949205e-07,", Learning rate:",4.6407788832877e-05,", Number of training points (boundary):",3000,", Number of training points (interior):",15000,", VRAM allocated:",0,", VRAM reserved:",0
38300,Training Loss:,4.235336348301644e-07,", Learning rate:",4.6407788832877e-05,", Number of training points (boundary):",3000,", Number of training points (interior):",15000,", VRAM allocated:",0,", VRAM reserved:",0
38400,Training Loss:,4.41713098098262e-07,", Learning rate:",4.6407788832877e-05,", Number of training points (boundary):",3000,", Number of training points (interior):",15000,", VRAM allocated:",0,", VRAM reserved:",0
38500,Training Loss:,4.035969425331132e-07,", Learning rate:",4.6407788832877e-05,", Number of training points (boundary):",3000,", Number of training points (interior):",15000,", VRAM allocated:",0,", VRAM reserved:",0
38600,Training Loss:,4.118633398775273e-07,", Learning rate:",4.6407788832877e-05,", Number of training points (boundary):",3000,", Number of training points (interior):",15000,", VRAM allocated:",0,", VRAM reserved:",0
38700,Training Loss:,3.86818044262327e-07,", Learning rate:",4.6407788832877e-05,", Number of training points (boundary):",3000,", Number of training points (interior):",15000,", VRAM allocated:",0,", VRAM reserved:",0
38800,Training Loss:,4.035404117530561e-07,", Learning rate:",4.6407788832877e-05,", Number of training points (boundary):",3000,", Number of training points (interior):",15000,", VRAM allocated:",0,", VRAM reserved:",0
38900,Training Loss:,3.66979094224007e-07,", Learning rate:",4.6407788832877e-05,", Number of training points (boundary):",3000,", Number of training points (interior):",15000,", VRAM allocated:",0,", VRAM reserved:",0
39000,Training Loss:,4.024104214295221e-07,", Learning rate:",4.547963305621946e-05,", Number of training points (boundary):",3000,", Number of training points (interior):",15000,", VRAM allocated:",0,", VRAM reserved:",0
39100,Training Loss:,5.128349016558786e-07,", Learning rate:",4.547963305621946e-05,", Number of training points (boundary):",3000,", Number of training points (interior):",15000,", VRAM allocated:",0,", VRAM reserved:",0
39200,Training Loss:,3.743403169664816e-07,", Learning rate:",4.547963305621946e-05,", Number of training points (boundary):",3000,", Number of training points (interior):",15000,", VRAM allocated:",0,", VRAM reserved:",0
39300,Training Loss:,4.6013275323275593e-07,", Learning rate:",4.547963305621946e-05,", Number of training points (boundary):",3000,", Number of training points (interior):",15000,", VRAM allocated:",0,", VRAM reserved:",0
39400,Training Loss:,3.3768529306144046e-07,", Learning rate:",4.547963305621946e-05,", Number of training points (boundary):",3000,", Number of training points (interior):",15000,", VRAM allocated:",0,", VRAM reserved:",0
39500,Training Loss:,3.1957881674316013e-07,", Learning rate:",4.547963305621946e-05,", Number of training points (boundary):",3000,", Number of training points (interior):",15000,", VRAM allocated:",0,", VRAM reserved:",0
39600,Training Loss:,0.001507274224422872,", Learning rate:",4.547963305621946e-05,", Number of training points (boundary):",3000,", Number of training points (interior):",15000,", VRAM allocated:",0,", VRAM reserved:",0
39700,Training Loss:,1.687942312855739e-05,", Learning rate:",4.547963305621946e-05,", Number of training points (boundary):",3000,", Number of training points (interior):",15000,", VRAM allocated:",0,", VRAM reserved:",0
39800,Training Loss:,1.502857412560843e-05,", Learning rate:",4.547963305621946e-05,", Number of training points (boundary):",3000,", Number of training points (interior):",15000,", VRAM allocated:",0,", VRAM reserved:",0
39900,Training Loss:,1.4217805073712952e-05,", Learning rate:",4.547963305621946e-05,", Number of training points (boundary):",3000,", Number of training points (interior):",15000,", VRAM allocated:",0,", VRAM reserved:",0
40000,Training Loss:,1.3689948900719173e-05,", Learning rate:",4.4570040395095074e-05,", Number of training points (boundary):",3000,", Number of training points (interior):",15000,", VRAM allocated:",0,", VRAM reserved:",0
40100,Training Loss:,1.3305475476954598e-05,", Learning rate:",4.4570040395095074e-05,", Number of training points (boundary):",3000,", Number of training points (interior):",15000,", VRAM allocated:",0,", VRAM reserved:",0
40200,Training Loss:,1.3000004400964826e-05,", Learning rate:",4.4570040395095074e-05,", Number of training points (boundary):",3000,", Number of training points (interior):",15000,", VRAM allocated:",0,", VRAM reserved:",0
40300,Training Loss:,1.2747714208671823e-05,", Learning rate:",4.4570040395095074e-05,", Number of training points (boundary):",3000,", Number of training points (interior):",15000,", VRAM allocated:",0,", VRAM reserved:",0
40400,Training Loss:,1.2533193512354046e-05,", Learning rate:",4.4570040395095074e-05,", Number of training points (boundary):",3000,", Number of training points (interior):",15000,", VRAM allocated:",0,", VRAM reserved:",0
40500,Training Loss:,1.234648243553238e-05,", Learning rate:",4.4570040395095074e-05,", Number of training points (boundary):",3000,", Number of training points (interior):",15000,", VRAM allocated:",0,", VRAM reserved:",0
40600,Training Loss:,1.2180595149402507e-05,", Learning rate:",4.4570040395095074e-05,", Number of training points (boundary):",3000,", Number of training points (interior):",15000,", VRAM allocated:",0,", VRAM reserved:",0
40700,Training Loss:,1.2030602192680817e-05,", Learning rate:",4.4570040395095074e-05,", Number of training points (boundary):",3000,", Number of training points (interior):",15000,", VRAM allocated:",0,", VRAM reserved:",0
40800,Training Loss:,1.1892818292835727e-05,", Learning rate:",4.4570040395095074e-05,", Number of training points (boundary):",3000,", Number of training points (interior):",15000,", VRAM allocated:",0,", VRAM reserved:",0
40900,Training Loss:,1.1764433111238759e-05,", Learning rate:",4.4570040395095074e-05,", Number of training points (boundary):",3000,", Number of training points (interior):",15000,", VRAM allocated:",0,", VRAM reserved:",0
41000,Training Loss:,1.1643288416962605e-05,", Learning rate:",4.367863958719317e-05,", Number of training points (boundary):",3000,", Number of training points (interior):",15000,", VRAM allocated:",0,", VRAM reserved:",0
41100,Training Loss:,1.1529890798556153e-05,", Learning rate:",4.367863958719317e-05,", Number of training points (boundary):",3000,", Number of training points (interior):",15000,", VRAM allocated:",0,", VRAM reserved:",0
41200,Training Loss:,1.1420369446568657e-05,", Learning rate:",4.367863958719317e-05,", Number of training points (boundary):",3000,", Number of training points (interior):",15000,", VRAM allocated:",0,", VRAM reserved:",0
41300,Training Loss:,1.1313619324937463e-05,", Learning rate:",4.367863958719317e-05,", Number of training points (boundary):",3000,", Number of training points (interior):",15000,", VRAM allocated:",0,", VRAM reserved:",0
41400,Training Loss:,1.120869092119392e-05,", Learning rate:",4.367863958719317e-05,", Number of training points (boundary):",3000,", Number of training points (interior):",15000,", VRAM allocated:",0,", VRAM reserved:",0
41500,Training Loss:,1.1104676559625659e-05,", Learning rate:",4.367863958719317e-05,", Number of training points (boundary):",3000,", Number of training points (interior):",15000,", VRAM allocated:",0,", VRAM reserved:",0
41600,Training Loss:,1.1000808626704384e-05,", Learning rate:",4.367863958719317e-05,", Number of training points (boundary):",3000,", Number of training points (interior):",15000,", VRAM allocated:",0,", VRAM reserved:",0
41700,Training Loss:,1.0896324965870008e-05,", Learning rate:",4.367863958719317e-05,", Number of training points (boundary):",3000,", Number of training points (interior):",15000,", VRAM allocated:",0,", VRAM reserved:",0
41800,Training Loss:,1.0790499800350517e-05,", Learning rate:",4.367863958719317e-05,", Number of training points (boundary):",3000,", Number of training points (interior):",15000,", VRAM allocated:",0,", VRAM reserved:",0
41900,Training Loss:,1.0682588253985159e-05,", Learning rate:",4.367863958719317e-05,", Number of training points (boundary):",3000,", Number of training points (interior):",15000,", VRAM allocated:",0,", VRAM reserved:",0
42000,Training Loss:,1.0571913662715815e-05,", Learning rate:",4.2805066795449306e-05,", Number of training points (boundary):",3000,", Number of training points (interior):",15000,", VRAM allocated:",0,", VRAM reserved:",0
42100,Training Loss:,1.0459983968758024e-05,", Learning rate:",4.2805066795449306e-05,", Number of training points (boundary):",3000,", Number of training points (interior):",15000,", VRAM allocated:",0,", VRAM reserved:",0
42200,Training Loss:,1.0343845133320428e-05,", Learning rate:",4.2805066795449306e-05,", Number of training points (boundary):",3000,", Number of training points (interior):",15000,", VRAM allocated:",0,", VRAM reserved:",0
42300,Training Loss:,1.0222798664472066e-05,", Learning rate:",4.2805066795449306e-05,", Number of training points (boundary):",3000,", Number of training points (interior):",15000,", VRAM allocated:",0,", VRAM reserved:",0
42400,Training Loss:,1.0096134246850852e-05,", Learning rate:",4.2805066795449306e-05,", Number of training points (boundary):",3000,", Number of training points (interior):",15000,", VRAM allocated:",0,", VRAM reserved:",0
42500,Training Loss:,9.963129741663579e-06,", Learning rate:",4.2805066795449306e-05,", Number of training points (boundary):",3000,", Number of training points (interior):",15000,", VRAM allocated:",0,", VRAM reserved:",0
42600,Training Loss:,9.823167602007743e-06,", Learning rate:",4.2805066795449306e-05,", Number of training points (boundary):",3000,", Number of training points (interior):",15000,", VRAM allocated:",0,", VRAM reserved:",0
42700,Training Loss:,9.675675755715929e-06,", Learning rate:",4.2805066795449306e-05,", Number of training points (boundary):",3000,", Number of training points (interior):",15000,", VRAM allocated:",0,", VRAM reserved:",0
42800,Training Loss:,9.5202249212889e-06,", Learning rate:",4.2805066795449306e-05,", Number of training points (boundary):",3000,", Number of training points (interior):",15000,", VRAM allocated:",0,", VRAM reserved:",0
42900,Training Loss:,9.35657044465188e-06,", Learning rate:",4.2805066795449306e-05,", Number of training points (boundary):",3000,", Number of training points (interior):",15000,", VRAM allocated:",0,", VRAM reserved:",0
43000,Training Loss:,9.184779628412798e-06,", Learning rate:",4.194896545954032e-05,", Number of training points (boundary):",3000,", Number of training points (interior):",15000,", VRAM allocated:",0,", VRAM reserved:",0
43100,Training Loss:,9.008786946651526e-06,", Learning rate:",4.194896545954032e-05,", Number of training points (boundary):",3000,", Number of training points (interior):",15000,", VRAM allocated:",0,", VRAM reserved:",0
43200,Training Loss:,8.825833901937585e-06,", Learning rate:",4.194896545954032e-05,", Number of training points (boundary):",3000,", Number of training points (interior):",15000,", VRAM allocated:",0,", VRAM reserved:",0
43300,Training Loss:,8.636839083919767e-06,", Learning rate:",4.194896545954032e-05,", Number of training points (boundary):",3000,", Number of training points (interior):",15000,", VRAM allocated:",0,", VRAM reserved:",0
43400,Training Loss:,8.442942998954095e-06,", Learning rate:",4.194896545954032e-05,", Number of training points (boundary):",3000,", Number of training points (interior):",15000,", VRAM allocated:",0,", VRAM reserved:",0
43500,Training Loss:,8.245132448791992e-06,", Learning rate:",4.194896545954032e-05,", Number of training points (boundary):",3000,", Number of training points (interior):",15000,", VRAM allocated:",0,", VRAM reserved:",0
43600,Training Loss:,8.043995876505505e-06,", Learning rate:",4.194896545954032e-05,", Number of training points (boundary):",3000,", Number of training points (interior):",15000,", VRAM allocated:",0,", VRAM reserved:",0
43700,Training Loss:,7.83953055361053e-06,", Learning rate:",4.194896545954032e-05,", Number of training points (boundary):",3000,", Number of training points (interior):",15000,", VRAM allocated:",0,", VRAM reserved:",0
43800,Training Loss:,7.631007065356243e-06,", Learning rate:",4.194896545954032e-05,", Number of training points (boundary):",3000,", Number of training points (interior):",15000,", VRAM allocated:",0,", VRAM reserved:",0
43900,Training Loss:,7.4171830419800244e-06,", Learning rate:",4.194896545954032e-05,", Number of training points (boundary):",3000,", Number of training points (interior):",15000,", VRAM allocated:",0,", VRAM reserved:",0
44000,Training Loss:,7.1966260293265805e-06,", Learning rate:",4.110998615034951e-05,", Number of training points (boundary):",3000,", Number of training points (interior):",15000,", VRAM allocated:",0,", VRAM reserved:",0
44100,Training Loss:,6.972630671953084e-06,", Learning rate:",4.110998615034951e-05,", Number of training points (boundary):",3000,", Number of training points (interior):",15000,", VRAM allocated:",0,", VRAM reserved:",0
44200,Training Loss:,6.7399237195786554e-06,", Learning rate:",4.110998615034951e-05,", Number of training points (boundary):",3000,", Number of training points (interior):",15000,", VRAM allocated:",0,", VRAM reserved:",0
44300,Training Loss:,6.498145012301393e-06,", Learning rate:",4.110998615034951e-05,", Number of training points (boundary):",3000,", Number of training points (interior):",15000,", VRAM allocated:",0,", VRAM reserved:",0
44400,Training Loss:,6.24762469669804e-06,", Learning rate:",4.110998615034951e-05,", Number of training points (boundary):",3000,", Number of training points (interior):",15000,", VRAM allocated:",0,", VRAM reserved:",0
44500,Training Loss:,5.989429610053776e-06,", Learning rate:",4.110998615034951e-05,", Number of training points (boundary):",3000,", Number of training points (interior):",15000,", VRAM allocated:",0,", VRAM reserved:",0
44600,Training Loss:,5.725438313675113e-06,", Learning rate:",4.110998615034951e-05,", Number of training points (boundary):",3000,", Number of training points (interior):",15000,", VRAM allocated:",0,", VRAM reserved:",0
44700,Training Loss:,5.458334271679632e-06,", Learning rate:",4.110998615034951e-05,", Number of training points (boundary):",3000,", Number of training points (interior):",15000,", VRAM allocated:",0,", VRAM reserved:",0
44800,Training Loss:,5.191269337956328e-06,", Learning rate:",4.110998615034951e-05,", Number of training points (boundary):",3000,", Number of training points (interior):",15000,", VRAM allocated:",0,", VRAM reserved:",0
44900,Training Loss:,4.927318514091894e-06,", Learning rate:",4.110998615034951e-05,", Number of training points (boundary):",3000,", Number of training points (interior):",15000,", VRAM allocated:",0,", VRAM reserved:",0
45000,Training Loss:,4.66878464067122e-06,", Learning rate:",4.028778642734252e-05,", Number of training points (boundary):",3000,", Number of training points (interior):",15000,", VRAM allocated:",0,", VRAM reserved:",0
45100,Training Loss:,4.421489393280353e-06,", Learning rate:",4.028778642734252e-05,", Number of training points (boundary):",3000,", Number of training points (interior):",15000,", VRAM allocated:",0,", VRAM reserved:",0
45200,Training Loss:,4.179742063570302e-06,", Learning rate:",4.028778642734252e-05,", Number of training points (boundary):",3000,", Number of training points (interior):",15000,", VRAM allocated:",0,", VRAM reserved:",0
45300,Training Loss:,3.9424007809429895e-06,", Learning rate:",4.028778642734252e-05,", Number of training points (boundary):",3000,", Number of training points (interior):",15000,", VRAM allocated:",0,", VRAM reserved:",0
45400,Training Loss:,3.708350277520367e-06,", Learning rate:",4.028778642734252e-05,", Number of training points (boundary):",3000,", Number of training points (interior):",15000,", VRAM allocated:",0,", VRAM reserved:",0
45500,Training Loss:,3.477207656032988e-06,", Learning rate:",4.028778642734252e-05,", Number of training points (boundary):",3000,", Number of training points (interior):",15000,", VRAM allocated:",0,", VRAM reserved:",0
45600,Training Loss:,3.249956080253469e-06,", Learning rate:",4.028778642734252e-05,", Number of training points (boundary):",3000,", Number of training points (interior):",15000,", VRAM allocated:",0,", VRAM reserved:",0
45700,Training Loss:,3.029060053449939e-06,", Learning rate:",4.028778642734252e-05,", Number of training points (boundary):",3000,", Number of training points (interior):",15000,", VRAM allocated:",0,", VRAM reserved:",0
45800,Training Loss:,2.8180797926324885e-06,", Learning rate:",4.028778642734252e-05,", Number of training points (boundary):",3000,", Number of training points (interior):",15000,", VRAM allocated:",0,", VRAM reserved:",0
45900,Training Loss:,2.62063326772477e-06,", Learning rate:",4.028778642734252e-05,", Number of training points (boundary):",3000,", Number of training points (interior):",15000,", VRAM allocated:",0,", VRAM reserved:",0
46000,Training Loss:,2.4392006707785185e-06,", Learning rate:",3.948203069879567e-05,", Number of training points (boundary):",3000,", Number of training points (interior):",15000,", VRAM allocated:",0,", VRAM reserved:",0
46100,Training Loss:,2.2775016077503096e-06,", Learning rate:",3.948203069879567e-05,", Number of training points (boundary):",3000,", Number of training points (interior):",15000,", VRAM allocated:",0,", VRAM reserved:",0
46200,Training Loss:,2.130830125679495e-06,", Learning rate:",3.948203069879567e-05,", Number of training points (boundary):",3000,", Number of training points (interior):",15000,", VRAM allocated:",0,", VRAM reserved:",0
46300,Training Loss:,1.9977653664682293e-06,", Learning rate:",3.948203069879567e-05,", Number of training points (boundary):",3000,", Number of training points (interior):",15000,", VRAM allocated:",0,", VRAM reserved:",0
46400,Training Loss:,1.8770035694615217e-06,", Learning rate:",3.948203069879567e-05,", Number of training points (boundary):",3000,", Number of training points (interior):",15000,", VRAM allocated:",0,", VRAM reserved:",0
46500,Training Loss:,1.767645812833507e-06,", Learning rate:",3.948203069879567e-05,", Number of training points (boundary):",3000,", Number of training points (interior):",15000,", VRAM allocated:",0,", VRAM reserved:",0
46600,Training Loss:,1.6688055666236323e-06,", Learning rate:",3.948203069879567e-05,", Number of training points (boundary):",3000,", Number of training points (interior):",15000,", VRAM allocated:",0,", VRAM reserved:",0
46700,Training Loss:,1.5791658825037302e-06,", Learning rate:",3.948203069879567e-05,", Number of training points (boundary):",3000,", Number of training points (interior):",15000,", VRAM allocated:",0,", VRAM reserved:",0
46800,Training Loss:,1.4969156154620578e-06,", Learning rate:",3.948203069879567e-05,", Number of training points (boundary):",3000,", Number of training points (interior):",15000,", VRAM allocated:",0,", VRAM reserved:",0
46900,Training Loss:,1.4203106957211276e-06,", Learning rate:",3.948203069879567e-05,", Number of training points (boundary):",3000,", Number of training points (interior):",15000,", VRAM allocated:",0,", VRAM reserved:",0
47000,Training Loss:,1.3480689631251153e-06,", Learning rate:",3.869239008481975e-05,", Number of training points (boundary):",3000,", Number of training points (interior):",15000,", VRAM allocated:",0,", VRAM reserved:",0
47100,Training Loss:,1.2807242910639616e-06,", Learning rate:",3.869239008481975e-05,", Number of training points (boundary):",3000,", Number of training points (interior):",15000,", VRAM allocated:",0,", VRAM reserved:",0
47200,Training Loss:,1.2164724694230244e-06,", Learning rate:",3.869239008481975e-05,", Number of training points (boundary):",3000,", Number of training points (interior):",15000,", VRAM allocated:",0,", VRAM reserved:",0
47300,Training Loss:,1.155212203229894e-06,", Learning rate:",3.869239008481975e-05,", Number of training points (boundary):",3000,", Number of training points (interior):",15000,", VRAM allocated:",0,", VRAM reserved:",0
47400,Training Loss:,1.0969052937070956e-06,", Learning rate:",3.869239008481975e-05,", Number of training points (boundary):",3000,", Number of training points (interior):",15000,", VRAM allocated:",0,", VRAM reserved:",0
47500,Training Loss:,1.0415775477667921e-06,", Learning rate:",3.869239008481975e-05,", Number of training points (boundary):",3000,", Number of training points (interior):",15000,", VRAM allocated:",0,", VRAM reserved:",0
47600,Training Loss:,9.89239879345405e-07,", Learning rate:",3.869239008481975e-05,", Number of training points (boundary):",3000,", Number of training points (interior):",15000,", VRAM allocated:",0,", VRAM reserved:",0
47700,Training Loss:,9.398966653861862e-07,", Learning rate:",3.869239008481975e-05,", Number of training points (boundary):",3000,", Number of training points (interior):",15000,", VRAM allocated:",0,", VRAM reserved:",0
47800,Training Loss:,8.935114124142274e-07,", Learning rate:",3.869239008481975e-05,", Number of training points (boundary):",3000,", Number of training points (interior):",15000,", VRAM allocated:",0,", VRAM reserved:",0
47900,Training Loss:,8.500600188199314e-07,", Learning rate:",3.869239008481975e-05,", Number of training points (boundary):",3000,", Number of training points (interior):",15000,", VRAM allocated:",0,", VRAM reserved:",0
48000,Training Loss:,8.094592089946673e-07,", Learning rate:",3.791854228312336e-05,", Number of training points (boundary):",3000,", Number of training points (interior):",15000,", VRAM allocated:",0,", VRAM reserved:",0
48100,Training Loss:,7.723457997599326e-07,", Learning rate:",3.791854228312336e-05,", Number of training points (boundary):",3000,", Number of training points (interior):",15000,", VRAM allocated:",0,", VRAM reserved:",0
48200,Training Loss:,7.377582278422778e-07,", Learning rate:",3.791854228312336e-05,", Number of training points (boundary):",3000,", Number of training points (interior):",15000,", VRAM allocated:",0,", VRAM reserved:",0
48300,Training Loss:,7.055836022118456e-07,", Learning rate:",3.791854228312336e-05,", Number of training points (boundary):",3000,", Number of training points (interior):",15000,", VRAM allocated:",0,", VRAM reserved:",0
48400,Training Loss:,6.756933998985915e-07,", Learning rate:",3.791854228312336e-05,", Number of training points (boundary):",3000,", Number of training points (interior):",15000,", VRAM allocated:",0,", VRAM reserved:",0
48500,Training Loss:,6.479705234596622e-07,", Learning rate:",3.791854228312336e-05,", Number of training points (boundary):",3000,", Number of training points (interior):",15000,", VRAM allocated:",0,", VRAM reserved:",0
48600,Training Loss:,6.222493880159163e-07,", Learning rate:",3.791854228312336e-05,", Number of training points (boundary):",3000,", Number of training points (interior):",15000,", VRAM allocated:",0,", VRAM reserved:",0
48700,Training Loss:,5.98406188601075e-07,", Learning rate:",3.791854228312336e-05,", Number of training points (boundary):",3000,", Number of training points (interior):",15000,", VRAM allocated:",0,", VRAM reserved:",0
48800,Training Loss:,5.762857426816481e-07,", Learning rate:",3.791854228312336e-05,", Number of training points (boundary):",3000,", Number of training points (interior):",15000,", VRAM allocated:",0,", VRAM reserved:",0
48900,Training Loss:,5.557621989282779e-07,", Learning rate:",3.791854228312336e-05,", Number of training points (boundary):",3000,", Number of training points (interior):",15000,", VRAM allocated:",0,", VRAM reserved:",0
49000,Training Loss:,5.366991899791174e-07,", Learning rate:",3.716017143746089e-05,", Number of training points (boundary):",3000,", Number of training points (interior):",15000,", VRAM allocated:",0,", VRAM reserved:",0
49100,Training Loss:,5.193281822357676e-07,", Learning rate:",3.716017143746089e-05,", Number of training points (boundary):",3000,", Number of training points (interior):",15000,", VRAM allocated:",0,", VRAM reserved:",0
49200,Training Loss:,5.031400860389112e-07,", Learning rate:",3.716017143746089e-05,", Number of training points (boundary):",3000,", Number of training points (interior):",15000,", VRAM allocated:",0,", VRAM reserved:",0
49300,Training Loss:,4.880594133283012e-07,", Learning rate:",3.716017143746089e-05,", Number of training points (boundary):",3000,", Number of training points (interior):",15000,", VRAM allocated:",0,", VRAM reserved:",0
49400,Training Loss:,4.740152803606179e-07,", Learning rate:",3.716017143746089e-05,", Number of training points (boundary):",3000,", Number of training points (interior):",15000,", VRAM allocated:",0,", VRAM reserved:",0
49500,Training Loss:,4.6093680339254206e-07,", Learning rate:",3.716017143746089e-05,", Number of training points (boundary):",3000,", Number of training points (interior):",15000,", VRAM allocated:",0,", VRAM reserved:",0
49600,Training Loss:,4.4876529159409984e-07,", Learning rate:",3.716017143746089e-05,", Number of training points (boundary):",3000,", Number of training points (interior):",15000,", VRAM allocated:",0,", VRAM reserved:",0
49700,Training Loss:,4.3744196887018916e-07,", Learning rate:",3.716017143746089e-05,", Number of training points (boundary):",3000,", Number of training points (interior):",15000,", VRAM allocated:",0,", VRAM reserved:",0
49800,Training Loss:,4.2691647195169935e-07,", Learning rate:",3.716017143746089e-05,", Number of training points (boundary):",3000,", Number of training points (interior):",15000,", VRAM allocated:",0,", VRAM reserved:",0
49900,Training Loss:,4.171274667896796e-07,", Learning rate:",3.716017143746089e-05,", Number of training points (boundary):",3000,", Number of training points (interior):",15000,", VRAM allocated:",0,", VRAM reserved:",0
50000,Training Loss:,4.080256701399776e-07,", Learning rate:",3.641696800871167e-05,", Number of training points (boundary):",3000,", Number of training points (interior):",15000,", VRAM allocated:",0,", VRAM reserved:",0
50100,Training Loss:,3.9972087506612297e-07,", Learning rate:",3.641696800871167e-05,", Number of training points (boundary):",3000,", Number of training points (interior):",15000,", VRAM allocated:",0,", VRAM reserved:",0
50200,Training Loss:,3.919679159025691e-07,", Learning rate:",3.641696800871167e-05,", Number of training points (boundary):",3000,", Number of training points (interior):",15000,", VRAM allocated:",0,", VRAM reserved:",0
50300,Training Loss:,3.8677254110552894e-07,", Learning rate:",3.641696800871167e-05,", Number of training points (boundary):",3000,", Number of training points (interior):",15000,", VRAM allocated:",0,", VRAM reserved:",0
50400,Training Loss:,3.779283304083947e-07,", Learning rate:",3.641696800871167e-05,", Number of training points (boundary):",3000,", Number of training points (interior):",15000,", VRAM allocated:",0,", VRAM reserved:",0
50500,Training Loss:,3.8056174389566877e-07,", Learning rate:",3.641696800871167e-05,", Number of training points (boundary):",3000,", Number of training points (interior):",15000,", VRAM allocated:",0,", VRAM reserved:",0
50600,Training Loss:,3.6554320104187354e-07,", Learning rate:",3.641696800871167e-05,", Number of training points (boundary):",3000,", Number of training points (interior):",15000,", VRAM allocated:",0,", VRAM reserved:",0
50700,Training Loss:,3.687355274450965e-07,", Learning rate:",3.641696800871167e-05,", Number of training points (boundary):",3000,", Number of training points (interior):",15000,", VRAM allocated:",0,", VRAM reserved:",0
50800,Training Loss:,3.544666924426565e-07,", Learning rate:",3.641696800871167e-05,", Number of training points (boundary):",3000,", Number of training points (interior):",15000,", VRAM allocated:",0,", VRAM reserved:",0
50900,Training Loss:,3.513431749979645e-07,", Learning rate:",3.641696800871167e-05,", Number of training points (boundary):",3000,", Number of training points (interior):",15000,", VRAM allocated:",0,", VRAM reserved:",0
51000,Training Loss:,3.4600418530317256e-07,", Learning rate:",3.5688628648537436e-05,", Number of training points (boundary):",3000,", Number of training points (interior):",15000,", VRAM allocated:",0,", VRAM reserved:",0
51100,Training Loss:,3.3992759540524276e-07,", Learning rate:",3.5688628648537436e-05,", Number of training points (boundary):",3000,", Number of training points (interior):",15000,", VRAM allocated:",0,", VRAM reserved:",0
51200,Training Loss:,3.483227999367955e-07,", Learning rate:",3.5688628648537436e-05,", Number of training points (boundary):",3000,", Number of training points (interior):",15000,", VRAM allocated:",0,", VRAM reserved:",0
51300,Training Loss:,3.310139220502606e-07,", Learning rate:",3.5688628648537436e-05,", Number of training points (boundary):",3000,", Number of training points (interior):",15000,", VRAM allocated:",0,", VRAM reserved:",0
51400,Training Loss:,3.2690414286662417e-07,", Learning rate:",3.5688628648537436e-05,", Number of training points (boundary):",3000,", Number of training points (interior):",15000,", VRAM allocated:",0,", VRAM reserved:",0
51500,Training Loss:,3.463474058662541e-07,", Learning rate:",3.5688628648537436e-05,", Number of training points (boundary):",3000,", Number of training points (interior):",15000,", VRAM allocated:",0,", VRAM reserved:",0
51600,Training Loss:,3.1872610861682915e-07,", Learning rate:",3.5688628648537436e-05,", Number of training points (boundary):",3000,", Number of training points (interior):",15000,", VRAM allocated:",0,", VRAM reserved:",0
51700,Training Loss:,3.147574716422241e-07,", Learning rate:",3.5688628648537436e-05,", Number of training points (boundary):",3000,", Number of training points (interior):",15000,", VRAM allocated:",0,", VRAM reserved:",0
51800,Training Loss:,3.110541513251519e-07,", Learning rate:",3.5688628648537436e-05,", Number of training points (boundary):",3000,", Number of training points (interior):",15000,", VRAM allocated:",0,", VRAM reserved:",0
51900,Training Loss:,3.0754858926229645e-07,", Learning rate:",3.5688628648537436e-05,", Number of training points (boundary):",3000,", Number of training points (interior):",15000,", VRAM allocated:",0,", VRAM reserved:",0
52000,Training Loss:,3.0344136803250876e-07,", Learning rate:",3.4974856075566685e-05,", Number of training points (boundary):",3000,", Number of training points (interior):",15000,", VRAM allocated:",0,", VRAM reserved:",0
52100,Training Loss:,3.284714580331638e-07,", Learning rate:",3.4974856075566685e-05,", Number of training points (boundary):",3000,", Number of training points (interior):",15000,", VRAM allocated:",0,", VRAM reserved:",0
52200,Training Loss:,3.088837274844991e-07,", Learning rate:",3.4974856075566685e-05,", Number of training points (boundary):",3000,", Number of training points (interior):",15000,", VRAM allocated:",0,", VRAM reserved:",0
52300,Training Loss:,2.9269841661516693e-07,", Learning rate:",3.4974856075566685e-05,", Number of training points (boundary):",3000,", Number of training points (interior):",15000,", VRAM allocated:",0,", VRAM reserved:",0
52400,Training Loss:,2.894098258821032e-07,", Learning rate:",3.4974856075566685e-05,", Number of training points (boundary):",3000,", Number of training points (interior):",15000,", VRAM allocated:",0,", VRAM reserved:",0
52500,Training Loss:,2.8560086207107815e-07,", Learning rate:",3.4974856075566685e-05,", Number of training points (boundary):",3000,", Number of training points (interior):",15000,", VRAM allocated:",0,", VRAM reserved:",0
52600,Training Loss:,2.823190925482777e-07,", Learning rate:",3.4974856075566685e-05,", Number of training points (boundary):",3000,", Number of training points (interior):",15000,", VRAM allocated:",0,", VRAM reserved:",0
52700,Training Loss:,2.803317329380661e-07,", Learning rate:",3.4974856075566685e-05,", Number of training points (boundary):",3000,", Number of training points (interior):",15000,", VRAM allocated:",0,", VRAM reserved:",0
52800,Training Loss:,2.7515727651916677e-07,", Learning rate:",3.4974856075566685e-05,", Number of training points (boundary):",3000,", Number of training points (interior):",15000,", VRAM allocated:",0,", VRAM reserved:",0
52900,Training Loss:,2.71689003739084e-07,", Learning rate:",3.4974856075566685e-05,", Number of training points (boundary):",3000,", Number of training points (interior):",15000,", VRAM allocated:",0,", VRAM reserved:",0
53000,Training Loss:,3.849216909657116e-07,", Learning rate:",3.427535895405535e-05,", Number of training points (boundary):",3000,", Number of training points (interior):",15000,", VRAM allocated:",0,", VRAM reserved:",0
53100,Training Loss:,2.648153270001785e-07,", Learning rate:",3.427535895405535e-05,", Number of training points (boundary):",3000,", Number of training points (interior):",15000,", VRAM allocated:",0,", VRAM reserved:",0
53200,Training Loss:,2.7756559006775205e-07,", Learning rate:",3.427535895405535e-05,", Number of training points (boundary):",3000,", Number of training points (interior):",15000,", VRAM allocated:",0,", VRAM reserved:",0
53300,Training Loss:,3.0423203156715317e-07,", Learning rate:",3.427535895405535e-05,", Number of training points (boundary):",3000,", Number of training points (interior):",15000,", VRAM allocated:",0,", VRAM reserved:",0
53400,Training Loss:,2.543445134506328e-07,", Learning rate:",3.427535895405535e-05,", Number of training points (boundary):",3000,", Number of training points (interior):",15000,", VRAM allocated:",0,", VRAM reserved:",0
53500,Training Loss:,2.5549866222718265e-07,", Learning rate:",3.427535895405535e-05,", Number of training points (boundary):",3000,", Number of training points (interior):",15000,", VRAM allocated:",0,", VRAM reserved:",0
53600,Training Loss:,4.24228034034968e-07,", Learning rate:",3.427535895405535e-05,", Number of training points (boundary):",3000,", Number of training points (interior):",15000,", VRAM allocated:",0,", VRAM reserved:",0
53700,Training Loss:,2.657029085639806e-07,", Learning rate:",3.427535895405535e-05,", Number of training points (boundary):",3000,", Number of training points (interior):",15000,", VRAM allocated:",0,", VRAM reserved:",0
53800,Training Loss:,2.4462804049107945e-07,", Learning rate:",3.427535895405535e-05,", Number of training points (boundary):",3000,", Number of training points (interior):",15000,", VRAM allocated:",0,", VRAM reserved:",0
53900,Training Loss:,2.56623195582506e-07,", Learning rate:",3.427535895405535e-05,", Number of training points (boundary):",3000,", Number of training points (interior):",15000,", VRAM allocated:",0,", VRAM reserved:",0
54000,Training Loss:,2.3384829717087996e-07,", Learning rate:",3.358985177497424e-05,", Number of training points (boundary):",3000,", Number of training points (interior):",15000,", VRAM allocated:",0,", VRAM reserved:",0
54100,Training Loss:,2.3260426473825646e-07,", Learning rate:",3.358985177497424e-05,", Number of training points (boundary):",3000,", Number of training points (interior):",15000,", VRAM allocated:",0,", VRAM reserved:",0
54200,Training Loss:,2.303472257381145e-07,", Learning rate:",3.358985177497424e-05,", Number of training points (boundary):",3000,", Number of training points (interior):",15000,", VRAM allocated:",0,", VRAM reserved:",0
54300,Training Loss:,2.4272534915326105e-07,", Learning rate:",3.358985177497424e-05,", Number of training points (boundary):",3000,", Number of training points (interior):",15000,", VRAM allocated:",0,", VRAM reserved:",0
54400,Training Loss:,2.9508947818612796e-07,", Learning rate:",3.358985177497424e-05,", Number of training points (boundary):",3000,", Number of training points (interior):",15000,", VRAM allocated:",0,", VRAM reserved:",0
54500,Training Loss:,2.1856067178305238e-07,", Learning rate:",3.358985177497424e-05,", Number of training points (boundary):",3000,", Number of training points (interior):",15000,", VRAM allocated:",0,", VRAM reserved:",0
54600,Training Loss:,2.1914760850449966e-07,", Learning rate:",3.358985177497424e-05,", Number of training points (boundary):",3000,", Number of training points (interior):",15000,", VRAM allocated:",0,", VRAM reserved:",0
54700,Training Loss:,2.380379271471611e-07,", Learning rate:",3.358985177497424e-05,", Number of training points (boundary):",3000,", Number of training points (interior):",15000,", VRAM allocated:",0,", VRAM reserved:",0
54800,Training Loss:,2.134228367367541e-07,", Learning rate:",3.358985177497424e-05,", Number of training points (boundary):",3000,", Number of training points (interior):",15000,", VRAM allocated:",0,", VRAM reserved:",0
54900,Training Loss:,2.094657247653231e-07,", Learning rate:",3.358985177497424e-05,", Number of training points (boundary):",3000,", Number of training points (interior):",15000,", VRAM allocated:",0,", VRAM reserved:",0
55000,Training Loss:,2.0693227043011575e-07,", Learning rate:",3.291805473947476e-05,", Number of training points (boundary):",3000,", Number of training points (interior):",15000,", VRAM allocated:",0,", VRAM reserved:",0
55100,Training Loss:,2.1945621142549498e-07,", Learning rate:",3.291805473947476e-05,", Number of training points (boundary):",3000,", Number of training points (interior):",15000,", VRAM allocated:",0,", VRAM reserved:",0
55200,Training Loss:,2.2237283303638833e-07,", Learning rate:",3.291805473947476e-05,", Number of training points (boundary):",3000,", Number of training points (interior):",15000,", VRAM allocated:",0,", VRAM reserved:",0
55300,Training Loss:,2.039171249634819e-07,", Learning rate:",3.291805473947476e-05,", Number of training points (boundary):",3000,", Number of training points (interior):",15000,", VRAM allocated:",0,", VRAM reserved:",0
55400,Training Loss:,1.9813423079995118e-07,", Learning rate:",3.291805473947476e-05,", Number of training points (boundary):",3000,", Number of training points (interior):",15000,", VRAM allocated:",0,", VRAM reserved:",0
55500,Training Loss:,2.417396274267958e-07,", Learning rate:",3.291805473947476e-05,", Number of training points (boundary):",3000,", Number of training points (interior):",15000,", VRAM allocated:",0,", VRAM reserved:",0
55600,Training Loss:,1.9653631966320972e-07,", Learning rate:",3.291805473947476e-05,", Number of training points (boundary):",3000,", Number of training points (interior):",15000,", VRAM allocated:",0,", VRAM reserved:",0
55700,Training Loss:,1.8952599134536285e-07,", Learning rate:",3.291805473947476e-05,", Number of training points (boundary):",3000,", Number of training points (interior):",15000,", VRAM allocated:",0,", VRAM reserved:",0
55800,Training Loss:,1.7868975987767044e-07,", Learning rate:",3.291805473947476e-05,", Number of training points (boundary):",3000,", Number of training points (interior):",15000,", VRAM allocated:",0,", VRAM reserved:",0
55900,Training Loss:,1.903993194218856e-07,", Learning rate:",3.291805473947476e-05,", Number of training points (boundary):",3000,", Number of training points (interior):",15000,", VRAM allocated:",0,", VRAM reserved:",0
56000,Training Loss:,1.7230074433882692e-07,", Learning rate:",3.225969364468526e-05,", Number of training points (boundary):",3000,", Number of training points (interior):",15000,", VRAM allocated:",0,", VRAM reserved:",0
56100,Training Loss:,1.7536711993670906e-07,", Learning rate:",3.225969364468526e-05,", Number of training points (boundary):",3000,", Number of training points (interior):",15000,", VRAM allocated:",0,", VRAM reserved:",0
56200,Training Loss:,9.714692714624107e-05,", Learning rate:",3.225969364468526e-05,", Number of training points (boundary):",3000,", Number of training points (interior):",15000,", VRAM allocated:",0,", VRAM reserved:",0
56300,Training Loss:,3.3871658615680644e-06,", Learning rate:",3.225969364468526e-05,", Number of training points (boundary):",3000,", Number of training points (interior):",15000,", VRAM allocated:",0,", VRAM reserved:",0
56400,Training Loss:,1.9311187315906864e-06,", Learning rate:",3.225969364468526e-05,", Number of training points (boundary):",3000,", Number of training points (interior):",15000,", VRAM allocated:",0,", VRAM reserved:",0
56500,Training Loss:,1.2498252317527658e-06,", Learning rate:",3.225969364468526e-05,", Number of training points (boundary):",3000,", Number of training points (interior):",15000,", VRAM allocated:",0,", VRAM reserved:",0
56600,Training Loss:,9.380933647662459e-07,", Learning rate:",3.225969364468526e-05,", Number of training points (boundary):",3000,", Number of training points (interior):",15000,", VRAM allocated:",0,", VRAM reserved:",0
56700,Training Loss:,7.724717647761281e-07,", Learning rate:",3.225969364468526e-05,", Number of training points (boundary):",3000,", Number of training points (interior):",15000,", VRAM allocated:",0,", VRAM reserved:",0
56800,Training Loss:,6.651408739344333e-07,", Learning rate:",3.225969364468526e-05,", Number of training points (boundary):",3000,", Number of training points (interior):",15000,", VRAM allocated:",0,", VRAM reserved:",0
56900,Training Loss:,5.863282694917871e-07,", Learning rate:",3.225969364468526e-05,", Number of training points (boundary):",3000,", Number of training points (interior):",15000,", VRAM allocated:",0,", VRAM reserved:",0
57000,Training Loss:,5.24965741988126e-07,", Learning rate:",3.161449977179156e-05,", Number of training points (boundary):",3000,", Number of training points (interior):",15000,", VRAM allocated:",0,", VRAM reserved:",0
57100,Training Loss:,4.7666856062278384e-07,", Learning rate:",3.161449977179156e-05,", Number of training points (boundary):",3000,", Number of training points (interior):",15000,", VRAM allocated:",0,", VRAM reserved:",0
57200,Training Loss:,4.3699327534341137e-07,", Learning rate:",3.161449977179156e-05,", Number of training points (boundary):",3000,", Number of training points (interior):",15000,", VRAM allocated:",0,", VRAM reserved:",0
57300,Training Loss:,4.038896577185369e-07,", Learning rate:",3.161449977179156e-05,", Number of training points (boundary):",3000,", Number of training points (interior):",15000,", VRAM allocated:",0,", VRAM reserved:",0
57400,Training Loss:,3.7586426060443046e-07,", Learning rate:",3.161449977179156e-05,", Number of training points (boundary):",3000,", Number of training points (interior):",15000,", VRAM allocated:",0,", VRAM reserved:",0
57500,Training Loss:,3.518412938774418e-07,", Learning rate:",3.161449977179156e-05,", Number of training points (boundary):",3000,", Number of training points (interior):",15000,", VRAM allocated:",0,", VRAM reserved:",0
57600,Training Loss:,3.3103913210652536e-07,", Learning rate:",3.161449977179156e-05,", Number of training points (boundary):",3000,", Number of training points (interior):",15000,", VRAM allocated:",0,", VRAM reserved:",0
57700,Training Loss:,3.1289451385418943e-07,", Learning rate:",3.161449977179156e-05,", Number of training points (boundary):",3000,", Number of training points (interior):",15000,", VRAM allocated:",0,", VRAM reserved:",0
57800,Training Loss:,2.969902368477051e-07,", Learning rate:",3.161449977179156e-05,", Number of training points (boundary):",3000,", Number of training points (interior):",15000,", VRAM allocated:",0,", VRAM reserved:",0
57900,Training Loss:,2.829958702932345e-07,", Learning rate:",3.161449977179156e-05,", Number of training points (boundary):",3000,", Number of training points (interior):",15000,", VRAM allocated:",0,", VRAM reserved:",0
58000,Training Loss:,2.7065573249274166e-07,", Learning rate:",3.0982209776355726e-05,", Number of training points (boundary):",3000,", Number of training points (interior):",15000,", VRAM allocated:",0,", VRAM reserved:",0
58100,Training Loss:,2.599521167212515e-07,", Learning rate:",3.0982209776355726e-05,", Number of training points (boundary):",3000,", Number of training points (interior):",15000,", VRAM allocated:",0,", VRAM reserved:",0
58200,Training Loss:,2.504538656467048e-07,", Learning rate:",3.0982209776355726e-05,", Number of training points (boundary):",3000,", Number of training points (interior):",15000,", VRAM allocated:",0,", VRAM reserved:",0
58300,Training Loss:,2.420091504973243e-07,", Learning rate:",3.0982209776355726e-05,", Number of training points (boundary):",3000,", Number of training points (interior):",15000,", VRAM allocated:",0,", VRAM reserved:",0
58400,Training Loss:,2.3449865693692118e-07,", Learning rate:",3.0982209776355726e-05,", Number of training points (boundary):",3000,", Number of training points (interior):",15000,", VRAM allocated:",0,", VRAM reserved:",0
58500,Training Loss:,2.2780912445341528e-07,", Learning rate:",3.0982209776355726e-05,", Number of training points (boundary):",3000,", Number of training points (interior):",15000,", VRAM allocated:",0,", VRAM reserved:",0
58600,Training Loss:,2.2184985937201418e-07,", Learning rate:",3.0982209776355726e-05,", Number of training points (boundary):",3000,", Number of training points (interior):",15000,", VRAM allocated:",0,", VRAM reserved:",0
58700,Training Loss:,2.1653028170476318e-07,", Learning rate:",3.0982209776355726e-05,", Number of training points (boundary):",3000,", Number of training points (interior):",15000,", VRAM allocated:",0,", VRAM reserved:",0
58800,Training Loss:,2.11772615443806e-07,", Learning rate:",3.0982209776355726e-05,", Number of training points (boundary):",3000,", Number of training points (interior):",15000,", VRAM allocated:",0,", VRAM reserved:",0
58900,Training Loss:,2.075139491353184e-07,", Learning rate:",3.0982209776355726e-05,", Number of training points (boundary):",3000,", Number of training points (interior):",15000,", VRAM allocated:",0,", VRAM reserved:",0
59000,Training Loss:,2.0368666753256548e-07,", Learning rate:",3.0362565580828612e-05,", Number of training points (boundary):",3000,", Number of training points (interior):",15000,", VRAM allocated:",0,", VRAM reserved:",0
59100,Training Loss:,2.003069141665037e-07,", Learning rate:",3.0362565580828612e-05,", Number of training points (boundary):",3000,", Number of training points (interior):",15000,", VRAM allocated:",0,", VRAM reserved:",0
59200,Training Loss:,1.9724635080820008e-07,", Learning rate:",3.0362565580828612e-05,", Number of training points (boundary):",3000,", Number of training points (interior):",15000,", VRAM allocated:",0,", VRAM reserved:",0
59300,Training Loss:,1.9446092380803748e-07,", Learning rate:",3.0362565580828612e-05,", Number of training points (boundary):",3000,", Number of training points (interior):",15000,", VRAM allocated:",0,", VRAM reserved:",0
59400,Training Loss:,1.9192087563624227e-07,", Learning rate:",3.0362565580828612e-05,", Number of training points (boundary):",3000,", Number of training points (interior):",15000,", VRAM allocated:",0,", VRAM reserved:",0
59500,Training Loss:,1.895921144523527e-07,", Learning rate:",3.0362565580828612e-05,", Number of training points (boundary):",3000,", Number of training points (interior):",15000,", VRAM allocated:",0,", VRAM reserved:",0
59600,Training Loss:,1.8744299268291797e-07,", Learning rate:",3.0362565580828612e-05,", Number of training points (boundary):",3000,", Number of training points (interior):",15000,", VRAM allocated:",0,", VRAM reserved:",0
59700,Training Loss:,1.8545173929851444e-07,", Learning rate:",3.0362565580828612e-05,", Number of training points (boundary):",3000,", Number of training points (interior):",15000,", VRAM allocated:",0,", VRAM reserved:",0
59800,Training Loss:,1.8359934017553314e-07,", Learning rate:",3.0362565580828612e-05,", Number of training points (boundary):",3000,", Number of training points (interior):",15000,", VRAM allocated:",0,", VRAM reserved:",0
59900,Training Loss:,1.8186371164574666e-07,", Learning rate:",3.0362565580828612e-05,", Number of training points (boundary):",3000,", Number of training points (interior):",15000,", VRAM allocated:",0,", VRAM reserved:",0
60000,Training Loss:,1.8022817016571935e-07,", Learning rate:",2.975531426921204e-05,", Number of training points (boundary):",3000,", Number of training points (interior):",15000,", VRAM allocated:",0,", VRAM reserved:",0
60100,Training Loss:,1.7870685553589283e-07,", Learning rate:",2.975531426921204e-05,", Number of training points (boundary):",3000,", Number of training points (interior):",15000,", VRAM allocated:",0,", VRAM reserved:",0
60200,Training Loss:,1.7725781731314783e-07,", Learning rate:",2.975531426921204e-05,", Number of training points (boundary):",3000,", Number of training points (interior):",15000,", VRAM allocated:",0,", VRAM reserved:",0
60300,Training Loss:,1.7586744149866718e-07,", Learning rate:",2.975531426921204e-05,", Number of training points (boundary):",3000,", Number of training points (interior):",15000,", VRAM allocated:",0,", VRAM reserved:",0
60400,Training Loss:,1.7453029954594967e-07,", Learning rate:",2.975531426921204e-05,", Number of training points (boundary):",3000,", Number of training points (interior):",15000,", VRAM allocated:",0,", VRAM reserved:",0
60500,Training Loss:,1.7323688439319085e-07,", Learning rate:",2.975531426921204e-05,", Number of training points (boundary):",3000,", Number of training points (interior):",15000,", VRAM allocated:",0,", VRAM reserved:",0
60600,Training Loss:,1.7197876900354458e-07,", Learning rate:",2.975531426921204e-05,", Number of training points (boundary):",3000,", Number of training points (interior):",15000,", VRAM allocated:",0,", VRAM reserved:",0
60700,Training Loss:,1.7075244329589623e-07,", Learning rate:",2.975531426921204e-05,", Number of training points (boundary):",3000,", Number of training points (interior):",15000,", VRAM allocated:",0,", VRAM reserved:",0
60800,Training Loss:,1.695525924105823e-07,", Learning rate:",2.975531426921204e-05,", Number of training points (boundary):",3000,", Number of training points (interior):",15000,", VRAM allocated:",0,", VRAM reserved:",0
60900,Training Loss:,1.6837218197451875e-07,", Learning rate:",2.975531426921204e-05,", Number of training points (boundary):",3000,", Number of training points (interior):",15000,", VRAM allocated:",0,", VRAM reserved:",0
61000,Training Loss:,1.6720974826966994e-07,", Learning rate:",2.9160207983827797e-05,", Number of training points (boundary):",3000,", Number of training points (interior):",15000,", VRAM allocated:",0,", VRAM reserved:",0
61100,Training Loss:,1.6607995689810195e-07,", Learning rate:",2.9160207983827797e-05,", Number of training points (boundary):",3000,", Number of training points (interior):",15000,", VRAM allocated:",0,", VRAM reserved:",0
61200,Training Loss:,1.6495978627517616e-07,", Learning rate:",2.9160207983827797e-05,", Number of training points (boundary):",3000,", Number of training points (interior):",15000,", VRAM allocated:",0,", VRAM reserved:",0
61300,Training Loss:,1.638403972492597e-07,", Learning rate:",2.9160207983827797e-05,", Number of training points (boundary):",3000,", Number of training points (interior):",15000,", VRAM allocated:",0,", VRAM reserved:",0
61400,Training Loss:,1.6272328196009767e-07,", Learning rate:",2.9160207983827797e-05,", Number of training points (boundary):",3000,", Number of training points (interior):",15000,", VRAM allocated:",0,", VRAM reserved:",0
61500,Training Loss:,1.616046461094811e-07,", Learning rate:",2.9160207983827797e-05,", Number of training points (boundary):",3000,", Number of training points (interior):",15000,", VRAM allocated:",0,", VRAM reserved:",0
61600,Training Loss:,1.604846460168119e-07,", Learning rate:",2.9160207983827797e-05,", Number of training points (boundary):",3000,", Number of training points (interior):",15000,", VRAM allocated:",0,", VRAM reserved:",0
61700,Training Loss:,1.5936717545628198e-07,", Learning rate:",2.9160207983827797e-05,", Number of training points (boundary):",3000,", Number of training points (interior):",15000,", VRAM allocated:",0,", VRAM reserved:",0
61800,Training Loss:,1.5821848364794278e-07,", Learning rate:",2.9160207983827797e-05,", Number of training points (boundary):",3000,", Number of training points (interior):",15000,", VRAM allocated:",0,", VRAM reserved:",0
61900,Training Loss:,1.5793325758295396e-07,", Learning rate:",2.9160207983827797e-05,", Number of training points (boundary):",3000,", Number of training points (interior):",15000,", VRAM allocated:",0,", VRAM reserved:",0
62000,Training Loss:,1.559252496008412e-07,", Learning rate:",2.8577003824151242e-05,", Number of training points (boundary):",3000,", Number of training points (interior):",15000,", VRAM allocated:",0,", VRAM reserved:",0
62100,Training Loss:,1.5477269244001945e-07,", Learning rate:",2.8577003824151242e-05,", Number of training points (boundary):",3000,", Number of training points (interior):",15000,", VRAM allocated:",0,", VRAM reserved:",0
62200,Training Loss:,1.5567121636195225e-07,", Learning rate:",2.8577003824151242e-05,", Number of training points (boundary):",3000,", Number of training points (interior):",15000,", VRAM allocated:",0,", VRAM reserved:",0
62300,Training Loss:,1.5244063433783595e-07,", Learning rate:",2.8577003824151242e-05,", Number of training points (boundary):",3000,", Number of training points (interior):",15000,", VRAM allocated:",0,", VRAM reserved:",0
62400,Training Loss:,1.5123119112558925e-07,", Learning rate:",2.8577003824151242e-05,", Number of training points (boundary):",3000,", Number of training points (interior):",15000,", VRAM allocated:",0,", VRAM reserved:",0
62500,Training Loss:,1.5036884803976136e-07,", Learning rate:",2.8577003824151242e-05,", Number of training points (boundary):",3000,", Number of training points (interior):",15000,", VRAM allocated:",0,", VRAM reserved:",0
62600,Training Loss:,1.4880623666613246e-07,", Learning rate:",2.8577003824151242e-05,", Number of training points (boundary):",3000,", Number of training points (interior):",15000,", VRAM allocated:",0,", VRAM reserved:",0
62700,Training Loss:,1.4762790101485734e-07,", Learning rate:",2.8577003824151242e-05,", Number of training points (boundary):",3000,", Number of training points (interior):",15000,", VRAM allocated:",0,", VRAM reserved:",0
62800,Training Loss:,1.4635104150784173e-07,", Learning rate:",2.8577003824151242e-05,", Number of training points (boundary):",3000,", Number of training points (interior):",15000,", VRAM allocated:",0,", VRAM reserved:",0
62900,Training Loss:,1.450268598546245e-07,", Learning rate:",2.8577003824151242e-05,", Number of training points (boundary):",3000,", Number of training points (interior):",15000,", VRAM allocated:",0,", VRAM reserved:",0
63000,Training Loss:,1.4515609336740454e-07,", Learning rate:",2.8005463747668217e-05,", Number of training points (boundary):",3000,", Number of training points (interior):",15000,", VRAM allocated:",0,", VRAM reserved:",0
63100,Training Loss:,1.42402598157787e-07,", Learning rate:",2.8005463747668217e-05,", Number of training points (boundary):",3000,", Number of training points (interior):",15000,", VRAM allocated:",0,", VRAM reserved:",0
63200,Training Loss:,1.4399039116597123e-07,", Learning rate:",2.8005463747668217e-05,", Number of training points (boundary):",3000,", Number of training points (interior):",15000,", VRAM allocated:",0,", VRAM reserved:",0
63300,Training Loss:,1.3972987744637066e-07,", Learning rate:",2.8005463747668217e-05,", Number of training points (boundary):",3000,", Number of training points (interior):",15000,", VRAM allocated:",0,", VRAM reserved:",0
63400,Training Loss:,1.385008374654717e-07,", Learning rate:",2.8005463747668217e-05,", Number of training points (boundary):",3000,", Number of training points (interior):",15000,", VRAM allocated:",0,", VRAM reserved:",0
63500,Training Loss:,1.369427877762064e-07,", Learning rate:",2.8005463747668217e-05,", Number of training points (boundary):",3000,", Number of training points (interior):",15000,", VRAM allocated:",0,", VRAM reserved:",0
63600,Training Loss:,1.3588436331701814e-07,", Learning rate:",2.8005463747668217e-05,", Number of training points (boundary):",3000,", Number of training points (interior):",15000,", VRAM allocated:",0,", VRAM reserved:",0
63700,Training Loss:,1.4077541266033222e-07,", Learning rate:",2.8005463747668217e-05,", Number of training points (boundary):",3000,", Number of training points (interior):",15000,", VRAM allocated:",0,", VRAM reserved:",0
63800,Training Loss:,1.3265228915315674e-07,", Learning rate:",2.8005463747668217e-05,", Number of training points (boundary):",3000,", Number of training points (interior):",15000,", VRAM allocated:",0,", VRAM reserved:",0
63900,Training Loss:,1.3271906595946348e-07,", Learning rate:",2.8005463747668217e-05,", Number of training points (boundary):",3000,", Number of training points (interior):",15000,", VRAM allocated:",0,", VRAM reserved:",0
64000,Training Loss:,1.296676117590323e-07,", Learning rate:",2.744535447271485e-05,", Number of training points (boundary):",3000,", Number of training points (interior):",15000,", VRAM allocated:",0,", VRAM reserved:",0
64100,Training Loss:,1.2880427391337435e-07,", Learning rate:",2.744535447271485e-05,", Number of training points (boundary):",3000,", Number of training points (interior):",15000,", VRAM allocated:",0,", VRAM reserved:",0
64200,Training Loss:,1.2663701909332303e-07,", Learning rate:",2.744535447271485e-05,", Number of training points (boundary):",3000,", Number of training points (interior):",15000,", VRAM allocated:",0,", VRAM reserved:",0
64300,Training Loss:,1.5173310430327547e-07,", Learning rate:",2.744535447271485e-05,", Number of training points (boundary):",3000,", Number of training points (interior):",15000,", VRAM allocated:",0,", VRAM reserved:",0
64400,Training Loss:,1.2408000316099788e-07,", Learning rate:",2.744535447271485e-05,", Number of training points (boundary):",3000,", Number of training points (interior):",15000,", VRAM allocated:",0,", VRAM reserved:",0
64500,Training Loss:,1.3917403407504025e-07,", Learning rate:",2.744535447271485e-05,", Number of training points (boundary):",3000,", Number of training points (interior):",15000,", VRAM allocated:",0,", VRAM reserved:",0
64600,Training Loss:,1.4640735912507807e-07,", Learning rate:",2.744535447271485e-05,", Number of training points (boundary):",3000,", Number of training points (interior):",15000,", VRAM allocated:",0,", VRAM reserved:",0
64700,Training Loss:,1.586819706744791e-07,", Learning rate:",2.744535447271485e-05,", Number of training points (boundary):",3000,", Number of training points (interior):",15000,", VRAM allocated:",0,", VRAM reserved:",0
64800,Training Loss:,1.2613062949640153e-07,", Learning rate:",2.744535447271485e-05,", Number of training points (boundary):",3000,", Number of training points (interior):",15000,", VRAM allocated:",0,", VRAM reserved:",0
64900,Training Loss:,1.1794070076120988e-07,", Learning rate:",2.744535447271485e-05,", Number of training points (boundary):",3000,", Number of training points (interior):",15000,", VRAM allocated:",0,", VRAM reserved:",0
65000,Training Loss:,1.2466550458611891e-07,", Learning rate:",2.6896447383260553e-05,", Number of training points (boundary):",3000,", Number of training points (interior):",15000,", VRAM allocated:",0,", VRAM reserved:",0
65100,Training Loss:,1.3554617339650576e-07,", Learning rate:",2.6896447383260553e-05,", Number of training points (boundary):",3000,", Number of training points (interior):",15000,", VRAM allocated:",0,", VRAM reserved:",0
65200,Training Loss:,1.1301545299602367e-07,", Learning rate:",2.6896447383260553e-05,", Number of training points (boundary):",3000,", Number of training points (interior):",15000,", VRAM allocated:",0,", VRAM reserved:",0
65300,Training Loss:,1.106860025856804e-07,", Learning rate:",2.6896447383260553e-05,", Number of training points (boundary):",3000,", Number of training points (interior):",15000,", VRAM allocated:",0,", VRAM reserved:",0
65400,Training Loss:,1.147737975770724e-07,", Learning rate:",2.6896447383260553e-05,", Number of training points (boundary):",3000,", Number of training points (interior):",15000,", VRAM allocated:",0,", VRAM reserved:",0
65500,Training Loss:,1.3111193197801185e-07,", Learning rate:",2.6896447383260553e-05,", Number of training points (boundary):",3000,", Number of training points (interior):",15000,", VRAM allocated:",0,", VRAM reserved:",0
65600,Training Loss:,1.060992076418188e-07,", Learning rate:",2.6896447383260553e-05,", Number of training points (boundary):",3000,", Number of training points (interior):",15000,", VRAM allocated:",0,", VRAM reserved:",0
65700,Training Loss:,1.1523812304403691e-07,", Learning rate:",2.6896447383260553e-05,", Number of training points (boundary):",3000,", Number of training points (interior):",15000,", VRAM allocated:",0,", VRAM reserved:",0
65800,Training Loss:,1.0766405722506533e-07,", Learning rate:",2.6896447383260553e-05,", Number of training points (boundary):",3000,", Number of training points (interior):",15000,", VRAM allocated:",0,", VRAM reserved:",0
65900,Training Loss:,1.1464491933566023e-07,", Learning rate:",2.6896447383260553e-05,", Number of training points (boundary):",3000,", Number of training points (interior):",15000,", VRAM allocated:",0,", VRAM reserved:",0
66000,Training Loss:,1.0213796741709302e-07,", Learning rate:",2.635851843559534e-05,", Number of training points (boundary):",3000,", Number of training points (interior):",15000,", VRAM allocated:",0,", VRAM reserved:",0
66100,Training Loss:,1.1366626750941577e-07,", Learning rate:",2.635851843559534e-05,", Number of training points (boundary):",3000,", Number of training points (interior):",15000,", VRAM allocated:",0,", VRAM reserved:",0
66200,Training Loss:,1.0194298027954574e-07,", Learning rate:",2.635851843559534e-05,", Number of training points (boundary):",3000,", Number of training points (interior):",15000,", VRAM allocated:",0,", VRAM reserved:",0
66300,Training Loss:,1.0674096273532996e-07,", Learning rate:",2.635851843559534e-05,", Number of training points (boundary):",3000,", Number of training points (interior):",15000,", VRAM allocated:",0,", VRAM reserved:",0
66400,Training Loss:,1.0578085607448884e-07,", Learning rate:",2.635851843559534e-05,", Number of training points (boundary):",3000,", Number of training points (interior):",15000,", VRAM allocated:",0,", VRAM reserved:",0
66500,Training Loss:,9.991122595920388e-08,", Learning rate:",2.635851843559534e-05,", Number of training points (boundary):",3000,", Number of training points (interior):",15000,", VRAM allocated:",0,", VRAM reserved:",0
66600,Training Loss:,1.0577917919363244e-07,", Learning rate:",2.635851843559534e-05,", Number of training points (boundary):",3000,", Number of training points (interior):",15000,", VRAM allocated:",0,", VRAM reserved:",0
66700,Training Loss:,9.247982291071821e-08,", Learning rate:",2.635851843559534e-05,", Number of training points (boundary):",3000,", Number of training points (interior):",15000,", VRAM allocated:",0,", VRAM reserved:",0
66800,Training Loss:,9.349287921622818e-08,", Learning rate:",2.635851843559534e-05,", Number of training points (boundary):",3000,", Number of training points (interior):",15000,", VRAM allocated:",0,", VRAM reserved:",0
66900,Training Loss:,1.0797744920409968e-07,", Learning rate:",2.635851843559534e-05,", Number of training points (boundary):",3000,", Number of training points (interior):",15000,", VRAM allocated:",0,", VRAM reserved:",0
67000,Training Loss:,1.0596978228250009e-07,", Learning rate:",2.5831348066883435e-05,", Number of training points (boundary):",3000,", Number of training points (interior):",15000,", VRAM allocated:",0,", VRAM reserved:",0
67100,Training Loss:,9.356750751976506e-08,", Learning rate:",2.5831348066883435e-05,", Number of training points (boundary):",3000,", Number of training points (interior):",15000,", VRAM allocated:",0,", VRAM reserved:",0
67200,Training Loss:,8.818567209800676e-08,", Learning rate:",2.5831348066883435e-05,", Number of training points (boundary):",3000,", Number of training points (interior):",15000,", VRAM allocated:",0,", VRAM reserved:",0
67300,Training Loss:,8.997533029742044e-08,", Learning rate:",2.5831348066883435e-05,", Number of training points (boundary):",3000,", Number of training points (interior):",15000,", VRAM allocated:",0,", VRAM reserved:",0
67400,Training Loss:,9.94824560507368e-08,", Learning rate:",2.5831348066883435e-05,", Number of training points (boundary):",3000,", Number of training points (interior):",15000,", VRAM allocated:",0,", VRAM reserved:",0
67500,Training Loss:,9.20633596024345e-08,", Learning rate:",2.5831348066883435e-05,", Number of training points (boundary):",3000,", Number of training points (interior):",15000,", VRAM allocated:",0,", VRAM reserved:",0
67600,Training Loss:,8.587481659105833e-08,", Learning rate:",2.5831348066883435e-05,", Number of training points (boundary):",3000,", Number of training points (interior):",15000,", VRAM allocated:",0,", VRAM reserved:",0
67700,Training Loss:,8.750244973043664e-08,", Learning rate:",2.5831348066883435e-05,", Number of training points (boundary):",3000,", Number of training points (interior):",15000,", VRAM allocated:",0,", VRAM reserved:",0
67800,Training Loss:,9.325048466735097e-08,", Learning rate:",2.5831348066883435e-05,", Number of training points (boundary):",3000,", Number of training points (interior):",15000,", VRAM allocated:",0,", VRAM reserved:",0
67900,Training Loss:,9.834184311330318e-08,", Learning rate:",2.5831348066883435e-05,", Number of training points (boundary):",3000,", Number of training points (interior):",15000,", VRAM allocated:",0,", VRAM reserved:",0
68000,Training Loss:,7.845693517083419e-08,", Learning rate:",2.5314721105545764e-05,", Number of training points (boundary):",3000,", Number of training points (interior):",15000,", VRAM allocated:",0,", VRAM reserved:",0
68100,Training Loss:,7.93757166661635e-08,", Learning rate:",2.5314721105545764e-05,", Number of training points (boundary):",3000,", Number of training points (interior):",15000,", VRAM allocated:",0,", VRAM reserved:",0
68200,Training Loss:,8.607104007296584e-08,", Learning rate:",2.5314721105545764e-05,", Number of training points (boundary):",3000,", Number of training points (interior):",15000,", VRAM allocated:",0,", VRAM reserved:",0
68300,Training Loss:,7.861593331881522e-08,", Learning rate:",2.5314721105545764e-05,", Number of training points (boundary):",3000,", Number of training points (interior):",15000,", VRAM allocated:",0,", VRAM reserved:",0
68400,Training Loss:,7.569682480834672e-08,", Learning rate:",2.5314721105545764e-05,", Number of training points (boundary):",3000,", Number of training points (interior):",15000,", VRAM allocated:",0,", VRAM reserved:",0
68500,Training Loss:,7.646836763797182e-08,", Learning rate:",2.5314721105545764e-05,", Number of training points (boundary):",3000,", Number of training points (interior):",15000,", VRAM allocated:",0,", VRAM reserved:",0
68600,Training Loss:,8.715540644743669e-08,", Learning rate:",2.5314721105545764e-05,", Number of training points (boundary):",3000,", Number of training points (interior):",15000,", VRAM allocated:",0,", VRAM reserved:",0
68700,Training Loss:,9.740148243508884e-08,", Learning rate:",2.5314721105545764e-05,", Number of training points (boundary):",3000,", Number of training points (interior):",15000,", VRAM allocated:",0,", VRAM reserved:",0
68800,Training Loss:,7.53485878135507e-08,", Learning rate:",2.5314721105545764e-05,", Number of training points (boundary):",3000,", Number of training points (interior):",15000,", VRAM allocated:",0,", VRAM reserved:",0
68900,Training Loss:,7.116108946547683e-08,", Learning rate:",2.5314721105545764e-05,", Number of training points (boundary):",3000,", Number of training points (interior):",15000,", VRAM allocated:",0,", VRAM reserved:",0
69000,Training Loss:,7.3399256450557e-08,", Learning rate:",2.4808426683434848e-05,", Number of training points (boundary):",3000,", Number of training points (interior):",15000,", VRAM allocated:",0,", VRAM reserved:",0
69100,Training Loss:,7.120257805581787e-08,", Learning rate:",2.4808426683434848e-05,", Number of training points (boundary):",3000,", Number of training points (interior):",15000,", VRAM allocated:",0,", VRAM reserved:",0
69200,Training Loss:,8.183427979702174e-08,", Learning rate:",2.4808426683434848e-05,", Number of training points (boundary):",3000,", Number of training points (interior):",15000,", VRAM allocated:",0,", VRAM reserved:",0
69300,Training Loss:,7.529939693995402e-08,", Learning rate:",2.4808426683434848e-05,", Number of training points (boundary):",3000,", Number of training points (interior):",15000,", VRAM allocated:",0,", VRAM reserved:",0
69400,Training Loss:,8.066077583634979e-08,", Learning rate:",2.4808426683434848e-05,", Number of training points (boundary):",3000,", Number of training points (interior):",15000,", VRAM allocated:",0,", VRAM reserved:",0
69500,Training Loss:,7.244048561005911e-08,", Learning rate:",2.4808426683434848e-05,", Number of training points (boundary):",3000,", Number of training points (interior):",15000,", VRAM allocated:",0,", VRAM reserved:",0
69600,Training Loss:,7.765095233480679e-08,", Learning rate:",2.4808426683434848e-05,", Number of training points (boundary):",3000,", Number of training points (interior):",15000,", VRAM allocated:",0,", VRAM reserved:",0
69700,Training Loss:,6.68242350343462e-08,", Learning rate:",2.4808426683434848e-05,", Number of training points (boundary):",3000,", Number of training points (interior):",15000,", VRAM allocated:",0,", VRAM reserved:",0
69800,Training Loss:,7.635114940285348e-08,", Learning rate:",2.4808426683434848e-05,", Number of training points (boundary):",3000,", Number of training points (interior):",15000,", VRAM allocated:",0,", VRAM reserved:",0
69900,Training Loss:,1.0591615762223228e-07,", Learning rate:",2.4808426683434848e-05,", Number of training points (boundary):",3000,", Number of training points (interior):",15000,", VRAM allocated:",0,", VRAM reserved:",0
70000,Training Loss:,6.875560387697988e-08,", Learning rate:",2.431225814976615e-05,", Number of training points (boundary):",3000,", Number of training points (interior):",15000,", VRAM allocated:",0,", VRAM reserved:",0
70100,Training Loss:,6.28087875043093e-08,", Learning rate:",2.431225814976615e-05,", Number of training points (boundary):",3000,", Number of training points (interior):",15000,", VRAM allocated:",0,", VRAM reserved:",0
70200,Training Loss:,6.277054609427068e-08,", Learning rate:",2.431225814976615e-05,", Number of training points (boundary):",3000,", Number of training points (interior):",15000,", VRAM allocated:",0,", VRAM reserved:",0
70300,Training Loss:,6.395045915041919e-08,", Learning rate:",2.431225814976615e-05,", Number of training points (boundary):",3000,", Number of training points (interior):",15000,", VRAM allocated:",0,", VRAM reserved:",0
70400,Training Loss:,7.515712496797278e-08,", Learning rate:",2.431225814976615e-05,", Number of training points (boundary):",3000,", Number of training points (interior):",15000,", VRAM allocated:",0,", VRAM reserved:",0
70500,Training Loss:,6.467807622811961e-08,", Learning rate:",2.431225814976615e-05,", Number of training points (boundary):",3000,", Number of training points (interior):",15000,", VRAM allocated:",0,", VRAM reserved:",0
70600,Training Loss:,5.9300994337263546e-08,", Learning rate:",2.431225814976615e-05,", Number of training points (boundary):",3000,", Number of training points (interior):",15000,", VRAM allocated:",0,", VRAM reserved:",0
70700,Training Loss:,5.994436236278489e-08,", Learning rate:",2.431225814976615e-05,", Number of training points (boundary):",3000,", Number of training points (interior):",15000,", VRAM allocated:",0,", VRAM reserved:",0
70800,Training Loss:,6.568298971387776e-08,", Learning rate:",2.431225814976615e-05,", Number of training points (boundary):",3000,", Number of training points (interior):",15000,", VRAM allocated:",0,", VRAM reserved:",0
70900,Training Loss:,5.771690325673262e-08,", Learning rate:",2.431225814976615e-05,", Number of training points (boundary):",3000,", Number of training points (interior):",15000,", VRAM allocated:",0,", VRAM reserved:",0
71000,Training Loss:,6.718514811154819e-08,", Learning rate:",2.3826012986770827e-05,", Number of training points (boundary):",3000,", Number of training points (interior):",15000,", VRAM allocated:",0,", VRAM reserved:",0
71100,Training Loss:,6.29624281600627e-08,", Learning rate:",2.3826012986770827e-05,", Number of training points (boundary):",3000,", Number of training points (interior):",15000,", VRAM allocated:",0,", VRAM reserved:",0
71200,Training Loss:,6.156332688078692e-08,", Learning rate:",2.3826012986770827e-05,", Number of training points (boundary):",3000,", Number of training points (interior):",15000,", VRAM allocated:",0,", VRAM reserved:",0
71300,Training Loss:,5.6690822702876176e-08,", Learning rate:",2.3826012986770827e-05,", Number of training points (boundary):",3000,", Number of training points (interior):",15000,", VRAM allocated:",0,", VRAM reserved:",0
71400,Training Loss:,5.9074096725453273e-08,", Learning rate:",2.3826012986770827e-05,", Number of training points (boundary):",3000,", Number of training points (interior):",15000,", VRAM allocated:",0,", VRAM reserved:",0
71500,Training Loss:,9.279285961838468e-08,", Learning rate:",2.3826012986770827e-05,", Number of training points (boundary):",3000,", Number of training points (interior):",15000,", VRAM allocated:",0,", VRAM reserved:",0
71600,Training Loss:,5.413960479927482e-08,", Learning rate:",2.3826012986770827e-05,", Number of training points (boundary):",3000,", Number of training points (interior):",15000,", VRAM allocated:",0,", VRAM reserved:",0
71700,Training Loss:,5.615187603780214e-08,", Learning rate:",2.3826012986770827e-05,", Number of training points (boundary):",3000,", Number of training points (interior):",15000,", VRAM allocated:",0,", VRAM reserved:",0
71800,Training Loss:,8.281529062514892e-08,", Learning rate:",2.3826012986770827e-05,", Number of training points (boundary):",3000,", Number of training points (interior):",15000,", VRAM allocated:",0,", VRAM reserved:",0
71900,Training Loss:,5.5537871190836086e-08,", Learning rate:",2.3826012986770827e-05,", Number of training points (boundary):",3000,", Number of training points (interior):",15000,", VRAM allocated:",0,", VRAM reserved:",0
72000,Training Loss:,5.4391136927733896e-08,", Learning rate:",2.334949272703541e-05,", Number of training points (boundary):",3000,", Number of training points (interior):",15000,", VRAM allocated:",0,", VRAM reserved:",0
72100,Training Loss:,6.381947770250918e-08,", Learning rate:",2.334949272703541e-05,", Number of training points (boundary):",3000,", Number of training points (interior):",15000,", VRAM allocated:",0,", VRAM reserved:",0
72200,Training Loss:,5.4027275098178507e-08,", Learning rate:",2.334949272703541e-05,", Number of training points (boundary):",3000,", Number of training points (interior):",15000,", VRAM allocated:",0,", VRAM reserved:",0
72300,Training Loss:,5.296580951608121e-08,", Learning rate:",2.334949272703541e-05,", Number of training points (boundary):",3000,", Number of training points (interior):",15000,", VRAM allocated:",0,", VRAM reserved:",0
72400,Training Loss:,5.309900430461312e-08,", Learning rate:",2.334949272703541e-05,", Number of training points (boundary):",3000,", Number of training points (interior):",15000,", VRAM allocated:",0,", VRAM reserved:",0
72500,Training Loss:,1.193891148432158e-05,", Learning rate:",2.334949272703541e-05,", Number of training points (boundary):",3000,", Number of training points (interior):",15000,", VRAM allocated:",0,", VRAM reserved:",0
72600,Training Loss:,3.6978726711822674e-06,", Learning rate:",2.334949272703541e-05,", Number of training points (boundary):",3000,", Number of training points (interior):",15000,", VRAM allocated:",0,", VRAM reserved:",0
72700,Training Loss:,2.7204512207390508e-06,", Learning rate:",2.334949272703541e-05,", Number of training points (boundary):",3000,", Number of training points (interior):",15000,", VRAM allocated:",0,", VRAM reserved:",0
72800,Training Loss:,2.199278014813899e-06,", Learning rate:",2.334949272703541e-05,", Number of training points (boundary):",3000,", Number of training points (interior):",15000,", VRAM allocated:",0,", VRAM reserved:",0
72900,Training Loss:,1.839741912590398e-06,", Learning rate:",2.334949272703541e-05,", Number of training points (boundary):",3000,", Number of training points (interior):",15000,", VRAM allocated:",0,", VRAM reserved:",0
73000,Training Loss:,1.566424884913431e-06,", Learning rate:",2.2882502872494702e-05,", Number of training points (boundary):",3000,", Number of training points (interior):",15000,", VRAM allocated:",0,", VRAM reserved:",0
73100,Training Loss:,1.3519921822080505e-06,", Learning rate:",2.2882502872494702e-05,", Number of training points (boundary):",3000,", Number of training points (interior):",15000,", VRAM allocated:",0,", VRAM reserved:",0
73200,Training Loss:,1.17580930236727e-06,", Learning rate:",2.2882502872494702e-05,", Number of training points (boundary):",3000,", Number of training points (interior):",15000,", VRAM allocated:",0,", VRAM reserved:",0
73300,Training Loss:,1.0304370334779378e-06,", Learning rate:",2.2882502872494702e-05,", Number of training points (boundary):",3000,", Number of training points (interior):",15000,", VRAM allocated:",0,", VRAM reserved:",0
73400,Training Loss:,9.111402050621109e-07,", Learning rate:",2.2882502872494702e-05,", Number of training points (boundary):",3000,", Number of training points (interior):",15000,", VRAM allocated:",0,", VRAM reserved:",0
73500,Training Loss:,8.140203817674774e-07,", Learning rate:",2.2882502872494702e-05,", Number of training points (boundary):",3000,", Number of training points (interior):",15000,", VRAM allocated:",0,", VRAM reserved:",0
73600,Training Loss:,7.351050044235308e-07,", Learning rate:",2.2882502872494702e-05,", Number of training points (boundary):",3000,", Number of training points (interior):",15000,", VRAM allocated:",0,", VRAM reserved:",0
73700,Training Loss:,6.7039280793324e-07,", Learning rate:",2.2882502872494702e-05,", Number of training points (boundary):",3000,", Number of training points (interior):",15000,", VRAM allocated:",0,", VRAM reserved:",0
73800,Training Loss:,6.1620505675819e-07,", Learning rate:",2.2882502872494702e-05,", Number of training points (boundary):",3000,", Number of training points (interior):",15000,", VRAM allocated:",0,", VRAM reserved:",0
73900,Training Loss:,5.695967502106214e-07,", Learning rate:",2.2882502872494702e-05,", Number of training points (boundary):",3000,", Number of training points (interior):",15000,", VRAM allocated:",0,", VRAM reserved:",0
74000,Training Loss:,5.284874191602285e-07,", Learning rate:",2.2424852815044807e-05,", Number of training points (boundary):",3000,", Number of training points (interior):",15000,", VRAM allocated:",0,", VRAM reserved:",0
74100,Training Loss:,4.922322318634542e-07,", Learning rate:",2.2424852815044807e-05,", Number of training points (boundary):",3000,", Number of training points (interior):",15000,", VRAM allocated:",0,", VRAM reserved:",0
74200,Training Loss:,4.591555011757009e-07,", Learning rate:",2.2424852815044807e-05,", Number of training points (boundary):",3000,", Number of training points (interior):",15000,", VRAM allocated:",0,", VRAM reserved:",0
74300,Training Loss:,4.287694821414334e-07,", Learning rate:",2.2424852815044807e-05,", Number of training points (boundary):",3000,", Number of training points (interior):",15000,", VRAM allocated:",0,", VRAM reserved:",0
74400,Training Loss:,4.0073120999295497e-07,", Learning rate:",2.2424852815044807e-05,", Number of training points (boundary):",3000,", Number of training points (interior):",15000,", VRAM allocated:",0,", VRAM reserved:",0
74500,Training Loss:,3.747885273241991e-07,", Learning rate:",2.2424852815044807e-05,", Number of training points (boundary):",3000,", Number of training points (interior):",15000,", VRAM allocated:",0,", VRAM reserved:",0
74600,Training Loss:,3.50745722244028e-07,", Learning rate:",2.2424852815044807e-05,", Number of training points (boundary):",3000,", Number of training points (interior):",15000,", VRAM allocated:",0,", VRAM reserved:",0
74700,Training Loss:,3.2844010888766206e-07,", Learning rate:",2.2424852815044807e-05,", Number of training points (boundary):",3000,", Number of training points (interior):",15000,", VRAM allocated:",0,", VRAM reserved:",0
74800,Training Loss:,3.077259691508516e-07,", Learning rate:",2.2424852815044807e-05,", Number of training points (boundary):",3000,", Number of training points (interior):",15000,", VRAM allocated:",0,", VRAM reserved:",0
74900,Training Loss:,2.884882235321129e-07,", Learning rate:",2.2424852815044807e-05,", Number of training points (boundary):",3000,", Number of training points (interior):",15000,", VRAM allocated:",0,", VRAM reserved:",0
75000,Training Loss:,2.7062560548074543e-07,", Learning rate:",2.197635575874391e-05,", Number of training points (boundary):",3000,", Number of training points (interior):",15000,", VRAM allocated:",0,", VRAM reserved:",0
75100,Training Loss:,2.5436287387492484e-07,", Learning rate:",2.197635575874391e-05,", Number of training points (boundary):",3000,", Number of training points (interior):",15000,", VRAM allocated:",0,", VRAM reserved:",0
75200,Training Loss:,2.3924087599880295e-07,", Learning rate:",2.197635575874391e-05,", Number of training points (boundary):",3000,", Number of training points (interior):",15000,", VRAM allocated:",0,", VRAM reserved:",0
75300,Training Loss:,2.25194781933169e-07,", Learning rate:",2.197635575874391e-05,", Number of training points (boundary):",3000,", Number of training points (interior):",15000,", VRAM allocated:",0,", VRAM reserved:",0
75400,Training Loss:,2.1215792855855398e-07,", Learning rate:",2.197635575874391e-05,", Number of training points (boundary):",3000,", Number of training points (interior):",15000,", VRAM allocated:",0,", VRAM reserved:",0
75500,Training Loss:,2.0007195189464255e-07,", Learning rate:",2.197635575874391e-05,", Number of training points (boundary):",3000,", Number of training points (interior):",15000,", VRAM allocated:",0,", VRAM reserved:",0
75600,Training Loss:,1.888759726398348e-07,", Learning rate:",2.197635575874391e-05,", Number of training points (boundary):",3000,", Number of training points (interior):",15000,", VRAM allocated:",0,", VRAM reserved:",0
75700,Training Loss:,1.785136873877491e-07,", Learning rate:",2.197635575874391e-05,", Number of training points (boundary):",3000,", Number of training points (interior):",15000,", VRAM allocated:",0,", VRAM reserved:",0
75800,Training Loss:,1.6892775533960958e-07,", Learning rate:",2.197635575874391e-05,", Number of training points (boundary):",3000,", Number of training points (interior):",15000,", VRAM allocated:",0,", VRAM reserved:",0
75900,Training Loss:,1.6006701741844154e-07,", Learning rate:",2.197635575874391e-05,", Number of training points (boundary):",3000,", Number of training points (interior):",15000,", VRAM allocated:",0,", VRAM reserved:",0
76000,Training Loss:,1.5187461599452945e-07,", Learning rate:",2.153682864356903e-05,", Number of training points (boundary):",3000,", Number of training points (interior):",15000,", VRAM allocated:",0,", VRAM reserved:",0
76100,Training Loss:,1.444428079366844e-07,", Learning rate:",2.153682864356903e-05,", Number of training points (boundary):",3000,", Number of training points (interior):",15000,", VRAM allocated:",0,", VRAM reserved:",0
76200,Training Loss:,1.375601499375989e-07,", Learning rate:",2.153682864356903e-05,", Number of training points (boundary):",3000,", Number of training points (interior):",15000,", VRAM allocated:",0,", VRAM reserved:",0
76300,Training Loss:,1.3118793162902875e-07,", Learning rate:",2.153682864356903e-05,", Number of training points (boundary):",3000,", Number of training points (interior):",15000,", VRAM allocated:",0,", VRAM reserved:",0
76400,Training Loss:,1.2529037007880106e-07,", Learning rate:",2.153682864356903e-05,", Number of training points (boundary):",3000,", Number of training points (interior):",15000,", VRAM allocated:",0,", VRAM reserved:",0
76500,Training Loss:,1.198360308762858e-07,", Learning rate:",2.153682864356903e-05,", Number of training points (boundary):",3000,", Number of training points (interior):",15000,", VRAM allocated:",0,", VRAM reserved:",0
76600,Training Loss:,1.1479330908059637e-07,", Learning rate:",2.153682864356903e-05,", Number of training points (boundary):",3000,", Number of training points (interior):",15000,", VRAM allocated:",0,", VRAM reserved:",0
76700,Training Loss:,1.1013346323807127e-07,", Learning rate:",2.153682864356903e-05,", Number of training points (boundary):",3000,", Number of training points (interior):",15000,", VRAM allocated:",0,", VRAM reserved:",0
76800,Training Loss:,1.0582962062244405e-07,", Learning rate:",2.153682864356903e-05,", Number of training points (boundary):",3000,", Number of training points (interior):",15000,", VRAM allocated:",0,", VRAM reserved:",0
76900,Training Loss:,1.0186096233155695e-07,", Learning rate:",2.153682864356903e-05,", Number of training points (boundary):",3000,", Number of training points (interior):",15000,", VRAM allocated:",0,", VRAM reserved:",0
77000,Training Loss:,9.819908086683427e-08,", Learning rate:",2.1106092070697648e-05,", Number of training points (boundary):",3000,", Number of training points (interior):",15000,", VRAM allocated:",0,", VRAM reserved:",0
77100,Training Loss:,9.489065888601544e-08,", Learning rate:",2.1106092070697648e-05,", Number of training points (boundary):",3000,", Number of training points (interior):",15000,", VRAM allocated:",0,", VRAM reserved:",0
77200,Training Loss:,9.182571858445954e-08,", Learning rate:",2.1106092070697648e-05,", Number of training points (boundary):",3000,", Number of training points (interior):",15000,", VRAM allocated:",0,", VRAM reserved:",0
77300,Training Loss:,8.899659320604769e-08,", Learning rate:",2.1106092070697648e-05,", Number of training points (boundary):",3000,", Number of training points (interior):",15000,", VRAM allocated:",0,", VRAM reserved:",0
77400,Training Loss:,8.637796611310478e-08,", Learning rate:",2.1106092070697648e-05,", Number of training points (boundary):",3000,", Number of training points (interior):",15000,", VRAM allocated:",0,", VRAM reserved:",0
77500,Training Loss:,8.395103634484258e-08,", Learning rate:",2.1106092070697648e-05,", Number of training points (boundary):",3000,", Number of training points (interior):",15000,", VRAM allocated:",0,", VRAM reserved:",0
77600,Training Loss:,8.170394494300126e-08,", Learning rate:",2.1106092070697648e-05,", Number of training points (boundary):",3000,", Number of training points (interior):",15000,", VRAM allocated:",0,", VRAM reserved:",0
77700,Training Loss:,7.961969572534144e-08,", Learning rate:",2.1106092070697648e-05,", Number of training points (boundary):",3000,", Number of training points (interior):",15000,", VRAM allocated:",0,", VRAM reserved:",0
77800,Training Loss:,7.768301202304428e-08,", Learning rate:",2.1106092070697648e-05,", Number of training points (boundary):",3000,", Number of training points (interior):",15000,", VRAM allocated:",0,", VRAM reserved:",0
77900,Training Loss:,7.588466388597226e-08,", Learning rate:",2.1106092070697648e-05,", Number of training points (boundary):",3000,", Number of training points (interior):",15000,", VRAM allocated:",0,", VRAM reserved:",0
78000,Training Loss:,7.420927516932352e-08,", Learning rate:",2.0683970229283696e-05,", Number of training points (boundary):",3000,", Number of training points (interior):",15000,", VRAM allocated:",0,", VRAM reserved:",0
78100,Training Loss:,7.267488655315901e-08,", Learning rate:",2.0683970229283696e-05,", Number of training points (boundary):",3000,", Number of training points (interior):",15000,", VRAM allocated:",0,", VRAM reserved:",0
78200,Training Loss:,7.124052103790746e-08,", Learning rate:",2.0683970229283696e-05,", Number of training points (boundary):",3000,", Number of training points (interior):",15000,", VRAM allocated:",0,", VRAM reserved:",0
78300,Training Loss:,6.990480017066147e-08,", Learning rate:",2.0683970229283696e-05,", Number of training points (boundary):",3000,", Number of training points (interior):",15000,", VRAM allocated:",0,", VRAM reserved:",0
78400,Training Loss:,6.865545998380185e-08,", Learning rate:",2.0683970229283696e-05,", Number of training points (boundary):",3000,", Number of training points (interior):",15000,", VRAM allocated:",0,", VRAM reserved:",0
78500,Training Loss:,6.748751246732354e-08,", Learning rate:",2.0683970229283696e-05,", Number of training points (boundary):",3000,", Number of training points (interior):",15000,", VRAM allocated:",0,", VRAM reserved:",0
78600,Training Loss:,6.639504590566503e-08,", Learning rate:",2.0683970229283696e-05,", Number of training points (boundary):",3000,", Number of training points (interior):",15000,", VRAM allocated:",0,", VRAM reserved:",0
78700,Training Loss:,6.537468522083145e-08,", Learning rate:",2.0683970229283696e-05,", Number of training points (boundary):",3000,", Number of training points (interior):",15000,", VRAM allocated:",0,", VRAM reserved:",0
78800,Training Loss:,6.442136424311684e-08,", Learning rate:",2.0683970229283696e-05,", Number of training points (boundary):",3000,", Number of training points (interior):",15000,", VRAM allocated:",0,", VRAM reserved:",0
78900,Training Loss:,6.352922810037853e-08,", Learning rate:",2.0683970229283696e-05,", Number of training points (boundary):",3000,", Number of training points (interior):",15000,", VRAM allocated:",0,", VRAM reserved:",0
79000,Training Loss:,6.269132768466079e-08,", Learning rate:",2.027029082469802e-05,", Number of training points (boundary):",3000,", Number of training points (interior):",15000,", VRAM allocated:",0,", VRAM reserved:",0
79100,Training Loss:,6.192482970845958e-08,", Learning rate:",2.027029082469802e-05,", Number of training points (boundary):",3000,", Number of training points (interior):",15000,", VRAM allocated:",0,", VRAM reserved:",0
79200,Training Loss:,6.120266249354245e-08,", Learning rate:",2.027029082469802e-05,", Number of training points (boundary):",3000,", Number of training points (interior):",15000,", VRAM allocated:",0,", VRAM reserved:",0
79300,Training Loss:,6.052535184153385e-08,", Learning rate:",2.027029082469802e-05,", Number of training points (boundary):",3000,", Number of training points (interior):",15000,", VRAM allocated:",0,", VRAM reserved:",0
79400,Training Loss:,5.988589180105919e-08,", Learning rate:",2.027029082469802e-05,", Number of training points (boundary):",3000,", Number of training points (interior):",15000,", VRAM allocated:",0,", VRAM reserved:",0
79500,Training Loss:,5.928347945882706e-08,", Learning rate:",2.027029082469802e-05,", Number of training points (boundary):",3000,", Number of training points (interior):",15000,", VRAM allocated:",0,", VRAM reserved:",0
79600,Training Loss:,5.871401143053845e-08,", Learning rate:",2.027029082469802e-05,", Number of training points (boundary):",3000,", Number of training points (interior):",15000,", VRAM allocated:",0,", VRAM reserved:",0
79700,Training Loss:,5.8174965289481406e-08,", Learning rate:",2.027029082469802e-05,", Number of training points (boundary):",3000,", Number of training points (interior):",15000,", VRAM allocated:",0,", VRAM reserved:",0
79800,Training Loss:,5.766463928580379e-08,", Learning rate:",2.027029082469802e-05,", Number of training points (boundary):",3000,", Number of training points (interior):",15000,", VRAM allocated:",0,", VRAM reserved:",0
79900,Training Loss:,5.7178375811872684e-08,", Learning rate:",2.027029082469802e-05,", Number of training points (boundary):",3000,", Number of training points (interior):",15000,", VRAM allocated:",0,", VRAM reserved:",0
80000,Training Loss:,5.6714934970614195e-08,", Learning rate:",1.986488500820406e-05,", Number of training points (boundary):",3000,", Number of training points (interior):",15000,", VRAM allocated:",0,", VRAM reserved:",0
80100,Training Loss:,5.62818947003052e-08,", Learning rate:",1.986488500820406e-05,", Number of training points (boundary):",3000,", Number of training points (interior):",15000,", VRAM allocated:",0,", VRAM reserved:",0
80200,Training Loss:,5.586507256793993e-08,", Learning rate:",1.986488500820406e-05,", Number of training points (boundary):",3000,", Number of training points (interior):",15000,", VRAM allocated:",0,", VRAM reserved:",0
80300,Training Loss:,5.5465548598476744e-08,", Learning rate:",1.986488500820406e-05,", Number of training points (boundary):",3000,", Number of training points (interior):",15000,", VRAM allocated:",0,", VRAM reserved:",0
80400,Training Loss:,5.507993705577974e-08,", Learning rate:",1.986488500820406e-05,", Number of training points (boundary):",3000,", Number of training points (interior):",15000,", VRAM allocated:",0,", VRAM reserved:",0
80500,Training Loss:,5.4708291230554096e-08,", Learning rate:",1.986488500820406e-05,", Number of training points (boundary):",3000,", Number of training points (interior):",15000,", VRAM allocated:",0,", VRAM reserved:",0
80600,Training Loss:,5.434878147525524e-08,", Learning rate:",1.986488500820406e-05,", Number of training points (boundary):",3000,", Number of training points (interior):",15000,", VRAM allocated:",0,", VRAM reserved:",0
80700,Training Loss:,5.40000435478305e-08,", Learning rate:",1.986488500820406e-05,", Number of training points (boundary):",3000,", Number of training points (interior):",15000,", VRAM allocated:",0,", VRAM reserved:",0
80800,Training Loss:,5.3660393461996136e-08,", Learning rate:",1.986488500820406e-05,", Number of training points (boundary):",3000,", Number of training points (interior):",15000,", VRAM allocated:",0,", VRAM reserved:",0
80900,Training Loss:,5.332907448973856e-08,", Learning rate:",1.986488500820406e-05,", Number of training points (boundary):",3000,", Number of training points (interior):",15000,", VRAM allocated:",0,", VRAM reserved:",0
81000,Training Loss:,5.300607597291673e-08,", Learning rate:",1.9467587308039978e-05,", Number of training points (boundary):",3000,", Number of training points (interior):",15000,", VRAM allocated:",0,", VRAM reserved:",0
81100,Training Loss:,5.269639657967673e-08,", Learning rate:",1.9467587308039978e-05,", Number of training points (boundary):",3000,", Number of training points (interior):",15000,", VRAM allocated:",0,", VRAM reserved:",0
81200,Training Loss:,5.2393502869563235e-08,", Learning rate:",1.9467587308039978e-05,", Number of training points (boundary):",3000,", Number of training points (interior):",15000,", VRAM allocated:",0,", VRAM reserved:",0
81300,Training Loss:,5.209313158616169e-08,", Learning rate:",1.9467587308039978e-05,", Number of training points (boundary):",3000,", Number of training points (interior):",15000,", VRAM allocated:",0,", VRAM reserved:",0
81400,Training Loss:,5.179812845312881e-08,", Learning rate:",1.9467587308039978e-05,", Number of training points (boundary):",3000,", Number of training points (interior):",15000,", VRAM allocated:",0,", VRAM reserved:",0
81500,Training Loss:,5.150857518287921e-08,", Learning rate:",1.9467587308039978e-05,", Number of training points (boundary):",3000,", Number of training points (interior):",15000,", VRAM allocated:",0,", VRAM reserved:",0
81600,Training Loss:,5.1221118013700107e-08,", Learning rate:",1.9467587308039978e-05,", Number of training points (boundary):",3000,", Number of training points (interior):",15000,", VRAM allocated:",0,", VRAM reserved:",0
81700,Training Loss:,5.093622945651077e-08,", Learning rate:",1.9467587308039978e-05,", Number of training points (boundary):",3000,", Number of training points (interior):",15000,", VRAM allocated:",0,", VRAM reserved:",0
81800,Training Loss:,5.0654765715307803e-08,", Learning rate:",1.9467587308039978e-05,", Number of training points (boundary):",3000,", Number of training points (interior):",15000,", VRAM allocated:",0,", VRAM reserved:",0
81900,Training Loss:,5.0375462024021544e-08,", Learning rate:",1.9467587308039978e-05,", Number of training points (boundary):",3000,", Number of training points (interior):",15000,", VRAM allocated:",0,", VRAM reserved:",0
82000,Training Loss:,5.009617964901736e-08,", Learning rate:",1.907823556187918e-05,", Number of training points (boundary):",3000,", Number of training points (interior):",15000,", VRAM allocated:",0,", VRAM reserved:",0
82100,Training Loss:,4.9824681269683424e-08,", Learning rate:",1.907823556187918e-05,", Number of training points (boundary):",3000,", Number of training points (interior):",15000,", VRAM allocated:",0,", VRAM reserved:",0
82200,Training Loss:,4.955446186727386e-08,", Learning rate:",1.907823556187918e-05,", Number of training points (boundary):",3000,", Number of training points (interior):",15000,", VRAM allocated:",0,", VRAM reserved:",0
82300,Training Loss:,4.9304674121231074e-08,", Learning rate:",1.907823556187918e-05,", Number of training points (boundary):",3000,", Number of training points (interior):",15000,", VRAM allocated:",0,", VRAM reserved:",0
82400,Training Loss:,4.901806960333488e-08,", Learning rate:",1.907823556187918e-05,", Number of training points (boundary):",3000,", Number of training points (interior):",15000,", VRAM allocated:",0,", VRAM reserved:",0
82500,Training Loss:,4.935037978270884e-08,", Learning rate:",1.907823556187918e-05,", Number of training points (boundary):",3000,", Number of training points (interior):",15000,", VRAM allocated:",0,", VRAM reserved:",0
82600,Training Loss:,4.848194734563549e-08,", Learning rate:",1.907823556187918e-05,", Number of training points (boundary):",3000,", Number of training points (interior):",15000,", VRAM allocated:",0,", VRAM reserved:",0
82700,Training Loss:,4.8628336912770465e-08,", Learning rate:",1.907823556187918e-05,", Number of training points (boundary):",3000,", Number of training points (interior):",15000,", VRAM allocated:",0,", VRAM reserved:",0
82800,Training Loss:,4.794349450776281e-08,", Learning rate:",1.907823556187918e-05,", Number of training points (boundary):",3000,", Number of training points (interior):",15000,", VRAM allocated:",0,", VRAM reserved:",0
82900,Training Loss:,4.809633935565216e-08,", Learning rate:",1.907823556187918e-05,", Number of training points (boundary):",3000,", Number of training points (interior):",15000,", VRAM allocated:",0,", VRAM reserved:",0
83000,Training Loss:,4.7400778413475564e-08,", Learning rate:",1.8696670850641594e-05,", Number of training points (boundary):",3000,", Number of training points (interior):",15000,", VRAM allocated:",0,", VRAM reserved:",0
83100,Training Loss:,4.718119228641626e-08,", Learning rate:",1.8696670850641594e-05,", Number of training points (boundary):",3000,", Number of training points (interior):",15000,", VRAM allocated:",0,", VRAM reserved:",0
83200,Training Loss:,4.705109191149859e-08,", Learning rate:",1.8696670850641594e-05,", Number of training points (boundary):",3000,", Number of training points (interior):",15000,", VRAM allocated:",0,", VRAM reserved:",0
83300,Training Loss:,4.6599630820765015e-08,", Learning rate:",1.8696670850641594e-05,", Number of training points (boundary):",3000,", Number of training points (interior):",15000,", VRAM allocated:",0,", VRAM reserved:",0
83400,Training Loss:,4.6353616056649116e-08,", Learning rate:",1.8696670850641594e-05,", Number of training points (boundary):",3000,", Number of training points (interior):",15000,", VRAM allocated:",0,", VRAM reserved:",0
83500,Training Loss:,4.607250048138667e-08,", Learning rate:",1.8696670850641594e-05,", Number of training points (boundary):",3000,", Number of training points (interior):",15000,", VRAM allocated:",0,", VRAM reserved:",0
83600,Training Loss:,4.586764745795335e-08,", Learning rate:",1.8696670850641594e-05,", Number of training points (boundary):",3000,", Number of training points (interior):",15000,", VRAM allocated:",0,", VRAM reserved:",0
83700,Training Loss:,4.555074895051803e-08,", Learning rate:",1.8696670850641594e-05,", Number of training points (boundary):",3000,", Number of training points (interior):",15000,", VRAM allocated:",0,", VRAM reserved:",0
83800,Training Loss:,4.898423711097166e-08,", Learning rate:",1.8696670850641594e-05,", Number of training points (boundary):",3000,", Number of training points (interior):",15000,", VRAM allocated:",0,", VRAM reserved:",0
83900,Training Loss:,4.579855428232804e-08,", Learning rate:",1.8696670850641594e-05,", Number of training points (boundary):",3000,", Number of training points (interior):",15000,", VRAM allocated:",0,", VRAM reserved:",0
84000,Training Loss:,4.6518479734913853e-08,", Learning rate:",1.832273743362876e-05,", Number of training points (boundary):",3000,", Number of training points (interior):",15000,", VRAM allocated:",0,", VRAM reserved:",0
84100,Training Loss:,4.4513992492056786e-08,", Learning rate:",1.832273743362876e-05,", Number of training points (boundary):",3000,", Number of training points (interior):",15000,", VRAM allocated:",0,", VRAM reserved:",0
84200,Training Loss:,4.4863636361469617e-08,", Learning rate:",1.832273743362876e-05,", Number of training points (boundary):",3000,", Number of training points (interior):",15000,", VRAM allocated:",0,", VRAM reserved:",0
84300,Training Loss:,4.463822378397708e-08,", Learning rate:",1.832273743362876e-05,", Number of training points (boundary):",3000,", Number of training points (interior):",15000,", VRAM allocated:",0,", VRAM reserved:",0
84400,Training Loss:,4.4068507065730955e-08,", Learning rate:",1.832273743362876e-05,", Number of training points (boundary):",3000,", Number of training points (interior):",15000,", VRAM allocated:",0,", VRAM reserved:",0
84500,Training Loss:,4.904646289105585e-08,", Learning rate:",1.832273743362876e-05,", Number of training points (boundary):",3000,", Number of training points (interior):",15000,", VRAM allocated:",0,", VRAM reserved:",0
84600,Training Loss:,4.8866347412968025e-08,", Learning rate:",1.832273743362876e-05,", Number of training points (boundary):",3000,", Number of training points (interior):",15000,", VRAM allocated:",0,", VRAM reserved:",0
84700,Training Loss:,4.389525187775689e-08,", Learning rate:",1.832273743362876e-05,", Number of training points (boundary):",3000,", Number of training points (interior):",15000,", VRAM allocated:",0,", VRAM reserved:",0
84800,Training Loss:,4.5622581268389695e-08,", Learning rate:",1.832273743362876e-05,", Number of training points (boundary):",3000,", Number of training points (interior):",15000,", VRAM allocated:",0,", VRAM reserved:",0
84900,Training Loss:,4.3520035575284055e-08,", Learning rate:",1.832273743362876e-05,", Number of training points (boundary):",3000,", Number of training points (interior):",15000,", VRAM allocated:",0,", VRAM reserved:",0
85000,Training Loss:,4.539675657611042e-08,", Learning rate:",1.7956282684956185e-05,", Number of training points (boundary):",3000,", Number of training points (interior):",15000,", VRAM allocated:",0,", VRAM reserved:",0
85100,Training Loss:,4.2147316747787045e-08,", Learning rate:",1.7956282684956185e-05,", Number of training points (boundary):",3000,", Number of training points (interior):",15000,", VRAM allocated:",0,", VRAM reserved:",0
85200,Training Loss:,4.404979847549839e-08,", Learning rate:",1.7956282684956185e-05,", Number of training points (boundary):",3000,", Number of training points (interior):",15000,", VRAM allocated:",0,", VRAM reserved:",0
85300,Training Loss:,4.279964116449264e-08,", Learning rate:",1.7956282684956185e-05,", Number of training points (boundary):",3000,", Number of training points (interior):",15000,", VRAM allocated:",0,", VRAM reserved:",0
85400,Training Loss:,4.146651733094586e-08,", Learning rate:",1.7956282684956185e-05,", Number of training points (boundary):",3000,", Number of training points (interior):",15000,", VRAM allocated:",0,", VRAM reserved:",0
85500,Training Loss:,4.131129216489171e-08,", Learning rate:",1.7956282684956185e-05,", Number of training points (boundary):",3000,", Number of training points (interior):",15000,", VRAM allocated:",0,", VRAM reserved:",0
85600,Training Loss:,4.1087155011609866e-08,", Learning rate:",1.7956282684956185e-05,", Number of training points (boundary):",3000,", Number of training points (interior):",15000,", VRAM allocated:",0,", VRAM reserved:",0
85700,Training Loss:,4.073774562129984e-08,", Learning rate:",1.7956282684956185e-05,", Number of training points (boundary):",3000,", Number of training points (interior):",15000,", VRAM allocated:",0,", VRAM reserved:",0
85800,Training Loss:,4.153762844794073e-08,", Learning rate:",1.7956282684956185e-05,", Number of training points (boundary):",3000,", Number of training points (interior):",15000,", VRAM allocated:",0,", VRAM reserved:",0
85900,Training Loss:,4.113997675858627e-08,", Learning rate:",1.7956282684956185e-05,", Number of training points (boundary):",3000,", Number of training points (interior):",15000,", VRAM allocated:",0,", VRAM reserved:",0
86000,Training Loss:,4.1639328429710076e-08,", Learning rate:",1.759715703125706e-05,", Number of training points (boundary):",3000,", Number of training points (interior):",15000,", VRAM allocated:",0,", VRAM reserved:",0
86100,Training Loss:,4.035171485838873e-08,", Learning rate:",1.759715703125706e-05,", Number of training points (boundary):",3000,", Number of training points (interior):",15000,", VRAM allocated:",0,", VRAM reserved:",0
86200,Training Loss:,4.5097788614612e-08,", Learning rate:",1.759715703125706e-05,", Number of training points (boundary):",3000,", Number of training points (interior):",15000,", VRAM allocated:",0,", VRAM reserved:",0
86300,Training Loss:,4.017534394051836e-08,", Learning rate:",1.759715703125706e-05,", Number of training points (boundary):",3000,", Number of training points (interior):",15000,", VRAM allocated:",0,", VRAM reserved:",0
86400,Training Loss:,4.036344236624245e-08,", Learning rate:",1.759715703125706e-05,", Number of training points (boundary):",3000,", Number of training points (interior):",15000,", VRAM allocated:",0,", VRAM reserved:",0
86500,Training Loss:,3.915188884207055e-08,", Learning rate:",1.759715703125706e-05,", Number of training points (boundary):",3000,", Number of training points (interior):",15000,", VRAM allocated:",0,", VRAM reserved:",0
86600,Training Loss:,4.1782179494020966e-08,", Learning rate:",1.759715703125706e-05,", Number of training points (boundary):",3000,", Number of training points (interior):",15000,", VRAM allocated:",0,", VRAM reserved:",0
86700,Training Loss:,4.6189533975393715e-08,", Learning rate:",1.759715703125706e-05,", Number of training points (boundary):",3000,", Number of training points (interior):",15000,", VRAM allocated:",0,", VRAM reserved:",0
86800,Training Loss:,4.4297870260834316e-08,", Learning rate:",1.759715703125706e-05,", Number of training points (boundary):",3000,", Number of training points (interior):",15000,", VRAM allocated:",0,", VRAM reserved:",0
86900,Training Loss:,4.124891006540565e-08,", Learning rate:",1.759715703125706e-05,", Number of training points (boundary):",3000,", Number of training points (interior):",15000,", VRAM allocated:",0,", VRAM reserved:",0
87000,Training Loss:,3.8516908773544856e-08,", Learning rate:",1.724521389063192e-05,", Number of training points (boundary):",3000,", Number of training points (interior):",15000,", VRAM allocated:",0,", VRAM reserved:",0
87100,Training Loss:,4.2257880750184995e-08,", Learning rate:",1.724521389063192e-05,", Number of training points (boundary):",3000,", Number of training points (interior):",15000,", VRAM allocated:",0,", VRAM reserved:",0
87200,Training Loss:,3.9631270709605815e-08,", Learning rate:",1.724521389063192e-05,", Number of training points (boundary):",3000,", Number of training points (interior):",15000,", VRAM allocated:",0,", VRAM reserved:",0
87300,Training Loss:,3.7493602889071553e-08,", Learning rate:",1.724521389063192e-05,", Number of training points (boundary):",3000,", Number of training points (interior):",15000,", VRAM allocated:",0,", VRAM reserved:",0
87400,Training Loss:,3.888888144842895e-08,", Learning rate:",1.724521389063192e-05,", Number of training points (boundary):",3000,", Number of training points (interior):",15000,", VRAM allocated:",0,", VRAM reserved:",0
87500,Training Loss:,3.9847805055615027e-08,", Learning rate:",1.724521389063192e-05,", Number of training points (boundary):",3000,", Number of training points (interior):",15000,", VRAM allocated:",0,", VRAM reserved:",0
87600,Training Loss:,3.711551244123257e-08,", Learning rate:",1.724521389063192e-05,", Number of training points (boundary):",3000,", Number of training points (interior):",15000,", VRAM allocated:",0,", VRAM reserved:",0
87700,Training Loss:,3.6859734819927326e-08,", Learning rate:",1.724521389063192e-05,", Number of training points (boundary):",3000,", Number of training points (interior):",15000,", VRAM allocated:",0,", VRAM reserved:",0
87800,Training Loss:,4.008174769865036e-08,", Learning rate:",1.724521389063192e-05,", Number of training points (boundary):",3000,", Number of training points (interior):",15000,", VRAM allocated:",0,", VRAM reserved:",0
87900,Training Loss:,3.689825334163288e-08,", Learning rate:",1.724521389063192e-05,", Number of training points (boundary):",3000,", Number of training points (interior):",15000,", VRAM allocated:",0,", VRAM reserved:",0
88000,Training Loss:,3.698944439634033e-08,", Learning rate:",1.690030961281928e-05,", Number of training points (boundary):",3000,", Number of training points (interior):",15000,", VRAM allocated:",0,", VRAM reserved:",0
88100,Training Loss:,3.81561413576037e-08,", Learning rate:",1.690030961281928e-05,", Number of training points (boundary):",3000,", Number of training points (interior):",15000,", VRAM allocated:",0,", VRAM reserved:",0
88200,Training Loss:,3.6281317505881816e-08,", Learning rate:",1.690030961281928e-05,", Number of training points (boundary):",3000,", Number of training points (interior):",15000,", VRAM allocated:",0,", VRAM reserved:",0
88300,Training Loss:,3.837713435927981e-08,", Learning rate:",1.690030961281928e-05,", Number of training points (boundary):",3000,", Number of training points (interior):",15000,", VRAM allocated:",0,", VRAM reserved:",0
88400,Training Loss:,3.857932995288138e-08,", Learning rate:",1.690030961281928e-05,", Number of training points (boundary):",3000,", Number of training points (interior):",15000,", VRAM allocated:",0,", VRAM reserved:",0
88500,Training Loss:,3.681446614223205e-08,", Learning rate:",1.690030961281928e-05,", Number of training points (boundary):",3000,", Number of training points (interior):",15000,", VRAM allocated:",0,", VRAM reserved:",0
88600,Training Loss:,3.742199439216165e-08,", Learning rate:",1.690030961281928e-05,", Number of training points (boundary):",3000,", Number of training points (interior):",15000,", VRAM allocated:",0,", VRAM reserved:",0
88700,Training Loss:,3.47553097412856e-08,", Learning rate:",1.690030961281928e-05,", Number of training points (boundary):",3000,", Number of training points (interior):",15000,", VRAM allocated:",0,", VRAM reserved:",0
88800,Training Loss:,3.468798581707233e-08,", Learning rate:",1.690030961281928e-05,", Number of training points (boundary):",3000,", Number of training points (interior):",15000,", VRAM allocated:",0,", VRAM reserved:",0
88900,Training Loss:,3.594135478124372e-08,", Learning rate:",1.690030961281928e-05,", Number of training points (boundary):",3000,", Number of training points (interior):",15000,", VRAM allocated:",0,", VRAM reserved:",0
89000,Training Loss:,4.173803702656187e-08,", Learning rate:",1.6562303420562894e-05,", Number of training points (boundary):",3000,", Number of training points (interior):",15000,", VRAM allocated:",0,", VRAM reserved:",0
89100,Training Loss:,3.449665797461421e-08,", Learning rate:",1.6562303420562894e-05,", Number of training points (boundary):",3000,", Number of training points (interior):",15000,", VRAM allocated:",0,", VRAM reserved:",0
89200,Training Loss:,3.6424289362457785e-08,", Learning rate:",1.6562303420562894e-05,", Number of training points (boundary):",3000,", Number of training points (interior):",15000,", VRAM allocated:",0,", VRAM reserved:",0
89300,Training Loss:,3.989874386434167e-08,", Learning rate:",1.6562303420562894e-05,", Number of training points (boundary):",3000,", Number of training points (interior):",15000,", VRAM allocated:",0,", VRAM reserved:",0
89400,Training Loss:,3.7279278330970556e-08,", Learning rate:",1.6562303420562894e-05,", Number of training points (boundary):",3000,", Number of training points (interior):",15000,", VRAM allocated:",0,", VRAM reserved:",0
89500,Training Loss:,3.554105987291223e-08,", Learning rate:",1.6562303420562894e-05,", Number of training points (boundary):",3000,", Number of training points (interior):",15000,", VRAM allocated:",0,", VRAM reserved:",0
89600,Training Loss:,3.321184749438544e-08,", Learning rate:",1.6562303420562894e-05,", Number of training points (boundary):",3000,", Number of training points (interior):",15000,", VRAM allocated:",0,", VRAM reserved:",0
89700,Training Loss:,3.7773695282794506e-08,", Learning rate:",1.6562303420562894e-05,", Number of training points (boundary):",3000,", Number of training points (interior):",15000,", VRAM allocated:",0,", VRAM reserved:",0
89800,Training Loss:,4.3337109900676296e-08,", Learning rate:",1.6562303420562894e-05,", Number of training points (boundary):",3000,", Number of training points (interior):",15000,", VRAM allocated:",0,", VRAM reserved:",0
89900,Training Loss:,3.6254071744679095e-08,", Learning rate:",1.6562303420562894e-05,", Number of training points (boundary):",3000,", Number of training points (interior):",15000,", VRAM allocated:",0,", VRAM reserved:",0
90000,Training Loss:,3.519505753502017e-08,", Learning rate:",1.6231057352151637e-05,", Number of training points (boundary):",3000,", Number of training points (interior):",15000,", VRAM allocated:",0,", VRAM reserved:",0
90100,Training Loss:,3.3887690875644694e-08,", Learning rate:",1.6231057352151637e-05,", Number of training points (boundary):",3000,", Number of training points (interior):",15000,", VRAM allocated:",0,", VRAM reserved:",0
90200,Training Loss:,3.410439575191049e-08,", Learning rate:",1.6231057352151637e-05,", Number of training points (boundary):",3000,", Number of training points (interior):",15000,", VRAM allocated:",0,", VRAM reserved:",0
90300,Training Loss:,3.217957456058684e-08,", Learning rate:",1.6231057352151637e-05,", Number of training points (boundary):",3000,", Number of training points (interior):",15000,", VRAM allocated:",0,", VRAM reserved:",0
90400,Training Loss:,4.6632798955670296e-08,", Learning rate:",1.6231057352151637e-05,", Number of training points (boundary):",3000,", Number of training points (interior):",15000,", VRAM allocated:",0,", VRAM reserved:",0
90500,Training Loss:,3.242912072209947e-08,", Learning rate:",1.6231057352151637e-05,", Number of training points (boundary):",3000,", Number of training points (interior):",15000,", VRAM allocated:",0,", VRAM reserved:",0
90600,Training Loss:,3.326723430063794e-08,", Learning rate:",1.6231057352151637e-05,", Number of training points (boundary):",3000,", Number of training points (interior):",15000,", VRAM allocated:",0,", VRAM reserved:",0
90700,Training Loss:,3.174929830151996e-08,", Learning rate:",1.6231057352151637e-05,", Number of training points (boundary):",3000,", Number of training points (interior):",15000,", VRAM allocated:",0,", VRAM reserved:",0
90800,Training Loss:,3.188625186112404e-08,", Learning rate:",1.6231057352151637e-05,", Number of training points (boundary):",3000,", Number of training points (interior):",15000,", VRAM allocated:",0,", VRAM reserved:",0
90900,Training Loss:,3.1488660567902116e-08,", Learning rate:",1.6231057352151637e-05,", Number of training points (boundary):",3000,", Number of training points (interior):",15000,", VRAM allocated:",0,", VRAM reserved:",0
91000,Training Loss:,3.8124085222079884e-08,", Learning rate:",1.5906436205108604e-05,", Number of training points (boundary):",3000,", Number of training points (interior):",15000,", VRAM allocated:",0,", VRAM reserved:",0
91100,Training Loss:,3.269649084813864e-08,", Learning rate:",1.5906436205108604e-05,", Number of training points (boundary):",3000,", Number of training points (interior):",15000,", VRAM allocated:",0,", VRAM reserved:",0
91200,Training Loss:,3.1367378028335224e-08,", Learning rate:",1.5906436205108604e-05,", Number of training points (boundary):",3000,", Number of training points (interior):",15000,", VRAM allocated:",0,", VRAM reserved:",0
91300,Training Loss:,3.208938892385049e-08,", Learning rate:",1.5906436205108604e-05,", Number of training points (boundary):",3000,", Number of training points (interior):",15000,", VRAM allocated:",0,", VRAM reserved:",0
91400,Training Loss:,3.556149152927901e-08,", Learning rate:",1.5906436205108604e-05,", Number of training points (boundary):",3000,", Number of training points (interior):",15000,", VRAM allocated:",0,", VRAM reserved:",0
91500,Training Loss:,3.048867824873014e-08,", Learning rate:",1.5906436205108604e-05,", Number of training points (boundary):",3000,", Number of training points (interior):",15000,", VRAM allocated:",0,", VRAM reserved:",0
91600,Training Loss:,3.611879861864509e-08,", Learning rate:",1.5906436205108604e-05,", Number of training points (boundary):",3000,", Number of training points (interior):",15000,", VRAM allocated:",0,", VRAM reserved:",0
91700,Training Loss:,3.36536913891905e-08,", Learning rate:",1.5906436205108604e-05,", Number of training points (boundary):",3000,", Number of training points (interior):",15000,", VRAM allocated:",0,", VRAM reserved:",0
91800,Training Loss:,3.5281608745663107e-08,", Learning rate:",1.5906436205108604e-05,", Number of training points (boundary):",3000,", Number of training points (interior):",15000,", VRAM allocated:",0,", VRAM reserved:",0
91900,Training Loss:,3.165625628298585e-08,", Learning rate:",1.5906436205108604e-05,", Number of training points (boundary):",3000,", Number of training points (interior):",15000,", VRAM allocated:",0,", VRAM reserved:",0
92000,Training Loss:,2.996753423190057e-08,", Learning rate:",1.5588307481006433e-05,", Number of training points (boundary):",3000,", Number of training points (interior):",15000,", VRAM allocated:",0,", VRAM reserved:",0
92100,Training Loss:,3.060442210767178e-08,", Learning rate:",1.5588307481006433e-05,", Number of training points (boundary):",3000,", Number of training points (interior):",15000,", VRAM allocated:",0,", VRAM reserved:",0
92200,Training Loss:,3.0497190550704545e-08,", Learning rate:",1.5588307481006433e-05,", Number of training points (boundary):",3000,", Number of training points (interior):",15000,", VRAM allocated:",0,", VRAM reserved:",0
92300,Training Loss:,2.966110557167667e-08,", Learning rate:",1.5588307481006433e-05,", Number of training points (boundary):",3000,", Number of training points (interior):",15000,", VRAM allocated:",0,", VRAM reserved:",0
92400,Training Loss:,3.2612234690532205e-08,", Learning rate:",1.5588307481006433e-05,", Number of training points (boundary):",3000,", Number of training points (interior):",15000,", VRAM allocated:",0,", VRAM reserved:",0
92500,Training Loss:,4.0399360301535125e-08,", Learning rate:",1.5588307481006433e-05,", Number of training points (boundary):",3000,", Number of training points (interior):",15000,", VRAM allocated:",0,", VRAM reserved:",0
92600,Training Loss:,3.324208464050571e-08,", Learning rate:",1.5588307481006433e-05,", Number of training points (boundary):",3000,", Number of training points (interior):",15000,", VRAM allocated:",0,", VRAM reserved:",0
92700,Training Loss:,2.9233161669139918e-08,", Learning rate:",1.5588307481006433e-05,", Number of training points (boundary):",3000,", Number of training points (interior):",15000,", VRAM allocated:",0,", VRAM reserved:",0
92800,Training Loss:,3.006809379257902e-08,", Learning rate:",1.5588307481006433e-05,", Number of training points (boundary):",3000,", Number of training points (interior):",15000,", VRAM allocated:",0,", VRAM reserved:",0
92900,Training Loss:,2.946921284774362e-08,", Learning rate:",1.5588307481006433e-05,", Number of training points (boundary):",3000,", Number of training points (interior):",15000,", VRAM allocated:",0,", VRAM reserved:",0
93000,Training Loss:,2.8739318480575093e-08,", Learning rate:",1.5276541331386303e-05,", Number of training points (boundary):",3000,", Number of training points (interior):",15000,", VRAM allocated:",0,", VRAM reserved:",0
93100,Training Loss:,2.9302441362233367e-08,", Learning rate:",1.5276541331386303e-05,", Number of training points (boundary):",3000,", Number of training points (interior):",15000,", VRAM allocated:",0,", VRAM reserved:",0
93200,Training Loss:,2.829191636521955e-08,", Learning rate:",1.5276541331386303e-05,", Number of training points (boundary):",3000,", Number of training points (interior):",15000,", VRAM allocated:",0,", VRAM reserved:",0
93300,Training Loss:,3.293476780186211e-08,", Learning rate:",1.5276541331386303e-05,", Number of training points (boundary):",3000,", Number of training points (interior):",15000,", VRAM allocated:",0,", VRAM reserved:",0
93400,Training Loss:,3.0147187857210156e-08,", Learning rate:",1.5276541331386303e-05,", Number of training points (boundary):",3000,", Number of training points (interior):",15000,", VRAM allocated:",0,", VRAM reserved:",0
93500,Training Loss:,2.8137002061612293e-08,", Learning rate:",1.5276541331386303e-05,", Number of training points (boundary):",3000,", Number of training points (interior):",15000,", VRAM allocated:",0,", VRAM reserved:",0
93600,Training Loss:,3.406005433248538e-08,", Learning rate:",1.5276541331386303e-05,", Number of training points (boundary):",3000,", Number of training points (interior):",15000,", VRAM allocated:",0,", VRAM reserved:",0
93700,Training Loss:,2.797422915534753e-08,", Learning rate:",1.5276541331386303e-05,", Number of training points (boundary):",3000,", Number of training points (interior):",15000,", VRAM allocated:",0,", VRAM reserved:",0
93800,Training Loss:,2.92865909301554e-08,", Learning rate:",1.5276541331386303e-05,", Number of training points (boundary):",3000,", Number of training points (interior):",15000,", VRAM allocated:",0,", VRAM reserved:",0
93900,Training Loss:,3.28165548069137e-08,", Learning rate:",1.5276541331386303e-05,", Number of training points (boundary):",3000,", Number of training points (interior):",15000,", VRAM allocated:",0,", VRAM reserved:",0
94000,Training Loss:,2.9692195369079855e-08,", Learning rate:",1.4971010504758577e-05,", Number of training points (boundary):",3000,", Number of training points (interior):",15000,", VRAM allocated:",0,", VRAM reserved:",0
94100,Training Loss:,2.9147788183081502e-08,", Learning rate:",1.4971010504758577e-05,", Number of training points (boundary):",3000,", Number of training points (interior):",15000,", VRAM allocated:",0,", VRAM reserved:",0
94200,Training Loss:,2.866655535171958e-08,", Learning rate:",1.4971010504758577e-05,", Number of training points (boundary):",3000,", Number of training points (interior):",15000,", VRAM allocated:",0,", VRAM reserved:",0
94300,Training Loss:,2.7402604629855887e-08,", Learning rate:",1.4971010504758577e-05,", Number of training points (boundary):",3000,", Number of training points (interior):",15000,", VRAM allocated:",0,", VRAM reserved:",0
94400,Training Loss:,2.6999705582397837e-08,", Learning rate:",1.4971010504758577e-05,", Number of training points (boundary):",3000,", Number of training points (interior):",15000,", VRAM allocated:",0,", VRAM reserved:",0
94500,Training Loss:,2.731131054645175e-08,", Learning rate:",1.4971010504758577e-05,", Number of training points (boundary):",3000,", Number of training points (interior):",15000,", VRAM allocated:",0,", VRAM reserved:",0
94600,Training Loss:,2.9210957208647415e-08,", Learning rate:",1.4971010504758577e-05,", Number of training points (boundary):",3000,", Number of training points (interior):",15000,", VRAM allocated:",0,", VRAM reserved:",0
94700,Training Loss:,2.981758129294576e-08,", Learning rate:",1.4971010504758577e-05,", Number of training points (boundary):",3000,", Number of training points (interior):",15000,", VRAM allocated:",0,", VRAM reserved:",0
94800,Training Loss:,2.6723277812834567e-08,", Learning rate:",1.4971010504758577e-05,", Number of training points (boundary):",3000,", Number of training points (interior):",15000,", VRAM allocated:",0,", VRAM reserved:",0
94900,Training Loss:,2.7738725094650363e-08,", Learning rate:",1.4971010504758577e-05,", Number of training points (boundary):",3000,", Number of training points (interior):",15000,", VRAM allocated:",0,", VRAM reserved:",0
95000,Training Loss:,2.680371480323629e-08,", Learning rate:",1.4671590294663406e-05,", Number of training points (boundary):",3000,", Number of training points (interior):",15000,", VRAM allocated:",0,", VRAM reserved:",0
95100,Training Loss:,2.668298648700329e-08,", Learning rate:",1.4671590294663406e-05,", Number of training points (boundary):",3000,", Number of training points (interior):",15000,", VRAM allocated:",0,", VRAM reserved:",0
95200,Training Loss:,2.6719011003706328e-08,", Learning rate:",1.4671590294663406e-05,", Number of training points (boundary):",3000,", Number of training points (interior):",15000,", VRAM allocated:",0,", VRAM reserved:",0
95300,Training Loss:,3.831668138332134e-08,", Learning rate:",1.4671590294663406e-05,", Number of training points (boundary):",3000,", Number of training points (interior):",15000,", VRAM allocated:",0,", VRAM reserved:",0
95400,Training Loss:,2.7395614665692847e-08,", Learning rate:",1.4671590294663406e-05,", Number of training points (boundary):",3000,", Number of training points (interior):",15000,", VRAM allocated:",0,", VRAM reserved:",0
95500,Training Loss:,3.034784157307513e-08,", Learning rate:",1.4671590294663406e-05,", Number of training points (boundary):",3000,", Number of training points (interior):",15000,", VRAM allocated:",0,", VRAM reserved:",0
95600,Training Loss:,2.707836443960332e-08,", Learning rate:",1.4671590294663406e-05,", Number of training points (boundary):",3000,", Number of training points (interior):",15000,", VRAM allocated:",0,", VRAM reserved:",0
95700,Training Loss:,2.6621746584964967e-08,", Learning rate:",1.4671590294663406e-05,", Number of training points (boundary):",3000,", Number of training points (interior):",15000,", VRAM allocated:",0,", VRAM reserved:",0
95800,Training Loss:,3.01711118311232e-08,", Learning rate:",1.4671590294663406e-05,", Number of training points (boundary):",3000,", Number of training points (interior):",15000,", VRAM allocated:",0,", VRAM reserved:",0
95900,Training Loss:,2.606701343665918e-08,", Learning rate:",1.4671590294663406e-05,", Number of training points (boundary):",3000,", Number of training points (interior):",15000,", VRAM allocated:",0,", VRAM reserved:",0
96000,Training Loss:,3.065236597876719e-08,", Learning rate:",1.4378158488770138e-05,", Number of training points (boundary):",3000,", Number of training points (interior):",15000,", VRAM allocated:",0,", VRAM reserved:",0
96100,Training Loss:,3.0565725950282285e-08,", Learning rate:",1.4378158488770138e-05,", Number of training points (boundary):",3000,", Number of training points (interior):",15000,", VRAM allocated:",0,", VRAM reserved:",0
96200,Training Loss:,2.5914431489582057e-08,", Learning rate:",1.4378158488770138e-05,", Number of training points (boundary):",3000,", Number of training points (interior):",15000,", VRAM allocated:",0,", VRAM reserved:",0
96300,Training Loss:,2.993726155864351e-08,", Learning rate:",1.4378158488770138e-05,", Number of training points (boundary):",3000,", Number of training points (interior):",15000,", VRAM allocated:",0,", VRAM reserved:",0
96400,Training Loss:,2.5413063653445533e-08,", Learning rate:",1.4378158488770138e-05,", Number of training points (boundary):",3000,", Number of training points (interior):",15000,", VRAM allocated:",0,", VRAM reserved:",0
96500,Training Loss:,2.5171084772068752e-08,", Learning rate:",1.4378158488770138e-05,", Number of training points (boundary):",3000,", Number of training points (interior):",15000,", VRAM allocated:",0,", VRAM reserved:",0
96600,Training Loss:,2.5707667106189547e-08,", Learning rate:",1.4378158488770138e-05,", Number of training points (boundary):",3000,", Number of training points (interior):",15000,", VRAM allocated:",0,", VRAM reserved:",0
96700,Training Loss:,2.6201377067991416e-08,", Learning rate:",1.4378158488770138e-05,", Number of training points (boundary):",3000,", Number of training points (interior):",15000,", VRAM allocated:",0,", VRAM reserved:",0
96800,Training Loss:,2.538141430363794e-08,", Learning rate:",1.4378158488770138e-05,", Number of training points (boundary):",3000,", Number of training points (interior):",15000,", VRAM allocated:",0,", VRAM reserved:",0
96900,Training Loss:,2.7204961838833697e-08,", Learning rate:",1.4378158488770138e-05,", Number of training points (boundary):",3000,", Number of training points (interior):",15000,", VRAM allocated:",0,", VRAM reserved:",0
97000,Training Loss:,2.5171603468265857e-08,", Learning rate:",1.4090595318994734e-05,", Number of training points (boundary):",3000,", Number of training points (interior):",15000,", VRAM allocated:",0,", VRAM reserved:",0
97100,Training Loss:,2.5509910628329635e-08,", Learning rate:",1.4090595318994734e-05,", Number of training points (boundary):",3000,", Number of training points (interior):",15000,", VRAM allocated:",0,", VRAM reserved:",0
97200,Training Loss:,2.513466235143369e-08,", Learning rate:",1.4090595318994734e-05,", Number of training points (boundary):",3000,", Number of training points (interior):",15000,", VRAM allocated:",0,", VRAM reserved:",0
97300,Training Loss:,2.4255779607074146e-08,", Learning rate:",1.4090595318994734e-05,", Number of training points (boundary):",3000,", Number of training points (interior):",15000,", VRAM allocated:",0,", VRAM reserved:",0
97400,Training Loss:,2.4129077402790244e-08,", Learning rate:",1.4090595318994734e-05,", Number of training points (boundary):",3000,", Number of training points (interior):",15000,", VRAM allocated:",0,", VRAM reserved:",0
97500,Training Loss:,3.0032893505449465e-08,", Learning rate:",1.4090595318994734e-05,", Number of training points (boundary):",3000,", Number of training points (interior):",15000,", VRAM allocated:",0,", VRAM reserved:",0
97600,Training Loss:,2.4013443677972646e-08,", Learning rate:",1.4090595318994734e-05,", Number of training points (boundary):",3000,", Number of training points (interior):",15000,", VRAM allocated:",0,", VRAM reserved:",0
97700,Training Loss:,2.603072957185759e-08,", Learning rate:",1.4090595318994734e-05,", Number of training points (boundary):",3000,", Number of training points (interior):",15000,", VRAM allocated:",0,", VRAM reserved:",0
97800,Training Loss:,2.583273861489488e-08,", Learning rate:",1.4090595318994734e-05,", Number of training points (boundary):",3000,", Number of training points (interior):",15000,", VRAM allocated:",0,", VRAM reserved:",0
97900,Training Loss:,2.5945361414869694e-08,", Learning rate:",1.4090595318994734e-05,", Number of training points (boundary):",3000,", Number of training points (interior):",15000,", VRAM allocated:",0,", VRAM reserved:",0
98000,Training Loss:,2.5757628918654518e-08,", Learning rate:",1.3808783412614839e-05,", Number of training points (boundary):",3000,", Number of training points (interior):",15000,", VRAM allocated:",0,", VRAM reserved:",0
98100,Training Loss:,2.380115660116644e-08,", Learning rate:",1.3808783412614839e-05,", Number of training points (boundary):",3000,", Number of training points (interior):",15000,", VRAM allocated:",0,", VRAM reserved:",0
98200,Training Loss:,2.37078019438286e-08,", Learning rate:",1.3808783412614839e-05,", Number of training points (boundary):",3000,", Number of training points (interior):",15000,", VRAM allocated:",0,", VRAM reserved:",0
98300,Training Loss:,2.4549892785330485e-08,", Learning rate:",1.3808783412614839e-05,", Number of training points (boundary):",3000,", Number of training points (interior):",15000,", VRAM allocated:",0,", VRAM reserved:",0
98400,Training Loss:,3.086565669718766e-08,", Learning rate:",1.3808783412614839e-05,", Number of training points (boundary):",3000,", Number of training points (interior):",15000,", VRAM allocated:",0,", VRAM reserved:",0
98500,Training Loss:,2.3269288718097414e-08,", Learning rate:",1.3808783412614839e-05,", Number of training points (boundary):",3000,", Number of training points (interior):",15000,", VRAM allocated:",0,", VRAM reserved:",0
98600,Training Loss:,3.211300736438716e-08,", Learning rate:",1.3808783412614839e-05,", Number of training points (boundary):",3000,", Number of training points (interior):",15000,", VRAM allocated:",0,", VRAM reserved:",0
98700,Training Loss:,2.6417939835710058e-08,", Learning rate:",1.3808783412614839e-05,", Number of training points (boundary):",3000,", Number of training points (interior):",15000,", VRAM allocated:",0,", VRAM reserved:",0
98800,Training Loss:,2.3343245558749004e-08,", Learning rate:",1.3808783412614839e-05,", Number of training points (boundary):",3000,", Number of training points (interior):",15000,", VRAM allocated:",0,", VRAM reserved:",0
98900,Training Loss:,2.430369328010329e-08,", Learning rate:",1.3808783412614839e-05,", Number of training points (boundary):",3000,", Number of training points (interior):",15000,", VRAM allocated:",0,", VRAM reserved:",0
99000,Training Loss:,2.4138081755609164e-08,", Learning rate:",1.3532607744362541e-05,", Number of training points (boundary):",3000,", Number of training points (interior):",15000,", VRAM allocated:",0,", VRAM reserved:",0
99100,Training Loss:,2.3131377702156897e-08,", Learning rate:",1.3532607744362541e-05,", Number of training points (boundary):",3000,", Number of training points (interior):",15000,", VRAM allocated:",0,", VRAM reserved:",0
99200,Training Loss:,2.540998877975653e-08,", Learning rate:",1.3532607744362541e-05,", Number of training points (boundary):",3000,", Number of training points (interior):",15000,", VRAM allocated:",0,", VRAM reserved:",0
99300,Training Loss:,2.273773880290264e-08,", Learning rate:",1.3532607744362541e-05,", Number of training points (boundary):",3000,", Number of training points (interior):",15000,", VRAM allocated:",0,", VRAM reserved:",0
99400,Training Loss:,2.502166296380892e-08,", Learning rate:",1.3532607744362541e-05,", Number of training points (boundary):",3000,", Number of training points (interior):",15000,", VRAM allocated:",0,", VRAM reserved:",0
99500,Training Loss:,2.250103570133888e-08,", Learning rate:",1.3532607744362541e-05,", Number of training points (boundary):",3000,", Number of training points (interior):",15000,", VRAM allocated:",0,", VRAM reserved:",0
99600,Training Loss:,2.3274115079630064e-08,", Learning rate:",1.3532607744362541e-05,", Number of training points (boundary):",3000,", Number of training points (interior):",15000,", VRAM allocated:",0,", VRAM reserved:",0
99700,Training Loss:,2.387321451635671e-08,", Learning rate:",1.3532607744362541e-05,", Number of training points (boundary):",3000,", Number of training points (interior):",15000,", VRAM allocated:",0,", VRAM reserved:",0
99800,Training Loss:,2.68621498378252e-08,", Learning rate:",1.3532607744362541e-05,", Number of training points (boundary):",3000,", Number of training points (interior):",15000,", VRAM allocated:",0,", VRAM reserved:",0
99900,Training Loss:,3.191733810581354e-08,", Learning rate:",1.3532607744362541e-05,", Number of training points (boundary):",3000,", Number of training points (interior):",15000,", VRAM allocated:",0,", VRAM reserved:",0
100000,Training Loss:,2.3644540547707038e-08,", Learning rate:",1.326195558947529e-05,", Number of training points (boundary):",3000,", Number of training points (interior):",15000,", VRAM allocated:",0,", VRAM reserved:",0
100100,Training Loss:,2.2609560446085197e-08,", Learning rate:",1.326195558947529e-05,", Number of training points (boundary):",3000,", Number of training points (interior):",15000,", VRAM allocated:",0,", VRAM reserved:",0
100200,Training Loss:,2.2156145362828283e-08,", Learning rate:",1.326195558947529e-05,", Number of training points (boundary):",3000,", Number of training points (interior):",15000,", VRAM allocated:",0,", VRAM reserved:",0
100300,Training Loss:,3.0114822635596283e-08,", Learning rate:",1.326195558947529e-05,", Number of training points (boundary):",3000,", Number of training points (interior):",15000,", VRAM allocated:",0,", VRAM reserved:",0
100400,Training Loss:,2.1977770714443068e-08,", Learning rate:",1.326195558947529e-05,", Number of training points (boundary):",3000,", Number of training points (interior):",15000,", VRAM allocated:",0,", VRAM reserved:",0
100500,Training Loss:,2.2238634045379513e-08,", Learning rate:",1.326195558947529e-05,", Number of training points (boundary):",3000,", Number of training points (interior):",15000,", VRAM allocated:",0,", VRAM reserved:",0
100600,Training Loss:,2.279170097096994e-08,", Learning rate:",1.326195558947529e-05,", Number of training points (boundary):",3000,", Number of training points (interior):",15000,", VRAM allocated:",0,", VRAM reserved:",0
100700,Training Loss:,2.4724855052227213e-08,", Learning rate:",1.326195558947529e-05,", Number of training points (boundary):",3000,", Number of training points (interior):",15000,", VRAM allocated:",0,", VRAM reserved:",0
100800,Training Loss:,2.357306527756009e-08,", Learning rate:",1.326195558947529e-05,", Number of training points (boundary):",3000,", Number of training points (interior):",15000,", VRAM allocated:",0,", VRAM reserved:",0
100900,Training Loss:,2.196834714141005e-08,", Learning rate:",1.326195558947529e-05,", Number of training points (boundary):",3000,", Number of training points (interior):",15000,", VRAM allocated:",0,", VRAM reserved:",0
101000,Training Loss:,2.1741060507451948e-08,", Learning rate:",1.2996716477685783e-05,", Number of training points (boundary):",3000,", Number of training points (interior):",15000,", VRAM allocated:",0,", VRAM reserved:",0
101100,Training Loss:,2.2342110383988256e-08,", Learning rate:",1.2996716477685783e-05,", Number of training points (boundary):",3000,", Number of training points (interior):",15000,", VRAM allocated:",0,", VRAM reserved:",0
101200,Training Loss:,2.6705427202955434e-08,", Learning rate:",1.2996716477685783e-05,", Number of training points (boundary):",3000,", Number of training points (interior):",15000,", VRAM allocated:",0,", VRAM reserved:",0
101300,Training Loss:,2.2216561035293125e-08,", Learning rate:",1.2996716477685783e-05,", Number of training points (boundary):",3000,", Number of training points (interior):",15000,", VRAM allocated:",0,", VRAM reserved:",0
101400,Training Loss:,2.112872188320125e-08,", Learning rate:",1.2996716477685783e-05,", Number of training points (boundary):",3000,", Number of training points (interior):",15000,", VRAM allocated:",0,", VRAM reserved:",0
101500,Training Loss:,2.2117603748483816e-08,", Learning rate:",1.2996716477685783e-05,", Number of training points (boundary):",3000,", Number of training points (interior):",15000,", VRAM allocated:",0,", VRAM reserved:",0
101600,Training Loss:,2.15812683279637e-08,", Learning rate:",1.2996716477685783e-05,", Number of training points (boundary):",3000,", Number of training points (interior):",15000,", VRAM allocated:",0,", VRAM reserved:",0
101700,Training Loss:,2.166979129469837e-08,", Learning rate:",1.2996716477685783e-05,", Number of training points (boundary):",3000,", Number of training points (interior):",15000,", VRAM allocated:",0,", VRAM reserved:",0
101800,Training Loss:,2.2190050685821916e-08,", Learning rate:",1.2996716477685783e-05,", Number of training points (boundary):",3000,", Number of training points (interior):",15000,", VRAM allocated:",0,", VRAM reserved:",0
101900,Training Loss:,2.1279559447862084e-08,", Learning rate:",1.2996716477685783e-05,", Number of training points (boundary):",3000,", Number of training points (interior):",15000,", VRAM allocated:",0,", VRAM reserved:",0
102000,Training Loss:,2.106317609218422e-08,", Learning rate:",1.2736782148132067e-05,", Number of training points (boundary):",3000,", Number of training points (interior):",15000,", VRAM allocated:",0,", VRAM reserved:",0
102100,Training Loss:,2.0679721046690247e-08,", Learning rate:",1.2736782148132067e-05,", Number of training points (boundary):",3000,", Number of training points (interior):",15000,", VRAM allocated:",0,", VRAM reserved:",0
102200,Training Loss:,2.1703241870341117e-08,", Learning rate:",1.2736782148132067e-05,", Number of training points (boundary):",3000,", Number of training points (interior):",15000,", VRAM allocated:",0,", VRAM reserved:",0
102300,Training Loss:,2.1383927517604207e-08,", Learning rate:",1.2736782148132067e-05,", Number of training points (boundary):",3000,", Number of training points (interior):",15000,", VRAM allocated:",0,", VRAM reserved:",0
102400,Training Loss:,2.1018973228592586e-08,", Learning rate:",1.2736782148132067e-05,", Number of training points (boundary):",3000,", Number of training points (interior):",15000,", VRAM allocated:",0,", VRAM reserved:",0
102500,Training Loss:,2.0505902753598093e-08,", Learning rate:",1.2736782148132067e-05,", Number of training points (boundary):",3000,", Number of training points (interior):",15000,", VRAM allocated:",0,", VRAM reserved:",0
102600,Training Loss:,2.101259077846862e-08,", Learning rate:",1.2736782148132067e-05,", Number of training points (boundary):",3000,", Number of training points (interior):",15000,", VRAM allocated:",0,", VRAM reserved:",0
102700,Training Loss:,2.0941072875757527e-08,", Learning rate:",1.2736782148132067e-05,", Number of training points (boundary):",3000,", Number of training points (interior):",15000,", VRAM allocated:",0,", VRAM reserved:",0
102800,Training Loss:,2.100865081899883e-08,", Learning rate:",1.2736782148132067e-05,", Number of training points (boundary):",3000,", Number of training points (interior):",15000,", VRAM allocated:",0,", VRAM reserved:",0
102900,Training Loss:,2.0851432580570872e-08,", Learning rate:",1.2736782148132067e-05,", Number of training points (boundary):",3000,", Number of training points (interior):",15000,", VRAM allocated:",0,", VRAM reserved:",0
103000,Training Loss:,2.0286107016431743e-08,", Learning rate:",1.2482046505169426e-05,", Number of training points (boundary):",3000,", Number of training points (interior):",15000,", VRAM allocated:",0,", VRAM reserved:",0
103100,Training Loss:,2.074256144624087e-08,", Learning rate:",1.2482046505169426e-05,", Number of training points (boundary):",3000,", Number of training points (interior):",15000,", VRAM allocated:",0,", VRAM reserved:",0
103200,Training Loss:,1.9995450628584877e-08,", Learning rate:",1.2482046505169426e-05,", Number of training points (boundary):",3000,", Number of training points (interior):",15000,", VRAM allocated:",0,", VRAM reserved:",0
103300,Training Loss:,2.098442664077993e-08,", Learning rate:",1.2482046505169426e-05,", Number of training points (boundary):",3000,", Number of training points (interior):",15000,", VRAM allocated:",0,", VRAM reserved:",0
103400,Training Loss:,2.229634255002111e-08,", Learning rate:",1.2482046505169426e-05,", Number of training points (boundary):",3000,", Number of training points (interior):",15000,", VRAM allocated:",0,", VRAM reserved:",0
103500,Training Loss:,2.0938939471193407e-08,", Learning rate:",1.2482046505169426e-05,", Number of training points (boundary):",3000,", Number of training points (interior):",15000,", VRAM allocated:",0,", VRAM reserved:",0
103600,Training Loss:,2.0286623936272008e-08,", Learning rate:",1.2482046505169426e-05,", Number of training points (boundary):",3000,", Number of training points (interior):",15000,", VRAM allocated:",0,", VRAM reserved:",0
103700,Training Loss:,2.0677534351420945e-08,", Learning rate:",1.2482046505169426e-05,", Number of training points (boundary):",3000,", Number of training points (interior):",15000,", VRAM allocated:",0,", VRAM reserved:",0
103800,Training Loss:,1.9777793625053164e-08,", Learning rate:",1.2482046505169426e-05,", Number of training points (boundary):",3000,", Number of training points (interior):",15000,", VRAM allocated:",0,", VRAM reserved:",0
103900,Training Loss:,2.10740225270456e-08,", Learning rate:",1.2482046505169426e-05,", Number of training points (boundary):",3000,", Number of training points (interior):",15000,", VRAM allocated:",0,", VRAM reserved:",0
104000,Training Loss:,2.0036390324662534e-08,", Learning rate:",1.2232405575066037e-05,", Number of training points (boundary):",3000,", Number of training points (interior):",15000,", VRAM allocated:",0,", VRAM reserved:",0
104100,Training Loss:,1.9664764039362126e-08,", Learning rate:",1.2232405575066037e-05,", Number of training points (boundary):",3000,", Number of training points (interior):",15000,", VRAM allocated:",0,", VRAM reserved:",0
104200,Training Loss:,1.949201866580097e-08,", Learning rate:",1.2232405575066037e-05,", Number of training points (boundary):",3000,", Number of training points (interior):",15000,", VRAM allocated:",0,", VRAM reserved:",0
104300,Training Loss:,2.0129832023485505e-08,", Learning rate:",1.2232405575066037e-05,", Number of training points (boundary):",3000,", Number of training points (interior):",15000,", VRAM allocated:",0,", VRAM reserved:",0
104400,Training Loss:,2.0106085685256403e-08,", Learning rate:",1.2232405575066037e-05,", Number of training points (boundary):",3000,", Number of training points (interior):",15000,", VRAM allocated:",0,", VRAM reserved:",0
104500,Training Loss:,1.9368290082866224e-08,", Learning rate:",1.2232405575066037e-05,", Number of training points (boundary):",3000,", Number of training points (interior):",15000,", VRAM allocated:",0,", VRAM reserved:",0
104600,Training Loss:,2.894307016276798e-08,", Learning rate:",1.2232405575066037e-05,", Number of training points (boundary):",3000,", Number of training points (interior):",15000,", VRAM allocated:",0,", VRAM reserved:",0
104700,Training Loss:,2.1227043234262055e-08,", Learning rate:",1.2232405575066037e-05,", Number of training points (boundary):",3000,", Number of training points (interior):",15000,", VRAM allocated:",0,", VRAM reserved:",0
104800,Training Loss:,2.078139083039332e-08,", Learning rate:",1.2232405575066037e-05,", Number of training points (boundary):",3000,", Number of training points (interior):",15000,", VRAM allocated:",0,", VRAM reserved:",0
104900,Training Loss:,1.9543509921504665e-08,", Learning rate:",1.2232405575066037e-05,", Number of training points (boundary):",3000,", Number of training points (interior):",15000,", VRAM allocated:",0,", VRAM reserved:",0
105000,Training Loss:,1.948817107688683e-08,", Learning rate:",1.1987757463564716e-05,", Number of training points (boundary):",3000,", Number of training points (interior):",15000,", VRAM allocated:",0,", VRAM reserved:",0
105100,Training Loss:,2.1704600783323258e-08,", Learning rate:",1.1987757463564716e-05,", Number of training points (boundary):",3000,", Number of training points (interior):",15000,", VRAM allocated:",0,", VRAM reserved:",0
105200,Training Loss:,1.9243911353328258e-08,", Learning rate:",1.1987757463564716e-05,", Number of training points (boundary):",3000,", Number of training points (interior):",15000,", VRAM allocated:",0,", VRAM reserved:",0
105300,Training Loss:,2.43118947196308e-08,", Learning rate:",1.1987757463564716e-05,", Number of training points (boundary):",3000,", Number of training points (interior):",15000,", VRAM allocated:",0,", VRAM reserved:",0
105400,Training Loss:,1.9382117244504116e-08,", Learning rate:",1.1987757463564716e-05,", Number of training points (boundary):",3000,", Number of training points (interior):",15000,", VRAM allocated:",0,", VRAM reserved:",0
105500,Training Loss:,2.2022184964498592e-08,", Learning rate:",1.1987757463564716e-05,", Number of training points (boundary):",3000,", Number of training points (interior):",15000,", VRAM allocated:",0,", VRAM reserved:",0
105600,Training Loss:,1.9531842809783484e-08,", Learning rate:",1.1987757463564716e-05,", Number of training points (boundary):",3000,", Number of training points (interior):",15000,", VRAM allocated:",0,", VRAM reserved:",0
105700,Training Loss:,1.9182870403255947e-08,", Learning rate:",1.1987757463564716e-05,", Number of training points (boundary):",3000,", Number of training points (interior):",15000,", VRAM allocated:",0,", VRAM reserved:",0
105800,Training Loss:,1.9803579220933898e-08,", Learning rate:",1.1987757463564716e-05,", Number of training points (boundary):",3000,", Number of training points (interior):",15000,", VRAM allocated:",0,", VRAM reserved:",0
105900,Training Loss:,1.9901573722336252e-08,", Learning rate:",1.1987757463564716e-05,", Number of training points (boundary):",3000,", Number of training points (interior):",15000,", VRAM allocated:",0,", VRAM reserved:",0
106000,Training Loss:,1.95113027956495e-08,", Learning rate:",1.1748002314293422e-05,", Number of training points (boundary):",3000,", Number of training points (interior):",15000,", VRAM allocated:",0,", VRAM reserved:",0
106100,Training Loss:,1.9958962482746756e-08,", Learning rate:",1.1748002314293422e-05,", Number of training points (boundary):",3000,", Number of training points (interior):",15000,", VRAM allocated:",0,", VRAM reserved:",0
106200,Training Loss:,2.139686472446556e-08,", Learning rate:",1.1748002314293422e-05,", Number of training points (boundary):",3000,", Number of training points (interior):",15000,", VRAM allocated:",0,", VRAM reserved:",0
106300,Training Loss:,1.9479145407785836e-08,", Learning rate:",1.1748002314293422e-05,", Number of training points (boundary):",3000,", Number of training points (interior):",15000,", VRAM allocated:",0,", VRAM reserved:",0
106400,Training Loss:,1.9153382879721903e-08,", Learning rate:",1.1748002314293422e-05,", Number of training points (boundary):",3000,", Number of training points (interior):",15000,", VRAM allocated:",0,", VRAM reserved:",0
106500,Training Loss:,1.8384680444683e-08,", Learning rate:",1.1748002314293422e-05,", Number of training points (boundary):",3000,", Number of training points (interior):",15000,", VRAM allocated:",0,", VRAM reserved:",0
106600,Training Loss:,1.8434649362575328e-08,", Learning rate:",1.1748002314293422e-05,", Number of training points (boundary):",3000,", Number of training points (interior):",15000,", VRAM allocated:",0,", VRAM reserved:",0
106700,Training Loss:,2.0226087471542087e-08,", Learning rate:",1.1748002314293422e-05,", Number of training points (boundary):",3000,", Number of training points (interior):",15000,", VRAM allocated:",0,", VRAM reserved:",0
106800,Training Loss:,1.871326205105106e-08,", Learning rate:",1.1748002314293422e-05,", Number of training points (boundary):",3000,", Number of training points (interior):",15000,", VRAM allocated:",0,", VRAM reserved:",0
106900,Training Loss:,2.1525123017340775e-08,", Learning rate:",1.1748002314293422e-05,", Number of training points (boundary):",3000,", Number of training points (interior):",15000,", VRAM allocated:",0,", VRAM reserved:",0
107000,Training Loss:,2.3651303138194635e-08,", Learning rate:",1.1513042268007553e-05,", Number of training points (boundary):",3000,", Number of training points (interior):",15000,", VRAM allocated:",0,", VRAM reserved:",0
107100,Training Loss:,1.875177169097242e-08,", Learning rate:",1.1513042268007553e-05,", Number of training points (boundary):",3000,", Number of training points (interior):",15000,", VRAM allocated:",0,", VRAM reserved:",0
107200,Training Loss:,1.8128966772223976e-08,", Learning rate:",1.1513042268007553e-05,", Number of training points (boundary):",3000,", Number of training points (interior):",15000,", VRAM allocated:",0,", VRAM reserved:",0
107300,Training Loss:,1.9789851535279013e-08,", Learning rate:",1.1513042268007553e-05,", Number of training points (boundary):",3000,", Number of training points (interior):",15000,", VRAM allocated:",0,", VRAM reserved:",0
107400,Training Loss:,1.7874342006507504e-08,", Learning rate:",1.1513042268007553e-05,", Number of training points (boundary):",3000,", Number of training points (interior):",15000,", VRAM allocated:",0,", VRAM reserved:",0
107500,Training Loss:,1.873443622457671e-08,", Learning rate:",1.1513042268007553e-05,", Number of training points (boundary):",3000,", Number of training points (interior):",15000,", VRAM allocated:",0,", VRAM reserved:",0
107600,Training Loss:,1.948345484947822e-08,", Learning rate:",1.1513042268007553e-05,", Number of training points (boundary):",3000,", Number of training points (interior):",15000,", VRAM allocated:",0,", VRAM reserved:",0
107700,Training Loss:,2.0217266083477625e-08,", Learning rate:",1.1513042268007553e-05,", Number of training points (boundary):",3000,", Number of training points (interior):",15000,", VRAM allocated:",0,", VRAM reserved:",0
107800,Training Loss:,2.814486421698348e-08,", Learning rate:",1.1513042268007553e-05,", Number of training points (boundary):",3000,", Number of training points (interior):",15000,", VRAM allocated:",0,", VRAM reserved:",0
107900,Training Loss:,2.6466514313483458e-08,", Learning rate:",1.1513042268007553e-05,", Number of training points (boundary):",3000,", Number of training points (interior):",15000,", VRAM allocated:",0,", VRAM reserved:",0
108000,Training Loss:,2.5800765968142514e-08,", Learning rate:",1.1282781422647402e-05,", Number of training points (boundary):",3000,", Number of training points (interior):",15000,", VRAM allocated:",0,", VRAM reserved:",0
108100,Training Loss:,1.7567733934242824e-08,", Learning rate:",1.1282781422647402e-05,", Number of training points (boundary):",3000,", Number of training points (interior):",15000,", VRAM allocated:",0,", VRAM reserved:",0
108200,Training Loss:,1.7549922404214158e-08,", Learning rate:",1.1282781422647402e-05,", Number of training points (boundary):",3000,", Number of training points (interior):",15000,", VRAM allocated:",0,", VRAM reserved:",0
108300,Training Loss:,1.7564717680329522e-08,", Learning rate:",1.1282781422647402e-05,", Number of training points (boundary):",3000,", Number of training points (interior):",15000,", VRAM allocated:",0,", VRAM reserved:",0
108400,Training Loss:,1.7921763628692133e-08,", Learning rate:",1.1282781422647402e-05,", Number of training points (boundary):",3000,", Number of training points (interior):",15000,", VRAM allocated:",0,", VRAM reserved:",0
108500,Training Loss:,1.842637686877424e-08,", Learning rate:",1.1282781422647402e-05,", Number of training points (boundary):",3000,", Number of training points (interior):",15000,", VRAM allocated:",0,", VRAM reserved:",0
108600,Training Loss:,1.7705012567148515e-08,", Learning rate:",1.1282781422647402e-05,", Number of training points (boundary):",3000,", Number of training points (interior):",15000,", VRAM allocated:",0,", VRAM reserved:",0
108700,Training Loss:,1.7663273510493127e-08,", Learning rate:",1.1282781422647402e-05,", Number of training points (boundary):",3000,", Number of training points (interior):",15000,", VRAM allocated:",0,", VRAM reserved:",0
108800,Training Loss:,1.8072018548309643e-08,", Learning rate:",1.1282781422647402e-05,", Number of training points (boundary):",3000,", Number of training points (interior):",15000,", VRAM allocated:",0,", VRAM reserved:",0
108900,Training Loss:,1.8044174154852044e-08,", Learning rate:",1.1282781422647402e-05,", Number of training points (boundary):",3000,", Number of training points (interior):",15000,", VRAM allocated:",0,", VRAM reserved:",0
109000,Training Loss:,1.9794727634803166e-08,", Learning rate:",1.1057125794194454e-05,", Number of training points (boundary):",3000,", Number of training points (interior):",15000,", VRAM allocated:",0,", VRAM reserved:",0
109100,Training Loss:,2.1071985045750807e-08,", Learning rate:",1.1057125794194454e-05,", Number of training points (boundary):",3000,", Number of training points (interior):",15000,", VRAM allocated:",0,", VRAM reserved:",0
109200,Training Loss:,1.7199990764993345e-08,", Learning rate:",1.1057125794194454e-05,", Number of training points (boundary):",3000,", Number of training points (interior):",15000,", VRAM allocated:",0,", VRAM reserved:",0
109300,Training Loss:,1.7551121445080753e-08,", Learning rate:",1.1057125794194454e-05,", Number of training points (boundary):",3000,", Number of training points (interior):",15000,", VRAM allocated:",0,", VRAM reserved:",0
109400,Training Loss:,1.8892178488272293e-08,", Learning rate:",1.1057125794194454e-05,", Number of training points (boundary):",3000,", Number of training points (interior):",15000,", VRAM allocated:",0,", VRAM reserved:",0
109500,Training Loss:,1.7766769389027104e-08,", Learning rate:",1.1057125794194454e-05,", Number of training points (boundary):",3000,", Number of training points (interior):",15000,", VRAM allocated:",0,", VRAM reserved:",0
109600,Training Loss:,1.772152735668442e-08,", Learning rate:",1.1057125794194454e-05,", Number of training points (boundary):",3000,", Number of training points (interior):",15000,", VRAM allocated:",0,", VRAM reserved:",0
109700,Training Loss:,1.9863467315417438e-08,", Learning rate:",1.1057125794194454e-05,", Number of training points (boundary):",3000,", Number of training points (interior):",15000,", VRAM allocated:",0,", VRAM reserved:",0
109800,Training Loss:,1.7135501906295758e-08,", Learning rate:",1.1057125794194454e-05,", Number of training points (boundary):",3000,", Number of training points (interior):",15000,", VRAM allocated:",0,", VRAM reserved:",0
109900,Training Loss:,1.746881927999766e-08,", Learning rate:",1.1057125794194454e-05,", Number of training points (boundary):",3000,", Number of training points (interior):",15000,", VRAM allocated:",0,", VRAM reserved:",0
110000,Training Loss:,1.73658651902997e-08,", Learning rate:",1.0835983278310565e-05,", Number of training points (boundary):",3000,", Number of training points (interior):",15000,", VRAM allocated:",0,", VRAM reserved:",0
110100,Training Loss:,1.7763918336299866e-08,", Learning rate:",1.0835983278310565e-05,", Number of training points (boundary):",3000,", Number of training points (interior):",15000,", VRAM allocated:",0,", VRAM reserved:",0
110200,Training Loss:,1.678333561017098e-08,", Learning rate:",1.0835983278310565e-05,", Number of training points (boundary):",3000,", Number of training points (interior):",15000,", VRAM allocated:",0,", VRAM reserved:",0
110300,Training Loss:,1.673873128993364e-08,", Learning rate:",1.0835983278310565e-05,", Number of training points (boundary):",3000,", Number of training points (interior):",15000,", VRAM allocated:",0,", VRAM reserved:",0
110400,Training Loss:,1.694108320293708e-08,", Learning rate:",1.0835983278310565e-05,", Number of training points (boundary):",3000,", Number of training points (interior):",15000,", VRAM allocated:",0,", VRAM reserved:",0
110500,Training Loss:,1.884468225910041e-08,", Learning rate:",1.0835983278310565e-05,", Number of training points (boundary):",3000,", Number of training points (interior):",15000,", VRAM allocated:",0,", VRAM reserved:",0
110600,Training Loss:,1.691768147793482e-08,", Learning rate:",1.0835983278310565e-05,", Number of training points (boundary):",3000,", Number of training points (interior):",15000,", VRAM allocated:",0,", VRAM reserved:",0
110700,Training Loss:,1.665443605247674e-08,", Learning rate:",1.0835983278310565e-05,", Number of training points (boundary):",3000,", Number of training points (interior):",15000,", VRAM allocated:",0,", VRAM reserved:",0
110800,Training Loss:,1.8747110530625832e-08,", Learning rate:",1.0835983278310565e-05,", Number of training points (boundary):",3000,", Number of training points (interior):",15000,", VRAM allocated:",0,", VRAM reserved:",0
110900,Training Loss:,1.8229382447998432e-08,", Learning rate:",1.0835983278310565e-05,", Number of training points (boundary):",3000,", Number of training points (interior):",15000,", VRAM allocated:",0,", VRAM reserved:",0
111000,Training Loss:,1.6961765325618217e-08,", Learning rate:",1.0619263612744355e-05,", Number of training points (boundary):",3000,", Number of training points (interior):",15000,", VRAM allocated:",0,", VRAM reserved:",0
111100,Training Loss:,1.719739373129414e-08,", Learning rate:",1.0619263612744355e-05,", Number of training points (boundary):",3000,", Number of training points (interior):",15000,", VRAM allocated:",0,", VRAM reserved:",0
111200,Training Loss:,1.642717784022807e-08,", Learning rate:",1.0619263612744355e-05,", Number of training points (boundary):",3000,", Number of training points (interior):",15000,", VRAM allocated:",0,", VRAM reserved:",0
111300,Training Loss:,1.6779315714643417e-08,", Learning rate:",1.0619263612744355e-05,", Number of training points (boundary):",3000,", Number of training points (interior):",15000,", VRAM allocated:",0,", VRAM reserved:",0
111400,Training Loss:,1.7330243906599208e-08,", Learning rate:",1.0619263612744355e-05,", Number of training points (boundary):",3000,", Number of training points (interior):",15000,", VRAM allocated:",0,", VRAM reserved:",0
111500,Training Loss:,1.6379956946366292e-08,", Learning rate:",1.0619263612744355e-05,", Number of training points (boundary):",3000,", Number of training points (interior):",15000,", VRAM allocated:",0,", VRAM reserved:",0
111600,Training Loss:,1.8543500956980097e-08,", Learning rate:",1.0619263612744355e-05,", Number of training points (boundary):",3000,", Number of training points (interior):",15000,", VRAM allocated:",0,", VRAM reserved:",0
111700,Training Loss:,2.182276759299384e-08,", Learning rate:",1.0619263612744355e-05,", Number of training points (boundary):",3000,", Number of training points (interior):",15000,", VRAM allocated:",0,", VRAM reserved:",0
111800,Training Loss:,1.6695521409815228e-08,", Learning rate:",1.0619263612744355e-05,", Number of training points (boundary):",3000,", Number of training points (interior):",15000,", VRAM allocated:",0,", VRAM reserved:",0
111900,Training Loss:,1.8369991749978e-08,", Learning rate:",1.0619263612744355e-05,", Number of training points (boundary):",3000,", Number of training points (interior):",15000,", VRAM allocated:",0,", VRAM reserved:",0
112000,Training Loss:,2.1394297888832625e-08,", Learning rate:",1.0406878340489467e-05,", Number of training points (boundary):",3000,", Number of training points (interior):",15000,", VRAM allocated:",0,", VRAM reserved:",0
112100,Training Loss:,2.0095029640287976e-08,", Learning rate:",1.0406878340489467e-05,", Number of training points (boundary):",3000,", Number of training points (interior):",15000,", VRAM allocated:",0,", VRAM reserved:",0
112200,Training Loss:,1.6052165818791764e-08,", Learning rate:",1.0406878340489467e-05,", Number of training points (boundary):",3000,", Number of training points (interior):",15000,", VRAM allocated:",0,", VRAM reserved:",0
112300,Training Loss:,1.63420814658366e-08,", Learning rate:",1.0406878340489467e-05,", Number of training points (boundary):",3000,", Number of training points (interior):",15000,", VRAM allocated:",0,", VRAM reserved:",0
112400,Training Loss:,1.604027310975198e-08,", Learning rate:",1.0406878340489467e-05,", Number of training points (boundary):",3000,", Number of training points (interior):",15000,", VRAM allocated:",0,", VRAM reserved:",0
112500,Training Loss:,1.6045589745772304e-08,", Learning rate:",1.0406878340489467e-05,", Number of training points (boundary):",3000,", Number of training points (interior):",15000,", VRAM allocated:",0,", VRAM reserved:",0
112600,Training Loss:,1.5906136852095187e-08,", Learning rate:",1.0406878340489467e-05,", Number of training points (boundary):",3000,", Number of training points (interior):",15000,", VRAM allocated:",0,", VRAM reserved:",0
112700,Training Loss:,1.584849051994297e-08,", Learning rate:",1.0406878340489467e-05,", Number of training points (boundary):",3000,", Number of training points (interior):",15000,", VRAM allocated:",0,", VRAM reserved:",0
112800,Training Loss:,1.601438803788824e-08,", Learning rate:",1.0406878340489467e-05,", Number of training points (boundary):",3000,", Number of training points (interior):",15000,", VRAM allocated:",0,", VRAM reserved:",0
112900,Training Loss:,1.5897763105954255e-08,", Learning rate:",1.0406878340489467e-05,", Number of training points (boundary):",3000,", Number of training points (interior):",15000,", VRAM allocated:",0,", VRAM reserved:",0
113000,Training Loss:,1.5975444966898067e-08,", Learning rate:",1.0198740773679678e-05,", Number of training points (boundary):",3000,", Number of training points (interior):",15000,", VRAM allocated:",0,", VRAM reserved:",0
113100,Training Loss:,1.6270711000743177e-08,", Learning rate:",1.0198740773679678e-05,", Number of training points (boundary):",3000,", Number of training points (interior):",15000,", VRAM allocated:",0,", VRAM reserved:",0
113200,Training Loss:,1.5713679246687207e-08,", Learning rate:",1.0198740773679678e-05,", Number of training points (boundary):",3000,", Number of training points (interior):",15000,", VRAM allocated:",0,", VRAM reserved:",0
113300,Training Loss:,1.7953571074258434e-08,", Learning rate:",1.0198740773679678e-05,", Number of training points (boundary):",3000,", Number of training points (interior):",15000,", VRAM allocated:",0,", VRAM reserved:",0
113400,Training Loss:,1.5939018993549325e-08,", Learning rate:",1.0198740773679678e-05,", Number of training points (boundary):",3000,", Number of training points (interior):",15000,", VRAM allocated:",0,", VRAM reserved:",0
113500,Training Loss:,1.8479797248005525e-08,", Learning rate:",1.0198740773679678e-05,", Number of training points (boundary):",3000,", Number of training points (interior):",15000,", VRAM allocated:",0,", VRAM reserved:",0
113600,Training Loss:,1.5714759271645562e-08,", Learning rate:",1.0198740773679678e-05,", Number of training points (boundary):",3000,", Number of training points (interior):",15000,", VRAM allocated:",0,", VRAM reserved:",0
113700,Training Loss:,1.585278752713748e-08,", Learning rate:",1.0198740773679678e-05,", Number of training points (boundary):",3000,", Number of training points (interior):",15000,", VRAM allocated:",0,", VRAM reserved:",0
113800,Training Loss:,1.7605259472475154e-08,", Learning rate:",1.0198740773679678e-05,", Number of training points (boundary):",3000,", Number of training points (interior):",15000,", VRAM allocated:",0,", VRAM reserved:",0
113900,Training Loss:,2.174316016123612e-08,", Learning rate:",1.0198740773679678e-05,", Number of training points (boundary):",3000,", Number of training points (interior):",15000,", VRAM allocated:",0,", VRAM reserved:",0
114000,Training Loss:,1.5673412789851682e-08,", Learning rate:",9.994765958206085e-06,", Number of training points (boundary):",3000,", Number of training points (interior):",15000,", VRAM allocated:",0,", VRAM reserved:",0
114100,Training Loss:,1.9800157957661213e-08,", Learning rate:",9.994765958206085e-06,", Number of training points (boundary):",3000,", Number of training points (interior):",15000,", VRAM allocated:",0,", VRAM reserved:",0
114200,Training Loss:,1.5358148530708604e-08,", Learning rate:",9.994765958206085e-06,", Number of training points (boundary):",3000,", Number of training points (interior):",15000,", VRAM allocated:",0,", VRAM reserved:",0
114300,Training Loss:,1.5862489988194284e-08,", Learning rate:",9.994765958206085e-06,", Number of training points (boundary):",3000,", Number of training points (interior):",15000,", VRAM allocated:",0,", VRAM reserved:",0
114400,Training Loss:,1.550394301830238e-08,", Learning rate:",9.994765958206085e-06,", Number of training points (boundary):",3000,", Number of training points (interior):",15000,", VRAM allocated:",0,", VRAM reserved:",0
114500,Training Loss:,1.5595444935456726e-08,", Learning rate:",9.994765958206085e-06,", Number of training points (boundary):",3000,", Number of training points (interior):",15000,", VRAM allocated:",0,", VRAM reserved:",0
114600,Training Loss:,1.8477518182180575e-08,", Learning rate:",9.994765958206085e-06,", Number of training points (boundary):",3000,", Number of training points (interior):",15000,", VRAM allocated:",0,", VRAM reserved:",0
114700,Training Loss:,1.6318342233034855e-08,", Learning rate:",9.994765958206085e-06,", Number of training points (boundary):",3000,", Number of training points (interior):",15000,", VRAM allocated:",0,", VRAM reserved:",0
114800,Training Loss:,1.5408851083975605e-08,", Learning rate:",9.994765958206085e-06,", Number of training points (boundary):",3000,", Number of training points (interior):",15000,", VRAM allocated:",0,", VRAM reserved:",0
114900,Training Loss:,1.5426412147689916e-08,", Learning rate:",9.994765958206085e-06,", Number of training points (boundary):",3000,", Number of training points (interior):",15000,", VRAM allocated:",0,", VRAM reserved:",0
115000,Training Loss:,1.5516691931338755e-08,", Learning rate:",9.794870639041964e-06,", Number of training points (boundary):",3000,", Number of training points (interior):",15000,", VRAM allocated:",0,", VRAM reserved:",0
115100,Training Loss:,2.4503503226469547e-08,", Learning rate:",9.794870639041964e-06,", Number of training points (boundary):",3000,", Number of training points (interior):",15000,", VRAM allocated:",0,", VRAM reserved:",0
115200,Training Loss:,1.5040255263443214e-08,", Learning rate:",9.794870639041964e-06,", Number of training points (boundary):",3000,", Number of training points (interior):",15000,", VRAM allocated:",0,", VRAM reserved:",0
115300,Training Loss:,1.519647874204111e-08,", Learning rate:",9.794870639041964e-06,", Number of training points (boundary):",3000,", Number of training points (interior):",15000,", VRAM allocated:",0,", VRAM reserved:",0
115400,Training Loss:,1.6354301024534834e-08,", Learning rate:",9.794870639041964e-06,", Number of training points (boundary):",3000,", Number of training points (interior):",15000,", VRAM allocated:",0,", VRAM reserved:",0
115500,Training Loss:,1.5505163375451048e-08,", Learning rate:",9.794870639041964e-06,", Number of training points (boundary):",3000,", Number of training points (interior):",15000,", VRAM allocated:",0,", VRAM reserved:",0
115600,Training Loss:,1.5299002953383933e-08,", Learning rate:",9.794870639041964e-06,", Number of training points (boundary):",3000,", Number of training points (interior):",15000,", VRAM allocated:",0,", VRAM reserved:",0
115700,Training Loss:,1.9681243301761242e-08,", Learning rate:",9.794870639041964e-06,", Number of training points (boundary):",3000,", Number of training points (interior):",15000,", VRAM allocated:",0,", VRAM reserved:",0
115800,Training Loss:,1.745356392746089e-08,", Learning rate:",9.794870639041964e-06,", Number of training points (boundary):",3000,", Number of training points (interior):",15000,", VRAM allocated:",0,", VRAM reserved:",0
115900,Training Loss:,1.524792203611014e-08,", Learning rate:",9.794870639041964e-06,", Number of training points (boundary):",3000,", Number of training points (interior):",15000,", VRAM allocated:",0,", VRAM reserved:",0
116000,Training Loss:,1.5512583217969222e-08,", Learning rate:",9.598973226261125e-06,", Number of training points (boundary):",3000,", Number of training points (interior):",15000,", VRAM allocated:",0,", VRAM reserved:",0
116100,Training Loss:,1.478682420952282e-08,", Learning rate:",9.598973226261125e-06,", Number of training points (boundary):",3000,", Number of training points (interior):",15000,", VRAM allocated:",0,", VRAM reserved:",0
116200,Training Loss:,1.5061672797855863e-08,", Learning rate:",9.598973226261125e-06,", Number of training points (boundary):",3000,", Number of training points (interior):",15000,", VRAM allocated:",0,", VRAM reserved:",0
116300,Training Loss:,1.6278377756862028e-08,", Learning rate:",9.598973226261125e-06,", Number of training points (boundary):",3000,", Number of training points (interior):",15000,", VRAM allocated:",0,", VRAM reserved:",0
116400,Training Loss:,1.4831678996074515e-08,", Learning rate:",9.598973226261125e-06,", Number of training points (boundary):",3000,", Number of training points (interior):",15000,", VRAM allocated:",0,", VRAM reserved:",0
116500,Training Loss:,1.4724640173824355e-08,", Learning rate:",9.598973226261125e-06,", Number of training points (boundary):",3000,", Number of training points (interior):",15000,", VRAM allocated:",0,", VRAM reserved:",0
116600,Training Loss:,1.609029176563581e-08,", Learning rate:",9.598973226261125e-06,", Number of training points (boundary):",3000,", Number of training points (interior):",15000,", VRAM allocated:",0,", VRAM reserved:",0
116700,Training Loss:,1.5870837088982626e-08,", Learning rate:",9.598973226261125e-06,", Number of training points (boundary):",3000,", Number of training points (interior):",15000,", VRAM allocated:",0,", VRAM reserved:",0
116800,Training Loss:,1.4802568948368844e-08,", Learning rate:",9.598973226261125e-06,", Number of training points (boundary):",3000,", Number of training points (interior):",15000,", VRAM allocated:",0,", VRAM reserved:",0
116900,Training Loss:,1.571473795536349e-08,", Learning rate:",9.598973226261125e-06,", Number of training points (boundary):",3000,", Number of training points (interior):",15000,", VRAM allocated:",0,", VRAM reserved:",0
117000,Training Loss:,1.516629488662602e-08,", Learning rate:",9.406993761735902e-06,", Number of training points (boundary):",3000,", Number of training points (interior):",15000,", VRAM allocated:",0,", VRAM reserved:",0
117100,Training Loss:,1.5966779898235473e-08,", Learning rate:",9.406993761735902e-06,", Number of training points (boundary):",3000,", Number of training points (interior):",15000,", VRAM allocated:",0,", VRAM reserved:",0
117200,Training Loss:,1.4506785106505049e-08,", Learning rate:",9.406993761735902e-06,", Number of training points (boundary):",3000,", Number of training points (interior):",15000,", VRAM allocated:",0,", VRAM reserved:",0
117300,Training Loss:,1.4477736343110337e-08,", Learning rate:",9.406993761735902e-06,", Number of training points (boundary):",3000,", Number of training points (interior):",15000,", VRAM allocated:",0,", VRAM reserved:",0
117400,Training Loss:,1.5853991897074593e-08,", Learning rate:",9.406993761735902e-06,", Number of training points (boundary):",3000,", Number of training points (interior):",15000,", VRAM allocated:",0,", VRAM reserved:",0
117500,Training Loss:,1.4461460473569332e-08,", Learning rate:",9.406993761735902e-06,", Number of training points (boundary):",3000,", Number of training points (interior):",15000,", VRAM allocated:",0,", VRAM reserved:",0
117600,Training Loss:,1.643484637270376e-08,", Learning rate:",9.406993761735902e-06,", Number of training points (boundary):",3000,", Number of training points (interior):",15000,", VRAM allocated:",0,", VRAM reserved:",0
117700,Training Loss:,1.515077485692018e-08,", Learning rate:",9.406993761735902e-06,", Number of training points (boundary):",3000,", Number of training points (interior):",15000,", VRAM allocated:",0,", VRAM reserved:",0
117800,Training Loss:,1.4307950380043621e-08,", Learning rate:",9.406993761735902e-06,", Number of training points (boundary):",3000,", Number of training points (interior):",15000,", VRAM allocated:",0,", VRAM reserved:",0
117900,Training Loss:,1.4288388250349726e-08,", Learning rate:",9.406993761735902e-06,", Number of training points (boundary):",3000,", Number of training points (interior):",15000,", VRAM allocated:",0,", VRAM reserved:",0
118000,Training Loss:,2.1085906354301187e-08,", Learning rate:",9.218853886501183e-06,", Number of training points (boundary):",3000,", Number of training points (interior):",15000,", VRAM allocated:",0,", VRAM reserved:",0
118100,Training Loss:,1.4229295075551818e-08,", Learning rate:",9.218853886501183e-06,", Number of training points (boundary):",3000,", Number of training points (interior):",15000,", VRAM allocated:",0,", VRAM reserved:",0
118200,Training Loss:,1.4821168292655784e-08,", Learning rate:",9.218853886501183e-06,", Number of training points (boundary):",3000,", Number of training points (interior):",15000,", VRAM allocated:",0,", VRAM reserved:",0
118300,Training Loss:,1.430019658243964e-08,", Learning rate:",9.218853886501183e-06,", Number of training points (boundary):",3000,", Number of training points (interior):",15000,", VRAM allocated:",0,", VRAM reserved:",0
118400,Training Loss:,1.4230544742588336e-08,", Learning rate:",9.218853886501183e-06,", Number of training points (boundary):",3000,", Number of training points (interior):",15000,", VRAM allocated:",0,", VRAM reserved:",0
118500,Training Loss:,1.516185044181384e-08,", Learning rate:",9.218853886501183e-06,", Number of training points (boundary):",3000,", Number of training points (interior):",15000,", VRAM allocated:",0,", VRAM reserved:",0
118600,Training Loss:,1.547349448571822e-08,", Learning rate:",9.218853886501183e-06,", Number of training points (boundary):",3000,", Number of training points (interior):",15000,", VRAM allocated:",0,", VRAM reserved:",0
118700,Training Loss:,1.4200099762717855e-08,", Learning rate:",9.218853886501183e-06,", Number of training points (boundary):",3000,", Number of training points (interior):",15000,", VRAM allocated:",0,", VRAM reserved:",0
118800,Training Loss:,1.406561533912054e-08,", Learning rate:",9.218853886501183e-06,", Number of training points (boundary):",3000,", Number of training points (interior):",15000,", VRAM allocated:",0,", VRAM reserved:",0
118900,Training Loss:,1.4110440815784386e-08,", Learning rate:",9.218853886501183e-06,", Number of training points (boundary):",3000,", Number of training points (interior):",15000,", VRAM allocated:",0,", VRAM reserved:",0
119000,Training Loss:,1.5933480312924075e-08,", Learning rate:",9.03447680877116e-06,", Number of training points (boundary):",3000,", Number of training points (interior):",15000,", VRAM allocated:",0,", VRAM reserved:",0
119100,Training Loss:,1.760767531777674e-08,", Learning rate:",9.03447680877116e-06,", Number of training points (boundary):",3000,", Number of training points (interior):",15000,", VRAM allocated:",0,", VRAM reserved:",0
119200,Training Loss:,1.4522872682221077e-08,", Learning rate:",9.03447680877116e-06,", Number of training points (boundary):",3000,", Number of training points (interior):",15000,", VRAM allocated:",0,", VRAM reserved:",0
119300,Training Loss:,1.4573713791321552e-08,", Learning rate:",9.03447680877116e-06,", Number of training points (boundary):",3000,", Number of training points (interior):",15000,", VRAM allocated:",0,", VRAM reserved:",0
119400,Training Loss:,1.4430460382186538e-08,", Learning rate:",9.03447680877116e-06,", Number of training points (boundary):",3000,", Number of training points (interior):",15000,", VRAM allocated:",0,", VRAM reserved:",0
119500,Training Loss:,1.4710678009066669e-08,", Learning rate:",9.03447680877116e-06,", Number of training points (boundary):",3000,", Number of training points (interior):",15000,", VRAM allocated:",0,", VRAM reserved:",0
119600,Training Loss:,1.3902943685195623e-08,", Learning rate:",9.03447680877116e-06,", Number of training points (boundary):",3000,", Number of training points (interior):",15000,", VRAM allocated:",0,", VRAM reserved:",0
119700,Training Loss:,1.4423211958103366e-08,", Learning rate:",9.03447680877116e-06,", Number of training points (boundary):",3000,", Number of training points (interior):",15000,", VRAM allocated:",0,", VRAM reserved:",0
119800,Training Loss:,1.5321036883619854e-08,", Learning rate:",9.03447680877116e-06,", Number of training points (boundary):",3000,", Number of training points (interior):",15000,", VRAM allocated:",0,", VRAM reserved:",0
119900,Training Loss:,1.6313068229578676e-08,", Learning rate:",9.03447680877116e-06,", Number of training points (boundary):",3000,", Number of training points (interior):",15000,", VRAM allocated:",0,", VRAM reserved:",0
120000,Training Loss:,1.4347414811766157e-08,", Learning rate:",8.853787272595737e-06,", Number of training points (boundary):",3000,", Number of training points (interior):",15000,", VRAM allocated:",0,", VRAM reserved:",0
120100,Training Loss:,1.373480884581113e-08,", Learning rate:",8.853787272595737e-06,", Number of training points (boundary):",3000,", Number of training points (interior):",15000,", VRAM allocated:",0,", VRAM reserved:",0
120200,Training Loss:,1.371120372795076e-08,", Learning rate:",8.853787272595737e-06,", Number of training points (boundary):",3000,", Number of training points (interior):",15000,", VRAM allocated:",0,", VRAM reserved:",0
120300,Training Loss:,1.3973076029571985e-08,", Learning rate:",8.853787272595737e-06,", Number of training points (boundary):",3000,", Number of training points (interior):",15000,", VRAM allocated:",0,", VRAM reserved:",0
120400,Training Loss:,1.4379236468187173e-08,", Learning rate:",8.853787272595737e-06,", Number of training points (boundary):",3000,", Number of training points (interior):",15000,", VRAM allocated:",0,", VRAM reserved:",0
120500,Training Loss:,1.3784163144237027e-08,", Learning rate:",8.853787272595737e-06,", Number of training points (boundary):",3000,", Number of training points (interior):",15000,", VRAM allocated:",0,", VRAM reserved:",0
120600,Training Loss:,1.3740473647771978e-08,", Learning rate:",8.853787272595737e-06,", Number of training points (boundary):",3000,", Number of training points (interior):",15000,", VRAM allocated:",0,", VRAM reserved:",0
120700,Training Loss:,1.4386870361704496e-08,", Learning rate:",8.853787272595737e-06,", Number of training points (boundary):",3000,", Number of training points (interior):",15000,", VRAM allocated:",0,", VRAM reserved:",0
120800,Training Loss:,1.4305107320922161e-08,", Learning rate:",8.853787272595737e-06,", Number of training points (boundary):",3000,", Number of training points (interior):",15000,", VRAM allocated:",0,", VRAM reserved:",0
120900,Training Loss:,1.386548742488003e-08,", Learning rate:",8.853787272595737e-06,", Number of training points (boundary):",3000,", Number of training points (interior):",15000,", VRAM allocated:",0,", VRAM reserved:",0
121000,Training Loss:,1.406253513636102e-08,", Learning rate:",8.676711527143822e-06,", Number of training points (boundary):",3000,", Number of training points (interior):",15000,", VRAM allocated:",0,", VRAM reserved:",0
121100,Training Loss:,1.3949998489692916e-08,", Learning rate:",8.676711527143822e-06,", Number of training points (boundary):",3000,", Number of training points (interior):",15000,", VRAM allocated:",0,", VRAM reserved:",0
121200,Training Loss:,1.3554218192268763e-08,", Learning rate:",8.676711527143822e-06,", Number of training points (boundary):",3000,", Number of training points (interior):",15000,", VRAM allocated:",0,", VRAM reserved:",0
121300,Training Loss:,1.3459756864619976e-08,", Learning rate:",8.676711527143822e-06,", Number of training points (boundary):",3000,", Number of training points (interior):",15000,", VRAM allocated:",0,", VRAM reserved:",0
121400,Training Loss:,1.3427879252958519e-08,", Learning rate:",8.676711527143822e-06,", Number of training points (boundary):",3000,", Number of training points (interior):",15000,", VRAM allocated:",0,", VRAM reserved:",0
121500,Training Loss:,1.3689835931529615e-08,", Learning rate:",8.676711527143822e-06,", Number of training points (boundary):",3000,", Number of training points (interior):",15000,", VRAM allocated:",0,", VRAM reserved:",0
121600,Training Loss:,1.3423704814385928e-08,", Learning rate:",8.676711527143822e-06,", Number of training points (boundary):",3000,", Number of training points (interior):",15000,", VRAM allocated:",0,", VRAM reserved:",0
121700,Training Loss:,1.3361932005295785e-08,", Learning rate:",8.676711527143822e-06,", Number of training points (boundary):",3000,", Number of training points (interior):",15000,", VRAM allocated:",0,", VRAM reserved:",0
121800,Training Loss:,1.3370838658488537e-08,", Learning rate:",8.676711527143822e-06,", Number of training points (boundary):",3000,", Number of training points (interior):",15000,", VRAM allocated:",0,", VRAM reserved:",0
121900,Training Loss:,1.405240723784118e-08,", Learning rate:",8.676711527143822e-06,", Number of training points (boundary):",3000,", Number of training points (interior):",15000,", VRAM allocated:",0,", VRAM reserved:",0
122000,Training Loss:,1.518460024385604e-08,", Learning rate:",8.503177296600945e-06,", Number of training points (boundary):",3000,", Number of training points (interior):",15000,", VRAM allocated:",0,", VRAM reserved:",0
122100,Training Loss:,1.598160004334659e-08,", Learning rate:",8.503177296600945e-06,", Number of training points (boundary):",3000,", Number of training points (interior):",15000,", VRAM allocated:",0,", VRAM reserved:",0
122200,Training Loss:,1.394563220458167e-08,", Learning rate:",8.503177296600945e-06,", Number of training points (boundary):",3000,", Number of training points (interior):",15000,", VRAM allocated:",0,", VRAM reserved:",0
122300,Training Loss:,1.424246853787281e-08,", Learning rate:",8.503177296600945e-06,", Number of training points (boundary):",3000,", Number of training points (interior):",15000,", VRAM allocated:",0,", VRAM reserved:",0
122400,Training Loss:,1.4472682607902243e-08,", Learning rate:",8.503177296600945e-06,", Number of training points (boundary):",3000,", Number of training points (interior):",15000,", VRAM allocated:",0,", VRAM reserved:",0
122500,Training Loss:,1.3524831032896145e-08,", Learning rate:",8.503177296600945e-06,", Number of training points (boundary):",3000,", Number of training points (interior):",15000,", VRAM allocated:",0,", VRAM reserved:",0
122600,Training Loss:,1.3974608137345967e-08,", Learning rate:",8.503177296600945e-06,", Number of training points (boundary):",3000,", Number of training points (interior):",15000,", VRAM allocated:",0,", VRAM reserved:",0
122700,Training Loss:,1.3231217899090097e-08,", Learning rate:",8.503177296600945e-06,", Number of training points (boundary):",3000,", Number of training points (interior):",15000,", VRAM allocated:",0,", VRAM reserved:",0
122800,Training Loss:,1.3131506548802463e-08,", Learning rate:",8.503177296600945e-06,", Number of training points (boundary):",3000,", Number of training points (interior):",15000,", VRAM allocated:",0,", VRAM reserved:",0
122900,Training Loss:,1.3269547238792256e-08,", Learning rate:",8.503177296600945e-06,", Number of training points (boundary):",3000,", Number of training points (interior):",15000,", VRAM allocated:",0,", VRAM reserved:",0
123000,Training Loss:,1.4002840664772975e-08,", Learning rate:",8.333113750668926e-06,", Number of training points (boundary):",3000,", Number of training points (interior):",15000,", VRAM allocated:",0,", VRAM reserved:",0
123100,Training Loss:,1.3051223213267349e-08,", Learning rate:",8.333113750668926e-06,", Number of training points (boundary):",3000,", Number of training points (interior):",15000,", VRAM allocated:",0,", VRAM reserved:",0
123200,Training Loss:,1.3466092241287697e-08,", Learning rate:",8.333113750668926e-06,", Number of training points (boundary):",3000,", Number of training points (interior):",15000,", VRAM allocated:",0,", VRAM reserved:",0
123300,Training Loss:,1.3029081813442644e-08,", Learning rate:",8.333113750668926e-06,", Number of training points (boundary):",3000,", Number of training points (interior):",15000,", VRAM allocated:",0,", VRAM reserved:",0
123400,Training Loss:,1.3317214886399142e-08,", Learning rate:",8.333113750668926e-06,", Number of training points (boundary):",3000,", Number of training points (interior):",15000,", VRAM allocated:",0,", VRAM reserved:",0
123500,Training Loss:,1.3348004479496467e-08,", Learning rate:",8.333113750668926e-06,", Number of training points (boundary):",3000,", Number of training points (interior):",15000,", VRAM allocated:",0,", VRAM reserved:",0
123600,Training Loss:,1.2982853903054092e-08,", Learning rate:",8.333113750668926e-06,", Number of training points (boundary):",3000,", Number of training points (interior):",15000,", VRAM allocated:",0,", VRAM reserved:",0
123700,Training Loss:,1.40261642300743e-08,", Learning rate:",8.333113750668926e-06,", Number of training points (boundary):",3000,", Number of training points (interior):",15000,", VRAM allocated:",0,", VRAM reserved:",0
123800,Training Loss:,1.3847317958948224e-08,", Learning rate:",8.333113750668926e-06,", Number of training points (boundary):",3000,", Number of training points (interior):",15000,", VRAM allocated:",0,", VRAM reserved:",0
123900,Training Loss:,1.3279196409143879e-08,", Learning rate:",8.333113750668926e-06,", Number of training points (boundary):",3000,", Number of training points (interior):",15000,", VRAM allocated:",0,", VRAM reserved:",0
124000,Training Loss:,1.318897702162758e-08,", Learning rate:",8.166451475655548e-06,", Number of training points (boundary):",3000,", Number of training points (interior):",15000,", VRAM allocated:",0,", VRAM reserved:",0
124100,Training Loss:,1.2844111552112736e-08,", Learning rate:",8.166451475655548e-06,", Number of training points (boundary):",3000,", Number of training points (interior):",15000,", VRAM allocated:",0,", VRAM reserved:",0
124200,Training Loss:,1.2830397189134146e-08,", Learning rate:",8.166451475655548e-06,", Number of training points (boundary):",3000,", Number of training points (interior):",15000,", VRAM allocated:",0,", VRAM reserved:",0
124300,Training Loss:,1.3013007560402912e-08,", Learning rate:",8.166451475655548e-06,", Number of training points (boundary):",3000,", Number of training points (interior):",15000,", VRAM allocated:",0,", VRAM reserved:",0
124400,Training Loss:,1.2850292385735429e-08,", Learning rate:",8.166451475655548e-06,", Number of training points (boundary):",3000,", Number of training points (interior):",15000,", VRAM allocated:",0,", VRAM reserved:",0
124500,Training Loss:,1.2993010223283363e-08,", Learning rate:",8.166451475655548e-06,", Number of training points (boundary):",3000,", Number of training points (interior):",15000,", VRAM allocated:",0,", VRAM reserved:",0
124600,Training Loss:,1.2905687185593706e-08,", Learning rate:",8.166451475655548e-06,", Number of training points (boundary):",3000,", Number of training points (interior):",15000,", VRAM allocated:",0,", VRAM reserved:",0
124700,Training Loss:,1.3093646167305906e-08,", Learning rate:",8.166451475655548e-06,", Number of training points (boundary):",3000,", Number of training points (interior):",15000,", VRAM allocated:",0,", VRAM reserved:",0
124800,Training Loss:,1.2703630147825606e-08,", Learning rate:",8.166451475655548e-06,", Number of training points (boundary):",3000,", Number of training points (interior):",15000,", VRAM allocated:",0,", VRAM reserved:",0
124900,Training Loss:,1.2723815778770131e-08,", Learning rate:",8.166451475655548e-06,", Number of training points (boundary):",3000,", Number of training points (interior):",15000,", VRAM allocated:",0,", VRAM reserved:",0
125000,Training Loss:,1.27511583514206e-08,", Learning rate:",8.003122446142436e-06,", Number of training points (boundary):",3000,", Number of training points (interior):",15000,", VRAM allocated:",0,", VRAM reserved:",0
125100,Training Loss:,1.2651840464172892e-08,", Learning rate:",8.003122446142436e-06,", Number of training points (boundary):",3000,", Number of training points (interior):",15000,", VRAM allocated:",0,", VRAM reserved:",0
125200,Training Loss:,1.2626185430519854e-08,", Learning rate:",8.003122446142436e-06,", Number of training points (boundary):",3000,", Number of training points (interior):",15000,", VRAM allocated:",0,", VRAM reserved:",0
125300,Training Loss:,1.2605002375210006e-08,", Learning rate:",8.003122446142436e-06,", Number of training points (boundary):",3000,", Number of training points (interior):",15000,", VRAM allocated:",0,", VRAM reserved:",0
125400,Training Loss:,1.2589653763939168e-08,", Learning rate:",8.003122446142436e-06,", Number of training points (boundary):",3000,", Number of training points (interior):",15000,", VRAM allocated:",0,", VRAM reserved:",0
125500,Training Loss:,1.2592309417414072e-08,", Learning rate:",8.003122446142436e-06,", Number of training points (boundary):",3000,", Number of training points (interior):",15000,", VRAM allocated:",0,", VRAM reserved:",0
125600,Training Loss:,1.2620614775471495e-08,", Learning rate:",8.003122446142436e-06,", Number of training points (boundary):",3000,", Number of training points (interior):",15000,", VRAM allocated:",0,", VRAM reserved:",0
125700,Training Loss:,1.3112670060877463e-08,", Learning rate:",8.003122446142436e-06,", Number of training points (boundary):",3000,", Number of training points (interior):",15000,", VRAM allocated:",0,", VRAM reserved:",0
125800,Training Loss:,1.3218819816529503e-08,", Learning rate:",8.003122446142436e-06,", Number of training points (boundary):",3000,", Number of training points (interior):",15000,", VRAM allocated:",0,", VRAM reserved:",0
125900,Training Loss:,1.3347405847241589e-08,", Learning rate:",8.003122446142436e-06,", Number of training points (boundary):",3000,", Number of training points (interior):",15000,", VRAM allocated:",0,", VRAM reserved:",0
126000,Training Loss:,1.6583420858751197e-08,", Learning rate:",7.843059997219587e-06,", Number of training points (boundary):",3000,", Number of training points (interior):",15000,", VRAM allocated:",0,", VRAM reserved:",0
126100,Training Loss:,1.2451099706822788e-08,", Learning rate:",7.843059997219587e-06,", Number of training points (boundary):",3000,", Number of training points (interior):",15000,", VRAM allocated:",0,", VRAM reserved:",0
126200,Training Loss:,1.26409753775647e-08,", Learning rate:",7.843059997219587e-06,", Number of training points (boundary):",3000,", Number of training points (interior):",15000,", VRAM allocated:",0,", VRAM reserved:",0
126300,Training Loss:,1.5007605824735037e-08,", Learning rate:",7.843059997219587e-06,", Number of training points (boundary):",3000,", Number of training points (interior):",15000,", VRAM allocated:",0,", VRAM reserved:",0
126400,Training Loss:,1.2432295193320897e-08,", Learning rate:",7.843059997219587e-06,", Number of training points (boundary):",3000,", Number of training points (interior):",15000,", VRAM allocated:",0,", VRAM reserved:",0
126500,Training Loss:,1.258867055042856e-08,", Learning rate:",7.843059997219587e-06,", Number of training points (boundary):",3000,", Number of training points (interior):",15000,", VRAM allocated:",0,", VRAM reserved:",0
126600,Training Loss:,1.2358042589255547e-08,", Learning rate:",7.843059997219587e-06,", Number of training points (boundary):",3000,", Number of training points (interior):",15000,", VRAM allocated:",0,", VRAM reserved:",0
126700,Training Loss:,1.2372909807822907e-08,", Learning rate:",7.843059997219587e-06,", Number of training points (boundary):",3000,", Number of training points (interior):",15000,", VRAM allocated:",0,", VRAM reserved:",0
126800,Training Loss:,1.2320796827225422e-08,", Learning rate:",7.843059997219587e-06,", Number of training points (boundary):",3000,", Number of training points (interior):",15000,", VRAM allocated:",0,", VRAM reserved:",0
126900,Training Loss:,1.2340091615214988e-08,", Learning rate:",7.843059997219587e-06,", Number of training points (boundary):",3000,", Number of training points (interior):",15000,", VRAM allocated:",0,", VRAM reserved:",0
127000,Training Loss:,1.276966621333031e-08,", Learning rate:",7.686198797275195e-06,", Number of training points (boundary):",3000,", Number of training points (interior):",15000,", VRAM allocated:",0,", VRAM reserved:",0
127100,Training Loss:,1.3730735659578386e-08,", Learning rate:",7.686198797275195e-06,", Number of training points (boundary):",3000,", Number of training points (interior):",15000,", VRAM allocated:",0,", VRAM reserved:",0
127200,Training Loss:,1.2655712922082785e-08,", Learning rate:",7.686198797275195e-06,", Number of training points (boundary):",3000,", Number of training points (interior):",15000,", VRAM allocated:",0,", VRAM reserved:",0
127300,Training Loss:,1.2375139135656354e-08,", Learning rate:",7.686198797275195e-06,", Number of training points (boundary):",3000,", Number of training points (interior):",15000,", VRAM allocated:",0,", VRAM reserved:",0
127400,Training Loss:,1.257549175903705e-08,", Learning rate:",7.686198797275195e-06,", Number of training points (boundary):",3000,", Number of training points (interior):",15000,", VRAM allocated:",0,", VRAM reserved:",0
127500,Training Loss:,1.2801058879574612e-08,", Learning rate:",7.686198797275195e-06,", Number of training points (boundary):",3000,", Number of training points (interior):",15000,", VRAM allocated:",0,", VRAM reserved:",0
127600,Training Loss:,1.2238834834477075e-08,", Learning rate:",7.686198797275195e-06,", Number of training points (boundary):",3000,", Number of training points (interior):",15000,", VRAM allocated:",0,", VRAM reserved:",0
127700,Training Loss:,1.3187150038618256e-08,", Learning rate:",7.686198797275195e-06,", Number of training points (boundary):",3000,", Number of training points (interior):",15000,", VRAM allocated:",0,", VRAM reserved:",0
127800,Training Loss:,1.381712078085684e-08,", Learning rate:",7.686198797275195e-06,", Number of training points (boundary):",3000,", Number of training points (interior):",15000,", VRAM allocated:",0,", VRAM reserved:",0
127900,Training Loss:,1.2544583150031485e-08,", Learning rate:",7.686198797275195e-06,", Number of training points (boundary):",3000,", Number of training points (interior):",15000,", VRAM allocated:",0,", VRAM reserved:",0
128000,Training Loss:,1.2389926418165942e-08,", Learning rate:",7.532474821329691e-06,", Number of training points (boundary):",3000,", Number of training points (interior):",15000,", VRAM allocated:",0,", VRAM reserved:",0
128100,Training Loss:,1.2199333099260912e-08,", Learning rate:",7.532474821329691e-06,", Number of training points (boundary):",3000,", Number of training points (interior):",15000,", VRAM allocated:",0,", VRAM reserved:",0
128200,Training Loss:,1.2101884827586673e-08,", Learning rate:",7.532474821329691e-06,", Number of training points (boundary):",3000,", Number of training points (interior):",15000,", VRAM allocated:",0,", VRAM reserved:",0
128300,Training Loss:,1.3809496657302134e-08,", Learning rate:",7.532474821329691e-06,", Number of training points (boundary):",3000,", Number of training points (interior):",15000,", VRAM allocated:",0,", VRAM reserved:",0
128400,Training Loss:,1.2137246763188614e-08,", Learning rate:",7.532474821329691e-06,", Number of training points (boundary):",3000,", Number of training points (interior):",15000,", VRAM allocated:",0,", VRAM reserved:",0
128500,Training Loss:,1.2300329643721852e-08,", Learning rate:",7.532474821329691e-06,", Number of training points (boundary):",3000,", Number of training points (interior):",15000,", VRAM allocated:",0,", VRAM reserved:",0
128600,Training Loss:,1.2149543593409362e-08,", Learning rate:",7.532474821329691e-06,", Number of training points (boundary):",3000,", Number of training points (interior):",15000,", VRAM allocated:",0,", VRAM reserved:",0
128700,Training Loss:,1.2109271807503319e-08,", Learning rate:",7.532474821329691e-06,", Number of training points (boundary):",3000,", Number of training points (interior):",15000,", VRAM allocated:",0,", VRAM reserved:",0
128800,Training Loss:,1.2006652561069586e-08,", Learning rate:",7.532474821329691e-06,", Number of training points (boundary):",3000,", Number of training points (interior):",15000,", VRAM allocated:",0,", VRAM reserved:",0
128900,Training Loss:,1.200406352097616e-08,", Learning rate:",7.532474821329691e-06,", Number of training points (boundary):",3000,", Number of training points (interior):",15000,", VRAM allocated:",0,", VRAM reserved:",0
129000,Training Loss:,1.3389145792075396e-08,", Learning rate:",7.381825324903097e-06,", Number of training points (boundary):",3000,", Number of training points (interior):",15000,", VRAM allocated:",0,", VRAM reserved:",0
129100,Training Loss:,1.1932573151796078e-08,", Learning rate:",7.381825324903097e-06,", Number of training points (boundary):",3000,", Number of training points (interior):",15000,", VRAM allocated:",0,", VRAM reserved:",0
129200,Training Loss:,1.1901017948900972e-08,", Learning rate:",7.381825324903097e-06,", Number of training points (boundary):",3000,", Number of training points (interior):",15000,", VRAM allocated:",0,", VRAM reserved:",0
129300,Training Loss:,1.3791652264671939e-08,", Learning rate:",7.381825324903097e-06,", Number of training points (boundary):",3000,", Number of training points (interior):",15000,", VRAM allocated:",0,", VRAM reserved:",0
129400,Training Loss:,1.25335199996357e-08,", Learning rate:",7.381825324903097e-06,", Number of training points (boundary):",3000,", Number of training points (interior):",15000,", VRAM allocated:",0,", VRAM reserved:",0
129500,Training Loss:,1.1957701495646234e-08,", Learning rate:",7.381825324903097e-06,", Number of training points (boundary):",3000,", Number of training points (interior):",15000,", VRAM allocated:",0,", VRAM reserved:",0
129600,Training Loss:,1.1849229153426677e-08,", Learning rate:",7.381825324903097e-06,", Number of training points (boundary):",3000,", Number of training points (interior):",15000,", VRAM allocated:",0,", VRAM reserved:",0
129700,Training Loss:,1.1920765707884584e-08,", Learning rate:",7.381825324903097e-06,", Number of training points (boundary):",3000,", Number of training points (interior):",15000,", VRAM allocated:",0,", VRAM reserved:",0
129800,Training Loss:,1.1834324631365689e-08,", Learning rate:",7.381825324903097e-06,", Number of training points (boundary):",3000,", Number of training points (interior):",15000,", VRAM allocated:",0,", VRAM reserved:",0
129900,Training Loss:,1.1865316729142705e-08,", Learning rate:",7.381825324903097e-06,", Number of training points (boundary):",3000,", Number of training points (interior):",15000,", VRAM allocated:",0,", VRAM reserved:",0
130000,Training Loss:,1.3213427685343504e-08,", Learning rate:",7.234188818405035e-06,", Number of training points (boundary):",3000,", Number of training points (interior):",15000,", VRAM allocated:",0,", VRAM reserved:",0
130100,Training Loss:,1.1748792161370147e-08,", Learning rate:",7.234188818405035e-06,", Number of training points (boundary):",3000,", Number of training points (interior):",15000,", VRAM allocated:",0,", VRAM reserved:",0
130200,Training Loss:,1.2013687822332031e-08,", Learning rate:",7.234188818405035e-06,", Number of training points (boundary):",3000,", Number of training points (interior):",15000,", VRAM allocated:",0,", VRAM reserved:",0
130300,Training Loss:,1.1736539740070384e-08,", Learning rate:",7.234188818405035e-06,", Number of training points (boundary):",3000,", Number of training points (interior):",15000,", VRAM allocated:",0,", VRAM reserved:",0
130400,Training Loss:,1.1713621184128442e-08,", Learning rate:",7.234188818405035e-06,", Number of training points (boundary):",3000,", Number of training points (interior):",15000,", VRAM allocated:",0,", VRAM reserved:",0
130500,Training Loss:,1.185686215876558e-08,", Learning rate:",7.234188818405035e-06,", Number of training points (boundary):",3000,", Number of training points (interior):",15000,", VRAM allocated:",0,", VRAM reserved:",0
130600,Training Loss:,1.1679698985744835e-08,", Learning rate:",7.234188818405035e-06,", Number of training points (boundary):",3000,", Number of training points (interior):",15000,", VRAM allocated:",0,", VRAM reserved:",0
130700,Training Loss:,1.1658948473325381e-08,", Learning rate:",7.234188818405035e-06,", Number of training points (boundary):",3000,", Number of training points (interior):",15000,", VRAM allocated:",0,", VRAM reserved:",0
130800,Training Loss:,1.169002139533859e-08,", Learning rate:",7.234188818405035e-06,", Number of training points (boundary):",3000,", Number of training points (interior):",15000,", VRAM allocated:",0,", VRAM reserved:",0
130900,Training Loss:,1.2449595132579816e-08,", Learning rate:",7.234188818405035e-06,", Number of training points (boundary):",3000,", Number of training points (interior):",15000,", VRAM allocated:",0,", VRAM reserved:",0
131000,Training Loss:,1.3142390287157468e-08,", Learning rate:",7.089505042036934e-06,", Number of training points (boundary):",3000,", Number of training points (interior):",15000,", VRAM allocated:",0,", VRAM reserved:",0
131100,Training Loss:,1.159384854787504e-08,", Learning rate:",7.089505042036934e-06,", Number of training points (boundary):",3000,", Number of training points (interior):",15000,", VRAM allocated:",0,", VRAM reserved:",0
131200,Training Loss:,1.157507512061784e-08,", Learning rate:",7.089505042036934e-06,", Number of training points (boundary):",3000,", Number of training points (interior):",15000,", VRAM allocated:",0,", VRAM reserved:",0
131300,Training Loss:,1.1670784338946305e-08,", Learning rate:",7.089505042036934e-06,", Number of training points (boundary):",3000,", Number of training points (interior):",15000,", VRAM allocated:",0,", VRAM reserved:",0
131400,Training Loss:,1.1552165446460094e-08,", Learning rate:",7.089505042036934e-06,", Number of training points (boundary):",3000,", Number of training points (interior):",15000,", VRAM allocated:",0,", VRAM reserved:",0
131500,Training Loss:,1.1537799160521445e-08,", Learning rate:",7.089505042036934e-06,", Number of training points (boundary):",3000,", Number of training points (interior):",15000,", VRAM allocated:",0,", VRAM reserved:",0
131600,Training Loss:,1.1579815328843779e-08,", Learning rate:",7.089505042036934e-06,", Number of training points (boundary):",3000,", Number of training points (interior):",15000,", VRAM allocated:",0,", VRAM reserved:",0
131700,Training Loss:,1.272743155311673e-08,", Learning rate:",7.089505042036934e-06,", Number of training points (boundary):",3000,", Number of training points (interior):",15000,", VRAM allocated:",0,", VRAM reserved:",0
131800,Training Loss:,1.1482770290172084e-08,", Learning rate:",7.089505042036934e-06,", Number of training points (boundary):",3000,", Number of training points (interior):",15000,", VRAM allocated:",0,", VRAM reserved:",0
131900,Training Loss:,1.147715256166748e-08,", Learning rate:",7.089505042036934e-06,", Number of training points (boundary):",3000,", Number of training points (interior):",15000,", VRAM allocated:",0,", VRAM reserved:",0
132000,Training Loss:,1.2566916396394845e-08,", Learning rate:",6.947714941196195e-06,", Number of training points (boundary):",3000,", Number of training points (interior):",15000,", VRAM allocated:",0,", VRAM reserved:",0
132100,Training Loss:,1.1436156022170962e-08,", Learning rate:",6.947714941196195e-06,", Number of training points (boundary):",3000,", Number of training points (interior):",15000,", VRAM allocated:",0,", VRAM reserved:",0
132200,Training Loss:,1.142434413736737e-08,", Learning rate:",6.947714941196195e-06,", Number of training points (boundary):",3000,", Number of training points (interior):",15000,", VRAM allocated:",0,", VRAM reserved:",0
132300,Training Loss:,1.1406852351569796e-08,", Learning rate:",6.947714941196195e-06,", Number of training points (boundary):",3000,", Number of training points (interior):",15000,", VRAM allocated:",0,", VRAM reserved:",0
132400,Training Loss:,1.1390921095255635e-08,", Learning rate:",6.947714941196195e-06,", Number of training points (boundary):",3000,", Number of training points (interior):",15000,", VRAM allocated:",0,", VRAM reserved:",0
132500,Training Loss:,1.1391383836212299e-08,", Learning rate:",6.947714941196195e-06,", Number of training points (boundary):",3000,", Number of training points (interior):",15000,", VRAM allocated:",0,", VRAM reserved:",0
132600,Training Loss:,1.1378810782503024e-08,", Learning rate:",6.947714941196195e-06,", Number of training points (boundary):",3000,", Number of training points (interior):",15000,", VRAM allocated:",0,", VRAM reserved:",0
132700,Training Loss:,1.1458862303470596e-08,", Learning rate:",6.947714941196195e-06,", Number of training points (boundary):",3000,", Number of training points (interior):",15000,", VRAM allocated:",0,", VRAM reserved:",0
132800,Training Loss:,1.141368510815255e-08,", Learning rate:",6.947714941196195e-06,", Number of training points (boundary):",3000,", Number of training points (interior):",15000,", VRAM allocated:",0,", VRAM reserved:",0
132900,Training Loss:,1.1320477000253959e-08,", Learning rate:",6.947714941196195e-06,", Number of training points (boundary):",3000,", Number of training points (interior):",15000,", VRAM allocated:",0,", VRAM reserved:",0
133000,Training Loss:,1.145775563315965e-08,", Learning rate:",6.808760642372271e-06,", Number of training points (boundary):",3000,", Number of training points (interior):",15000,", VRAM allocated:",0,", VRAM reserved:",0
133100,Training Loss:,1.1286113377195761e-08,", Learning rate:",6.808760642372271e-06,", Number of training points (boundary):",3000,", Number of training points (interior):",15000,", VRAM allocated:",0,", VRAM reserved:",0
133200,Training Loss:,1.1290096857408116e-08,", Learning rate:",6.808760642372271e-06,", Number of training points (boundary):",3000,", Number of training points (interior):",15000,", VRAM allocated:",0,", VRAM reserved:",0
133300,Training Loss:,1.1257561993716081e-08,", Learning rate:",6.808760642372271e-06,", Number of training points (boundary):",3000,", Number of training points (interior):",15000,", VRAM allocated:",0,", VRAM reserved:",0
133400,Training Loss:,1.1245612441257435e-08,", Learning rate:",6.808760642372271e-06,", Number of training points (boundary):",3000,", Number of training points (interior):",15000,", VRAM allocated:",0,", VRAM reserved:",0
133500,Training Loss:,1.1535115085337111e-08,", Learning rate:",6.808760642372271e-06,", Number of training points (boundary):",3000,", Number of training points (interior):",15000,", VRAM allocated:",0,", VRAM reserved:",0
133600,Training Loss:,1.210148070640571e-08,", Learning rate:",6.808760642372271e-06,", Number of training points (boundary):",3000,", Number of training points (interior):",15000,", VRAM allocated:",0,", VRAM reserved:",0
133700,Training Loss:,1.2753178957325417e-08,", Learning rate:",6.808760642372271e-06,", Number of training points (boundary):",3000,", Number of training points (interior):",15000,", VRAM allocated:",0,", VRAM reserved:",0
133800,Training Loss:,1.1184933867980362e-08,", Learning rate:",6.808760642372271e-06,", Number of training points (boundary):",3000,", Number of training points (interior):",15000,", VRAM allocated:",0,", VRAM reserved:",0
133900,Training Loss:,1.1257937693187614e-08,", Learning rate:",6.808760642372271e-06,", Number of training points (boundary):",3000,", Number of training points (interior):",15000,", VRAM allocated:",0,", VRAM reserved:",0
134000,Training Loss:,1.3480025984335953e-08,", Learning rate:",6.672585429524826e-06,", Number of training points (boundary):",3000,", Number of training points (interior):",15000,", VRAM allocated:",0,", VRAM reserved:",0
134100,Training Loss:,1.1142550881970692e-08,", Learning rate:",6.672585429524826e-06,", Number of training points (boundary):",3000,", Number of training points (interior):",15000,", VRAM allocated:",0,", VRAM reserved:",0
134200,Training Loss:,1.5316679480292805e-08,", Learning rate:",6.672585429524826e-06,", Number of training points (boundary):",3000,", Number of training points (interior):",15000,", VRAM allocated:",0,", VRAM reserved:",0
134300,Training Loss:,1.1113813869201294e-08,", Learning rate:",6.672585429524826e-06,", Number of training points (boundary):",3000,", Number of training points (interior):",15000,", VRAM allocated:",0,", VRAM reserved:",0
134400,Training Loss:,1.1168959979102056e-08,", Learning rate:",6.672585429524826e-06,", Number of training points (boundary):",3000,", Number of training points (interior):",15000,", VRAM allocated:",0,", VRAM reserved:",0
134500,Training Loss:,1.414955352885272e-08,", Learning rate:",6.672585429524826e-06,", Number of training points (boundary):",3000,", Number of training points (interior):",15000,", VRAM allocated:",0,", VRAM reserved:",0
134600,Training Loss:,1.1088199691755563e-08,", Learning rate:",6.672585429524826e-06,", Number of training points (boundary):",3000,", Number of training points (interior):",15000,", VRAM allocated:",0,", VRAM reserved:",0
134700,Training Loss:,1.106270541839649e-08,", Learning rate:",6.672585429524826e-06,", Number of training points (boundary):",3000,", Number of training points (interior):",15000,", VRAM allocated:",0,", VRAM reserved:",0
134800,Training Loss:,1.1072248895516168e-08,", Learning rate:",6.672585429524826e-06,", Number of training points (boundary):",3000,", Number of training points (interior):",15000,", VRAM allocated:",0,", VRAM reserved:",0
134900,Training Loss:,1.1498773488938241e-08,", Learning rate:",6.672585429524826e-06,", Number of training points (boundary):",3000,", Number of training points (interior):",15000,", VRAM allocated:",0,", VRAM reserved:",0
135000,Training Loss:,1.1614253558889231e-08,", Learning rate:",6.539133720934329e-06,", Number of training points (boundary):",3000,", Number of training points (interior):",15000,", VRAM allocated:",0,", VRAM reserved:",0
135100,Training Loss:,1.1003687738764256e-08,", Learning rate:",6.539133720934329e-06,", Number of training points (boundary):",3000,", Number of training points (interior):",15000,", VRAM allocated:",0,", VRAM reserved:",0
135200,Training Loss:,1.1014828160682555e-08,", Learning rate:",6.539133720934329e-06,", Number of training points (boundary):",3000,", Number of training points (interior):",15000,", VRAM allocated:",0,", VRAM reserved:",0
135300,Training Loss:,1.1030311775073187e-08,", Learning rate:",6.539133720934329e-06,", Number of training points (boundary):",3000,", Number of training points (interior):",15000,", VRAM allocated:",0,", VRAM reserved:",0
135400,Training Loss:,1.0977093900521595e-08,", Learning rate:",6.539133720934329e-06,", Number of training points (boundary):",3000,", Number of training points (interior):",15000,", VRAM allocated:",0,", VRAM reserved:",0
135500,Training Loss:,1.0960280683036672e-08,", Learning rate:",6.539133720934329e-06,", Number of training points (boundary):",3000,", Number of training points (interior):",15000,", VRAM allocated:",0,", VRAM reserved:",0
135600,Training Loss:,1.4312125706794632e-08,", Learning rate:",6.539133720934329e-06,", Number of training points (boundary):",3000,", Number of training points (interior):",15000,", VRAM allocated:",0,", VRAM reserved:",0
135700,Training Loss:,1.0921943349728735e-08,", Learning rate:",6.539133720934329e-06,", Number of training points (boundary):",3000,", Number of training points (interior):",15000,", VRAM allocated:",0,", VRAM reserved:",0
135800,Training Loss:,1.1027145419006956e-08,", Learning rate:",6.539133720934329e-06,", Number of training points (boundary):",3000,", Number of training points (interior):",15000,", VRAM allocated:",0,", VRAM reserved:",0
135900,Training Loss:,1.115760195347093e-08,", Learning rate:",6.539133720934329e-06,", Number of training points (boundary):",3000,", Number of training points (interior):",15000,", VRAM allocated:",0,", VRAM reserved:",0
136000,Training Loss:,1.105539126911026e-08,", Learning rate:",6.408351046515642e-06,", Number of training points (boundary):",3000,", Number of training points (interior):",15000,", VRAM allocated:",0,", VRAM reserved:",0
136100,Training Loss:,1.0869017685877225e-08,", Learning rate:",6.408351046515642e-06,", Number of training points (boundary):",3000,", Number of training points (interior):",15000,", VRAM allocated:",0,", VRAM reserved:",0
136200,Training Loss:,1.0908918213203833e-08,", Learning rate:",6.408351046515642e-06,", Number of training points (boundary):",3000,", Number of training points (interior):",15000,", VRAM allocated:",0,", VRAM reserved:",0
136300,Training Loss:,1.1171472635851387e-08,", Learning rate:",6.408351046515642e-06,", Number of training points (boundary):",3000,", Number of training points (interior):",15000,", VRAM allocated:",0,", VRAM reserved:",0
136400,Training Loss:,1.0830799368477528e-08,", Learning rate:",6.408351046515642e-06,", Number of training points (boundary):",3000,", Number of training points (interior):",15000,", VRAM allocated:",0,", VRAM reserved:",0
136500,Training Loss:,1.1005960587340269e-08,", Learning rate:",6.408351046515642e-06,", Number of training points (boundary):",3000,", Number of training points (interior):",15000,", VRAM allocated:",0,", VRAM reserved:",0
136600,Training Loss:,1.0817768014703688e-08,", Learning rate:",6.408351046515642e-06,", Number of training points (boundary):",3000,", Number of training points (interior):",15000,", VRAM allocated:",0,", VRAM reserved:",0
136700,Training Loss:,1.0799729999177998e-08,", Learning rate:",6.408351046515642e-06,", Number of training points (boundary):",3000,", Number of training points (interior):",15000,", VRAM allocated:",0,", VRAM reserved:",0
136800,Training Loss:,1.0809920958365637e-08,", Learning rate:",6.408351046515642e-06,", Number of training points (boundary):",3000,", Number of training points (interior):",15000,", VRAM allocated:",0,", VRAM reserved:",0
136900,Training Loss:,1.080742340064944e-08,", Learning rate:",6.408351046515642e-06,", Number of training points (boundary):",3000,", Number of training points (interior):",15000,", VRAM allocated:",0,", VRAM reserved:",0
137000,Training Loss:,1.0758932411647493e-08,", Learning rate:",6.280184025585329e-06,", Number of training points (boundary):",3000,", Number of training points (interior):",15000,", VRAM allocated:",0,", VRAM reserved:",0
137100,Training Loss:,1.073823518993322e-08,", Learning rate:",6.280184025585329e-06,", Number of training points (boundary):",3000,", Number of training points (interior):",15000,", VRAM allocated:",0,", VRAM reserved:",0
137200,Training Loss:,1.0731771027394643e-08,", Learning rate:",6.280184025585329e-06,", Number of training points (boundary):",3000,", Number of training points (interior):",15000,", VRAM allocated:",0,", VRAM reserved:",0
137300,Training Loss:,1.1770774577257725e-08,", Learning rate:",6.280184025585329e-06,", Number of training points (boundary):",3000,", Number of training points (interior):",15000,", VRAM allocated:",0,", VRAM reserved:",0
137400,Training Loss:,1.0775656811290446e-08,", Learning rate:",6.280184025585329e-06,", Number of training points (boundary):",3000,", Number of training points (interior):",15000,", VRAM allocated:",0,", VRAM reserved:",0
137500,Training Loss:,1.0694089169760446e-08,", Learning rate:",6.280184025585329e-06,", Number of training points (boundary):",3000,", Number of training points (interior):",15000,", VRAM allocated:",0,", VRAM reserved:",0
137600,Training Loss:,1.0679586992523582e-08,", Learning rate:",6.280184025585329e-06,", Number of training points (boundary):",3000,", Number of training points (interior):",15000,", VRAM allocated:",0,", VRAM reserved:",0
137700,Training Loss:,1.0673306682917882e-08,", Learning rate:",6.280184025585329e-06,", Number of training points (boundary):",3000,", Number of training points (interior):",15000,", VRAM allocated:",0,", VRAM reserved:",0
137800,Training Loss:,1.0666399319347875e-08,", Learning rate:",6.280184025585329e-06,", Number of training points (boundary):",3000,", Number of training points (interior):",15000,", VRAM allocated:",0,", VRAM reserved:",0
137900,Training Loss:,1.0676445505453103e-08,", Learning rate:",6.280184025585329e-06,", Number of training points (boundary):",3000,", Number of training points (interior):",15000,", VRAM allocated:",0,", VRAM reserved:",0
138000,Training Loss:,1.0652735582539208e-08,", Learning rate:",6.154580345073622e-06,", Number of training points (boundary):",3000,", Number of training points (interior):",15000,", VRAM allocated:",0,", VRAM reserved:",0
138100,Training Loss:,1.0978429720864824e-08,", Learning rate:",6.154580345073622e-06,", Number of training points (boundary):",3000,", Number of training points (interior):",15000,", VRAM allocated:",0,", VRAM reserved:",0
138200,Training Loss:,1.0964770424948256e-08,", Learning rate:",6.154580345073622e-06,", Number of training points (boundary):",3000,", Number of training points (interior):",15000,", VRAM allocated:",0,", VRAM reserved:",0
138300,Training Loss:,1.1014687828492242e-08,", Learning rate:",6.154580345073622e-06,", Number of training points (boundary):",3000,", Number of training points (interior):",15000,", VRAM allocated:",0,", VRAM reserved:",0
138400,Training Loss:,1.3280389232761536e-08,", Learning rate:",6.154580345073622e-06,", Number of training points (boundary):",3000,", Number of training points (interior):",15000,", VRAM allocated:",0,", VRAM reserved:",0
138500,Training Loss:,1.069111466023287e-08,", Learning rate:",6.154580345073622e-06,", Number of training points (boundary):",3000,", Number of training points (interior):",15000,", VRAM allocated:",0,", VRAM reserved:",0
138600,Training Loss:,1.0551326035113107e-08,", Learning rate:",6.154580345073622e-06,", Number of training points (boundary):",3000,", Number of training points (interior):",15000,", VRAM allocated:",0,", VRAM reserved:",0
138700,Training Loss:,1.0538991013220311e-08,", Learning rate:",6.154580345073622e-06,", Number of training points (boundary):",3000,", Number of training points (interior):",15000,", VRAM allocated:",0,", VRAM reserved:",0
138800,Training Loss:,1.065071408845597e-08,", Learning rate:",6.154580345073622e-06,", Number of training points (boundary):",3000,", Number of training points (interior):",15000,", VRAM allocated:",0,", VRAM reserved:",0
138900,Training Loss:,1.0513954151747384e-08,", Learning rate:",6.154580345073622e-06,", Number of training points (boundary):",3000,", Number of training points (interior):",15000,", VRAM allocated:",0,", VRAM reserved:",0
139000,Training Loss:,1.0502556158087373e-08,", Learning rate:",6.0314887381721495e-06,", Number of training points (boundary):",3000,", Number of training points (interior):",15000,", VRAM allocated:",0,", VRAM reserved:",0
139100,Training Loss:,1.048893771837811e-08,", Learning rate:",6.0314887381721495e-06,", Number of training points (boundary):",3000,", Number of training points (interior):",15000,", VRAM allocated:",0,", VRAM reserved:",0
139200,Training Loss:,1.0479888068459786e-08,", Learning rate:",6.0314887381721495e-06,", Number of training points (boundary):",3000,", Number of training points (interior):",15000,", VRAM allocated:",0,", VRAM reserved:",0
139300,Training Loss:,1.0465592836794713e-08,", Learning rate:",6.0314887381721495e-06,", Number of training points (boundary):",3000,", Number of training points (interior):",15000,", VRAM allocated:",0,", VRAM reserved:",0
139400,Training Loss:,1.0467265276759008e-08,", Learning rate:",6.0314887381721495e-06,", Number of training points (boundary):",3000,", Number of training points (interior):",15000,", VRAM allocated:",0,", VRAM reserved:",0
139500,Training Loss:,1.1955744838587634e-08,", Learning rate:",6.0314887381721495e-06,", Number of training points (boundary):",3000,", Number of training points (interior):",15000,", VRAM allocated:",0,", VRAM reserved:",0
139600,Training Loss:,1.078103384344331e-08,", Learning rate:",6.0314887381721495e-06,", Number of training points (boundary):",3000,", Number of training points (interior):",15000,", VRAM allocated:",0,", VRAM reserved:",0
139700,Training Loss:,1.0419434204322897e-08,", Learning rate:",6.0314887381721495e-06,", Number of training points (boundary):",3000,", Number of training points (interior):",15000,", VRAM allocated:",0,", VRAM reserved:",0
139800,Training Loss:,1.0405600825436068e-08,", Learning rate:",6.0314887381721495e-06,", Number of training points (boundary):",3000,", Number of training points (interior):",15000,", VRAM allocated:",0,", VRAM reserved:",0
139900,Training Loss:,1.04256470123687e-08,", Learning rate:",6.0314887381721495e-06,", Number of training points (boundary):",3000,", Number of training points (interior):",15000,", VRAM allocated:",0,", VRAM reserved:",0
140000,Training Loss:,1.0385753590469449e-08,", Learning rate:",5.910858963408706e-06,", Number of training points (boundary):",3000,", Number of training points (interior):",15000,", VRAM allocated:",0,", VRAM reserved:",0
140100,Training Loss:,1.4007632387347257e-08,", Learning rate:",5.910858963408706e-06,", Number of training points (boundary):",3000,", Number of training points (interior):",15000,", VRAM allocated:",0,", VRAM reserved:",0
140200,Training Loss:,1.0361132396496942e-08,", Learning rate:",5.910858963408706e-06,", Number of training points (boundary):",3000,", Number of training points (interior):",15000,", VRAM allocated:",0,", VRAM reserved:",0
140300,Training Loss:,1.242037850346378e-08,", Learning rate:",5.910858963408706e-06,", Number of training points (boundary):",3000,", Number of training points (interior):",15000,", VRAM allocated:",0,", VRAM reserved:",0
140400,Training Loss:,1.0335091005231334e-08,", Learning rate:",5.910858963408706e-06,", Number of training points (boundary):",3000,", Number of training points (interior):",15000,", VRAM allocated:",0,", VRAM reserved:",0
140500,Training Loss:,1.0472157363494716e-08,", Learning rate:",5.910858963408706e-06,", Number of training points (boundary):",3000,", Number of training points (interior):",15000,", VRAM allocated:",0,", VRAM reserved:",0
140600,Training Loss:,1.0315636345126222e-08,", Learning rate:",5.910858963408706e-06,", Number of training points (boundary):",3000,", Number of training points (interior):",15000,", VRAM allocated:",0,", VRAM reserved:",0
140700,Training Loss:,1.0316605347782115e-08,", Learning rate:",5.910858963408706e-06,", Number of training points (boundary):",3000,", Number of training points (interior):",15000,", VRAM allocated:",0,", VRAM reserved:",0
140800,Training Loss:,1.029514962169742e-08,", Learning rate:",5.910858963408706e-06,", Number of training points (boundary):",3000,", Number of training points (interior):",15000,", VRAM allocated:",0,", VRAM reserved:",0
140900,Training Loss:,1.0440595943350672e-08,", Learning rate:",5.910858963408706e-06,", Number of training points (boundary):",3000,", Number of training points (interior):",15000,", VRAM allocated:",0,", VRAM reserved:",0
141000,Training Loss:,1.0468932387652785e-08,", Learning rate:",5.7926417841405314e-06,", Number of training points (boundary):",3000,", Number of training points (interior):",15000,", VRAM allocated:",0,", VRAM reserved:",0
141100,Training Loss:,1.2186104569877898e-08,", Learning rate:",5.7926417841405314e-06,", Number of training points (boundary):",3000,", Number of training points (interior):",15000,", VRAM allocated:",0,", VRAM reserved:",0
141200,Training Loss:,1.0264803229631525e-08,", Learning rate:",5.7926417841405314e-06,", Number of training points (boundary):",3000,", Number of training points (interior):",15000,", VRAM allocated:",0,", VRAM reserved:",0
141300,Training Loss:,1.02326520590168e-08,", Learning rate:",5.7926417841405314e-06,", Number of training points (boundary):",3000,", Number of training points (interior):",15000,", VRAM allocated:",0,", VRAM reserved:",0
141400,Training Loss:,1.0245218895477137e-08,", Learning rate:",5.7926417841405314e-06,", Number of training points (boundary):",3000,", Number of training points (interior):",15000,", VRAM allocated:",0,", VRAM reserved:",0
141500,Training Loss:,1.0209514123005192e-08,", Learning rate:",5.7926417841405314e-06,", Number of training points (boundary):",3000,", Number of training points (interior):",15000,", VRAM allocated:",0,", VRAM reserved:",0
141600,Training Loss:,1.0206400169465724e-08,", Learning rate:",5.7926417841405314e-06,", Number of training points (boundary):",3000,", Number of training points (interior):",15000,", VRAM allocated:",0,", VRAM reserved:",0
141700,Training Loss:,1.0293820018603128e-08,", Learning rate:",5.7926417841405314e-06,", Number of training points (boundary):",3000,", Number of training points (interior):",15000,", VRAM allocated:",0,", VRAM reserved:",0
141800,Training Loss:,1.019595430307163e-08,", Learning rate:",5.7926417841405314e-06,", Number of training points (boundary):",3000,", Number of training points (interior):",15000,", VRAM allocated:",0,", VRAM reserved:",0
141900,Training Loss:,1.0173253350842515e-08,", Learning rate:",5.7926417841405314e-06,", Number of training points (boundary):",3000,", Number of training points (interior):",15000,", VRAM allocated:",0,", VRAM reserved:",0
142000,Training Loss:,1.0154641572057699e-08,", Learning rate:",5.676788948457721e-06,", Number of training points (boundary):",3000,", Number of training points (interior):",15000,", VRAM allocated:",0,", VRAM reserved:",0
142100,Training Loss:,1.0144259654509824e-08,", Learning rate:",5.676788948457721e-06,", Number of training points (boundary):",3000,", Number of training points (interior):",15000,", VRAM allocated:",0,", VRAM reserved:",0
142200,Training Loss:,1.0131868677376588e-08,", Learning rate:",5.676788948457721e-06,", Number of training points (boundary):",3000,", Number of training points (interior):",15000,", VRAM allocated:",0,", VRAM reserved:",0
142300,Training Loss:,1.0129022953719868e-08,", Learning rate:",5.676788948457721e-06,", Number of training points (boundary):",3000,", Number of training points (interior):",15000,", VRAM allocated:",0,", VRAM reserved:",0
142400,Training Loss:,1.0170962738698108e-08,", Learning rate:",5.676788948457721e-06,", Number of training points (boundary):",3000,", Number of training points (interior):",15000,", VRAM allocated:",0,", VRAM reserved:",0
142500,Training Loss:,1.1717520287390926e-08,", Learning rate:",5.676788948457721e-06,", Number of training points (boundary):",3000,", Number of training points (interior):",15000,", VRAM allocated:",0,", VRAM reserved:",0
142600,Training Loss:,1.0171348208132258e-08,", Learning rate:",5.676788948457721e-06,", Number of training points (boundary):",3000,", Number of training points (interior):",15000,", VRAM allocated:",0,", VRAM reserved:",0
142700,Training Loss:,1.0151810947434114e-08,", Learning rate:",5.676788948457721e-06,", Number of training points (boundary):",3000,", Number of training points (interior):",15000,", VRAM allocated:",0,", VRAM reserved:",0
142800,Training Loss:,1.0066740330216817e-08,", Learning rate:",5.676788948457721e-06,", Number of training points (boundary):",3000,", Number of training points (interior):",15000,", VRAM allocated:",0,", VRAM reserved:",0
142900,Training Loss:,1.005858596414555e-08,", Learning rate:",5.676788948457721e-06,", Number of training points (boundary):",3000,", Number of training points (interior):",15000,", VRAM allocated:",0,", VRAM reserved:",0
143000,Training Loss:,1.0178638376601157e-08,", Learning rate:",5.5632531694885665e-06,", Number of training points (boundary):",3000,", Number of training points (interior):",15000,", VRAM allocated:",0,", VRAM reserved:",0
143100,Training Loss:,1.0033841313372704e-08,", Learning rate:",5.5632531694885665e-06,", Number of training points (boundary):",3000,", Number of training points (interior):",15000,", VRAM allocated:",0,", VRAM reserved:",0
143200,Training Loss:,1.0435932118468827e-08,", Learning rate:",5.5632531694885665e-06,", Number of training points (boundary):",3000,", Number of training points (interior):",15000,", VRAM allocated:",0,", VRAM reserved:",0
143300,Training Loss:,1.09676623338828e-08,", Learning rate:",5.5632531694885665e-06,", Number of training points (boundary):",3000,", Number of training points (interior):",15000,", VRAM allocated:",0,", VRAM reserved:",0
143400,Training Loss:,1.3959272848751425e-08,", Learning rate:",5.5632531694885665e-06,", Number of training points (boundary):",3000,", Number of training points (interior):",15000,", VRAM allocated:",0,", VRAM reserved:",0
143500,Training Loss:,9.991032001721578e-09,", Learning rate:",5.5632531694885665e-06,", Number of training points (boundary):",3000,", Number of training points (interior):",15000,", VRAM allocated:",0,", VRAM reserved:",0
143600,Training Loss:,1.0200914779545656e-08,", Learning rate:",5.5632531694885665e-06,", Number of training points (boundary):",3000,", Number of training points (interior):",15000,", VRAM allocated:",0,", VRAM reserved:",0
143700,Training Loss:,1.0002056072266896e-08,", Learning rate:",5.5632531694885665e-06,", Number of training points (boundary):",3000,", Number of training points (interior):",15000,", VRAM allocated:",0,", VRAM reserved:",0
143800,Training Loss:,9.967885183925773e-09,", Learning rate:",5.5632531694885665e-06,", Number of training points (boundary):",3000,", Number of training points (interior):",15000,", VRAM allocated:",0,", VRAM reserved:",0
143900,Training Loss:,9.961715008444116e-09,", Learning rate:",5.5632531694885665e-06,", Number of training points (boundary):",3000,", Number of training points (interior):",15000,", VRAM allocated:",0,", VRAM reserved:",0
144000,Training Loss:,9.985503091058945e-09,", Learning rate:",5.451988106098795e-06,", Number of training points (boundary):",3000,", Number of training points (interior):",15000,", VRAM allocated:",0,", VRAM reserved:",0
144100,Training Loss:,9.930951172520963e-09,", Learning rate:",5.451988106098795e-06,", Number of training points (boundary):",3000,", Number of training points (interior):",15000,", VRAM allocated:",0,", VRAM reserved:",0
144200,Training Loss:,9.921131471912759e-09,", Learning rate:",5.451988106098795e-06,", Number of training points (boundary):",3000,", Number of training points (interior):",15000,", VRAM allocated:",0,", VRAM reserved:",0
144300,Training Loss:,9.9578549850321e-09,", Learning rate:",5.451988106098795e-06,", Number of training points (boundary):",3000,", Number of training points (interior):",15000,", VRAM allocated:",0,", VRAM reserved:",0
144400,Training Loss:,1.0570653685704201e-08,", Learning rate:",5.451988106098795e-06,", Number of training points (boundary):",3000,", Number of training points (interior):",15000,", VRAM allocated:",0,", VRAM reserved:",0
144500,Training Loss:,1.0058833765924646e-08,", Learning rate:",5.451988106098795e-06,", Number of training points (boundary):",3000,", Number of training points (interior):",15000,", VRAM allocated:",0,", VRAM reserved:",0
144600,Training Loss:,1.044427744290033e-08,", Learning rate:",5.451988106098795e-06,", Number of training points (boundary):",3000,", Number of training points (interior):",15000,", VRAM allocated:",0,", VRAM reserved:",0
144700,Training Loss:,9.867110684069758e-09,", Learning rate:",5.451988106098795e-06,", Number of training points (boundary):",3000,", Number of training points (interior):",15000,", VRAM allocated:",0,", VRAM reserved:",0
144800,Training Loss:,9.871246930970301e-09,", Learning rate:",5.451988106098795e-06,", Number of training points (boundary):",3000,", Number of training points (interior):",15000,", VRAM allocated:",0,", VRAM reserved:",0
144900,Training Loss:,9.938835532352641e-09,", Learning rate:",5.451988106098795e-06,", Number of training points (boundary):",3000,", Number of training points (interior):",15000,", VRAM allocated:",0,", VRAM reserved:",0
145000,Training Loss:,9.965550162860382e-09,", Learning rate:",5.3429483439768186e-06,", Number of training points (boundary):",3000,", Number of training points (interior):",15000,", VRAM allocated:",0,", VRAM reserved:",0
145100,Training Loss:,9.83073000782042e-09,", Learning rate:",5.3429483439768186e-06,", Number of training points (boundary):",3000,", Number of training points (interior):",15000,", VRAM allocated:",0,", VRAM reserved:",0
145200,Training Loss:,9.972626280330132e-09,", Learning rate:",5.3429483439768186e-06,", Number of training points (boundary):",3000,", Number of training points (interior):",15000,", VRAM allocated:",0,", VRAM reserved:",0
145300,Training Loss:,9.968801784054904e-09,", Learning rate:",5.3429483439768186e-06,", Number of training points (boundary):",3000,", Number of training points (interior):",15000,", VRAM allocated:",0,", VRAM reserved:",0
145400,Training Loss:,9.818244883774696e-09,", Learning rate:",5.3429483439768186e-06,", Number of training points (boundary):",3000,", Number of training points (interior):",15000,", VRAM allocated:",0,", VRAM reserved:",0
145500,Training Loss:,9.805845024857263e-09,", Learning rate:",5.3429483439768186e-06,", Number of training points (boundary):",3000,", Number of training points (interior):",15000,", VRAM allocated:",0,", VRAM reserved:",0
145600,Training Loss:,1.0064380440155674e-08,", Learning rate:",5.3429483439768186e-06,", Number of training points (boundary):",3000,", Number of training points (interior):",15000,", VRAM allocated:",0,", VRAM reserved:",0
145700,Training Loss:,9.836440106880673e-09,", Learning rate:",5.3429483439768186e-06,", Number of training points (boundary):",3000,", Number of training points (interior):",15000,", VRAM allocated:",0,", VRAM reserved:",0
145800,Training Loss:,9.786366383934819e-09,", Learning rate:",5.3429483439768186e-06,", Number of training points (boundary):",3000,", Number of training points (interior):",15000,", VRAM allocated:",0,", VRAM reserved:",0
145900,Training Loss:,9.746978335556378e-09,", Learning rate:",5.3429483439768186e-06,", Number of training points (boundary):",3000,", Number of training points (interior):",15000,", VRAM allocated:",0,", VRAM reserved:",0
146000,Training Loss:,9.740097617338961e-09,", Learning rate:",5.236089377097282e-06,", Number of training points (boundary):",3000,", Number of training points (interior):",15000,", VRAM allocated:",0,", VRAM reserved:",0
146100,Training Loss:,9.726158545220187e-09,", Learning rate:",5.236089377097282e-06,", Number of training points (boundary):",3000,", Number of training points (interior):",15000,", VRAM allocated:",0,", VRAM reserved:",0
146200,Training Loss:,1.0624694901650855e-08,", Learning rate:",5.236089377097282e-06,", Number of training points (boundary):",3000,", Number of training points (interior):",15000,", VRAM allocated:",0,", VRAM reserved:",0
146300,Training Loss:,9.706440984302844e-09,", Learning rate:",5.236089377097282e-06,", Number of training points (boundary):",3000,", Number of training points (interior):",15000,", VRAM allocated:",0,", VRAM reserved:",0
146400,Training Loss:,9.785609655921235e-09,", Learning rate:",5.236089377097282e-06,", Number of training points (boundary):",3000,", Number of training points (interior):",15000,", VRAM allocated:",0,", VRAM reserved:",0
146500,Training Loss:,9.687075142039703e-09,", Learning rate:",5.236089377097282e-06,", Number of training points (boundary):",3000,", Number of training points (interior):",15000,", VRAM allocated:",0,", VRAM reserved:",0
146600,Training Loss:,9.680351631402573e-09,", Learning rate:",5.236089377097282e-06,", Number of training points (boundary):",3000,", Number of training points (interior):",15000,", VRAM allocated:",0,", VRAM reserved:",0
146700,Training Loss:,9.73186864428044e-09,", Learning rate:",5.236089377097282e-06,", Number of training points (boundary):",3000,", Number of training points (interior):",15000,", VRAM allocated:",0,", VRAM reserved:",0
146800,Training Loss:,9.679474999302329e-09,", Learning rate:",5.236089377097282e-06,", Number of training points (boundary):",3000,", Number of training points (interior):",15000,", VRAM allocated:",0,", VRAM reserved:",0
146900,Training Loss:,9.650249488402096e-09,", Learning rate:",5.236089377097282e-06,", Number of training points (boundary):",3000,", Number of training points (interior):",15000,", VRAM allocated:",0,", VRAM reserved:",0
147000,Training Loss:,9.663038369467358e-09,", Learning rate:",5.131367589555337e-06,", Number of training points (boundary):",3000,", Number of training points (interior):",15000,", VRAM allocated:",0,", VRAM reserved:",0
147100,Training Loss:,9.628801755923178e-09,", Learning rate:",5.131367589555337e-06,", Number of training points (boundary):",3000,", Number of training points (interior):",15000,", VRAM allocated:",0,", VRAM reserved:",0
147200,Training Loss:,9.644999465763249e-09,", Learning rate:",5.131367589555337e-06,", Number of training points (boundary):",3000,", Number of training points (interior):",15000,", VRAM allocated:",0,", VRAM reserved:",0
147300,Training Loss:,9.60966328733548e-09,", Learning rate:",5.131367589555337e-06,", Number of training points (boundary):",3000,", Number of training points (interior):",15000,", VRAM allocated:",0,", VRAM reserved:",0
147400,Training Loss:,9.601619943566675e-09,", Learning rate:",5.131367589555337e-06,", Number of training points (boundary):",3000,", Number of training points (interior):",15000,", VRAM allocated:",0,", VRAM reserved:",0
147500,Training Loss:,9.592147520720573e-09,", Learning rate:",5.131367589555337e-06,", Number of training points (boundary):",3000,", Number of training points (interior):",15000,", VRAM allocated:",0,", VRAM reserved:",0
147600,Training Loss:,9.596974770431643e-09,", Learning rate:",5.131367589555337e-06,", Number of training points (boundary):",3000,", Number of training points (interior):",15000,", VRAM allocated:",0,", VRAM reserved:",0
147700,Training Loss:,1.035254726389212e-08,", Learning rate:",5.131367589555337e-06,", Number of training points (boundary):",3000,", Number of training points (interior):",15000,", VRAM allocated:",0,", VRAM reserved:",0
147800,Training Loss:,9.600293893186063e-09,", Learning rate:",5.131367589555337e-06,", Number of training points (boundary):",3000,", Number of training points (interior):",15000,", VRAM allocated:",0,", VRAM reserved:",0
147900,Training Loss:,9.560558567045518e-09,", Learning rate:",5.131367589555337e-06,", Number of training points (boundary):",3000,", Number of training points (interior):",15000,", VRAM allocated:",0,", VRAM reserved:",0
148000,Training Loss:,9.553943414175592e-09,", Learning rate:",5.0287402377642295e-06,", Number of training points (boundary):",3000,", Number of training points (interior):",15000,", VRAM allocated:",0,", VRAM reserved:",0
148100,Training Loss:,1.0103242686909653e-08,", Learning rate:",5.0287402377642295e-06,", Number of training points (boundary):",3000,", Number of training points (interior):",15000,", VRAM allocated:",0,", VRAM reserved:",0
148200,Training Loss:,9.525387589803813e-09,", Learning rate:",5.0287402377642295e-06,", Number of training points (boundary):",3000,", Number of training points (interior):",15000,", VRAM allocated:",0,", VRAM reserved:",0
148300,Training Loss:,9.703340353439671e-09,", Learning rate:",5.0287402377642295e-06,", Number of training points (boundary):",3000,", Number of training points (interior):",15000,", VRAM allocated:",0,", VRAM reserved:",0
148400,Training Loss:,9.908249332113428e-09,", Learning rate:",5.0287402377642295e-06,", Number of training points (boundary):",3000,", Number of training points (interior):",15000,", VRAM allocated:",0,", VRAM reserved:",0
148500,Training Loss:,9.497661324076034e-09,", Learning rate:",5.0287402377642295e-06,", Number of training points (boundary):",3000,", Number of training points (interior):",15000,", VRAM allocated:",0,", VRAM reserved:",0
148600,Training Loss:,9.500748632262912e-09,", Learning rate:",5.0287402377642295e-06,", Number of training points (boundary):",3000,", Number of training points (interior):",15000,", VRAM allocated:",0,", VRAM reserved:",0
148700,Training Loss:,9.767837205743035e-09,", Learning rate:",5.0287402377642295e-06,", Number of training points (boundary):",3000,", Number of training points (interior):",15000,", VRAM allocated:",0,", VRAM reserved:",0
148800,Training Loss:,9.471277095940422e-09,", Learning rate:",5.0287402377642295e-06,", Number of training points (boundary):",3000,", Number of training points (interior):",15000,", VRAM allocated:",0,", VRAM reserved:",0
148900,Training Loss:,9.462258532266787e-09,", Learning rate:",5.0287402377642295e-06,", Number of training points (boundary):",3000,", Number of training points (interior):",15000,", VRAM allocated:",0,", VRAM reserved:",0
149000,Training Loss:,9.626239361182343e-09,", Learning rate:",4.928165433008945e-06,", Number of training points (boundary):",3000,", Number of training points (interior):",15000,", VRAM allocated:",0,", VRAM reserved:",0
149100,Training Loss:,9.44267508629082e-09,", Learning rate:",4.928165433008945e-06,", Number of training points (boundary):",3000,", Number of training points (interior):",15000,", VRAM allocated:",0,", VRAM reserved:",0
149200,Training Loss:,9.471909478975249e-09,", Learning rate:",4.928165433008945e-06,", Number of training points (boundary):",3000,", Number of training points (interior):",15000,", VRAM allocated:",0,", VRAM reserved:",0
149300,Training Loss:,9.533769329550523e-09,", Learning rate:",4.928165433008945e-06,", Number of training points (boundary):",3000,", Number of training points (interior):",15000,", VRAM allocated:",0,", VRAM reserved:",0
149400,Training Loss:,9.418685387174719e-09,", Learning rate:",4.928165433008945e-06,", Number of training points (boundary):",3000,", Number of training points (interior):",15000,", VRAM allocated:",0,", VRAM reserved:",0
149500,Training Loss:,9.442919335356237e-09,", Learning rate:",4.928165433008945e-06,", Number of training points (boundary):",3000,", Number of training points (interior):",15000,", VRAM allocated:",0,", VRAM reserved:",0
149600,Training Loss:,9.405477285895358e-09,", Learning rate:",4.928165433008945e-06,", Number of training points (boundary):",3000,", Number of training points (interior):",15000,", VRAM allocated:",0,", VRAM reserved:",0
149700,Training Loss:,9.414310220279276e-09,", Learning rate:",4.928165433008945e-06,", Number of training points (boundary):",3000,", Number of training points (interior):",15000,", VRAM allocated:",0,", VRAM reserved:",0
149800,Training Loss:,9.381637688932187e-09,", Learning rate:",4.928165433008945e-06,", Number of training points (boundary):",3000,", Number of training points (interior):",15000,", VRAM allocated:",0,", VRAM reserved:",0
149900,Training Loss:,9.641041742725065e-09,", Learning rate:",4.928165433008945e-06,", Number of training points (boundary):",3000,", Number of training points (interior):",15000,", VRAM allocated:",0,", VRAM reserved:",0
150000,Training Loss:,9.36204980206412e-09,", Learning rate:",4.829602124348766e-06,", Number of training points (boundary):",3000,", Number of training points (interior):",15000,", VRAM allocated:",0,", VRAM reserved:",0
150100,Training Loss:,1.0047673804081114e-08,", Learning rate:",4.829602124348766e-06,", Number of training points (boundary):",3000,", Number of training points (interior):",15000,", VRAM allocated:",0,", VRAM reserved:",0
150200,Training Loss:,9.448525517541384e-09,", Learning rate:",4.829602124348766e-06,", Number of training points (boundary):",3000,", Number of training points (interior):",15000,", VRAM allocated:",0,", VRAM reserved:",0
150300,Training Loss:,9.337564499389828e-09,", Learning rate:",4.829602124348766e-06,", Number of training points (boundary):",3000,", Number of training points (interior):",15000,", VRAM allocated:",0,", VRAM reserved:",0
150400,Training Loss:,9.356759811396387e-09,", Learning rate:",4.829602124348766e-06,", Number of training points (boundary):",3000,", Number of training points (interior):",15000,", VRAM allocated:",0,", VRAM reserved:",0
150500,Training Loss:,9.38740374323288e-09,", Learning rate:",4.829602124348766e-06,", Number of training points (boundary):",3000,", Number of training points (interior):",15000,", VRAM allocated:",0,", VRAM reserved:",0
150600,Training Loss:,9.310303639153972e-09,", Learning rate:",4.829602124348766e-06,", Number of training points (boundary):",3000,", Number of training points (interior):",15000,", VRAM allocated:",0,", VRAM reserved:",0
150700,Training Loss:,9.305026082984114e-09,", Learning rate:",4.829602124348766e-06,", Number of training points (boundary):",3000,", Number of training points (interior):",15000,", VRAM allocated:",0,", VRAM reserved:",0
150800,Training Loss:,1.1451204429135942e-08,", Learning rate:",4.829602124348766e-06,", Number of training points (boundary):",3000,", Number of training points (interior):",15000,", VRAM allocated:",0,", VRAM reserved:",0
150900,Training Loss:,9.28335719407869e-09,", Learning rate:",4.829602124348766e-06,", Number of training points (boundary):",3000,", Number of training points (interior):",15000,", VRAM allocated:",0,", VRAM reserved:",0
151000,Training Loss:,9.383271049046016e-09,", Learning rate:",4.733010081861791e-06,", Number of training points (boundary):",3000,", Number of training points (interior):",15000,", VRAM allocated:",0,", VRAM reserved:",0
151100,Training Loss:,1.1009795741756534e-08,", Learning rate:",4.733010081861791e-06,", Number of training points (boundary):",3000,", Number of training points (interior):",15000,", VRAM allocated:",0,", VRAM reserved:",0
151200,Training Loss:,9.257252742145283e-09,", Learning rate:",4.733010081861791e-06,", Number of training points (boundary):",3000,", Number of training points (interior):",15000,", VRAM allocated:",0,", VRAM reserved:",0
151300,Training Loss:,9.286606150737953e-09,", Learning rate:",4.733010081861791e-06,", Number of training points (boundary):",3000,", Number of training points (interior):",15000,", VRAM allocated:",0,", VRAM reserved:",0
151400,Training Loss:,1.02123323131309e-08,", Learning rate:",4.733010081861791e-06,", Number of training points (boundary):",3000,", Number of training points (interior):",15000,", VRAM allocated:",0,", VRAM reserved:",0
151500,Training Loss:,9.439367509855856e-09,", Learning rate:",4.733010081861791e-06,", Number of training points (boundary):",3000,", Number of training points (interior):",15000,", VRAM allocated:",0,", VRAM reserved:",0
151600,Training Loss:,9.233818154541495e-09,", Learning rate:",4.733010081861791e-06,", Number of training points (boundary):",3000,", Number of training points (interior):",15000,", VRAM allocated:",0,", VRAM reserved:",0
151700,Training Loss:,9.352503660409184e-09,", Learning rate:",4.733010081861791e-06,", Number of training points (boundary):",3000,", Number of training points (interior):",15000,", VRAM allocated:",0,", VRAM reserved:",0
151800,Training Loss:,9.589032679002685e-09,", Learning rate:",4.733010081861791e-06,", Number of training points (boundary):",3000,", Number of training points (interior):",15000,", VRAM allocated:",0,", VRAM reserved:",0
151900,Training Loss:,9.50404199784316e-09,", Learning rate:",4.733010081861791e-06,", Number of training points (boundary):",3000,", Number of training points (interior):",15000,", VRAM allocated:",0,", VRAM reserved:",0
152000,Training Loss:,9.199134787252206e-09,", Learning rate:",4.638349880224555e-06,", Number of training points (boundary):",3000,", Number of training points (interior):",15000,", VRAM allocated:",0,", VRAM reserved:",0
152100,Training Loss:,9.295575864598504e-09,", Learning rate:",4.638349880224555e-06,", Number of training points (boundary):",3000,", Number of training points (interior):",15000,", VRAM allocated:",0,", VRAM reserved:",0
152200,Training Loss:,9.172030246418217e-09,", Learning rate:",4.638349880224555e-06,", Number of training points (boundary):",3000,", Number of training points (interior):",15000,", VRAM allocated:",0,", VRAM reserved:",0
152300,Training Loss:,9.1710736782602e-09,", Learning rate:",4.638349880224555e-06,", Number of training points (boundary):",3000,", Number of training points (interior):",15000,", VRAM allocated:",0,", VRAM reserved:",0
152400,Training Loss:,1.0069259204215086e-08,", Learning rate:",4.638349880224555e-06,", Number of training points (boundary):",3000,", Number of training points (interior):",15000,", VRAM allocated:",0,", VRAM reserved:",0
152500,Training Loss:,9.147335333636875e-09,", Learning rate:",4.638349880224555e-06,", Number of training points (boundary):",3000,", Number of training points (interior):",15000,", VRAM allocated:",0,", VRAM reserved:",0
152600,Training Loss:,9.321793115191213e-09,", Learning rate:",4.638349880224555e-06,", Number of training points (boundary):",3000,", Number of training points (interior):",15000,", VRAM allocated:",0,", VRAM reserved:",0
152700,Training Loss:,9.133849232512148e-09,", Learning rate:",4.638349880224555e-06,", Number of training points (boundary):",3000,", Number of training points (interior):",15000,", VRAM allocated:",0,", VRAM reserved:",0
152800,Training Loss:,9.132469003247934e-09,", Learning rate:",4.638349880224555e-06,", Number of training points (boundary):",3000,", Number of training points (interior):",15000,", VRAM allocated:",0,", VRAM reserved:",0
152900,Training Loss:,9.117003152425696e-09,", Learning rate:",4.638349880224555e-06,", Number of training points (boundary):",3000,", Number of training points (interior):",15000,", VRAM allocated:",0,", VRAM reserved:",0
153000,Training Loss:,9.119711208427361e-09,", Learning rate:",4.545582882620064e-06,", Number of training points (boundary):",3000,", Number of training points (interior):",15000,", VRAM allocated:",0,", VRAM reserved:",0
153100,Training Loss:,9.097907316402143e-09,", Learning rate:",4.545582882620064e-06,", Number of training points (boundary):",3000,", Number of training points (interior):",15000,", VRAM allocated:",0,", VRAM reserved:",0
153200,Training Loss:,9.284195634506887e-09,", Learning rate:",4.545582882620064e-06,", Number of training points (boundary):",3000,", Number of training points (interior):",15000,", VRAM allocated:",0,", VRAM reserved:",0
153300,Training Loss:,9.118135579910813e-09,", Learning rate:",4.545582882620064e-06,", Number of training points (boundary):",3000,", Number of training points (interior):",15000,", VRAM allocated:",0,", VRAM reserved:",0
153400,Training Loss:,9.073602313947049e-09,", Learning rate:",4.545582882620064e-06,", Number of training points (boundary):",3000,", Number of training points (interior):",15000,", VRAM allocated:",0,", VRAM reserved:",0
153500,Training Loss:,9.178394044795368e-09,", Learning rate:",4.545582882620064e-06,", Number of training points (boundary):",3000,", Number of training points (interior):",15000,", VRAM allocated:",0,", VRAM reserved:",0
153600,Training Loss:,9.058026329000768e-09,", Learning rate:",4.545582882620064e-06,", Number of training points (boundary):",3000,", Number of training points (interior):",15000,", VRAM allocated:",0,", VRAM reserved:",0
153700,Training Loss:,9.148402035918934e-09,", Learning rate:",4.545582882620064e-06,", Number of training points (boundary):",3000,", Number of training points (interior):",15000,", VRAM allocated:",0,", VRAM reserved:",0
153800,Training Loss:,9.139494494547762e-09,", Learning rate:",4.545582882620064e-06,", Number of training points (boundary):",3000,", Number of training points (interior):",15000,", VRAM allocated:",0,", VRAM reserved:",0
153900,Training Loss:,9.037479209439425e-09,", Learning rate:",4.545582882620064e-06,", Number of training points (boundary):",3000,", Number of training points (interior):",15000,", VRAM allocated:",0,", VRAM reserved:",0
154000,Training Loss:,9.033963799254252e-09,", Learning rate:",4.454671224967663e-06,", Number of training points (boundary):",3000,", Number of training points (interior):",15000,", VRAM allocated:",0,", VRAM reserved:",0
154100,Training Loss:,9.098114261973933e-09,", Learning rate:",4.454671224967663e-06,", Number of training points (boundary):",3000,", Number of training points (interior):",15000,", VRAM allocated:",0,", VRAM reserved:",0
154200,Training Loss:,9.009215595767728e-09,", Learning rate:",4.454671224967663e-06,", Number of training points (boundary):",3000,", Number of training points (interior):",15000,", VRAM allocated:",0,", VRAM reserved:",0
154300,Training Loss:,9.007604440114392e-09,", Learning rate:",4.454671224967663e-06,", Number of training points (boundary):",3000,", Number of training points (interior):",15000,", VRAM allocated:",0,", VRAM reserved:",0
154400,Training Loss:,8.993083611130714e-09,", Learning rate:",4.454671224967663e-06,", Number of training points (boundary):",3000,", Number of training points (interior):",15000,", VRAM allocated:",0,", VRAM reserved:",0
154500,Training Loss:,9.008149781664088e-09,", Learning rate:",4.454671224967663e-06,", Number of training points (boundary):",3000,", Number of training points (interior):",15000,", VRAM allocated:",0,", VRAM reserved:",0
154600,Training Loss:,1.0161520513918276e-08,", Learning rate:",4.454671224967663e-06,", Number of training points (boundary):",3000,", Number of training points (interior):",15000,", VRAM allocated:",0,", VRAM reserved:",0
154700,Training Loss:,8.970155285226156e-09,", Learning rate:",4.454671224967663e-06,", Number of training points (boundary):",3000,", Number of training points (interior):",15000,", VRAM allocated:",0,", VRAM reserved:",0
154800,Training Loss:,8.970709508560049e-09,", Learning rate:",4.454671224967663e-06,", Number of training points (boundary):",3000,", Number of training points (interior):",15000,", VRAM allocated:",0,", VRAM reserved:",0
154900,Training Loss:,8.956313912733549e-09,", Learning rate:",4.454671224967663e-06,", Number of training points (boundary):",3000,", Number of training points (interior):",15000,", VRAM allocated:",0,", VRAM reserved:",0
155000,Training Loss:,1.0061117272641695e-08,", Learning rate:",4.365577800468309e-06,", Number of training points (boundary):",3000,", Number of training points (interior):",15000,", VRAM allocated:",0,", VRAM reserved:",0
155100,Training Loss:,8.938485507314908e-09,", Learning rate:",4.365577800468309e-06,", Number of training points (boundary):",3000,", Number of training points (interior):",15000,", VRAM allocated:",0,", VRAM reserved:",0
155200,Training Loss:,1.0045380527401448e-08,", Learning rate:",4.365577800468309e-06,", Number of training points (boundary):",3000,", Number of training points (interior):",15000,", VRAM allocated:",0,", VRAM reserved:",0
155300,Training Loss:,8.9225160593287e-09,", Learning rate:",4.365577800468309e-06,", Number of training points (boundary):",3000,", Number of training points (interior):",15000,", VRAM allocated:",0,", VRAM reserved:",0
155400,Training Loss:,9.057460559347419e-09,", Learning rate:",4.365577800468309e-06,", Number of training points (boundary):",3000,", Number of training points (interior):",15000,", VRAM allocated:",0,", VRAM reserved:",0
155500,Training Loss:,9.003010781327703e-09,", Learning rate:",4.365577800468309e-06,", Number of training points (boundary):",3000,", Number of training points (interior):",15000,", VRAM allocated:",0,", VRAM reserved:",0
155600,Training Loss:,8.914033955420564e-09,", Learning rate:",4.365577800468309e-06,", Number of training points (boundary):",3000,", Number of training points (interior):",15000,", VRAM allocated:",0,", VRAM reserved:",0
155700,Training Loss:,8.955161057144778e-09,", Learning rate:",4.365577800468309e-06,", Number of training points (boundary):",3000,", Number of training points (interior):",15000,", VRAM allocated:",0,", VRAM reserved:",0
155800,Training Loss:,8.963711550791231e-09,", Learning rate:",4.365577800468309e-06,", Number of training points (boundary):",3000,", Number of training points (interior):",15000,", VRAM allocated:",0,", VRAM reserved:",0
155900,Training Loss:,8.877296231446508e-09,", Learning rate:",4.365577800468309e-06,", Number of training points (boundary):",3000,", Number of training points (interior):",15000,", VRAM allocated:",0,", VRAM reserved:",0
156000,Training Loss:,8.871875678551078e-09,", Learning rate:",4.278266244458943e-06,", Number of training points (boundary):",3000,", Number of training points (interior):",15000,", VRAM allocated:",0,", VRAM reserved:",0
156100,Training Loss:,8.861602118770406e-09,", Learning rate:",4.278266244458943e-06,", Number of training points (boundary):",3000,", Number of training points (interior):",15000,", VRAM allocated:",0,", VRAM reserved:",0
156200,Training Loss:,8.858200395422955e-09,", Learning rate:",4.278266244458943e-06,", Number of training points (boundary):",3000,", Number of training points (interior):",15000,", VRAM allocated:",0,", VRAM reserved:",0
156300,Training Loss:,9.51470457977166e-09,", Learning rate:",4.278266244458943e-06,", Number of training points (boundary):",3000,", Number of training points (interior):",15000,", VRAM allocated:",0,", VRAM reserved:",0
156400,Training Loss:,8.851717581137564e-09,", Learning rate:",4.278266244458943e-06,", Number of training points (boundary):",3000,", Number of training points (interior):",15000,", VRAM allocated:",0,", VRAM reserved:",0
156500,Training Loss:,8.831568365508247e-09,", Learning rate:",4.278266244458943e-06,", Number of training points (boundary):",3000,", Number of training points (interior):",15000,", VRAM allocated:",0,", VRAM reserved:",0
156600,Training Loss:,8.834595277562585e-09,", Learning rate:",4.278266244458943e-06,", Number of training points (boundary):",3000,", Number of training points (interior):",15000,", VRAM allocated:",0,", VRAM reserved:",0
156700,Training Loss:,9.07869424082719e-09,", Learning rate:",4.278266244458943e-06,", Number of training points (boundary):",3000,", Number of training points (interior):",15000,", VRAM allocated:",0,", VRAM reserved:",0
156800,Training Loss:,8.808866525100711e-09,", Learning rate:",4.278266244458943e-06,", Number of training points (boundary):",3000,", Number of training points (interior):",15000,", VRAM allocated:",0,", VRAM reserved:",0
156900,Training Loss:,8.802317097433843e-09,", Learning rate:",4.278266244458943e-06,", Number of training points (boundary):",3000,", Number of training points (interior):",15000,", VRAM allocated:",0,", VRAM reserved:",0
157000,Training Loss:,8.837695020247338e-09,", Learning rate:",4.192700919569764e-06,", Number of training points (boundary):",3000,", Number of training points (interior):",15000,", VRAM allocated:",0,", VRAM reserved:",0
157100,Training Loss:,8.786553706841005e-09,", Learning rate:",4.192700919569764e-06,", Number of training points (boundary):",3000,", Number of training points (interior):",15000,", VRAM allocated:",0,", VRAM reserved:",0
157200,Training Loss:,8.790424388394058e-09,", Learning rate:",4.192700919569764e-06,", Number of training points (boundary):",3000,", Number of training points (interior):",15000,", VRAM allocated:",0,", VRAM reserved:",0
157300,Training Loss:,8.807019113987735e-09,", Learning rate:",4.192700919569764e-06,", Number of training points (boundary):",3000,", Number of training points (interior):",15000,", VRAM allocated:",0,", VRAM reserved:",0
157400,Training Loss:,8.76414585349039e-09,", Learning rate:",4.192700919569764e-06,", Number of training points (boundary):",3000,", Number of training points (interior):",15000,", VRAM allocated:",0,", VRAM reserved:",0
157500,Training Loss:,8.780985716327905e-09,", Learning rate:",4.192700919569764e-06,", Number of training points (boundary):",3000,", Number of training points (interior):",15000,", VRAM allocated:",0,", VRAM reserved:",0
157600,Training Loss:,8.831347209081741e-09,", Learning rate:",4.192700919569764e-06,", Number of training points (boundary):",3000,", Number of training points (interior):",15000,", VRAM allocated:",0,", VRAM reserved:",0
157700,Training Loss:,9.308172899125111e-09,", Learning rate:",4.192700919569764e-06,", Number of training points (boundary):",3000,", Number of training points (interior):",15000,", VRAM allocated:",0,", VRAM reserved:",0
157800,Training Loss:,8.755863589726687e-09,", Learning rate:",4.192700919569764e-06,", Number of training points (boundary):",3000,", Number of training points (interior):",15000,", VRAM allocated:",0,", VRAM reserved:",0
157900,Training Loss:,8.727909062145045e-09,", Learning rate:",4.192700919569764e-06,", Number of training points (boundary):",3000,", Number of training points (interior):",15000,", VRAM allocated:",0,", VRAM reserved:",0
158000,Training Loss:,8.724626354705833e-09,", Learning rate:",4.108846901178368e-06,", Number of training points (boundary):",3000,", Number of training points (interior):",15000,", VRAM allocated:",0,", VRAM reserved:",0
158100,Training Loss:,8.712927268561543e-09,", Learning rate:",4.108846901178368e-06,", Number of training points (boundary):",3000,", Number of training points (interior):",15000,", VRAM allocated:",0,", VRAM reserved:",0
158200,Training Loss:,8.708854082328799e-09,", Learning rate:",4.108846901178368e-06,", Number of training points (boundary):",3000,", Number of training points (interior):",15000,", VRAM allocated:",0,", VRAM reserved:",0
158300,Training Loss:,8.69907434974948e-09,", Learning rate:",4.108846901178368e-06,", Number of training points (boundary):",3000,", Number of training points (interior):",15000,", VRAM allocated:",0,", VRAM reserved:",0
158400,Training Loss:,8.694938102848937e-09,", Learning rate:",4.108846901178368e-06,", Number of training points (boundary):",3000,", Number of training points (interior):",15000,", VRAM allocated:",0,", VRAM reserved:",0
158500,Training Loss:,8.686464880724998e-09,", Learning rate:",4.108846901178368e-06,", Number of training points (boundary):",3000,", Number of training points (interior):",15000,", VRAM allocated:",0,", VRAM reserved:",0
158600,Training Loss:,8.677666585299448e-09,", Learning rate:",4.108846901178368e-06,", Number of training points (boundary):",3000,", Number of training points (interior):",15000,", VRAM allocated:",0,", VRAM reserved:",0
158700,Training Loss:,8.678694207731041e-09,", Learning rate:",4.108846901178368e-06,", Number of training points (boundary):",3000,", Number of training points (interior):",15000,", VRAM allocated:",0,", VRAM reserved:",0
158800,Training Loss:,9.021306368595106e-09,", Learning rate:",4.108846901178368e-06,", Number of training points (boundary):",3000,", Number of training points (interior):",15000,", VRAM allocated:",0,", VRAM reserved:",0
158900,Training Loss:,8.655995031858765e-09,", Learning rate:",4.108846901178368e-06,", Number of training points (boundary):",3000,", Number of training points (interior):",15000,", VRAM allocated:",0,", VRAM reserved:",0
159000,Training Loss:,8.668373574494126e-09,", Learning rate:",4.026669963154801e-06,", Number of training points (boundary):",3000,", Number of training points (interior):",15000,", VRAM allocated:",0,", VRAM reserved:",0
159100,Training Loss:,8.64221050278502e-09,", Learning rate:",4.026669963154801e-06,", Number of training points (boundary):",3000,", Number of training points (interior):",15000,", VRAM allocated:",0,", VRAM reserved:",0
159200,Training Loss:,8.94396112727236e-09,", Learning rate:",4.026669963154801e-06,", Number of training points (boundary):",3000,", Number of training points (interior):",15000,", VRAM allocated:",0,", VRAM reserved:",0
159300,Training Loss:,8.627877079447899e-09,", Learning rate:",4.026669963154801e-06,", Number of training points (boundary):",3000,", Number of training points (interior):",15000,", VRAM allocated:",0,", VRAM reserved:",0
159400,Training Loss:,8.631126036107162e-09,", Learning rate:",4.026669963154801e-06,", Number of training points (boundary):",3000,", Number of training points (interior):",15000,", VRAM allocated:",0,", VRAM reserved:",0
159500,Training Loss:,8.616421354190607e-09,", Learning rate:",4.026669963154801e-06,", Number of training points (boundary):",3000,", Number of training points (interior):",15000,", VRAM allocated:",0,", VRAM reserved:",0
159600,Training Loss:,8.608164847601074e-09,", Learning rate:",4.026669963154801e-06,", Number of training points (boundary):",3000,", Number of training points (interior):",15000,", VRAM allocated:",0,", VRAM reserved:",0
159700,Training Loss:,8.88955220545995e-09,", Learning rate:",4.026669963154801e-06,", Number of training points (boundary):",3000,", Number of training points (interior):",15000,", VRAM allocated:",0,", VRAM reserved:",0
159800,Training Loss:,8.593562306202784e-09,", Learning rate:",4.026669963154801e-06,", Number of training points (boundary):",3000,", Number of training points (interior):",15000,", VRAM allocated:",0,", VRAM reserved:",0
159900,Training Loss:,8.59701110300648e-09,", Learning rate:",4.026669963154801e-06,", Number of training points (boundary):",3000,", Number of training points (interior):",15000,", VRAM allocated:",0,", VRAM reserved:",0
160000,Training Loss:,8.57947668464476e-09,", Learning rate:",3.946136563891705e-06,", Number of training points (boundary):",3000,", Number of training points (interior):",15000,", VRAM allocated:",0,", VRAM reserved:",0
160100,Training Loss:,8.57219095706796e-09,", Learning rate:",3.946136563891705e-06,", Number of training points (boundary):",3000,", Number of training points (interior):",15000,", VRAM allocated:",0,", VRAM reserved:",0
160200,Training Loss:,8.568277642950761e-09,", Learning rate:",3.946136563891705e-06,", Number of training points (boundary):",3000,", Number of training points (interior):",15000,", VRAM allocated:",0,", VRAM reserved:",0
160300,Training Loss:,8.692013331312864e-09,", Learning rate:",3.946136563891705e-06,", Number of training points (boundary):",3000,", Number of training points (interior):",15000,", VRAM allocated:",0,", VRAM reserved:",0
160400,Training Loss:,8.551648278398716e-09,", Learning rate:",3.946136563891705e-06,", Number of training points (boundary):",3000,", Number of training points (interior):",15000,", VRAM allocated:",0,", VRAM reserved:",0
160500,Training Loss:,8.548894037119226e-09,", Learning rate:",3.946136563891705e-06,", Number of training points (boundary):",3000,", Number of training points (interior):",15000,", VRAM allocated:",0,", VRAM reserved:",0
160600,Training Loss:,8.578453503105266e-09,", Learning rate:",3.946136563891705e-06,", Number of training points (boundary):",3000,", Number of training points (interior):",15000,", VRAM allocated:",0,", VRAM reserved:",0
160700,Training Loss:,8.531046091775352e-09,", Learning rate:",3.946136563891705e-06,", Number of training points (boundary):",3000,", Number of training points (interior):",15000,", VRAM allocated:",0,", VRAM reserved:",0
160800,Training Loss:,8.744588164688594e-09,", Learning rate:",3.946136563891705e-06,", Number of training points (boundary):",3000,", Number of training points (interior):",15000,", VRAM allocated:",0,", VRAM reserved:",0
160900,Training Loss:,8.517877958524878e-09,", Learning rate:",3.946136563891705e-06,", Number of training points (boundary):",3000,", Number of training points (interior):",15000,", VRAM allocated:",0,", VRAM reserved:",0
161000,Training Loss:,8.51245207655893e-09,", Learning rate:",3.86721383261387e-06,", Number of training points (boundary):",3000,", Number of training points (interior):",15000,", VRAM allocated:",0,", VRAM reserved:",0
161100,Training Loss:,8.504351889371264e-09,", Learning rate:",3.86721383261387e-06,", Number of training points (boundary):",3000,", Number of training points (interior):",15000,", VRAM allocated:",0,", VRAM reserved:",0
161200,Training Loss:,8.582904165166383e-09,", Learning rate:",3.86721383261387e-06,", Number of training points (boundary):",3000,", Number of training points (interior):",15000,", VRAM allocated:",0,", VRAM reserved:",0
161300,Training Loss:,8.490882663636512e-09,", Learning rate:",3.86721383261387e-06,", Number of training points (boundary):",3000,", Number of training points (interior):",15000,", VRAM allocated:",0,", VRAM reserved:",0
161400,Training Loss:,8.658019190477262e-09,", Learning rate:",3.86721383261387e-06,", Number of training points (boundary):",3000,", Number of training points (interior):",15000,", VRAM allocated:",0,", VRAM reserved:",0
161500,Training Loss:,8.488417968521844e-09,", Learning rate:",3.86721383261387e-06,", Number of training points (boundary):",3000,", Number of training points (interior):",15000,", VRAM allocated:",0,", VRAM reserved:",0
161600,Training Loss:,8.472606616294343e-09,", Learning rate:",3.86721383261387e-06,", Number of training points (boundary):",3000,", Number of training points (interior):",15000,", VRAM allocated:",0,", VRAM reserved:",0
161700,Training Loss:,8.465852019412523e-09,", Learning rate:",3.86721383261387e-06,", Number of training points (boundary):",3000,", Number of training points (interior):",15000,", VRAM allocated:",0,", VRAM reserved:",0
161800,Training Loss:,8.457967659580845e-09,", Learning rate:",3.86721383261387e-06,", Number of training points (boundary):",3000,", Number of training points (interior):",15000,", VRAM allocated:",0,", VRAM reserved:",0
161900,Training Loss:,8.560051334427499e-09,", Learning rate:",3.86721383261387e-06,", Number of training points (boundary):",3000,", Number of training points (interior):",15000,", VRAM allocated:",0,", VRAM reserved:",0
162000,Training Loss:,8.445319110705896e-09,", Learning rate:",3.789869555961593e-06,", Number of training points (boundary):",3000,", Number of training points (interior):",15000,", VRAM allocated:",0,", VRAM reserved:",0
162100,Training Loss:,8.43855385568304e-09,", Learning rate:",3.789869555961593e-06,", Number of training points (boundary):",3000,", Number of training points (interior):",15000,", VRAM allocated:",0,", VRAM reserved:",0
162200,Training Loss:,8.431544351594766e-09,", Learning rate:",3.789869555961593e-06,", Number of training points (boundary):",3000,", Number of training points (interior):",15000,", VRAM allocated:",0,", VRAM reserved:",0
162300,Training Loss:,8.564552622658539e-09,", Learning rate:",3.789869555961593e-06,", Number of training points (boundary):",3000,", Number of training points (interior):",15000,", VRAM allocated:",0,", VRAM reserved:",0
162400,Training Loss:,8.419642760770785e-09,", Learning rate:",3.789869555961593e-06,", Number of training points (boundary):",3000,", Number of training points (interior):",15000,", VRAM allocated:",0,", VRAM reserved:",0
162500,Training Loss:,8.412001761826104e-09,", Learning rate:",3.789869555961593e-06,", Number of training points (boundary):",3000,", Number of training points (interior):",15000,", VRAM allocated:",0,", VRAM reserved:",0
162600,Training Loss:,8.483975300066504e-09,", Learning rate:",3.789869555961593e-06,", Number of training points (boundary):",3000,", Number of training points (interior):",15000,", VRAM allocated:",0,", VRAM reserved:",0
162700,Training Loss:,8.3986879673148e-09,", Learning rate:",3.789869555961593e-06,", Number of training points (boundary):",3000,", Number of training points (interior):",15000,", VRAM allocated:",0,", VRAM reserved:",0
162800,Training Loss:,8.398305162415909e-09,", Learning rate:",3.789869555961593e-06,", Number of training points (boundary):",3000,", Number of training points (interior):",15000,", VRAM allocated:",0,", VRAM reserved:",0
162900,Training Loss:,8.409681839793848e-09,", Learning rate:",3.789869555961593e-06,", Number of training points (boundary):",3000,", Number of training points (interior):",15000,", VRAM allocated:",0,", VRAM reserved:",0
163000,Training Loss:,8.379772431510446e-09,", Learning rate:",3.714072164842361e-06,", Number of training points (boundary):",3000,", Number of training points (interior):",15000,", VRAM allocated:",0,", VRAM reserved:",0
163100,Training Loss:,8.379439364603058e-09,", Learning rate:",3.714072164842361e-06,", Number of training points (boundary):",3000,", Number of training points (interior):",15000,", VRAM allocated:",0,", VRAM reserved:",0
163200,Training Loss:,8.36687874539166e-09,", Learning rate:",3.714072164842361e-06,", Number of training points (boundary):",3000,", Number of training points (interior):",15000,", VRAM allocated:",0,", VRAM reserved:",0
163300,Training Loss:,8.567501375011943e-09,", Learning rate:",3.714072164842361e-06,", Number of training points (boundary):",3000,", Number of training points (interior):",15000,", VRAM allocated:",0,", VRAM reserved:",0
163400,Training Loss:,8.353152836093614e-09,", Learning rate:",3.714072164842361e-06,", Number of training points (boundary):",3000,", Number of training points (interior):",15000,", VRAM allocated:",0,", VRAM reserved:",0
163500,Training Loss:,8.347236679639991e-09,", Learning rate:",3.714072164842361e-06,", Number of training points (boundary):",3000,", Number of training points (interior):",15000,", VRAM allocated:",0,", VRAM reserved:",0
163600,Training Loss:,8.34256042026027e-09,", Learning rate:",3.714072164842361e-06,", Number of training points (boundary):",3000,", Number of training points (interior):",15000,", VRAM allocated:",0,", VRAM reserved:",0
163700,Training Loss:,8.33476843098424e-09,", Learning rate:",3.714072164842361e-06,", Number of training points (boundary):",3000,", Number of training points (interior):",15000,", VRAM allocated:",0,", VRAM reserved:",0
163800,Training Loss:,8.345485191796342e-09,", Learning rate:",3.714072164842361e-06,", Number of training points (boundary):",3000,", Number of training points (interior):",15000,", VRAM allocated:",0,", VRAM reserved:",0
163900,Training Loss:,8.895332470615358e-09,", Learning rate:",3.714072164842361e-06,", Number of training points (boundary):",3000,", Number of training points (interior):",15000,", VRAM allocated:",0,", VRAM reserved:",0
164000,Training Loss:,8.315344857123819e-09,", Learning rate:",3.6397907215455138e-06,", Number of training points (boundary):",3000,", Number of training points (interior):",15000,", VRAM allocated:",0,", VRAM reserved:",0
164100,Training Loss:,8.308901122688894e-09,", Learning rate:",3.6397907215455138e-06,", Number of training points (boundary):",3000,", Number of training points (interior):",15000,", VRAM allocated:",0,", VRAM reserved:",0
164200,Training Loss:,8.303718601609944e-09,", Learning rate:",3.6397907215455138e-06,", Number of training points (boundary):",3000,", Number of training points (interior):",15000,", VRAM allocated:",0,", VRAM reserved:",0
164300,Training Loss:,8.748497037913694e-09,", Learning rate:",3.6397907215455138e-06,", Number of training points (boundary):",3000,", Number of training points (interior):",15000,", VRAM allocated:",0,", VRAM reserved:",0
164400,Training Loss:,8.290219177808922e-09,", Learning rate:",3.6397907215455138e-06,", Number of training points (boundary):",3000,", Number of training points (interior):",15000,", VRAM allocated:",0,", VRAM reserved:",0
164500,Training Loss:,8.284412267300922e-09,", Learning rate:",3.6397907215455138e-06,", Number of training points (boundary):",3000,", Number of training points (interior):",15000,", VRAM allocated:",0,", VRAM reserved:",0
164600,Training Loss:,8.682287777617148e-09,", Learning rate:",3.6397907215455138e-06,", Number of training points (boundary):",3000,", Number of training points (interior):",15000,", VRAM allocated:",0,", VRAM reserved:",0
164700,Training Loss:,8.27280910442596e-09,", Learning rate:",3.6397907215455138e-06,", Number of training points (boundary):",3000,", Number of training points (interior):",15000,", VRAM allocated:",0,", VRAM reserved:",0
164800,Training Loss:,8.266681561508449e-09,", Learning rate:",3.6397907215455138e-06,", Number of training points (boundary):",3000,", Number of training points (interior):",15000,", VRAM allocated:",0,", VRAM reserved:",0
164900,Training Loss:,8.272626139671502e-09,", Learning rate:",3.6397907215455138e-06,", Number of training points (boundary):",3000,", Number of training points (interior):",15000,", VRAM allocated:",0,", VRAM reserved:",0
165000,Training Loss:,8.253362437926626e-09,", Learning rate:",3.5669949071146033e-06,", Number of training points (boundary):",3000,", Number of training points (interior):",15000,", VRAM allocated:",0,", VRAM reserved:",0
165100,Training Loss:,8.247808658268241e-09,", Learning rate:",3.5669949071146033e-06,", Number of training points (boundary):",3000,", Number of training points (interior):",15000,", VRAM allocated:",0,", VRAM reserved:",0
165200,Training Loss:,8.241299198630259e-09,", Learning rate:",3.5669949071146033e-06,", Number of training points (boundary):",3000,", Number of training points (interior):",15000,", VRAM allocated:",0,", VRAM reserved:",0
165300,Training Loss:,8.408853169328268e-09,", Learning rate:",3.5669949071146033e-06,", Number of training points (boundary):",3000,", Number of training points (interior):",15000,", VRAM allocated:",0,", VRAM reserved:",0
165400,Training Loss:,8.228629333473236e-09,", Learning rate:",3.5669949071146033e-06,", Number of training points (boundary):",3000,", Number of training points (interior):",15000,", VRAM allocated:",0,", VRAM reserved:",0
165500,Training Loss:,8.226979986147853e-09,", Learning rate:",3.5669949071146033e-06,", Number of training points (boundary):",3000,", Number of training points (interior):",15000,", VRAM allocated:",0,", VRAM reserved:",0
165600,Training Loss:,8.217446278990792e-09,", Learning rate:",3.5669949071146033e-06,", Number of training points (boundary):",3000,", Number of training points (interior):",15000,", VRAM allocated:",0,", VRAM reserved:",0
165700,Training Loss:,8.210326640778476e-09,", Learning rate:",3.5669949071146033e-06,", Number of training points (boundary):",3000,", Number of training points (interior):",15000,", VRAM allocated:",0,", VRAM reserved:",0
165800,Training Loss:,8.206354706885577e-09,", Learning rate:",3.5669949071146033e-06,", Number of training points (boundary):",3000,", Number of training points (interior):",15000,", VRAM allocated:",0,", VRAM reserved:",0
165900,Training Loss:,8.198420609062396e-09,", Learning rate:",3.5669949071146033e-06,", Number of training points (boundary):",3000,", Number of training points (interior):",15000,", VRAM allocated:",0,", VRAM reserved:",0
166000,Training Loss:,8.192313494248538e-09,", Learning rate:",3.4956550089723113e-06,", Number of training points (boundary):",3000,", Number of training points (interior):",15000,", VRAM allocated:",0,", VRAM reserved:",0
166100,Training Loss:,8.1860855871696e-09,", Learning rate:",3.4956550089723113e-06,", Number of training points (boundary):",3000,", Number of training points (interior):",15000,", VRAM allocated:",0,", VRAM reserved:",0
166200,Training Loss:,8.183299371467001e-09,", Learning rate:",3.4956550089723113e-06,", Number of training points (boundary):",3000,", Number of training points (interior):",15000,", VRAM allocated:",0,", VRAM reserved:",0
166300,Training Loss:,8.175369714535918e-09,", Learning rate:",3.4956550089723113e-06,", Number of training points (boundary):",3000,", Number of training points (interior):",15000,", VRAM allocated:",0,", VRAM reserved:",0
166400,Training Loss:,8.170401244456116e-09,", Learning rate:",3.4956550089723113e-06,", Number of training points (boundary):",3000,", Number of training points (interior):",15000,", VRAM allocated:",0,", VRAM reserved:",0
166500,Training Loss:,8.175265797660813e-09,", Learning rate:",3.4956550089723113e-06,", Number of training points (boundary):",3000,", Number of training points (interior):",15000,", VRAM allocated:",0,", VRAM reserved:",0
166600,Training Loss:,8.156701092332241e-09,", Learning rate:",3.4956550089723113e-06,", Number of training points (boundary):",3000,", Number of training points (interior):",15000,", VRAM allocated:",0,", VRAM reserved:",0
166700,Training Loss:,8.150766284131805e-09,", Learning rate:",3.4956550089723113e-06,", Number of training points (boundary):",3000,", Number of training points (interior):",15000,", VRAM allocated:",0,", VRAM reserved:",0
166800,Training Loss:,8.14429323980903e-09,", Learning rate:",3.4956550089723113e-06,", Number of training points (boundary):",3000,", Number of training points (interior):",15000,", VRAM allocated:",0,", VRAM reserved:",0
166900,Training Loss:,8.139760865333301e-09,", Learning rate:",3.4956550089723113e-06,", Number of training points (boundary):",3000,", Number of training points (interior):",15000,", VRAM allocated:",0,", VRAM reserved:",0
167000,Training Loss:,8.132905016111636e-09,", Learning rate:",3.4257419087928653e-06,", Number of training points (boundary):",3000,", Number of training points (interior):",15000,", VRAM allocated:",0,", VRAM reserved:",0
167100,Training Loss:,8.550829377895752e-09,", Learning rate:",3.4257419087928653e-06,", Number of training points (boundary):",3000,", Number of training points (interior):",15000,", VRAM allocated:",0,", VRAM reserved:",0
167200,Training Loss:,8.120882633022575e-09,", Learning rate:",3.4257419087928653e-06,", Number of training points (boundary):",3000,", Number of training points (interior):",15000,", VRAM allocated:",0,", VRAM reserved:",0
167300,Training Loss:,8.115603300495877e-09,", Learning rate:",3.4257419087928653e-06,", Number of training points (boundary):",3000,", Number of training points (interior):",15000,", VRAM allocated:",0,", VRAM reserved:",0
167400,Training Loss:,8.109617866125518e-09,", Learning rate:",3.4257419087928653e-06,", Number of training points (boundary):",3000,", Number of training points (interior):",15000,", VRAM allocated:",0,", VRAM reserved:",0
167500,Training Loss:,8.104757753812919e-09,", Learning rate:",3.4257419087928653e-06,", Number of training points (boundary):",3000,", Number of training points (interior):",15000,", VRAM allocated:",0,", VRAM reserved:",0
167600,Training Loss:,8.103119952806992e-09,", Learning rate:",3.4257419087928653e-06,", Number of training points (boundary):",3000,", Number of training points (interior):",15000,", VRAM allocated:",0,", VRAM reserved:",0
167700,Training Loss:,8.091911141150376e-09,", Learning rate:",3.4257419087928653e-06,", Number of training points (boundary):",3000,", Number of training points (interior):",15000,", VRAM allocated:",0,", VRAM reserved:",0
167800,Training Loss:,8.196117562420113e-09,", Learning rate:",3.4257419087928653e-06,", Number of training points (boundary):",3000,", Number of training points (interior):",15000,", VRAM allocated:",0,", VRAM reserved:",0
167900,Training Loss:,8.080368374407954e-09,", Learning rate:",3.4257419087928653e-06,", Number of training points (boundary):",3000,", Number of training points (interior):",15000,", VRAM allocated:",0,", VRAM reserved:",0
168000,Training Loss:,8.077015500873586e-09,", Learning rate:",3.357227070617008e-06,", Number of training points (boundary):",3000,", Number of training points (interior):",15000,", VRAM allocated:",0,", VRAM reserved:",0
168100,Training Loss:,8.068525403359672e-09,", Learning rate:",3.357227070617008e-06,", Number of training points (boundary):",3000,", Number of training points (interior):",15000,", VRAM allocated:",0,", VRAM reserved:",0
168200,Training Loss:,8.077154056707059e-09,", Learning rate:",3.357227070617008e-06,", Number of training points (boundary):",3000,", Number of training points (interior):",15000,", VRAM allocated:",0,", VRAM reserved:",0
168300,Training Loss:,8.057399192296089e-09,", Learning rate:",3.357227070617008e-06,", Number of training points (boundary):",3000,", Number of training points (interior):",15000,", VRAM allocated:",0,", VRAM reserved:",0
168400,Training Loss:,8.05893751731901e-09,", Learning rate:",3.357227070617008e-06,", Number of training points (boundary):",3000,", Number of training points (interior):",15000,", VRAM allocated:",0,", VRAM reserved:",0
168500,Training Loss:,8.079285684914339e-09,", Learning rate:",3.357227070617008e-06,", Number of training points (boundary):",3000,", Number of training points (interior):",15000,", VRAM allocated:",0,", VRAM reserved:",0
168600,Training Loss:,8.040486498828159e-09,", Learning rate:",3.357227070617008e-06,", Number of training points (boundary):",3000,", Number of training points (interior):",15000,", VRAM allocated:",0,", VRAM reserved:",0
168700,Training Loss:,8.04240851692839e-09,", Learning rate:",3.357227070617008e-06,", Number of training points (boundary):",3000,", Number of training points (interior):",15000,", VRAM allocated:",0,", VRAM reserved:",0
168800,Training Loss:,8.028874454169e-09,", Learning rate:",3.357227070617008e-06,", Number of training points (boundary):",3000,", Number of training points (interior):",15000,", VRAM allocated:",0,", VRAM reserved:",0
168900,Training Loss:,8.023887332342383e-09,", Learning rate:",3.357227070617008e-06,", Number of training points (boundary):",3000,", Number of training points (interior):",15000,", VRAM allocated:",0,", VRAM reserved:",0
169000,Training Loss:,8.075092594594935e-09,", Learning rate:",3.290082529204668e-06,", Number of training points (boundary):",3000,", Number of training points (interior):",15000,", VRAM allocated:",0,", VRAM reserved:",0
169100,Training Loss:,8.031766363103543e-09,", Learning rate:",3.290082529204668e-06,", Number of training points (boundary):",3000,", Number of training points (interior):",15000,", VRAM allocated:",0,", VRAM reserved:",0
169200,Training Loss:,8.00624544439188e-09,", Learning rate:",3.290082529204668e-06,", Number of training points (boundary):",3000,", Number of training points (interior):",15000,", VRAM allocated:",0,", VRAM reserved:",0
169300,Training Loss:,8.013668839623733e-09,", Learning rate:",3.290082529204668e-06,", Number of training points (boundary):",3000,", Number of training points (interior):",15000,", VRAM allocated:",0,", VRAM reserved:",0
169400,Training Loss:,7.995683226624806e-09,", Learning rate:",3.290082529204668e-06,", Number of training points (boundary):",3000,", Number of training points (interior):",15000,", VRAM allocated:",0,", VRAM reserved:",0
169500,Training Loss:,7.989514827499988e-09,", Learning rate:",3.290082529204668e-06,", Number of training points (boundary):",3000,", Number of training points (interior):",15000,", VRAM allocated:",0,", VRAM reserved:",0
169600,Training Loss:,8.018795405462242e-09,", Learning rate:",3.290082529204668e-06,", Number of training points (boundary):",3000,", Number of training points (interior):",15000,", VRAM allocated:",0,", VRAM reserved:",0
169700,Training Loss:,7.978647076356538e-09,", Learning rate:",3.290082529204668e-06,", Number of training points (boundary):",3000,", Number of training points (interior):",15000,", VRAM allocated:",0,", VRAM reserved:",0
169800,Training Loss:,7.985058836368353e-09,", Learning rate:",3.290082529204668e-06,", Number of training points (boundary):",3000,", Number of training points (interior):",15000,", VRAM allocated:",0,", VRAM reserved:",0
169900,Training Loss:,7.967559056965001e-09,", Learning rate:",3.290082529204668e-06,", Number of training points (boundary):",3000,", Number of training points (interior):",15000,", VRAM allocated:",0,", VRAM reserved:",0
170000,Training Loss:,7.963751436079747e-09,", Learning rate:",3.2242808786205745e-06,", Number of training points (boundary):",3000,", Number of training points (interior):",15000,", VRAM allocated:",0,", VRAM reserved:",0
170100,Training Loss:,7.95666288411212e-09,", Learning rate:",3.2242808786205745e-06,", Number of training points (boundary):",3000,", Number of training points (interior):",15000,", VRAM allocated:",0,", VRAM reserved:",0
170200,Training Loss:,7.980946570285141e-09,", Learning rate:",3.2242808786205745e-06,", Number of training points (boundary):",3000,", Number of training points (interior):",15000,", VRAM allocated:",0,", VRAM reserved:",0
170300,Training Loss:,7.945716085089316e-09,", Learning rate:",3.2242808786205745e-06,", Number of training points (boundary):",3000,", Number of training points (interior):",15000,", VRAM allocated:",0,", VRAM reserved:",0
170400,Training Loss:,7.939980228854893e-09,", Learning rate:",3.2242808786205745e-06,", Number of training points (boundary):",3000,", Number of training points (interior):",15000,", VRAM allocated:",0,", VRAM reserved:",0
170500,Training Loss:,7.934728429859206e-09,", Learning rate:",3.2242808786205745e-06,", Number of training points (boundary):",3000,", Number of training points (interior):",15000,", VRAM allocated:",0,", VRAM reserved:",0
170600,Training Loss:,8.12640532643627e-09,", Learning rate:",3.2242808786205745e-06,", Number of training points (boundary):",3000,", Number of training points (interior):",15000,", VRAM allocated:",0,", VRAM reserved:",0
170700,Training Loss:,7.923895317674123e-09,", Learning rate:",3.2242808786205745e-06,", Number of training points (boundary):",3000,", Number of training points (interior):",15000,", VRAM allocated:",0,", VRAM reserved:",0
170800,Training Loss:,7.91857157622644e-09,", Learning rate:",3.2242808786205745e-06,", Number of training points (boundary):",3000,", Number of training points (interior):",15000,", VRAM allocated:",0,", VRAM reserved:",0
170900,Training Loss:,7.924473521825348e-09,", Learning rate:",3.2242808786205745e-06,", Number of training points (boundary):",3000,", Number of training points (interior):",15000,", VRAM allocated:",0,", VRAM reserved:",0
171000,Training Loss:,7.907186017064305e-09,", Learning rate:",3.159795261048163e-06,", Number of training points (boundary):",3000,", Number of training points (interior):",15000,", VRAM allocated:",0,", VRAM reserved:",0
171100,Training Loss:,7.901981291524862e-09,", Learning rate:",3.159795261048163e-06,", Number of training points (boundary):",3000,", Number of training points (interior):",15000,", VRAM allocated:",0,", VRAM reserved:",0
171200,Training Loss:,7.927397405183001e-09,", Learning rate:",3.159795261048163e-06,", Number of training points (boundary):",3000,", Number of training points (interior):",15000,", VRAM allocated:",0,", VRAM reserved:",0
171300,Training Loss:,7.891169495621853e-09,", Learning rate:",3.159795261048163e-06,", Number of training points (boundary):",3000,", Number of training points (interior):",15000,", VRAM allocated:",0,", VRAM reserved:",0
171400,Training Loss:,7.88628806702718e-09,", Learning rate:",3.159795261048163e-06,", Number of training points (boundary):",3000,", Number of training points (interior):",15000,", VRAM allocated:",0,", VRAM reserved:",0
171500,Training Loss:,7.902350773747457e-09,", Learning rate:",3.159795261048163e-06,", Number of training points (boundary):",3000,", Number of training points (interior):",15000,", VRAM allocated:",0,", VRAM reserved:",0
171600,Training Loss:,7.875318175365464e-09,", Learning rate:",3.159795261048163e-06,", Number of training points (boundary):",3000,", Number of training points (interior):",15000,", VRAM allocated:",0,", VRAM reserved:",0
171700,Training Loss:,7.877221541718882e-09,", Learning rate:",3.159795261048163e-06,", Number of training points (boundary):",3000,", Number of training points (interior):",15000,", VRAM allocated:",0,", VRAM reserved:",0
171800,Training Loss:,7.86440157440893e-09,", Learning rate:",3.159795261048163e-06,", Number of training points (boundary):",3000,", Number of training points (interior):",15000,", VRAM allocated:",0,", VRAM reserved:",0
171900,Training Loss:,7.860021078442969e-09,", Learning rate:",3.159795261048163e-06,", Number of training points (boundary):",3000,", Number of training points (interior):",15000,", VRAM allocated:",0,", VRAM reserved:",0
172000,Training Loss:,7.85388909463336e-09,", Learning rate:",3.0965993558271997e-06,", Number of training points (boundary):",3000,", Number of training points (interior):",15000,", VRAM allocated:",0,", VRAM reserved:",0
172100,Training Loss:,7.848607985749823e-09,", Learning rate:",3.0965993558271997e-06,", Number of training points (boundary):",3000,", Number of training points (interior):",15000,", VRAM allocated:",0,", VRAM reserved:",0
172200,Training Loss:,7.843445892774525e-09,", Learning rate:",3.0965993558271997e-06,", Number of training points (boundary):",3000,", Number of training points (interior):",15000,", VRAM allocated:",0,", VRAM reserved:",0
172300,Training Loss:,7.838747428934312e-09,", Learning rate:",3.0965993558271997e-06,", Number of training points (boundary):",3000,", Number of training points (interior):",15000,", VRAM allocated:",0,", VRAM reserved:",0
172400,Training Loss:,7.843238059024316e-09,", Learning rate:",3.0965993558271997e-06,", Number of training points (boundary):",3000,", Number of training points (interior):",15000,", VRAM allocated:",0,", VRAM reserved:",0
172500,Training Loss:,7.828464987369443e-09,", Learning rate:",3.0965993558271997e-06,", Number of training points (boundary):",3000,", Number of training points (interior):",15000,", VRAM allocated:",0,", VRAM reserved:",0
172600,Training Loss:,7.830658788066103e-09,", Learning rate:",3.0965993558271997e-06,", Number of training points (boundary):",3000,", Number of training points (interior):",15000,", VRAM allocated:",0,", VRAM reserved:",0
172700,Training Loss:,7.817528846487676e-09,", Learning rate:",3.0965993558271997e-06,", Number of training points (boundary):",3000,", Number of training points (interior):",15000,", VRAM allocated:",0,", VRAM reserved:",0
172800,Training Loss:,7.81272024852342e-09,", Learning rate:",3.0965993558271997e-06,", Number of training points (boundary):",3000,", Number of training points (interior):",15000,", VRAM allocated:",0,", VRAM reserved:",0
172900,Training Loss:,7.80797826394064e-09,", Learning rate:",3.0965993558271997e-06,", Number of training points (boundary):",3000,", Number of training points (interior):",15000,", VRAM allocated:",0,", VRAM reserved:",0
173000,Training Loss:,7.802149148972148e-09,", Learning rate:",3.0346673687106557e-06,", Number of training points (boundary):",3000,", Number of training points (interior):",15000,", VRAM allocated:",0,", VRAM reserved:",0
173100,Training Loss:,7.797008372278924e-09,", Learning rate:",3.0346673687106557e-06,", Number of training points (boundary):",3000,", Number of training points (interior):",15000,", VRAM allocated:",0,", VRAM reserved:",0
173200,Training Loss:,7.792847256382629e-09,", Learning rate:",3.0346673687106557e-06,", Number of training points (boundary):",3000,", Number of training points (interior):",15000,", VRAM allocated:",0,", VRAM reserved:",0
173300,Training Loss:,7.787230416056445e-09,", Learning rate:",3.0346673687106557e-06,", Number of training points (boundary):",3000,", Number of training points (interior):",15000,", VRAM allocated:",0,", VRAM reserved:",0
173400,Training Loss:,7.791178369132012e-09,", Learning rate:",3.0346673687106557e-06,", Number of training points (boundary):",3000,", Number of training points (interior):",15000,", VRAM allocated:",0,", VRAM reserved:",0
173500,Training Loss:,7.776804089587586e-09,", Learning rate:",3.0346673687106557e-06,", Number of training points (boundary):",3000,", Number of training points (interior):",15000,", VRAM allocated:",0,", VRAM reserved:",0
173600,Training Loss:,7.771959964486541e-09,", Learning rate:",3.0346673687106557e-06,", Number of training points (boundary):",3000,", Number of training points (interior):",15000,", VRAM allocated:",0,", VRAM reserved:",0
173700,Training Loss:,7.771743248952134e-09,", Learning rate:",3.0346673687106557e-06,", Number of training points (boundary):",3000,", Number of training points (interior):",15000,", VRAM allocated:",0,", VRAM reserved:",0
173800,Training Loss:,7.761796538829913e-09,", Learning rate:",3.0346673687106557e-06,", Number of training points (boundary):",3000,", Number of training points (interior):",15000,", VRAM allocated:",0,", VRAM reserved:",0
173900,Training Loss:,7.760568188075467e-09,", Learning rate:",3.0346673687106557e-06,", Number of training points (boundary):",3000,", Number of training points (interior):",15000,", VRAM allocated:",0,", VRAM reserved:",0
174000,Training Loss:,7.75108155437465e-09,", Learning rate:",2.9739740213364427e-06,", Number of training points (boundary):",3000,", Number of training points (interior):",15000,", VRAM allocated:",0,", VRAM reserved:",0
174100,Training Loss:,7.749796360201344e-09,", Learning rate:",2.9739740213364427e-06,", Number of training points (boundary):",3000,", Number of training points (interior):",15000,", VRAM allocated:",0,", VRAM reserved:",0
174200,Training Loss:,7.74044739415558e-09,", Learning rate:",2.9739740213364427e-06,", Number of training points (boundary):",3000,", Number of training points (interior):",15000,", VRAM allocated:",0,", VRAM reserved:",0
174300,Training Loss:,7.776517207958022e-09,", Learning rate:",2.9739740213364427e-06,", Number of training points (boundary):",3000,", Number of training points (interior):",15000,", VRAM allocated:",0,", VRAM reserved:",0
174400,Training Loss:,7.730358575486207e-09,", Learning rate:",2.9739740213364427e-06,", Number of training points (boundary):",3000,", Number of training points (interior):",15000,", VRAM allocated:",0,", VRAM reserved:",0
174500,Training Loss:,7.766232101857895e-09,", Learning rate:",2.9739740213364427e-06,", Number of training points (boundary):",3000,", Number of training points (interior):",15000,", VRAM allocated:",0,", VRAM reserved:",0
174600,Training Loss:,7.719325623156692e-09,", Learning rate:",2.9739740213364427e-06,", Number of training points (boundary):",3000,", Number of training points (interior):",15000,", VRAM allocated:",0,", VRAM reserved:",0
174700,Training Loss:,7.732992024500618e-09,", Learning rate:",2.9739740213364427e-06,", Number of training points (boundary):",3000,", Number of training points (interior):",15000,", VRAM allocated:",0,", VRAM reserved:",0
174800,Training Loss:,7.709445526415948e-09,", Learning rate:",2.9739740213364427e-06,", Number of training points (boundary):",3000,", Number of training points (interior):",15000,", VRAM allocated:",0,", VRAM reserved:",0
174900,Training Loss:,7.705716065231627e-09,", Learning rate:",2.9739740213364427e-06,", Number of training points (boundary):",3000,", Number of training points (interior):",15000,", VRAM allocated:",0,", VRAM reserved:",0
175000,Training Loss:,7.698779391773769e-09,", Learning rate:",2.9144945409097137e-06,", Number of training points (boundary):",3000,", Number of training points (interior):",15000,", VRAM allocated:",0,", VRAM reserved:",0
175100,Training Loss:,7.694135994995577e-09,", Learning rate:",2.9144945409097137e-06,", Number of training points (boundary):",3000,", Number of training points (interior):",15000,", VRAM allocated:",0,", VRAM reserved:",0
175200,Training Loss:,7.689196834803624e-09,", Learning rate:",2.9144945409097137e-06,", Number of training points (boundary):",3000,", Number of training points (interior):",15000,", VRAM allocated:",0,", VRAM reserved:",0
175300,Training Loss:,7.68331709366521e-09,", Learning rate:",2.9144945409097137e-06,", Number of training points (boundary):",3000,", Number of training points (interior):",15000,", VRAM allocated:",0,", VRAM reserved:",0
175400,Training Loss:,7.678237601282945e-09,", Learning rate:",2.9144945409097137e-06,", Number of training points (boundary):",3000,", Number of training points (interior):",15000,", VRAM allocated:",0,", VRAM reserved:",0
175500,Training Loss:,7.70313057785188e-09,", Learning rate:",2.9144945409097137e-06,", Number of training points (boundary):",3000,", Number of training points (interior):",15000,", VRAM allocated:",0,", VRAM reserved:",0
175600,Training Loss:,7.66791252715393e-09,", Learning rate:",2.9144945409097137e-06,", Number of training points (boundary):",3000,", Number of training points (interior):",15000,", VRAM allocated:",0,", VRAM reserved:",0
175700,Training Loss:,7.66326468948364e-09,", Learning rate:",2.9144945409097137e-06,", Number of training points (boundary):",3000,", Number of training points (interior):",15000,", VRAM allocated:",0,", VRAM reserved:",0
175800,Training Loss:,7.746255192842e-09,", Learning rate:",2.9144945409097137e-06,", Number of training points (boundary):",3000,", Number of training points (interior):",15000,", VRAM allocated:",0,", VRAM reserved:",0
175900,Training Loss:,7.652419142800682e-09,", Learning rate:",2.9144945409097137e-06,", Number of training points (boundary):",3000,", Number of training points (interior):",15000,", VRAM allocated:",0,", VRAM reserved:",0
176000,Training Loss:,7.650693412131204e-09,", Learning rate:",2.8562046500915194e-06,", Number of training points (boundary):",3000,", Number of training points (interior):",15000,", VRAM allocated:",0,", VRAM reserved:",0
176100,Training Loss:,7.641689059312284e-09,", Learning rate:",2.8562046500915194e-06,", Number of training points (boundary):",3000,", Number of training points (interior):",15000,", VRAM allocated:",0,", VRAM reserved:",0
176200,Training Loss:,7.645933663980031e-09,", Learning rate:",2.8562046500915194e-06,", Number of training points (boundary):",3000,", Number of training points (interior):",15000,", VRAM allocated:",0,", VRAM reserved:",0
176300,Training Loss:,7.63213492405157e-09,", Learning rate:",2.8562046500915194e-06,", Number of training points (boundary):",3000,", Number of training points (interior):",15000,", VRAM allocated:",0,", VRAM reserved:",0
176400,Training Loss:,7.635033050235052e-09,", Learning rate:",2.8562046500915194e-06,", Number of training points (boundary):",3000,", Number of training points (interior):",15000,", VRAM allocated:",0,", VRAM reserved:",0
176500,Training Loss:,7.62227436723606e-09,", Learning rate:",2.8562046500915194e-06,", Number of training points (boundary):",3000,", Number of training points (interior):",15000,", VRAM allocated:",0,", VRAM reserved:",0
176600,Training Loss:,7.618028874389893e-09,", Learning rate:",2.8562046500915194e-06,", Number of training points (boundary):",3000,", Number of training points (interior):",15000,", VRAM allocated:",0,", VRAM reserved:",0
176700,Training Loss:,7.611799190954116e-09,", Learning rate:",2.8562046500915194e-06,", Number of training points (boundary):",3000,", Number of training points (interior):",15000,", VRAM allocated:",0,", VRAM reserved:",0
176800,Training Loss:,7.607125596109654e-09,", Learning rate:",2.8562046500915194e-06,", Number of training points (boundary):",3000,", Number of training points (interior):",15000,", VRAM allocated:",0,", VRAM reserved:",0
176900,Training Loss:,7.601951068636481e-09,", Learning rate:",2.8562046500915194e-06,", Number of training points (boundary):",3000,", Number of training points (interior):",15000,", VRAM allocated:",0,", VRAM reserved:",0
177000,Training Loss:,7.598679019338306e-09,", Learning rate:",2.799080557089689e-06,", Number of training points (boundary):",3000,", Number of training points (interior):",15000,", VRAM allocated:",0,", VRAM reserved:",0
177100,Training Loss:,7.59200080580058e-09,", Learning rate:",2.799080557089689e-06,", Number of training points (boundary):",3000,", Number of training points (interior):",15000,", VRAM allocated:",0,", VRAM reserved:",0
177200,Training Loss:,7.587378725304461e-09,", Learning rate:",2.799080557089689e-06,", Number of training points (boundary):",3000,", Number of training points (interior):",15000,", VRAM allocated:",0,", VRAM reserved:",0
177300,Training Loss:,7.601181017946601e-09,", Learning rate:",2.799080557089689e-06,", Number of training points (boundary):",3000,", Number of training points (interior):",15000,", VRAM allocated:",0,", VRAM reserved:",0
177400,Training Loss:,7.577703797778668e-09,", Learning rate:",2.799080557089689e-06,", Number of training points (boundary):",3000,", Number of training points (interior):",15000,", VRAM allocated:",0,", VRAM reserved:",0
177500,Training Loss:,7.640471366698875e-09,", Learning rate:",2.799080557089689e-06,", Number of training points (boundary):",3000,", Number of training points (interior):",15000,", VRAM allocated:",0,", VRAM reserved:",0
177600,Training Loss:,7.57073426171928e-09,", Learning rate:",2.799080557089689e-06,", Number of training points (boundary):",3000,", Number of training points (interior):",15000,", VRAM allocated:",0,", VRAM reserved:",0
177700,Training Loss:,7.562167780861273e-09,", Learning rate:",2.799080557089689e-06,", Number of training points (boundary):",3000,", Number of training points (interior):",15000,", VRAM allocated:",0,", VRAM reserved:",0
177800,Training Loss:,7.564953996563872e-09,", Learning rate:",2.799080557089689e-06,", Number of training points (boundary):",3000,", Number of training points (interior):",15000,", VRAM allocated:",0,", VRAM reserved:",0
177900,Training Loss:,7.552628744633694e-09,", Learning rate:",2.799080557089689e-06,", Number of training points (boundary):",3000,", Number of training points (interior):",15000,", VRAM allocated:",0,", VRAM reserved:",0
178000,Training Loss:,7.556359982174854e-09,", Learning rate:",2.743098945947895e-06,", Number of training points (boundary):",3000,", Number of training points (interior):",15000,", VRAM allocated:",0,", VRAM reserved:",0
178100,Training Loss:,7.543357050110444e-09,", Learning rate:",2.743098945947895e-06,", Number of training points (boundary):",3000,", Number of training points (interior):",15000,", VRAM allocated:",0,", VRAM reserved:",0
178200,Training Loss:,7.538610624635567e-09,", Learning rate:",2.743098945947895e-06,", Number of training points (boundary):",3000,", Number of training points (interior):",15000,", VRAM allocated:",0,", VRAM reserved:",0
178300,Training Loss:,7.5357267093068e-09,", Learning rate:",2.743098945947895e-06,", Number of training points (boundary):",3000,", Number of training points (interior):",15000,", VRAM allocated:",0,", VRAM reserved:",0
178400,Training Loss:,7.53018802868155e-09,", Learning rate:",2.743098945947895e-06,", Number of training points (boundary):",3000,", Number of training points (interior):",15000,", VRAM allocated:",0,", VRAM reserved:",0
178500,Training Loss:,7.523840217515954e-09,", Learning rate:",2.743098945947895e-06,", Number of training points (boundary):",3000,", Number of training points (interior):",15000,", VRAM allocated:",0,", VRAM reserved:",0
178600,Training Loss:,7.749019204084107e-09,", Learning rate:",2.743098945947895e-06,", Number of training points (boundary):",3000,", Number of training points (interior):",15000,", VRAM allocated:",0,", VRAM reserved:",0
178700,Training Loss:,7.51413686828073e-09,", Learning rate:",2.743098945947895e-06,", Number of training points (boundary):",3000,", Number of training points (interior):",15000,", VRAM allocated:",0,", VRAM reserved:",0
178800,Training Loss:,7.525642331529525e-09,", Learning rate:",2.743098945947895e-06,", Number of training points (boundary):",3000,", Number of training points (interior):",15000,", VRAM allocated:",0,", VRAM reserved:",0
178900,Training Loss:,7.504708854355613e-09,", Learning rate:",2.743098945947895e-06,", Number of training points (boundary):",3000,", Number of training points (interior):",15000,", VRAM allocated:",0,", VRAM reserved:",0
179000,Training Loss:,7.514539213104854e-09,", Learning rate:",2.688236967028937e-06,", Number of training points (boundary):",3000,", Number of training points (interior):",15000,", VRAM allocated:",0,", VRAM reserved:",0
179100,Training Loss:,7.495337683849357e-09,", Learning rate:",2.688236967028937e-06,", Number of training points (boundary):",3000,", Number of training points (interior):",15000,", VRAM allocated:",0,", VRAM reserved:",0
179200,Training Loss:,7.490482900607276e-09,", Learning rate:",2.688236967028937e-06,", Number of training points (boundary):",3000,", Number of training points (interior):",15000,", VRAM allocated:",0,", VRAM reserved:",0
179300,Training Loss:,7.485499331494339e-09,", Learning rate:",2.688236967028937e-06,", Number of training points (boundary):",3000,", Number of training points (interior):",15000,", VRAM allocated:",0,", VRAM reserved:",0
179400,Training Loss:,7.482004349412819e-09,", Learning rate:",2.688236967028937e-06,", Number of training points (boundary):",3000,", Number of training points (interior):",15000,", VRAM allocated:",0,", VRAM reserved:",0
179500,Training Loss:,7.476159247232772e-09,", Learning rate:",2.688236967028937e-06,", Number of training points (boundary):",3000,", Number of training points (interior):",15000,", VRAM allocated:",0,", VRAM reserved:",0
179600,Training Loss:,7.490615239191811e-09,", Learning rate:",2.688236967028937e-06,", Number of training points (boundary):",3000,", Number of training points (interior):",15000,", VRAM allocated:",0,", VRAM reserved:",0
179700,Training Loss:,7.46695238973416e-09,", Learning rate:",2.688236967028937e-06,", Number of training points (boundary):",3000,", Number of training points (interior):",15000,", VRAM allocated:",0,", VRAM reserved:",0
179800,Training Loss:,7.462427120685788e-09,", Learning rate:",2.688236967028937e-06,", Number of training points (boundary):",3000,", Number of training points (interior):",15000,", VRAM allocated:",0,", VRAM reserved:",0
179900,Training Loss:,7.482311659146035e-09,", Learning rate:",2.688236967028937e-06,", Number of training points (boundary):",3000,", Number of training points (interior):",15000,", VRAM allocated:",0,", VRAM reserved:",0
180000,Training Loss:,7.452968020515982e-09,", Learning rate:",2.6344722276883584e-06,", Number of training points (boundary):",3000,", Number of training points (interior):",15000,", VRAM allocated:",0,", VRAM reserved:",0
180100,Training Loss:,7.448614613991822e-09,", Learning rate:",2.6344722276883584e-06,", Number of training points (boundary):",3000,", Number of training points (interior):",15000,", VRAM allocated:",0,", VRAM reserved:",0
180200,Training Loss:,7.443942351414989e-09,", Learning rate:",2.6344722276883584e-06,", Number of training points (boundary):",3000,", Number of training points (interior):",15000,", VRAM allocated:",0,", VRAM reserved:",0
180300,Training Loss:,7.439846516632542e-09,", Learning rate:",2.6344722276883584e-06,", Number of training points (boundary):",3000,", Number of training points (interior):",15000,", VRAM allocated:",0,", VRAM reserved:",0
180400,Training Loss:,7.543649260810525e-09,", Learning rate:",2.6344722276883584e-06,", Number of training points (boundary):",3000,", Number of training points (interior):",15000,", VRAM allocated:",0,", VRAM reserved:",0
180500,Training Loss:,7.430428716759252e-09,", Learning rate:",2.6344722276883584e-06,", Number of training points (boundary):",3000,", Number of training points (interior):",15000,", VRAM allocated:",0,", VRAM reserved:",0
180600,Training Loss:,7.435354554274909e-09,", Learning rate:",2.6344722276883584e-06,", Number of training points (boundary):",3000,", Number of training points (interior):",15000,", VRAM allocated:",0,", VRAM reserved:",0
180700,Training Loss:,7.420579706263197e-09,", Learning rate:",2.6344722276883584e-06,", Number of training points (boundary):",3000,", Number of training points (interior):",15000,", VRAM allocated:",0,", VRAM reserved:",0
180800,Training Loss:,7.416399050441669e-09,", Learning rate:",2.6344722276883584e-06,", Number of training points (boundary):",3000,", Number of training points (interior):",15000,", VRAM allocated:",0,", VRAM reserved:",0
180900,Training Loss:,7.4115393822182796e-09,", Learning rate:",2.6344722276883584e-06,", Number of training points (boundary):",3000,", Number of training points (interior):",15000,", VRAM allocated:",0,", VRAM reserved:",0
181000,Training Loss:,7.406974145141021e-09,", Learning rate:",2.5817827831345913e-06,", Number of training points (boundary):",3000,", Number of training points (interior):",15000,", VRAM allocated:",0,", VRAM reserved:",0
181100,Training Loss:,7.402632729025527e-09,", Learning rate:",2.5817827831345913e-06,", Number of training points (boundary):",3000,", Number of training points (interior):",15000,", VRAM allocated:",0,", VRAM reserved:",0
181200,Training Loss:,7.411383950994832e-09,", Learning rate:",2.5817827831345913e-06,", Number of training points (boundary):",3000,", Number of training points (interior):",15000,", VRAM allocated:",0,", VRAM reserved:",0
181300,Training Loss:,7.393988976645005e-09,", Learning rate:",2.5817827831345913e-06,", Number of training points (boundary):",3000,", Number of training points (interior):",15000,", VRAM allocated:",0,", VRAM reserved:",0
181400,Training Loss:,7.38985717063656e-09,", Learning rate:",2.5817827831345913e-06,", Number of training points (boundary):",3000,", Number of training points (interior):",15000,", VRAM allocated:",0,", VRAM reserved:",0
181500,Training Loss:,7.38511829467825e-09,", Learning rate:",2.5817827831345913e-06,", Number of training points (boundary):",3000,", Number of training points (interior):",15000,", VRAM allocated:",0,", VRAM reserved:",0
181600,Training Loss:,7.380430488979073e-09,", Learning rate:",2.5817827831345913e-06,", Number of training points (boundary):",3000,", Number of training points (interior):",15000,", VRAM allocated:",0,", VRAM reserved:",0
181700,Training Loss:,7.375732025138859e-09,", Learning rate:",2.5817827831345913e-06,", Number of training points (boundary):",3000,", Number of training points (interior):",15000,", VRAM allocated:",0,", VRAM reserved:",0
181800,Training Loss:,7.371414589840697e-09,", Learning rate:",2.5817827831345913e-06,", Number of training points (boundary):",3000,", Number of training points (interior):",15000,", VRAM allocated:",0,", VRAM reserved:",0
181900,Training Loss:,7.3665851196835774e-09,", Learning rate:",2.5817827831345913e-06,", Number of training points (boundary):",3000,", Number of training points (interior):",15000,", VRAM allocated:",0,", VRAM reserved:",0
182000,Training Loss:,7.363838427920655e-09,", Learning rate:",2.5301471274718995e-06,", Number of training points (boundary):",3000,", Number of training points (interior):",15000,", VRAM allocated:",0,", VRAM reserved:",0
182100,Training Loss:,7.357964904031178e-09,", Learning rate:",2.5301471274718995e-06,", Number of training points (boundary):",3000,", Number of training points (interior):",15000,", VRAM allocated:",0,", VRAM reserved:",0
182200,Training Loss:,7.433105242427018e-09,", Learning rate:",2.5301471274718995e-06,", Number of training points (boundary):",3000,", Number of training points (interior):",15000,", VRAM allocated:",0,", VRAM reserved:",0
182300,Training Loss:,7.350116071336288e-09,", Learning rate:",2.5301471274718995e-06,", Number of training points (boundary):",3000,", Number of training points (interior):",15000,", VRAM allocated:",0,", VRAM reserved:",0
182400,Training Loss:,7.344707508849524e-09,", Learning rate:",2.5301471274718995e-06,", Number of training points (boundary):",3000,", Number of training points (interior):",15000,", VRAM allocated:",0,", VRAM reserved:",0
182500,Training Loss:,7.417991998437401e-09,", Learning rate:",2.5301471274718995e-06,", Number of training points (boundary):",3000,", Number of training points (interior):",15000,", VRAM allocated:",0,", VRAM reserved:",0
182600,Training Loss:,7.335766660787613e-09,", Learning rate:",2.5301471274718995e-06,", Number of training points (boundary):",3000,", Number of training points (interior):",15000,", VRAM allocated:",0,", VRAM reserved:",0
182700,Training Loss:,7.331323992332273e-09,", Learning rate:",2.5301471274718995e-06,", Number of training points (boundary):",3000,", Number of training points (interior):",15000,", VRAM allocated:",0,", VRAM reserved:",0
182800,Training Loss:,7.398914370071452e-09,", Learning rate:",2.5301471274718995e-06,", Number of training points (boundary):",3000,", Number of training points (interior):",15000,", VRAM allocated:",0,", VRAM reserved:",0
182900,Training Loss:,7.323261108638235e-09,", Learning rate:",2.5301471274718995e-06,", Number of training points (boundary):",3000,", Number of training points (interior):",15000,", VRAM allocated:",0,", VRAM reserved:",0
183000,Training Loss:,7.319179928799713e-09,", Learning rate:",2.4795441849224616e-06,", Number of training points (boundary):",3000,", Number of training points (interior):",15000,", VRAM allocated:",0,", VRAM reserved:",0
183100,Training Loss:,7.314440164662983e-09,", Learning rate:",2.4795441849224616e-06,", Number of training points (boundary):",3000,", Number of training points (interior):",15000,", VRAM allocated:",0,", VRAM reserved:",0
183200,Training Loss:,7.310112515312994e-09,", Learning rate:",2.4795441849224616e-06,", Number of training points (boundary):",3000,", Number of training points (interior):",15000,", VRAM allocated:",0,", VRAM reserved:",0
183300,Training Loss:,7.363994747322522e-09,", Learning rate:",2.4795441849224616e-06,", Number of training points (boundary):",3000,", Number of training points (interior):",15000,", VRAM allocated:",0,", VRAM reserved:",0
183400,Training Loss:,7.3303527692303305e-09,", Learning rate:",2.4795441849224616e-06,", Number of training points (boundary):",3000,", Number of training points (interior):",15000,", VRAM allocated:",0,", VRAM reserved:",0
183500,Training Loss:,7.298143867018325e-09,", Learning rate:",2.4795441849224616e-06,", Number of training points (boundary):",3000,", Number of training points (interior):",15000,", VRAM allocated:",0,", VRAM reserved:",0
183600,Training Loss:,7.2926695793285035e-09,", Learning rate:",2.4795441849224616e-06,", Number of training points (boundary):",3000,", Number of training points (interior):",15000,", VRAM allocated:",0,", VRAM reserved:",0
183700,Training Loss:,7.413033298320215e-09,", Learning rate:",2.4795441849224616e-06,", Number of training points (boundary):",3000,", Number of training points (interior):",15000,", VRAM allocated:",0,", VRAM reserved:",0
183800,Training Loss:,7.284067571333708e-09,", Learning rate:",2.4795441849224616e-06,", Number of training points (boundary):",3000,", Number of training points (interior):",15000,", VRAM allocated:",0,", VRAM reserved:",0
183900,Training Loss:,7.335628993132559e-09,", Learning rate:",2.4795441849224616e-06,", Number of training points (boundary):",3000,", Number of training points (interior):",15000,", VRAM allocated:",0,", VRAM reserved:",0
184000,Training Loss:,7.280987368574188e-09,", Learning rate:",2.429953301224012e-06,", Number of training points (boundary):",3000,", Number of training points (interior):",15000,", VRAM allocated:",0,", VRAM reserved:",0
184100,Training Loss:,7.270978041873377e-09,", Learning rate:",2.429953301224012e-06,", Number of training points (boundary):",3000,", Number of training points (interior):",15000,", VRAM allocated:",0,", VRAM reserved:",0
184200,Training Loss:,7.267521695553114e-09,", Learning rate:",2.429953301224012e-06,", Number of training points (boundary):",3000,", Number of training points (interior):",15000,", VRAM allocated:",0,", VRAM reserved:",0
184300,Training Loss:,7.262799694984778e-09,", Learning rate:",2.429953301224012e-06,", Number of training points (boundary):",3000,", Number of training points (interior):",15000,", VRAM allocated:",0,", VRAM reserved:",0
184400,Training Loss:,7.258392553666226e-09,", Learning rate:",2.429953301224012e-06,", Number of training points (boundary):",3000,", Number of training points (interior):",15000,", VRAM allocated:",0,", VRAM reserved:",0
184500,Training Loss:,7.25488646935446e-09,", Learning rate:",2.429953301224012e-06,", Number of training points (boundary):",3000,", Number of training points (interior):",15000,", VRAM allocated:",0,", VRAM reserved:",0
184600,Training Loss:,7.249781219798024e-09,", Learning rate:",2.429953301224012e-06,", Number of training points (boundary):",3000,", Number of training points (interior):",15000,", VRAM allocated:",0,", VRAM reserved:",0
184700,Training Loss:,7.2460060174250884e-09,", Learning rate:",2.429953301224012e-06,", Number of training points (boundary):",3000,", Number of training points (interior):",15000,", VRAM allocated:",0,", VRAM reserved:",0
184800,Training Loss:,7.241573563021575e-09,", Learning rate:",2.429953301224012e-06,", Number of training points (boundary):",3000,", Number of training points (interior):",15000,", VRAM allocated:",0,", VRAM reserved:",0
184900,Training Loss:,7.237996424436233e-09,", Learning rate:",2.429953301224012e-06,", Number of training points (boundary):",3000,", Number of training points (interior):",15000,", VRAM allocated:",0,", VRAM reserved:",0
185000,Training Loss:,7.260436696299166e-09,", Learning rate:",2.381354235199532e-06,", Number of training points (boundary):",3000,", Number of training points (interior):",15000,", VRAM allocated:",0,", VRAM reserved:",0
185100,Training Loss:,7.229429499489015e-09,", Learning rate:",2.381354235199532e-06,", Number of training points (boundary):",3000,", Number of training points (interior):",15000,", VRAM allocated:",0,", VRAM reserved:",0
185200,Training Loss:,7.22461734881108e-09,", Learning rate:",2.381354235199532e-06,", Number of training points (boundary):",3000,", Number of training points (interior):",15000,", VRAM allocated:",0,", VRAM reserved:",0
185300,Training Loss:,7.221161446580027e-09,", Learning rate:",2.381354235199532e-06,", Number of training points (boundary):",3000,", Number of training points (interior):",15000,", VRAM allocated:",0,", VRAM reserved:",0
185400,Training Loss:,7.2168275799811e-09,", Learning rate:",2.381354235199532e-06,", Number of training points (boundary):",3000,", Number of training points (interior):",15000,", VRAM allocated:",0,", VRAM reserved:",0
185500,Training Loss:,7.216654385189258e-09,", Learning rate:",2.381354235199532e-06,", Number of training points (boundary):",3000,", Number of training points (interior):",15000,", VRAM allocated:",0,", VRAM reserved:",0
185600,Training Loss:,7.2083548019463706e-09,", Learning rate:",2.381354235199532e-06,", Number of training points (boundary):",3000,", Number of training points (interior):",15000,", VRAM allocated:",0,", VRAM reserved:",0
185700,Training Loss:,7.20412041133045e-09,", Learning rate:",2.381354235199532e-06,", Number of training points (boundary):",3000,", Number of training points (interior):",15000,", VRAM allocated:",0,", VRAM reserved:",0
185800,Training Loss:,7.2009207485734805e-09,", Learning rate:",2.381354235199532e-06,", Number of training points (boundary):",3000,", Number of training points (interior):",15000,", VRAM allocated:",0,", VRAM reserved:",0
185900,Training Loss:,7.196208073878552e-09,", Learning rate:",2.381354235199532e-06,", Number of training points (boundary):",3000,", Number of training points (interior):",15000,", VRAM allocated:",0,", VRAM reserved:",0
186000,Training Loss:,7.19183024244785e-09,", Learning rate:",2.333727150495541e-06,", Number of training points (boundary):",3000,", Number of training points (interior):",15000,", VRAM allocated:",0,", VRAM reserved:",0
186100,Training Loss:,7.188141193381625e-09,", Learning rate:",2.333727150495541e-06,", Number of training points (boundary):",3000,", Number of training points (interior):",15000,", VRAM allocated:",0,", VRAM reserved:",0
186200,Training Loss:,7.18418791123554e-09,", Learning rate:",2.333727150495541e-06,", Number of training points (boundary):",3000,", Number of training points (interior):",15000,", VRAM allocated:",0,", VRAM reserved:",0
186300,Training Loss:,7.1800250189824055e-09,", Learning rate:",2.333727150495541e-06,", Number of training points (boundary):",3000,", Number of training points (interior):",15000,", VRAM allocated:",0,", VRAM reserved:",0
186400,Training Loss:,7.175862126729271e-09,", Learning rate:",2.333727150495541e-06,", Number of training points (boundary):",3000,", Number of training points (interior):",15000,", VRAM allocated:",0,", VRAM reserved:",0
186500,Training Loss:,7.1743766483223226e-09,", Learning rate:",2.333727150495541e-06,", Number of training points (boundary):",3000,", Number of training points (interior):",15000,", VRAM allocated:",0,", VRAM reserved:",0
186600,Training Loss:,7.167705096122745e-09,", Learning rate:",2.333727150495541e-06,", Number of training points (boundary):",3000,", Number of training points (interior):",15000,", VRAM allocated:",0,", VRAM reserved:",0
186700,Training Loss:,7.186070849485304e-09,", Learning rate:",2.333727150495541e-06,", Number of training points (boundary):",3000,", Number of training points (interior):",15000,", VRAM allocated:",0,", VRAM reserved:",0
186800,Training Loss:,7.159884241048076e-09,", Learning rate:",2.333727150495541e-06,", Number of training points (boundary):",3000,", Number of training points (interior):",15000,", VRAM allocated:",0,", VRAM reserved:",0
186900,Training Loss:,7.186593542485298e-09,", Learning rate:",2.333727150495541e-06,", Number of training points (boundary):",3000,", Number of training points (interior):",15000,", VRAM allocated:",0,", VRAM reserved:",0
187000,Training Loss:,7.15136971862762e-09,", Learning rate:",2.2870526074856305e-06,", Number of training points (boundary):",3000,", Number of training points (interior):",15000,", VRAM allocated:",0,", VRAM reserved:",0
187100,Training Loss:,7.147719749411863e-09,", Learning rate:",2.2870526074856305e-06,", Number of training points (boundary):",3000,", Number of training points (interior):",15000,", VRAM allocated:",0,", VRAM reserved:",0
187200,Training Loss:,7.144245195433996e-09,", Learning rate:",2.2870526074856305e-06,", Number of training points (boundary):",3000,", Number of training points (interior):",15000,", VRAM allocated:",0,", VRAM reserved:",0
187300,Training Loss:,7.151293779372736e-09,", Learning rate:",2.2870526074856305e-06,", Number of training points (boundary):",3000,", Number of training points (interior):",15000,", VRAM allocated:",0,", VRAM reserved:",0
187400,Training Loss:,7.13591052914353e-09,", Learning rate:",2.2870526074856305e-06,", Number of training points (boundary):",3000,", Number of training points (interior):",15000,", VRAM allocated:",0,", VRAM reserved:",0
187500,Training Loss:,7.134050683532678e-09,", Learning rate:",2.2870526074856305e-06,", Number of training points (boundary):",3000,", Number of training points (interior):",15000,", VRAM allocated:",0,", VRAM reserved:",0
187600,Training Loss:,7.1284596003806655e-09,", Learning rate:",2.2870526074856305e-06,", Number of training points (boundary):",3000,", Number of training points (interior):",15000,", VRAM allocated:",0,", VRAM reserved:",0
187700,Training Loss:,7.1240702226305075e-09,", Learning rate:",2.2870526074856305e-06,", Number of training points (boundary):",3000,", Number of training points (interior):",15000,", VRAM allocated:",0,", VRAM reserved:",0
187800,Training Loss:,7.123654111040878e-09,", Learning rate:",2.2870526074856305e-06,", Number of training points (boundary):",3000,", Number of training points (interior):",15000,", VRAM allocated:",0,", VRAM reserved:",0
187900,Training Loss:,7.11642123008005e-09,", Learning rate:",2.2870526074856305e-06,", Number of training points (boundary):",3000,", Number of training points (interior):",15000,", VRAM allocated:",0,", VRAM reserved:",0
188000,Training Loss:,7.112958222421639e-09,", Learning rate:",2.2413115553359177e-06,", Number of training points (boundary):",3000,", Number of training points (interior):",15000,", VRAM allocated:",0,", VRAM reserved:",0
188100,Training Loss:,7.107929356209297e-09,", Learning rate:",2.2413115553359177e-06,", Number of training points (boundary):",3000,", Number of training points (interior):",15000,", VRAM allocated:",0,", VRAM reserved:",0
188200,Training Loss:,7.104402843793878e-09,", Learning rate:",2.2413115553359177e-06,", Number of training points (boundary):",3000,", Number of training points (interior):",15000,", VRAM allocated:",0,", VRAM reserved:",0
188300,Training Loss:,7.114131950203273e-09,", Learning rate:",2.2413115553359177e-06,", Number of training points (boundary):",3000,", Number of training points (interior):",15000,", VRAM allocated:",0,", VRAM reserved:",0
188400,Training Loss:,7.096947030049705e-09,", Learning rate:",2.2413115553359177e-06,", Number of training points (boundary):",3000,", Number of training points (interior):",15000,", VRAM allocated:",0,", VRAM reserved:",0
188500,Training Loss:,7.092840981215431e-09,", Learning rate:",2.2413115553359177e-06,", Number of training points (boundary):",3000,", Number of training points (interior):",15000,", VRAM allocated:",0,", VRAM reserved:",0
188600,Training Loss:,7.100569021645242e-09,", Learning rate:",2.2413115553359177e-06,", Number of training points (boundary):",3000,", Number of training points (interior):",15000,", VRAM allocated:",0,", VRAM reserved:",0
188700,Training Loss:,7.085289244201931e-09,", Learning rate:",2.2413115553359177e-06,", Number of training points (boundary):",3000,", Number of training points (interior):",15000,", VRAM allocated:",0,", VRAM reserved:",0
188800,Training Loss:,7.0814403230201606e-09,", Learning rate:",2.2413115553359177e-06,", Number of training points (boundary):",3000,", Number of training points (interior):",15000,", VRAM allocated:",0,", VRAM reserved:",0
188900,Training Loss:,7.077744612615788e-09,", Learning rate:",2.2413115553359177e-06,", Number of training points (boundary):",3000,", Number of training points (interior):",15000,", VRAM allocated:",0,", VRAM reserved:",0
189000,Training Loss:,7.0736421164951935e-09,", Learning rate:",2.1964853242291993e-06,", Number of training points (boundary):",3000,", Number of training points (interior):",15000,", VRAM allocated:",0,", VRAM reserved:",0
189100,Training Loss:,7.069734131448513e-09,", Learning rate:",2.1964853242291993e-06,", Number of training points (boundary):",3000,", Number of training points (interior):",15000,", VRAM allocated:",0,", VRAM reserved:",0
189200,Training Loss:,7.066843998870809e-09,", Learning rate:",2.1964853242291993e-06,", Number of training points (boundary):",3000,", Number of training points (interior):",15000,", VRAM allocated:",0,", VRAM reserved:",0
189300,Training Loss:,7.062225026999158e-09,", Learning rate:",2.1964853242291993e-06,", Number of training points (boundary):",3000,", Number of training points (interior):",15000,", VRAM allocated:",0,", VRAM reserved:",0
189400,Training Loss:,7.0578378696950494e-09,", Learning rate:",2.1964853242291993e-06,", Number of training points (boundary):",3000,", Number of training points (interior):",15000,", VRAM allocated:",0,", VRAM reserved:",0
189500,Training Loss:,7.054631101510722e-09,", Learning rate:",2.1964853242291993e-06,", Number of training points (boundary):",3000,", Number of training points (interior):",15000,", VRAM allocated:",0,", VRAM reserved:",0
189600,Training Loss:,7.050600547842123e-09,", Learning rate:",2.1964853242291993e-06,", Number of training points (boundary):",3000,", Number of training points (interior):",15000,", VRAM allocated:",0,", VRAM reserved:",0
189700,Training Loss:,7.047122441150577e-09,", Learning rate:",2.1964853242291993e-06,", Number of training points (boundary):",3000,", Number of training points (interior):",15000,", VRAM allocated:",0,", VRAM reserved:",0
189800,Training Loss:,7.042570082660404e-09,", Learning rate:",2.1964853242291993e-06,", Number of training points (boundary):",3000,", Number of training points (interior):",15000,", VRAM allocated:",0,", VRAM reserved:",0
189900,Training Loss:,7.041055294365606e-09,", Learning rate:",2.1964853242291993e-06,", Number of training points (boundary):",3000,", Number of training points (interior):",15000,", VRAM allocated:",0,", VRAM reserved:",0
190000,Training Loss:,7.058494677636418e-09,", Learning rate:",2.1525556177446154e-06,", Number of training points (boundary):",3000,", Number of training points (interior):",15000,", VRAM allocated:",0,", VRAM reserved:",0
190100,Training Loss:,7.0319217115866195e-09,", Learning rate:",2.1525556177446154e-06,", Number of training points (boundary):",3000,", Number of training points (interior):",15000,", VRAM allocated:",0,", VRAM reserved:",0
190200,Training Loss:,7.076997210475611e-09,", Learning rate:",2.1525556177446154e-06,", Number of training points (boundary):",3000,", Number of training points (interior):",15000,", VRAM allocated:",0,", VRAM reserved:",0
190300,Training Loss:,7.024400616728599e-09,", Learning rate:",2.1525556177446154e-06,", Number of training points (boundary):",3000,", Number of training points (interior):",15000,", VRAM allocated:",0,", VRAM reserved:",0
190400,Training Loss:,7.023010173412558e-09,", Learning rate:",2.1525556177446154e-06,", Number of training points (boundary):",3000,", Number of training points (interior):",15000,", VRAM allocated:",0,", VRAM reserved:",0
190500,Training Loss:,7.016692560313231e-09,", Learning rate:",2.1525556177446154e-06,", Number of training points (boundary):",3000,", Number of training points (interior):",15000,", VRAM allocated:",0,", VRAM reserved:",0
190600,Training Loss:,7.0172312405247794e-09,", Learning rate:",2.1525556177446154e-06,", Number of training points (boundary):",3000,", Number of training points (interior):",15000,", VRAM allocated:",0,", VRAM reserved:",0
190700,Training Loss:,7.009918867595388e-09,", Learning rate:",2.1525556177446154e-06,", Number of training points (boundary):",3000,", Number of training points (interior):",15000,", VRAM allocated:",0,", VRAM reserved:",0
190800,Training Loss:,7.005727553632823e-09,", Learning rate:",2.1525556177446154e-06,", Number of training points (boundary):",3000,", Number of training points (interior):",15000,", VRAM allocated:",0,", VRAM reserved:",0
190900,Training Loss:,7.048009287302648e-09,", Learning rate:",2.1525556177446154e-06,", Number of training points (boundary):",3000,", Number of training points (interior):",15000,", VRAM allocated:",0,", VRAM reserved:",0
191000,Training Loss:,6.998225998700036e-09,", Learning rate:",2.1095045053897233e-06,", Number of training points (boundary):",3000,", Number of training points (interior):",15000,", VRAM allocated:",0,", VRAM reserved:",0
191100,Training Loss:,6.994612888888696e-09,", Learning rate:",2.1095045053897233e-06,", Number of training points (boundary):",3000,", Number of training points (interior):",15000,", VRAM allocated:",0,", VRAM reserved:",0
191200,Training Loss:,6.990963807851358e-09,", Learning rate:",2.1095045053897233e-06,", Number of training points (boundary):",3000,", Number of training points (interior):",15000,", VRAM allocated:",0,", VRAM reserved:",0
191300,Training Loss:,6.98929891740363e-09,", Learning rate:",2.1095045053897233e-06,", Number of training points (boundary):",3000,", Number of training points (interior):",15000,", VRAM allocated:",0,", VRAM reserved:",0
191400,Training Loss:,6.983734923693419e-09,", Learning rate:",2.1095045053897233e-06,", Number of training points (boundary):",3000,", Number of training points (interior):",15000,", VRAM allocated:",0,", VRAM reserved:",0
191500,Training Loss:,6.9816299408387295e-09,", Learning rate:",2.1095045053897233e-06,", Number of training points (boundary):",3000,", Number of training points (interior):",15000,", VRAM allocated:",0,", VRAM reserved:",0
191600,Training Loss:,6.9768910648804194e-09,", Learning rate:",2.1095045053897233e-06,", Number of training points (boundary):",3000,", Number of training points (interior):",15000,", VRAM allocated:",0,", VRAM reserved:",0
191700,Training Loss:,6.972967980800604e-09,", Learning rate:",2.1095045053897233e-06,", Number of training points (boundary):",3000,", Number of training points (interior):",15000,", VRAM allocated:",0,", VRAM reserved:",0
191800,Training Loss:,6.988674527974581e-09,", Learning rate:",2.1095045053897233e-06,", Number of training points (boundary):",3000,", Number of training points (interior):",15000,", VRAM allocated:",0,", VRAM reserved:",0
191900,Training Loss:,6.966067278568744e-09,", Learning rate:",2.1095045053897233e-06,", Number of training points (boundary):",3000,", Number of training points (interior):",15000,", VRAM allocated:",0,", VRAM reserved:",0
192000,Training Loss:,6.963395637882286e-09,", Learning rate:",2.067314415281929e-06,", Number of training points (boundary):",3000,", Number of training points (interior):",15000,", VRAM allocated:",0,", VRAM reserved:",0
192100,Training Loss:,6.958394749290164e-09,", Learning rate:",2.067314415281929e-06,", Number of training points (boundary):",3000,", Number of training points (interior):",15000,", VRAM allocated:",0,", VRAM reserved:",0
192200,Training Loss:,6.954217202093105e-09,", Learning rate:",2.067314415281929e-06,", Number of training points (boundary):",3000,", Number of training points (interior):",15000,", VRAM allocated:",0,", VRAM reserved:",0
192300,Training Loss:,6.950961140006484e-09,", Learning rate:",2.067314415281929e-06,", Number of training points (boundary):",3000,", Number of training points (interior):",15000,", VRAM allocated:",0,", VRAM reserved:",0
192400,Training Loss:,6.947777908550279e-09,", Learning rate:",2.067314415281929e-06,", Number of training points (boundary):",3000,", Number of training points (interior):",15000,", VRAM allocated:",0,", VRAM reserved:",0
192500,Training Loss:,6.944375297024408e-09,", Learning rate:",2.067314415281929e-06,", Number of training points (boundary):",3000,", Number of training points (interior):",15000,", VRAM allocated:",0,", VRAM reserved:",0
192600,Training Loss:,6.940616525952237e-09,", Learning rate:",2.067314415281929e-06,", Number of training points (boundary):",3000,", Number of training points (interior):",15000,", VRAM allocated:",0,", VRAM reserved:",0
192700,Training Loss:,6.93684532038219e-09,", Learning rate:",2.067314415281929e-06,", Number of training points (boundary):",3000,", Number of training points (interior):",15000,", VRAM allocated:",0,", VRAM reserved:",0
192800,Training Loss:,6.933315255253092e-09,", Learning rate:",2.067314415281929e-06,", Number of training points (boundary):",3000,", Number of training points (interior):",15000,", VRAM allocated:",0,", VRAM reserved:",0
192900,Training Loss:,6.930203966248882e-09,", Learning rate:",2.067314415281929e-06,", Number of training points (boundary):",3000,", Number of training points (interior):",15000,", VRAM allocated:",0,", VRAM reserved:",0
193000,Training Loss:,6.926825779629553e-09,", Learning rate:",2.0259681269762906e-06,", Number of training points (boundary):",3000,", Number of training points (interior):",15000,", VRAM allocated:",0,", VRAM reserved:",0
193100,Training Loss:,6.922474593551442e-09,", Learning rate:",2.0259681269762906e-06,", Number of training points (boundary):",3000,", Number of training points (interior):",15000,", VRAM allocated:",0,", VRAM reserved:",0
193200,Training Loss:,6.919640416214179e-09,", Learning rate:",2.0259681269762906e-06,", Number of training points (boundary):",3000,", Number of training points (interior):",15000,", VRAM allocated:",0,", VRAM reserved:",0
193300,Training Loss:,6.915493511172599e-09,", Learning rate:",2.0259681269762906e-06,", Number of training points (boundary):",3000,", Number of training points (interior):",15000,", VRAM allocated:",0,", VRAM reserved:",0
193400,Training Loss:,6.941236030399978e-09,", Learning rate:",2.0259681269762906e-06,", Number of training points (boundary):",3000,", Number of training points (interior):",15000,", VRAM allocated:",0,", VRAM reserved:",0
193500,Training Loss:,6.908458693999364e-09,", Learning rate:",2.0259681269762906e-06,", Number of training points (boundary):",3000,", Number of training points (interior):",15000,", VRAM allocated:",0,", VRAM reserved:",0
193600,Training Loss:,6.90544998960263e-09,", Learning rate:",2.0259681269762906e-06,", Number of training points (boundary):",3000,", Number of training points (interior):",15000,", VRAM allocated:",0,", VRAM reserved:",0
193700,Training Loss:,6.901756943733517e-09,", Learning rate:",2.0259681269762906e-06,", Number of training points (boundary):",3000,", Number of training points (interior):",15000,", VRAM allocated:",0,", VRAM reserved:",0
193800,Training Loss:,6.898234428120986e-09,", Learning rate:",2.0259681269762906e-06,", Number of training points (boundary):",3000,", Number of training points (interior):",15000,", VRAM allocated:",0,", VRAM reserved:",0
193900,Training Loss:,6.894280257796481e-09,", Learning rate:",2.0259681269762906e-06,", Number of training points (boundary):",3000,", Number of training points (interior):",15000,", VRAM allocated:",0,", VRAM reserved:",0
194000,Training Loss:,6.891462067670773e-09,", Learning rate:",1.985448764436765e-06,", Number of training points (boundary):",3000,", Number of training points (interior):",15000,", VRAM allocated:",0,", VRAM reserved:",0
194100,Training Loss:,6.887962644697154e-09,", Learning rate:",1.985448764436765e-06,", Number of training points (boundary):",3000,", Number of training points (interior):",15000,", VRAM allocated:",0,", VRAM reserved:",0
194200,Training Loss:,6.884408598750724e-09,", Learning rate:",1.985448764436765e-06,", Number of training points (boundary):",3000,", Number of training points (interior):",15000,", VRAM allocated:",0,", VRAM reserved:",0
194300,Training Loss:,6.920797268605838e-09,", Learning rate:",1.985448764436765e-06,", Number of training points (boundary):",3000,", Number of training points (interior):",15000,", VRAM allocated:",0,", VRAM reserved:",0
194400,Training Loss:,6.877784564096601e-09,", Learning rate:",1.985448764436765e-06,", Number of training points (boundary):",3000,", Number of training points (interior):",15000,", VRAM allocated:",0,", VRAM reserved:",0
194500,Training Loss:,6.874489422159513e-09,", Learning rate:",1.985448764436765e-06,", Number of training points (boundary):",3000,", Number of training points (interior):",15000,", VRAM allocated:",0,", VRAM reserved:",0
194600,Training Loss:,6.870646718226681e-09,", Learning rate:",1.985448764436765e-06,", Number of training points (boundary):",3000,", Number of training points (interior):",15000,", VRAM allocated:",0,", VRAM reserved:",0
194700,Training Loss:,6.867121982168101e-09,", Learning rate:",1.985448764436765e-06,", Number of training points (boundary):",3000,", Number of training points (interior):",15000,", VRAM allocated:",0,", VRAM reserved:",0
194800,Training Loss:,6.865365609343144e-09,", Learning rate:",1.985448764436765e-06,", Number of training points (boundary):",3000,", Number of training points (interior):",15000,", VRAM allocated:",0,", VRAM reserved:",0
194900,Training Loss:,6.860491286175829e-09,", Learning rate:",1.985448764436765e-06,", Number of training points (boundary):",3000,", Number of training points (interior):",15000,", VRAM allocated:",0,", VRAM reserved:",0
195000,Training Loss:,6.85939305355987e-09,", Learning rate:",1.9457397891480297e-06,", Number of training points (boundary):",3000,", Number of training points (interior):",15000,", VRAM allocated:",0,", VRAM reserved:",0
195100,Training Loss:,6.853803746764697e-09,", Learning rate:",1.9457397891480297e-06,", Number of training points (boundary):",3000,", Number of training points (interior):",15000,", VRAM allocated:",0,", VRAM reserved:",0
195200,Training Loss:,6.8662400209973384e-09,", Learning rate:",1.9457397891480297e-06,", Number of training points (boundary):",3000,", Number of training points (interior):",15000,", VRAM allocated:",0,", VRAM reserved:",0
195300,Training Loss:,6.846726741116527e-09,", Learning rate:",1.9457397891480297e-06,", Number of training points (boundary):",3000,", Number of training points (interior):",15000,", VRAM allocated:",0,", VRAM reserved:",0
195400,Training Loss:,6.844375288750371e-09,", Learning rate:",1.9457397891480297e-06,", Number of training points (boundary):",3000,", Number of training points (interior):",15000,", VRAM allocated:",0,", VRAM reserved:",0
195500,Training Loss:,6.840334076940735e-09,", Learning rate:",1.9457397891480297e-06,", Number of training points (boundary):",3000,", Number of training points (interior):",15000,", VRAM allocated:",0,", VRAM reserved:",0
195600,Training Loss:,6.8402350450469385e-09,", Learning rate:",1.9457397891480297e-06,", Number of training points (boundary):",3000,", Number of training points (interior):",15000,", VRAM allocated:",0,", VRAM reserved:",0
195700,Training Loss:,6.839249611090281e-09,", Learning rate:",1.9457397891480297e-06,", Number of training points (boundary):",3000,", Number of training points (interior):",15000,", VRAM allocated:",0,", VRAM reserved:",0
195800,Training Loss:,6.830052523554286e-09,", Learning rate:",1.9457397891480297e-06,", Number of training points (boundary):",3000,", Number of training points (interior):",15000,", VRAM allocated:",0,", VRAM reserved:",0
195900,Training Loss:,6.837749033650198e-09,", Learning rate:",1.9457397891480297e-06,", Number of training points (boundary):",3000,", Number of training points (interior):",15000,", VRAM allocated:",0,", VRAM reserved:",0
196000,Training Loss:,6.823286824442221e-09,", Learning rate:",1.9068249933650691e-06,", Number of training points (boundary):",3000,", Number of training points (interior):",15000,", VRAM allocated:",0,", VRAM reserved:",0
196100,Training Loss:,6.820114251127052e-09,", Learning rate:",1.9068249933650691e-06,", Number of training points (boundary):",3000,", Number of training points (interior):",15000,", VRAM allocated:",0,", VRAM reserved:",0
196200,Training Loss:,6.817534536907033e-09,", Learning rate:",1.9068249933650691e-06,", Number of training points (boundary):",3000,", Number of training points (interior):",15000,", VRAM allocated:",0,", VRAM reserved:",0
196300,Training Loss:,6.828931642388625e-09,", Learning rate:",1.9068249933650691e-06,", Number of training points (boundary):",3000,", Number of training points (interior):",15000,", VRAM allocated:",0,", VRAM reserved:",0
196400,Training Loss:,6.810386476985286e-09,", Learning rate:",1.9068249933650691e-06,", Number of training points (boundary):",3000,", Number of training points (interior):",15000,", VRAM allocated:",0,", VRAM reserved:",0
196500,Training Loss:,6.809128372253781e-09,", Learning rate:",1.9068249933650691e-06,", Number of training points (boundary):",3000,", Number of training points (interior):",15000,", VRAM allocated:",0,", VRAM reserved:",0
196600,Training Loss:,6.803791752219013e-09,", Learning rate:",1.9068249933650691e-06,", Number of training points (boundary):",3000,", Number of training points (interior):",15000,", VRAM allocated:",0,", VRAM reserved:",0
196700,Training Loss:,6.80021638999051e-09,", Learning rate:",1.9068249933650691e-06,", Number of training points (boundary):",3000,", Number of training points (interior):",15000,", VRAM allocated:",0,", VRAM reserved:",0
196800,Training Loss:,6.797302720684684e-09,", Learning rate:",1.9068249933650691e-06,", Number of training points (boundary):",3000,", Number of training points (interior):",15000,", VRAM allocated:",0,", VRAM reserved:",0
196900,Training Loss:,6.793993367892881e-09,", Learning rate:",1.9068249933650691e-06,", Number of training points (boundary):",3000,", Number of training points (interior):",15000,", VRAM allocated:",0,", VRAM reserved:",0
197000,Training Loss:,6.790255024924363e-09,", Learning rate:",1.8686884934977677e-06,", Number of training points (boundary):",3000,", Number of training points (interior):",15000,", VRAM allocated:",0,", VRAM reserved:",0
197100,Training Loss:,6.7874252884791986e-09,", Learning rate:",1.8686884934977677e-06,", Number of training points (boundary):",3000,", Number of training points (interior):",15000,", VRAM allocated:",0,", VRAM reserved:",0
197200,Training Loss:,6.784071970855621e-09,", Learning rate:",1.8686884934977677e-06,", Number of training points (boundary):",3000,", Number of training points (interior):",15000,", VRAM allocated:",0,", VRAM reserved:",0
197300,Training Loss:,6.7808620940468245e-09,", Learning rate:",1.8686884934977677e-06,", Number of training points (boundary):",3000,", Number of training points (interior):",15000,", VRAM allocated:",0,", VRAM reserved:",0
197400,Training Loss:,6.777955086079146e-09,", Learning rate:",1.8686884934977677e-06,", Number of training points (boundary):",3000,", Number of training points (interior):",15000,", VRAM allocated:",0,", VRAM reserved:",0
197500,Training Loss:,6.774533822806461e-09,", Learning rate:",1.8686884934977677e-06,", Number of training points (boundary):",3000,", Number of training points (interior):",15000,", VRAM allocated:",0,", VRAM reserved:",0
197600,Training Loss:,6.771406990679907e-09,", Learning rate:",1.8686884934977677e-06,", Number of training points (boundary):",3000,", Number of training points (interior):",15000,", VRAM allocated:",0,", VRAM reserved:",0
197700,Training Loss:,6.7684520210775645e-09,", Learning rate:",1.8686884934977677e-06,", Number of training points (boundary):",3000,", Number of training points (interior):",15000,", VRAM allocated:",0,", VRAM reserved:",0
197800,Training Loss:,6.765298099509209e-09,", Learning rate:",1.8686884934977677e-06,", Number of training points (boundary):",3000,", Number of training points (interior):",15000,", VRAM allocated:",0,", VRAM reserved:",0
197900,Training Loss:,6.7615744114846166e-09,", Learning rate:",1.8686884934977677e-06,", Number of training points (boundary):",3000,", Number of training points (interior):",15000,", VRAM allocated:",0,", VRAM reserved:",0
198000,Training Loss:,6.758326343003773e-09,", Learning rate:",1.8313147236278122e-06,", Number of training points (boundary):",3000,", Number of training points (interior):",15000,", VRAM allocated:",0,", VRAM reserved:",0
198100,Training Loss:,6.755607628861071e-09,", Learning rate:",1.8313147236278122e-06,", Number of training points (boundary):",3000,", Number of training points (interior):",15000,", VRAM allocated:",0,", VRAM reserved:",0
198200,Training Loss:,6.752251202613024e-09,", Learning rate:",1.8313147236278122e-06,", Number of training points (boundary):",3000,", Number of training points (interior):",15000,", VRAM allocated:",0,", VRAM reserved:",0
198300,Training Loss:,6.753783754476217e-09,", Learning rate:",1.8313147236278122e-06,", Number of training points (boundary):",3000,", Number of training points (interior):",15000,", VRAM allocated:",0,", VRAM reserved:",0
198400,Training Loss:,6.7453083119062285e-09,", Learning rate:",1.8313147236278122e-06,", Number of training points (boundary):",3000,", Number of training points (interior):",15000,", VRAM allocated:",0,", VRAM reserved:",0
198500,Training Loss:,6.742616687205327e-09,", Learning rate:",1.8313147236278122e-06,", Number of training points (boundary):",3000,", Number of training points (interior):",15000,", VRAM allocated:",0,", VRAM reserved:",0
198600,Training Loss:,6.739326430249548e-09,", Learning rate:",1.8313147236278122e-06,", Number of training points (boundary):",3000,", Number of training points (interior):",15000,", VRAM allocated:",0,", VRAM reserved:",0
198700,Training Loss:,6.736406543694784e-09,", Learning rate:",1.8313147236278122e-06,", Number of training points (boundary):",3000,", Number of training points (interior):",15000,", VRAM allocated:",0,", VRAM reserved:",0
198800,Training Loss:,6.733163804284459e-09,", Learning rate:",1.8313147236278122e-06,", Number of training points (boundary):",3000,", Number of training points (interior):",15000,", VRAM allocated:",0,", VRAM reserved:",0
198900,Training Loss:,6.730191515202932e-09,", Learning rate:",1.8313147236278122e-06,", Number of training points (boundary):",3000,", Number of training points (interior):",15000,", VRAM allocated:",0,", VRAM reserved:",0
199000,Training Loss:,6.735432656057583e-09,", Learning rate:",1.7946884291552558e-06,", Number of training points (boundary):",3000,", Number of training points (interior):",15000,", VRAM allocated:",0,", VRAM reserved:",0
199100,Training Loss:,6.723833489985509e-09,", Learning rate:",1.7946884291552558e-06,", Number of training points (boundary):",3000,", Number of training points (interior):",15000,", VRAM allocated:",0,", VRAM reserved:",0
199200,Training Loss:,6.720857648190304e-09,", Learning rate:",1.7946884291552558e-06,", Number of training points (boundary):",3000,", Number of training points (interior):",15000,", VRAM allocated:",0,", VRAM reserved:",0
199300,Training Loss:,6.717684186696715e-09,", Learning rate:",1.7946884291552558e-06,", Number of training points (boundary):",3000,", Number of training points (interior):",15000,", VRAM allocated:",0,", VRAM reserved:",0
199400,Training Loss:,6.722982615059436e-09,", Learning rate:",1.7946884291552558e-06,", Number of training points (boundary):",3000,", Number of training points (interior):",15000,", VRAM allocated:",0,", VRAM reserved:",0
199500,Training Loss:,6.711311062446157e-09,", Learning rate:",1.7946884291552558e-06,", Number of training points (boundary):",3000,", Number of training points (interior):",15000,", VRAM allocated:",0,", VRAM reserved:",0
199600,Training Loss:,6.708650968079155e-09,", Learning rate:",1.7946884291552558e-06,", Number of training points (boundary):",3000,", Number of training points (interior):",15000,", VRAM allocated:",0,", VRAM reserved:",0
199700,Training Loss:,6.715386025035741e-09,", Learning rate:",1.7946884291552558e-06,", Number of training points (boundary):",3000,", Number of training points (interior):",15000,", VRAM allocated:",0,", VRAM reserved:",0
199800,Training Loss:,6.701718291424186e-09,", Learning rate:",1.7946884291552558e-06,", Number of training points (boundary):",3000,", Number of training points (interior):",15000,", VRAM allocated:",0,", VRAM reserved:",0
199900,Training Loss:,6.698904986279786e-09,", Learning rate:",1.7946884291552558e-06,", Number of training points (boundary):",3000,", Number of training points (interior):",15000,", VRAM allocated:",0,", VRAM reserved:",0
