0,Training Loss:,17.818098068237305,", Learning rate:",3e-05,", Number of training points (boundary):",0,", Number of training points (interior):",30000,", VRAM allocated:",0,", VRAM reserved:",0
100,Training Loss:,7.308498859405518,", Learning rate:",3e-05,", Number of training points (boundary):",0,", Number of training points (interior):",30000,", VRAM allocated:",0,", VRAM reserved:",0
200,Training Loss:,1.9362109899520874,", Learning rate:",3e-05,", Number of training points (boundary):",0,", Number of training points (interior):",30000,", VRAM allocated:",0,", VRAM reserved:",0
300,Training Loss:,0.6916953325271606,", Learning rate:",3e-05,", Number of training points (boundary):",0,", Number of training points (interior):",30000,", VRAM allocated:",0,", VRAM reserved:",0
400,Training Loss:,0.41484716534614563,", Learning rate:",3e-05,", Number of training points (boundary):",0,", Number of training points (interior):",30000,", VRAM allocated:",0,", VRAM reserved:",0
500,Training Loss:,0.265134334564209,", Learning rate:",3e-05,", Number of training points (boundary):",0,", Number of training points (interior):",30000,", VRAM allocated:",0,", VRAM reserved:",0
600,Training Loss:,0.17774105072021484,", Learning rate:",3e-05,", Number of training points (boundary):",0,", Number of training points (interior):",30000,", VRAM allocated:",0,", VRAM reserved:",0
700,Training Loss:,0.12289898097515106,", Learning rate:",3e-05,", Number of training points (boundary):",0,", Number of training points (interior):",30000,", VRAM allocated:",0,", VRAM reserved:",0
800,Training Loss:,0.09310975670814514,", Learning rate:",3e-05,", Number of training points (boundary):",0,", Number of training points (interior):",30000,", VRAM allocated:",0,", VRAM reserved:",0
900,Training Loss:,0.0726676657795906,", Learning rate:",3e-05,", Number of training points (boundary):",0,", Number of training points (interior):",30000,", VRAM allocated:",0,", VRAM reserved:",0
1000,Training Loss:,0.06138639897108078,", Learning rate:",2.8499999999999998e-05,", Number of training points (boundary):",0,", Number of training points (interior):",30000,", VRAM allocated:",0,", VRAM reserved:",0
1100,Training Loss:,0.05428328737616539,", Learning rate:",2.8499999999999998e-05,", Number of training points (boundary):",0,", Number of training points (interior):",30000,", VRAM allocated:",0,", VRAM reserved:",0
1200,Training Loss:,0.04927724599838257,", Learning rate:",2.8499999999999998e-05,", Number of training points (boundary):",0,", Number of training points (interior):",30000,", VRAM allocated:",0,", VRAM reserved:",0
1300,Training Loss:,0.046060528606176376,", Learning rate:",2.8499999999999998e-05,", Number of training points (boundary):",0,", Number of training points (interior):",30000,", VRAM allocated:",0,", VRAM reserved:",0
1400,Training Loss:,0.0433121994137764,", Learning rate:",2.8499999999999998e-05,", Number of training points (boundary):",0,", Number of training points (interior):",30000,", VRAM allocated:",0,", VRAM reserved:",0
1500,Training Loss:,0.0412820465862751,", Learning rate:",2.8499999999999998e-05,", Number of training points (boundary):",0,", Number of training points (interior):",30000,", VRAM allocated:",0,", VRAM reserved:",0
1600,Training Loss:,0.03956926241517067,", Learning rate:",2.8499999999999998e-05,", Number of training points (boundary):",0,", Number of training points (interior):",30000,", VRAM allocated:",0,", VRAM reserved:",0
1700,Training Loss:,0.038032613694667816,", Learning rate:",2.8499999999999998e-05,", Number of training points (boundary):",0,", Number of training points (interior):",30000,", VRAM allocated:",0,", VRAM reserved:",0
1800,Training Loss:,0.037250496447086334,", Learning rate:",2.8499999999999998e-05,", Number of training points (boundary):",0,", Number of training points (interior):",30000,", VRAM allocated:",0,", VRAM reserved:",0
1900,Training Loss:,0.03621884807944298,", Learning rate:",2.8499999999999998e-05,", Number of training points (boundary):",0,", Number of training points (interior):",30000,", VRAM allocated:",0,", VRAM reserved:",0
2000,Training Loss:,0.051482945680618286,", Learning rate:",2.7074999999999997e-05,", Number of training points (boundary):",0,", Number of training points (interior):",30000,", VRAM allocated:",0,", VRAM reserved:",0
2100,Training Loss:,0.03334426134824753,", Learning rate:",2.7074999999999997e-05,", Number of training points (boundary):",0,", Number of training points (interior):",30000,", VRAM allocated:",0,", VRAM reserved:",0
2200,Training Loss:,0.03237368166446686,", Learning rate:",2.7074999999999997e-05,", Number of training points (boundary):",0,", Number of training points (interior):",30000,", VRAM allocated:",0,", VRAM reserved:",0
2300,Training Loss:,0.03149455785751343,", Learning rate:",2.7074999999999997e-05,", Number of training points (boundary):",0,", Number of training points (interior):",30000,", VRAM allocated:",0,", VRAM reserved:",0
2400,Training Loss:,0.030765624716877937,", Learning rate:",2.7074999999999997e-05,", Number of training points (boundary):",0,", Number of training points (interior):",30000,", VRAM allocated:",0,", VRAM reserved:",0
2500,Training Loss:,0.029786042869091034,", Learning rate:",2.7074999999999997e-05,", Number of training points (boundary):",0,", Number of training points (interior):",30000,", VRAM allocated:",0,", VRAM reserved:",0
2600,Training Loss:,0.0291568823158741,", Learning rate:",2.7074999999999997e-05,", Number of training points (boundary):",0,", Number of training points (interior):",30000,", VRAM allocated:",0,", VRAM reserved:",0
2700,Training Loss:,0.028293104842305183,", Learning rate:",2.7074999999999997e-05,", Number of training points (boundary):",0,", Number of training points (interior):",30000,", VRAM allocated:",0,", VRAM reserved:",0
2800,Training Loss:,0.02754938043653965,", Learning rate:",2.7074999999999997e-05,", Number of training points (boundary):",0,", Number of training points (interior):",30000,", VRAM allocated:",0,", VRAM reserved:",0
2900,Training Loss:,0.028314150869846344,", Learning rate:",2.7074999999999997e-05,", Number of training points (boundary):",0,", Number of training points (interior):",30000,", VRAM allocated:",0,", VRAM reserved:",0
3000,Training Loss:,0.029527876526117325,", Learning rate:",2.5721249999999997e-05,", Number of training points (boundary):",0,", Number of training points (interior):",30000,", VRAM allocated:",0,", VRAM reserved:",0
3100,Training Loss:,0.025601640343666077,", Learning rate:",2.5721249999999997e-05,", Number of training points (boundary):",0,", Number of training points (interior):",30000,", VRAM allocated:",0,", VRAM reserved:",0
3200,Training Loss:,0.026037443429231644,", Learning rate:",2.5721249999999997e-05,", Number of training points (boundary):",0,", Number of training points (interior):",30000,", VRAM allocated:",0,", VRAM reserved:",0
3300,Training Loss:,0.03310714662075043,", Learning rate:",2.5721249999999997e-05,", Number of training points (boundary):",0,", Number of training points (interior):",30000,", VRAM allocated:",0,", VRAM reserved:",0
3400,Training Loss:,0.02387332171201706,", Learning rate:",2.5721249999999997e-05,", Number of training points (boundary):",0,", Number of training points (interior):",30000,", VRAM allocated:",0,", VRAM reserved:",0
3500,Training Loss:,0.02333778142929077,", Learning rate:",2.5721249999999997e-05,", Number of training points (boundary):",0,", Number of training points (interior):",30000,", VRAM allocated:",0,", VRAM reserved:",0
3600,Training Loss:,0.023679111152887344,", Learning rate:",2.5721249999999997e-05,", Number of training points (boundary):",0,", Number of training points (interior):",30000,", VRAM allocated:",0,", VRAM reserved:",0
3700,Training Loss:,0.02292473055422306,", Learning rate:",2.5721249999999997e-05,", Number of training points (boundary):",0,", Number of training points (interior):",30000,", VRAM allocated:",0,", VRAM reserved:",0
3800,Training Loss:,0.02226528711616993,", Learning rate:",2.5721249999999997e-05,", Number of training points (boundary):",0,", Number of training points (interior):",30000,", VRAM allocated:",0,", VRAM reserved:",0
3900,Training Loss:,0.021290088072419167,", Learning rate:",2.5721249999999997e-05,", Number of training points (boundary):",0,", Number of training points (interior):",30000,", VRAM allocated:",0,", VRAM reserved:",0
4000,Training Loss:,0.020817190408706665,", Learning rate:",2.4435187499999995e-05,", Number of training points (boundary):",0,", Number of training points (interior):",30000,", VRAM allocated:",0,", VRAM reserved:",0
4100,Training Loss:,0.020348474383354187,", Learning rate:",2.4435187499999995e-05,", Number of training points (boundary):",0,", Number of training points (interior):",30000,", VRAM allocated:",0,", VRAM reserved:",0
4200,Training Loss:,0.019906017929315567,", Learning rate:",2.4435187499999995e-05,", Number of training points (boundary):",0,", Number of training points (interior):",30000,", VRAM allocated:",0,", VRAM reserved:",0
4300,Training Loss:,0.019519254565238953,", Learning rate:",2.4435187499999995e-05,", Number of training points (boundary):",0,", Number of training points (interior):",30000,", VRAM allocated:",0,", VRAM reserved:",0
4400,Training Loss:,0.02177681028842926,", Learning rate:",2.4435187499999995e-05,", Number of training points (boundary):",0,", Number of training points (interior):",30000,", VRAM allocated:",0,", VRAM reserved:",0
4500,Training Loss:,0.018863335251808167,", Learning rate:",2.4435187499999995e-05,", Number of training points (boundary):",0,", Number of training points (interior):",30000,", VRAM allocated:",0,", VRAM reserved:",0
4600,Training Loss:,0.01957034319639206,", Learning rate:",2.4435187499999995e-05,", Number of training points (boundary):",0,", Number of training points (interior):",30000,", VRAM allocated:",0,", VRAM reserved:",0
4700,Training Loss:,0.01776232197880745,", Learning rate:",2.4435187499999995e-05,", Number of training points (boundary):",0,", Number of training points (interior):",30000,", VRAM allocated:",0,", VRAM reserved:",0
4800,Training Loss:,0.01736234314739704,", Learning rate:",2.4435187499999995e-05,", Number of training points (boundary):",0,", Number of training points (interior):",30000,", VRAM allocated:",0,", VRAM reserved:",0
4900,Training Loss:,0.017047304660081863,", Learning rate:",2.4435187499999995e-05,", Number of training points (boundary):",0,", Number of training points (interior):",30000,", VRAM allocated:",0,", VRAM reserved:",0
5000,Training Loss:,0.020563645288348198,", Learning rate:",2.3213428124999993e-05,", Number of training points (boundary):",0,", Number of training points (interior):",30000,", VRAM allocated:",0,", VRAM reserved:",0
5100,Training Loss:,0.016207866370677948,", Learning rate:",2.3213428124999993e-05,", Number of training points (boundary):",0,", Number of training points (interior):",30000,", VRAM allocated:",0,", VRAM reserved:",0
5200,Training Loss:,0.015828147530555725,", Learning rate:",2.3213428124999993e-05,", Number of training points (boundary):",0,", Number of training points (interior):",30000,", VRAM allocated:",0,", VRAM reserved:",0
5300,Training Loss:,0.015488073229789734,", Learning rate:",2.3213428124999993e-05,", Number of training points (boundary):",0,", Number of training points (interior):",30000,", VRAM allocated:",0,", VRAM reserved:",0
5400,Training Loss:,0.023835761472582817,", Learning rate:",2.3213428124999993e-05,", Number of training points (boundary):",0,", Number of training points (interior):",30000,", VRAM allocated:",0,", VRAM reserved:",0
5500,Training Loss:,0.014768166467547417,", Learning rate:",2.3213428124999993e-05,", Number of training points (boundary):",0,", Number of training points (interior):",30000,", VRAM allocated:",0,", VRAM reserved:",0
5600,Training Loss:,0.02061583288013935,", Learning rate:",2.3213428124999993e-05,", Number of training points (boundary):",0,", Number of training points (interior):",30000,", VRAM allocated:",0,", VRAM reserved:",0
5700,Training Loss:,0.014150979928672314,", Learning rate:",2.3213428124999993e-05,", Number of training points (boundary):",0,", Number of training points (interior):",30000,", VRAM allocated:",0,", VRAM reserved:",0
5800,Training Loss:,0.013739163987338543,", Learning rate:",2.3213428124999993e-05,", Number of training points (boundary):",0,", Number of training points (interior):",30000,", VRAM allocated:",0,", VRAM reserved:",0
5900,Training Loss:,0.013416078872978687,", Learning rate:",2.3213428124999993e-05,", Number of training points (boundary):",0,", Number of training points (interior):",30000,", VRAM allocated:",0,", VRAM reserved:",0
6000,Training Loss:,0.014497962780296803,", Learning rate:",2.2052756718749993e-05,", Number of training points (boundary):",0,", Number of training points (interior):",30000,", VRAM allocated:",0,", VRAM reserved:",0
6100,Training Loss:,0.01276128925383091,", Learning rate:",2.2052756718749993e-05,", Number of training points (boundary):",0,", Number of training points (interior):",30000,", VRAM allocated:",0,", VRAM reserved:",0
6200,Training Loss:,0.01341028232127428,", Learning rate:",2.2052756718749993e-05,", Number of training points (boundary):",0,", Number of training points (interior):",30000,", VRAM allocated:",0,", VRAM reserved:",0
6300,Training Loss:,0.012146800756454468,", Learning rate:",2.2052756718749993e-05,", Number of training points (boundary):",0,", Number of training points (interior):",30000,", VRAM allocated:",0,", VRAM reserved:",0
6400,Training Loss:,0.011881294660270214,", Learning rate:",2.2052756718749993e-05,", Number of training points (boundary):",0,", Number of training points (interior):",30000,", VRAM allocated:",0,", VRAM reserved:",0
6500,Training Loss:,0.012604373507201672,", Learning rate:",2.2052756718749993e-05,", Number of training points (boundary):",0,", Number of training points (interior):",30000,", VRAM allocated:",0,", VRAM reserved:",0
6600,Training Loss:,0.011278494261205196,", Learning rate:",2.2052756718749993e-05,", Number of training points (boundary):",0,", Number of training points (interior):",30000,", VRAM allocated:",0,", VRAM reserved:",0
6700,Training Loss:,0.011140484362840652,", Learning rate:",2.2052756718749993e-05,", Number of training points (boundary):",0,", Number of training points (interior):",30000,", VRAM allocated:",0,", VRAM reserved:",0
6800,Training Loss:,0.01079799048602581,", Learning rate:",2.2052756718749993e-05,", Number of training points (boundary):",0,", Number of training points (interior):",30000,", VRAM allocated:",0,", VRAM reserved:",0
6900,Training Loss:,0.01046405453234911,", Learning rate:",2.2052756718749993e-05,", Number of training points (boundary):",0,", Number of training points (interior):",30000,", VRAM allocated:",0,", VRAM reserved:",0
7000,Training Loss:,0.012425677850842476,", Learning rate:",2.0950118882812494e-05,", Number of training points (boundary):",0,", Number of training points (interior):",30000,", VRAM allocated:",0,", VRAM reserved:",0
7100,Training Loss:,0.009937794879078865,", Learning rate:",2.0950118882812494e-05,", Number of training points (boundary):",0,", Number of training points (interior):",30000,", VRAM allocated:",0,", VRAM reserved:",0
7200,Training Loss:,0.01007177121937275,", Learning rate:",2.0950118882812494e-05,", Number of training points (boundary):",0,", Number of training points (interior):",30000,", VRAM allocated:",0,", VRAM reserved:",0
7300,Training Loss:,0.009449557401239872,", Learning rate:",2.0950118882812494e-05,", Number of training points (boundary):",0,", Number of training points (interior):",30000,", VRAM allocated:",0,", VRAM reserved:",0
7400,Training Loss:,0.009224161505699158,", Learning rate:",2.0950118882812494e-05,", Number of training points (boundary):",0,", Number of training points (interior):",30000,", VRAM allocated:",0,", VRAM reserved:",0
7500,Training Loss:,0.009005343541502953,", Learning rate:",2.0950118882812494e-05,", Number of training points (boundary):",0,", Number of training points (interior):",30000,", VRAM allocated:",0,", VRAM reserved:",0
7600,Training Loss:,0.011403114534914494,", Learning rate:",2.0950118882812494e-05,", Number of training points (boundary):",0,", Number of training points (interior):",30000,", VRAM allocated:",0,", VRAM reserved:",0
7700,Training Loss:,0.010415198281407356,", Learning rate:",2.0950118882812494e-05,", Number of training points (boundary):",0,", Number of training points (interior):",30000,", VRAM allocated:",0,", VRAM reserved:",0
7800,Training Loss:,0.008753512054681778,", Learning rate:",2.0950118882812494e-05,", Number of training points (boundary):",0,", Number of training points (interior):",30000,", VRAM allocated:",0,", VRAM reserved:",0
7900,Training Loss:,0.010097733698785305,", Learning rate:",2.0950118882812494e-05,", Number of training points (boundary):",0,", Number of training points (interior):",30000,", VRAM allocated:",0,", VRAM reserved:",0
8000,Training Loss:,0.007963749580085278,", Learning rate:",1.9902612938671867e-05,", Number of training points (boundary):",0,", Number of training points (interior):",30000,", VRAM allocated:",0,", VRAM reserved:",0
8100,Training Loss:,0.007740600034594536,", Learning rate:",1.9902612938671867e-05,", Number of training points (boundary):",0,", Number of training points (interior):",30000,", VRAM allocated:",0,", VRAM reserved:",0
8200,Training Loss:,0.007601951248943806,", Learning rate:",1.9902612938671867e-05,", Number of training points (boundary):",0,", Number of training points (interior):",30000,", VRAM allocated:",0,", VRAM reserved:",0
8300,Training Loss:,0.00753446202725172,", Learning rate:",1.9902612938671867e-05,", Number of training points (boundary):",0,", Number of training points (interior):",30000,", VRAM allocated:",0,", VRAM reserved:",0
8400,Training Loss:,0.007218111306428909,", Learning rate:",1.9902612938671867e-05,", Number of training points (boundary):",0,", Number of training points (interior):",30000,", VRAM allocated:",0,", VRAM reserved:",0
8500,Training Loss:,0.007157881278544664,", Learning rate:",1.9902612938671867e-05,", Number of training points (boundary):",0,", Number of training points (interior):",30000,", VRAM allocated:",0,", VRAM reserved:",0
8600,Training Loss:,0.0068958476185798645,", Learning rate:",1.9902612938671867e-05,", Number of training points (boundary):",0,", Number of training points (interior):",30000,", VRAM allocated:",0,", VRAM reserved:",0
8700,Training Loss:,0.0069045997224748135,", Learning rate:",1.9902612938671867e-05,", Number of training points (boundary):",0,", Number of training points (interior):",30000,", VRAM allocated:",0,", VRAM reserved:",0
8800,Training Loss:,0.006685205735266209,", Learning rate:",1.9902612938671867e-05,", Number of training points (boundary):",0,", Number of training points (interior):",30000,", VRAM allocated:",0,", VRAM reserved:",0
8900,Training Loss:,0.007714876439422369,", Learning rate:",1.9902612938671867e-05,", Number of training points (boundary):",0,", Number of training points (interior):",30000,", VRAM allocated:",0,", VRAM reserved:",0
9000,Training Loss:,0.0065579647198319435,", Learning rate:",1.890748229173827e-05,", Number of training points (boundary):",0,", Number of training points (interior):",30000,", VRAM allocated:",0,", VRAM reserved:",0
9100,Training Loss:,0.0061708432622253895,", Learning rate:",1.890748229173827e-05,", Number of training points (boundary):",0,", Number of training points (interior):",30000,", VRAM allocated:",0,", VRAM reserved:",0
9200,Training Loss:,0.006163370795547962,", Learning rate:",1.890748229173827e-05,", Number of training points (boundary):",0,", Number of training points (interior):",30000,", VRAM allocated:",0,", VRAM reserved:",0
9300,Training Loss:,0.02049429714679718,", Learning rate:",1.890748229173827e-05,", Number of training points (boundary):",0,", Number of training points (interior):",30000,", VRAM allocated:",0,", VRAM reserved:",0
9400,Training Loss:,0.0059127346612513065,", Learning rate:",1.890748229173827e-05,", Number of training points (boundary):",0,", Number of training points (interior):",30000,", VRAM allocated:",0,", VRAM reserved:",0
9500,Training Loss:,0.005689629353582859,", Learning rate:",1.890748229173827e-05,", Number of training points (boundary):",0,", Number of training points (interior):",30000,", VRAM allocated:",0,", VRAM reserved:",0
9600,Training Loss:,0.005584173835813999,", Learning rate:",1.890748229173827e-05,", Number of training points (boundary):",0,", Number of training points (interior):",30000,", VRAM allocated:",0,", VRAM reserved:",0
9700,Training Loss:,0.005677363835275173,", Learning rate:",1.890748229173827e-05,", Number of training points (boundary):",0,", Number of training points (interior):",30000,", VRAM allocated:",0,", VRAM reserved:",0
9800,Training Loss:,0.005852456204593182,", Learning rate:",1.890748229173827e-05,", Number of training points (boundary):",0,", Number of training points (interior):",30000,", VRAM allocated:",0,", VRAM reserved:",0
9900,Training Loss:,0.005270593333989382,", Learning rate:",1.890748229173827e-05,", Number of training points (boundary):",0,", Number of training points (interior):",30000,", VRAM allocated:",0,", VRAM reserved:",0
10000,Training Loss:,0.005187586415559053,", Learning rate:",1.7962108177151358e-05,", Number of training points (boundary):",0,", Number of training points (interior):",30000,", VRAM allocated:",0,", VRAM reserved:",0
10100,Training Loss:,0.005086072254925966,", Learning rate:",1.7962108177151358e-05,", Number of training points (boundary):",0,", Number of training points (interior):",30000,", VRAM allocated:",0,", VRAM reserved:",0
10200,Training Loss:,0.005016080569475889,", Learning rate:",1.7962108177151358e-05,", Number of training points (boundary):",0,", Number of training points (interior):",30000,", VRAM allocated:",0,", VRAM reserved:",0
10300,Training Loss:,0.005117594264447689,", Learning rate:",1.7962108177151358e-05,", Number of training points (boundary):",0,", Number of training points (interior):",30000,", VRAM allocated:",0,", VRAM reserved:",0
10400,Training Loss:,0.004831539001315832,", Learning rate:",1.7962108177151358e-05,", Number of training points (boundary):",0,", Number of training points (interior):",30000,", VRAM allocated:",0,", VRAM reserved:",0
10500,Training Loss:,0.004783784970641136,", Learning rate:",1.7962108177151358e-05,", Number of training points (boundary):",0,", Number of training points (interior):",30000,", VRAM allocated:",0,", VRAM reserved:",0
10600,Training Loss:,0.004703880753368139,", Learning rate:",1.7962108177151358e-05,", Number of training points (boundary):",0,", Number of training points (interior):",30000,", VRAM allocated:",0,", VRAM reserved:",0
10700,Training Loss:,0.004719321615993977,", Learning rate:",1.7962108177151358e-05,", Number of training points (boundary):",0,", Number of training points (interior):",30000,", VRAM allocated:",0,", VRAM reserved:",0
10800,Training Loss:,0.00945943221449852,", Learning rate:",1.7962108177151358e-05,", Number of training points (boundary):",0,", Number of training points (interior):",30000,", VRAM allocated:",0,", VRAM reserved:",0
10900,Training Loss:,0.005916318390518427,", Learning rate:",1.7962108177151358e-05,", Number of training points (boundary):",0,", Number of training points (interior):",30000,", VRAM allocated:",0,", VRAM reserved:",0
11000,Training Loss:,0.004396536387503147,", Learning rate:",1.7064002768293788e-05,", Number of training points (boundary):",0,", Number of training points (interior):",30000,", VRAM allocated:",0,", VRAM reserved:",0
11100,Training Loss:,0.004329400602728128,", Learning rate:",1.7064002768293788e-05,", Number of training points (boundary):",0,", Number of training points (interior):",30000,", VRAM allocated:",0,", VRAM reserved:",0
11200,Training Loss:,0.004270806908607483,", Learning rate:",1.7064002768293788e-05,", Number of training points (boundary):",0,", Number of training points (interior):",30000,", VRAM allocated:",0,", VRAM reserved:",0
11300,Training Loss:,0.0042775715701282024,", Learning rate:",1.7064002768293788e-05,", Number of training points (boundary):",0,", Number of training points (interior):",30000,", VRAM allocated:",0,", VRAM reserved:",0
11400,Training Loss:,0.004153233952820301,", Learning rate:",1.7064002768293788e-05,", Number of training points (boundary):",0,", Number of training points (interior):",30000,", VRAM allocated:",0,", VRAM reserved:",0
11500,Training Loss:,0.01301182247698307,", Learning rate:",1.7064002768293788e-05,", Number of training points (boundary):",0,", Number of training points (interior):",30000,", VRAM allocated:",0,", VRAM reserved:",0
11600,Training Loss:,0.004325754940509796,", Learning rate:",1.7064002768293788e-05,", Number of training points (boundary):",0,", Number of training points (interior):",30000,", VRAM allocated:",0,", VRAM reserved:",0
11700,Training Loss:,0.004179523326456547,", Learning rate:",1.7064002768293788e-05,", Number of training points (boundary):",0,", Number of training points (interior):",30000,", VRAM allocated:",0,", VRAM reserved:",0
11800,Training Loss:,0.003935332875698805,", Learning rate:",1.7064002768293788e-05,", Number of training points (boundary):",0,", Number of training points (interior):",30000,", VRAM allocated:",0,", VRAM reserved:",0
11900,Training Loss:,0.006166448350995779,", Learning rate:",1.7064002768293788e-05,", Number of training points (boundary):",0,", Number of training points (interior):",30000,", VRAM allocated:",0,", VRAM reserved:",0
12000,Training Loss:,0.0038954971823841333,", Learning rate:",1.6210802629879097e-05,", Number of training points (boundary):",0,", Number of training points (interior):",30000,", VRAM allocated:",0,", VRAM reserved:",0
12100,Training Loss:,0.003786050481721759,", Learning rate:",1.6210802629879097e-05,", Number of training points (boundary):",0,", Number of training points (interior):",30000,", VRAM allocated:",0,", VRAM reserved:",0
12200,Training Loss:,0.004126412328332663,", Learning rate:",1.6210802629879097e-05,", Number of training points (boundary):",0,", Number of training points (interior):",30000,", VRAM allocated:",0,", VRAM reserved:",0
12300,Training Loss:,0.004174842499196529,", Learning rate:",1.6210802629879097e-05,", Number of training points (boundary):",0,", Number of training points (interior):",30000,", VRAM allocated:",0,", VRAM reserved:",0
12400,Training Loss:,0.0036922297440469265,", Learning rate:",1.6210802629879097e-05,", Number of training points (boundary):",0,", Number of training points (interior):",30000,", VRAM allocated:",0,", VRAM reserved:",0
12500,Training Loss:,0.0036134053952991962,", Learning rate:",1.6210802629879097e-05,", Number of training points (boundary):",0,", Number of training points (interior):",30000,", VRAM allocated:",0,", VRAM reserved:",0
12600,Training Loss:,0.0035747322253882885,", Learning rate:",1.6210802629879097e-05,", Number of training points (boundary):",0,", Number of training points (interior):",30000,", VRAM allocated:",0,", VRAM reserved:",0
12700,Training Loss:,0.0036731918808072805,", Learning rate:",1.6210802629879097e-05,", Number of training points (boundary):",0,", Number of training points (interior):",30000,", VRAM allocated:",0,", VRAM reserved:",0
12800,Training Loss:,0.0045190053060650826,", Learning rate:",1.6210802629879097e-05,", Number of training points (boundary):",0,", Number of training points (interior):",30000,", VRAM allocated:",0,", VRAM reserved:",0
12900,Training Loss:,0.0036282227374613285,", Learning rate:",1.6210802629879097e-05,", Number of training points (boundary):",0,", Number of training points (interior):",30000,", VRAM allocated:",0,", VRAM reserved:",0
13000,Training Loss:,0.004112499766051769,", Learning rate:",1.540026249838514e-05,", Number of training points (boundary):",0,", Number of training points (interior):",30000,", VRAM allocated:",0,", VRAM reserved:",0
13100,Training Loss:,0.0033876013476401567,", Learning rate:",1.540026249838514e-05,", Number of training points (boundary):",0,", Number of training points (interior):",30000,", VRAM allocated:",0,", VRAM reserved:",0
13200,Training Loss:,0.0035592769272625446,", Learning rate:",1.540026249838514e-05,", Number of training points (boundary):",0,", Number of training points (interior):",30000,", VRAM allocated:",0,", VRAM reserved:",0
13300,Training Loss:,0.0033201691694557667,", Learning rate:",1.540026249838514e-05,", Number of training points (boundary):",0,", Number of training points (interior):",30000,", VRAM allocated:",0,", VRAM reserved:",0
13400,Training Loss:,0.003384099807590246,", Learning rate:",1.540026249838514e-05,", Number of training points (boundary):",0,", Number of training points (interior):",30000,", VRAM allocated:",0,", VRAM reserved:",0
13500,Training Loss:,0.008027234114706516,", Learning rate:",1.540026249838514e-05,", Number of training points (boundary):",0,", Number of training points (interior):",30000,", VRAM allocated:",0,", VRAM reserved:",0
13600,Training Loss:,0.003225984750315547,", Learning rate:",1.540026249838514e-05,", Number of training points (boundary):",0,", Number of training points (interior):",30000,", VRAM allocated:",0,", VRAM reserved:",0
13700,Training Loss:,0.0032000630162656307,", Learning rate:",1.540026249838514e-05,", Number of training points (boundary):",0,", Number of training points (interior):",30000,", VRAM allocated:",0,", VRAM reserved:",0
13800,Training Loss:,0.003199986880645156,", Learning rate:",1.540026249838514e-05,", Number of training points (boundary):",0,", Number of training points (interior):",30000,", VRAM allocated:",0,", VRAM reserved:",0
13900,Training Loss:,0.0031450206879526377,", Learning rate:",1.540026249838514e-05,", Number of training points (boundary):",0,", Number of training points (interior):",30000,", VRAM allocated:",0,", VRAM reserved:",0
14000,Training Loss:,0.0031115759629756212,", Learning rate:",1.4630249373465883e-05,", Number of training points (boundary):",0,", Number of training points (interior):",30000,", VRAM allocated:",0,", VRAM reserved:",0
14100,Training Loss:,0.0030822083353996277,", Learning rate:",1.4630249373465883e-05,", Number of training points (boundary):",0,", Number of training points (interior):",30000,", VRAM allocated:",0,", VRAM reserved:",0
14200,Training Loss:,0.0030611283145844936,", Learning rate:",1.4630249373465883e-05,", Number of training points (boundary):",0,", Number of training points (interior):",30000,", VRAM allocated:",0,", VRAM reserved:",0
14300,Training Loss:,0.004634091164916754,", Learning rate:",1.4630249373465883e-05,", Number of training points (boundary):",0,", Number of training points (interior):",30000,", VRAM allocated:",0,", VRAM reserved:",0
14400,Training Loss:,0.004980727098882198,", Learning rate:",1.4630249373465883e-05,", Number of training points (boundary):",0,", Number of training points (interior):",30000,", VRAM allocated:",0,", VRAM reserved:",0
14500,Training Loss:,0.0029779348988085985,", Learning rate:",1.4630249373465883e-05,", Number of training points (boundary):",0,", Number of training points (interior):",30000,", VRAM allocated:",0,", VRAM reserved:",0
14600,Training Loss:,0.0029646276962012053,", Learning rate:",1.4630249373465883e-05,", Number of training points (boundary):",0,", Number of training points (interior):",30000,", VRAM allocated:",0,", VRAM reserved:",0
14700,Training Loss:,0.002977682277560234,", Learning rate:",1.4630249373465883e-05,", Number of training points (boundary):",0,", Number of training points (interior):",30000,", VRAM allocated:",0,", VRAM reserved:",0
14800,Training Loss:,0.002942324848845601,", Learning rate:",1.4630249373465883e-05,", Number of training points (boundary):",0,", Number of training points (interior):",30000,", VRAM allocated:",0,", VRAM reserved:",0
14900,Training Loss:,0.0030989060178399086,", Learning rate:",1.4630249373465883e-05,", Number of training points (boundary):",0,", Number of training points (interior):",30000,", VRAM allocated:",0,", VRAM reserved:",0
15000,Training Loss:,0.003023991361260414,", Learning rate:",1.3898736904792588e-05,", Number of training points (boundary):",0,", Number of training points (interior):",30000,", VRAM allocated:",0,", VRAM reserved:",0
15100,Training Loss:,0.00283554894849658,", Learning rate:",1.3898736904792588e-05,", Number of training points (boundary):",0,", Number of training points (interior):",30000,", VRAM allocated:",0,", VRAM reserved:",0
15200,Training Loss:,0.0032821909990161657,", Learning rate:",1.3898736904792588e-05,", Number of training points (boundary):",0,", Number of training points (interior):",30000,", VRAM allocated:",0,", VRAM reserved:",0
15300,Training Loss:,0.00390247767791152,", Learning rate:",1.3898736904792588e-05,", Number of training points (boundary):",0,", Number of training points (interior):",30000,", VRAM allocated:",0,", VRAM reserved:",0
15400,Training Loss:,0.0030647171661257744,", Learning rate:",1.3898736904792588e-05,", Number of training points (boundary):",0,", Number of training points (interior):",30000,", VRAM allocated:",0,", VRAM reserved:",0
15500,Training Loss:,0.002751244930550456,", Learning rate:",1.3898736904792588e-05,", Number of training points (boundary):",0,", Number of training points (interior):",30000,", VRAM allocated:",0,", VRAM reserved:",0
15600,Training Loss:,0.0041219983249902725,", Learning rate:",1.3898736904792588e-05,", Number of training points (boundary):",0,", Number of training points (interior):",30000,", VRAM allocated:",0,", VRAM reserved:",0
15700,Training Loss:,0.0027213790453970432,", Learning rate:",1.3898736904792588e-05,", Number of training points (boundary):",0,", Number of training points (interior):",30000,", VRAM allocated:",0,", VRAM reserved:",0
15800,Training Loss:,0.002709463471546769,", Learning rate:",1.3898736904792588e-05,", Number of training points (boundary):",0,", Number of training points (interior):",30000,", VRAM allocated:",0,", VRAM reserved:",0
15900,Training Loss:,0.0027308075223118067,", Learning rate:",1.3898736904792588e-05,", Number of training points (boundary):",0,", Number of training points (interior):",30000,", VRAM allocated:",0,", VRAM reserved:",0
16000,Training Loss:,0.009870262816548347,", Learning rate:",1.3203800059552958e-05,", Number of training points (boundary):",0,", Number of training points (interior):",30000,", VRAM allocated:",0,", VRAM reserved:",0
16100,Training Loss:,0.0026338568422943354,", Learning rate:",1.3203800059552958e-05,", Number of training points (boundary):",0,", Number of training points (interior):",30000,", VRAM allocated:",0,", VRAM reserved:",0
16200,Training Loss:,0.005302171688526869,", Learning rate:",1.3203800059552958e-05,", Number of training points (boundary):",0,", Number of training points (interior):",30000,", VRAM allocated:",0,", VRAM reserved:",0
16300,Training Loss:,0.002841803478077054,", Learning rate:",1.3203800059552958e-05,", Number of training points (boundary):",0,", Number of training points (interior):",30000,", VRAM allocated:",0,", VRAM reserved:",0
16400,Training Loss:,0.00264992518350482,", Learning rate:",1.3203800059552958e-05,", Number of training points (boundary):",0,", Number of training points (interior):",30000,", VRAM allocated:",0,", VRAM reserved:",0
16500,Training Loss:,0.0025794340763241053,", Learning rate:",1.3203800059552958e-05,", Number of training points (boundary):",0,", Number of training points (interior):",30000,", VRAM allocated:",0,", VRAM reserved:",0
16600,Training Loss:,0.002546200528740883,", Learning rate:",1.3203800059552958e-05,", Number of training points (boundary):",0,", Number of training points (interior):",30000,", VRAM allocated:",0,", VRAM reserved:",0
16700,Training Loss:,0.0025299210101366043,", Learning rate:",1.3203800059552958e-05,", Number of training points (boundary):",0,", Number of training points (interior):",30000,", VRAM allocated:",0,", VRAM reserved:",0
16800,Training Loss:,0.002606458030641079,", Learning rate:",1.3203800059552958e-05,", Number of training points (boundary):",0,", Number of training points (interior):",30000,", VRAM allocated:",0,", VRAM reserved:",0
16900,Training Loss:,0.002640454564243555,", Learning rate:",1.3203800059552958e-05,", Number of training points (boundary):",0,", Number of training points (interior):",30000,", VRAM allocated:",0,", VRAM reserved:",0
17000,Training Loss:,0.002509809099137783,", Learning rate:",1.254361005657531e-05,", Number of training points (boundary):",0,", Number of training points (interior):",30000,", VRAM allocated:",0,", VRAM reserved:",0
17100,Training Loss:,0.002982497215270996,", Learning rate:",1.254361005657531e-05,", Number of training points (boundary):",0,", Number of training points (interior):",30000,", VRAM allocated:",0,", VRAM reserved:",0
17200,Training Loss:,0.0024489283096045256,", Learning rate:",1.254361005657531e-05,", Number of training points (boundary):",0,", Number of training points (interior):",30000,", VRAM allocated:",0,", VRAM reserved:",0
17300,Training Loss:,0.0036651163827627897,", Learning rate:",1.254361005657531e-05,", Number of training points (boundary):",0,", Number of training points (interior):",30000,", VRAM allocated:",0,", VRAM reserved:",0
17400,Training Loss:,0.005924193188548088,", Learning rate:",1.254361005657531e-05,", Number of training points (boundary):",0,", Number of training points (interior):",30000,", VRAM allocated:",0,", VRAM reserved:",0
17500,Training Loss:,0.0024455240927636623,", Learning rate:",1.254361005657531e-05,", Number of training points (boundary):",0,", Number of training points (interior):",30000,", VRAM allocated:",0,", VRAM reserved:",0
17600,Training Loss:,0.002389152068644762,", Learning rate:",1.254361005657531e-05,", Number of training points (boundary):",0,", Number of training points (interior):",30000,", VRAM allocated:",0,", VRAM reserved:",0
17700,Training Loss:,0.0023786956444382668,", Learning rate:",1.254361005657531e-05,", Number of training points (boundary):",0,", Number of training points (interior):",30000,", VRAM allocated:",0,", VRAM reserved:",0
17800,Training Loss:,0.0024005488958209753,", Learning rate:",1.254361005657531e-05,", Number of training points (boundary):",0,", Number of training points (interior):",30000,", VRAM allocated:",0,", VRAM reserved:",0
17900,Training Loss:,0.002412035595625639,", Learning rate:",1.254361005657531e-05,", Number of training points (boundary):",0,", Number of training points (interior):",30000,", VRAM allocated:",0,", VRAM reserved:",0
18000,Training Loss:,0.0023315746802836657,", Learning rate:",1.1916429553746543e-05,", Number of training points (boundary):",0,", Number of training points (interior):",30000,", VRAM allocated:",0,", VRAM reserved:",0
18100,Training Loss:,0.002318222541362047,", Learning rate:",1.1916429553746543e-05,", Number of training points (boundary):",0,", Number of training points (interior):",30000,", VRAM allocated:",0,", VRAM reserved:",0
18200,Training Loss:,0.002306711860001087,", Learning rate:",1.1916429553746543e-05,", Number of training points (boundary):",0,", Number of training points (interior):",30000,", VRAM allocated:",0,", VRAM reserved:",0
18300,Training Loss:,0.007917804643511772,", Learning rate:",1.1916429553746543e-05,", Number of training points (boundary):",0,", Number of training points (interior):",30000,", VRAM allocated:",0,", VRAM reserved:",0
18400,Training Loss:,0.002278573578223586,", Learning rate:",1.1916429553746543e-05,", Number of training points (boundary):",0,", Number of training points (interior):",30000,", VRAM allocated:",0,", VRAM reserved:",0
18500,Training Loss:,0.002302000531926751,", Learning rate:",1.1916429553746543e-05,", Number of training points (boundary):",0,", Number of training points (interior):",30000,", VRAM allocated:",0,", VRAM reserved:",0
18600,Training Loss:,0.002332503441721201,", Learning rate:",1.1916429553746543e-05,", Number of training points (boundary):",0,", Number of training points (interior):",30000,", VRAM allocated:",0,", VRAM reserved:",0
18700,Training Loss:,0.004275368060916662,", Learning rate:",1.1916429553746543e-05,", Number of training points (boundary):",0,", Number of training points (interior):",30000,", VRAM allocated:",0,", VRAM reserved:",0
18800,Training Loss:,0.002238738350570202,", Learning rate:",1.1916429553746543e-05,", Number of training points (boundary):",0,", Number of training points (interior):",30000,", VRAM allocated:",0,", VRAM reserved:",0
18900,Training Loss:,0.002318092854693532,", Learning rate:",1.1916429553746543e-05,", Number of training points (boundary):",0,", Number of training points (interior):",30000,", VRAM allocated:",0,", VRAM reserved:",0
19000,Training Loss:,0.0022026740480214357,", Learning rate:",1.1320608076059215e-05,", Number of training points (boundary):",0,", Number of training points (interior):",30000,", VRAM allocated:",0,", VRAM reserved:",0
19100,Training Loss:,0.0021905344910919666,", Learning rate:",1.1320608076059215e-05,", Number of training points (boundary):",0,", Number of training points (interior):",30000,", VRAM allocated:",0,", VRAM reserved:",0
19200,Training Loss:,0.002272187266498804,", Learning rate:",1.1320608076059215e-05,", Number of training points (boundary):",0,", Number of training points (interior):",30000,", VRAM allocated:",0,", VRAM reserved:",0
19300,Training Loss:,0.0022400314919650555,", Learning rate:",1.1320608076059215e-05,", Number of training points (boundary):",0,", Number of training points (interior):",30000,", VRAM allocated:",0,", VRAM reserved:",0
19400,Training Loss:,0.002156799891963601,", Learning rate:",1.1320608076059215e-05,", Number of training points (boundary):",0,", Number of training points (interior):",30000,", VRAM allocated:",0,", VRAM reserved:",0
19500,Training Loss:,0.0021462005097419024,", Learning rate:",1.1320608076059215e-05,", Number of training points (boundary):",0,", Number of training points (interior):",30000,", VRAM allocated:",0,", VRAM reserved:",0
19600,Training Loss:,0.0021319903898984194,", Learning rate:",1.1320608076059215e-05,", Number of training points (boundary):",0,", Number of training points (interior):",30000,", VRAM allocated:",0,", VRAM reserved:",0
19700,Training Loss:,0.0021216096356511116,", Learning rate:",1.1320608076059215e-05,", Number of training points (boundary):",0,", Number of training points (interior):",30000,", VRAM allocated:",0,", VRAM reserved:",0
19800,Training Loss:,0.0021363457199186087,", Learning rate:",1.1320608076059215e-05,", Number of training points (boundary):",0,", Number of training points (interior):",30000,", VRAM allocated:",0,", VRAM reserved:",0
19900,Training Loss:,0.002109814900904894,", Learning rate:",1.1320608076059215e-05,", Number of training points (boundary):",0,", Number of training points (interior):",30000,", VRAM allocated:",0,", VRAM reserved:",0
20000,Training Loss:,0.006223097909241915,", Learning rate:",1.0754577672256254e-05,", Number of training points (boundary):",0,", Number of training points (interior):",30000,", VRAM allocated:",0,", VRAM reserved:",0
20100,Training Loss:,0.002076652366667986,", Learning rate:",1.0754577672256254e-05,", Number of training points (boundary):",0,", Number of training points (interior):",30000,", VRAM allocated:",0,", VRAM reserved:",0
20200,Training Loss:,0.00206597032956779,", Learning rate:",1.0754577672256254e-05,", Number of training points (boundary):",0,", Number of training points (interior):",30000,", VRAM allocated:",0,", VRAM reserved:",0
20300,Training Loss:,0.0020685463678091764,", Learning rate:",1.0754577672256254e-05,", Number of training points (boundary):",0,", Number of training points (interior):",30000,", VRAM allocated:",0,", VRAM reserved:",0
20400,Training Loss:,0.002045608824118972,", Learning rate:",1.0754577672256254e-05,", Number of training points (boundary):",0,", Number of training points (interior):",30000,", VRAM allocated:",0,", VRAM reserved:",0
20500,Training Loss:,0.0072253854013979435,", Learning rate:",1.0754577672256254e-05,", Number of training points (boundary):",0,", Number of training points (interior):",30000,", VRAM allocated:",0,", VRAM reserved:",0
20600,Training Loss:,0.0020973612554371357,", Learning rate:",1.0754577672256254e-05,", Number of training points (boundary):",0,", Number of training points (interior):",30000,", VRAM allocated:",0,", VRAM reserved:",0
20700,Training Loss:,0.0038974443450570107,", Learning rate:",1.0754577672256254e-05,", Number of training points (boundary):",0,", Number of training points (interior):",30000,", VRAM allocated:",0,", VRAM reserved:",0
20800,Training Loss:,0.0020040825475007296,", Learning rate:",1.0754577672256254e-05,", Number of training points (boundary):",0,", Number of training points (interior):",30000,", VRAM allocated:",0,", VRAM reserved:",0
20900,Training Loss:,0.0020147589966654778,", Learning rate:",1.0754577672256254e-05,", Number of training points (boundary):",0,", Number of training points (interior):",30000,", VRAM allocated:",0,", VRAM reserved:",0
21000,Training Loss:,0.001996074803173542,", Learning rate:",1.021684878864344e-05,", Number of training points (boundary):",0,", Number of training points (interior):",30000,", VRAM allocated:",0,", VRAM reserved:",0
21100,Training Loss:,0.001974571030586958,", Learning rate:",1.021684878864344e-05,", Number of training points (boundary):",0,", Number of training points (interior):",30000,", VRAM allocated:",0,", VRAM reserved:",0
21200,Training Loss:,0.0022230318281799555,", Learning rate:",1.021684878864344e-05,", Number of training points (boundary):",0,", Number of training points (interior):",30000,", VRAM allocated:",0,", VRAM reserved:",0
21300,Training Loss:,0.00195550499483943,", Learning rate:",1.021684878864344e-05,", Number of training points (boundary):",0,", Number of training points (interior):",30000,", VRAM allocated:",0,", VRAM reserved:",0
21400,Training Loss:,0.0019650720059871674,", Learning rate:",1.021684878864344e-05,", Number of training points (boundary):",0,", Number of training points (interior):",30000,", VRAM allocated:",0,", VRAM reserved:",0
21500,Training Loss:,0.00280976970680058,", Learning rate:",1.021684878864344e-05,", Number of training points (boundary):",0,", Number of training points (interior):",30000,", VRAM allocated:",0,", VRAM reserved:",0
21600,Training Loss:,0.0019278506515547633,", Learning rate:",1.021684878864344e-05,", Number of training points (boundary):",0,", Number of training points (interior):",30000,", VRAM allocated:",0,", VRAM reserved:",0
21700,Training Loss:,0.0019183261319994926,", Learning rate:",1.021684878864344e-05,", Number of training points (boundary):",0,", Number of training points (interior):",30000,", VRAM allocated:",0,", VRAM reserved:",0
21800,Training Loss:,0.0034386746119707823,", Learning rate:",1.021684878864344e-05,", Number of training points (boundary):",0,", Number of training points (interior):",30000,", VRAM allocated:",0,", VRAM reserved:",0
21900,Training Loss:,0.002025824273005128,", Learning rate:",1.021684878864344e-05,", Number of training points (boundary):",0,", Number of training points (interior):",30000,", VRAM allocated:",0,", VRAM reserved:",0
22000,Training Loss:,0.0018911386141553521,", Learning rate:",9.706006349211269e-06,", Number of training points (boundary):",0,", Number of training points (interior):",30000,", VRAM allocated:",0,", VRAM reserved:",0
22100,Training Loss:,0.001882252050563693,", Learning rate:",9.706006349211269e-06,", Number of training points (boundary):",0,", Number of training points (interior):",30000,", VRAM allocated:",0,", VRAM reserved:",0
22200,Training Loss:,0.0018770693568512797,", Learning rate:",9.706006349211269e-06,", Number of training points (boundary):",0,", Number of training points (interior):",30000,", VRAM allocated:",0,", VRAM reserved:",0
22300,Training Loss:,0.0019038587342947721,", Learning rate:",9.706006349211269e-06,", Number of training points (boundary):",0,", Number of training points (interior):",30000,", VRAM allocated:",0,", VRAM reserved:",0
22400,Training Loss:,0.0019926312379539013,", Learning rate:",9.706006349211269e-06,", Number of training points (boundary):",0,", Number of training points (interior):",30000,", VRAM allocated:",0,", VRAM reserved:",0
22500,Training Loss:,0.003431058721616864,", Learning rate:",9.706006349211269e-06,", Number of training points (boundary):",0,", Number of training points (interior):",30000,", VRAM allocated:",0,", VRAM reserved:",0
22600,Training Loss:,0.0021316679194569588,", Learning rate:",9.706006349211269e-06,", Number of training points (boundary):",0,", Number of training points (interior):",30000,", VRAM allocated:",0,", VRAM reserved:",0
22700,Training Loss:,0.0023773005232214928,", Learning rate:",9.706006349211269e-06,", Number of training points (boundary):",0,", Number of training points (interior):",30000,", VRAM allocated:",0,", VRAM reserved:",0
22800,Training Loss:,0.0018218490295112133,", Learning rate:",9.706006349211269e-06,", Number of training points (boundary):",0,", Number of training points (interior):",30000,", VRAM allocated:",0,", VRAM reserved:",0
22900,Training Loss:,0.00181484199129045,", Learning rate:",9.706006349211269e-06,", Number of training points (boundary):",0,", Number of training points (interior):",30000,", VRAM allocated:",0,", VRAM reserved:",0
23000,Training Loss:,0.0018422042485326529,", Learning rate:",9.220706031750704e-06,", Number of training points (boundary):",0,", Number of training points (interior):",30000,", VRAM allocated:",0,", VRAM reserved:",0
23100,Training Loss:,0.0017972765490412712,", Learning rate:",9.220706031750704e-06,", Number of training points (boundary):",0,", Number of training points (interior):",30000,", VRAM allocated:",0,", VRAM reserved:",0
23200,Training Loss:,0.001962181879207492,", Learning rate:",9.220706031750704e-06,", Number of training points (boundary):",0,", Number of training points (interior):",30000,", VRAM allocated:",0,", VRAM reserved:",0
23300,Training Loss:,0.0017812935402616858,", Learning rate:",9.220706031750704e-06,", Number of training points (boundary):",0,", Number of training points (interior):",30000,", VRAM allocated:",0,", VRAM reserved:",0
23400,Training Loss:,0.0017733825370669365,", Learning rate:",9.220706031750704e-06,", Number of training points (boundary):",0,", Number of training points (interior):",30000,", VRAM allocated:",0,", VRAM reserved:",0
23500,Training Loss:,0.0028159937355667353,", Learning rate:",9.220706031750704e-06,", Number of training points (boundary):",0,", Number of training points (interior):",30000,", VRAM allocated:",0,", VRAM reserved:",0
23600,Training Loss:,0.0017578928964212537,", Learning rate:",9.220706031750704e-06,", Number of training points (boundary):",0,", Number of training points (interior):",30000,", VRAM allocated:",0,", VRAM reserved:",0
23700,Training Loss:,0.001768845017068088,", Learning rate:",9.220706031750704e-06,", Number of training points (boundary):",0,", Number of training points (interior):",30000,", VRAM allocated:",0,", VRAM reserved:",0
23800,Training Loss:,0.001758620492182672,", Learning rate:",9.220706031750704e-06,", Number of training points (boundary):",0,", Number of training points (interior):",30000,", VRAM allocated:",0,", VRAM reserved:",0
23900,Training Loss:,0.0017345499945804477,", Learning rate:",9.220706031750704e-06,", Number of training points (boundary):",0,", Number of training points (interior):",30000,", VRAM allocated:",0,", VRAM reserved:",0
24000,Training Loss:,0.001728094881400466,", Learning rate:",8.759670730163168e-06,", Number of training points (boundary):",0,", Number of training points (interior):",30000,", VRAM allocated:",0,", VRAM reserved:",0
24100,Training Loss:,0.0017194206593558192,", Learning rate:",8.759670730163168e-06,", Number of training points (boundary):",0,", Number of training points (interior):",30000,", VRAM allocated:",0,", VRAM reserved:",0
24200,Training Loss:,0.0017177772242575884,", Learning rate:",8.759670730163168e-06,", Number of training points (boundary):",0,", Number of training points (interior):",30000,", VRAM allocated:",0,", VRAM reserved:",0
24300,Training Loss:,0.0017049756133928895,", Learning rate:",8.759670730163168e-06,", Number of training points (boundary):",0,", Number of training points (interior):",30000,", VRAM allocated:",0,", VRAM reserved:",0
24400,Training Loss:,0.0023599257692694664,", Learning rate:",8.759670730163168e-06,", Number of training points (boundary):",0,", Number of training points (interior):",30000,", VRAM allocated:",0,", VRAM reserved:",0
24500,Training Loss:,0.0017191105289384723,", Learning rate:",8.759670730163168e-06,", Number of training points (boundary):",0,", Number of training points (interior):",30000,", VRAM allocated:",0,", VRAM reserved:",0
24600,Training Loss:,0.0016933528240770102,", Learning rate:",8.759670730163168e-06,", Number of training points (boundary):",0,", Number of training points (interior):",30000,", VRAM allocated:",0,", VRAM reserved:",0
24700,Training Loss:,0.001826893538236618,", Learning rate:",8.759670730163168e-06,", Number of training points (boundary):",0,", Number of training points (interior):",30000,", VRAM allocated:",0,", VRAM reserved:",0
24800,Training Loss:,0.0016679661348462105,", Learning rate:",8.759670730163168e-06,", Number of training points (boundary):",0,", Number of training points (interior):",30000,", VRAM allocated:",0,", VRAM reserved:",0
24900,Training Loss:,0.001662880415096879,", Learning rate:",8.759670730163168e-06,", Number of training points (boundary):",0,", Number of training points (interior):",30000,", VRAM allocated:",0,", VRAM reserved:",0
25000,Training Loss:,0.0022950470447540283,", Learning rate:",8.32168719365501e-06,", Number of training points (boundary):",0,", Number of training points (interior):",30000,", VRAM allocated:",0,", VRAM reserved:",0
25100,Training Loss:,0.0016473483992740512,", Learning rate:",8.32168719365501e-06,", Number of training points (boundary):",0,", Number of training points (interior):",30000,", VRAM allocated:",0,", VRAM reserved:",0
25200,Training Loss:,0.0016407629009336233,", Learning rate:",8.32168719365501e-06,", Number of training points (boundary):",0,", Number of training points (interior):",30000,", VRAM allocated:",0,", VRAM reserved:",0
25300,Training Loss:,0.0016340619185939431,", Learning rate:",8.32168719365501e-06,", Number of training points (boundary):",0,", Number of training points (interior):",30000,", VRAM allocated:",0,", VRAM reserved:",0
25400,Training Loss:,0.0020320762414485216,", Learning rate:",8.32168719365501e-06,", Number of training points (boundary):",0,", Number of training points (interior):",30000,", VRAM allocated:",0,", VRAM reserved:",0
25500,Training Loss:,0.0016204452840611339,", Learning rate:",8.32168719365501e-06,", Number of training points (boundary):",0,", Number of training points (interior):",30000,", VRAM allocated:",0,", VRAM reserved:",0
25600,Training Loss:,0.0016143363900482655,", Learning rate:",8.32168719365501e-06,", Number of training points (boundary):",0,", Number of training points (interior):",30000,", VRAM allocated:",0,", VRAM reserved:",0
25700,Training Loss:,0.0016070666024461389,", Learning rate:",8.32168719365501e-06,", Number of training points (boundary):",0,", Number of training points (interior):",30000,", VRAM allocated:",0,", VRAM reserved:",0
25800,Training Loss:,0.0016012723790481687,", Learning rate:",8.32168719365501e-06,", Number of training points (boundary):",0,", Number of training points (interior):",30000,", VRAM allocated:",0,", VRAM reserved:",0
25900,Training Loss:,0.0015943843172863126,", Learning rate:",8.32168719365501e-06,", Number of training points (boundary):",0,", Number of training points (interior):",30000,", VRAM allocated:",0,", VRAM reserved:",0
26000,Training Loss:,0.002075645374134183,", Learning rate:",7.905602833972258e-06,", Number of training points (boundary):",0,", Number of training points (interior):",30000,", VRAM allocated:",0,", VRAM reserved:",0
26100,Training Loss:,0.0015814196085557342,", Learning rate:",7.905602833972258e-06,", Number of training points (boundary):",0,", Number of training points (interior):",30000,", VRAM allocated:",0,", VRAM reserved:",0
26200,Training Loss:,0.002829521195963025,", Learning rate:",7.905602833972258e-06,", Number of training points (boundary):",0,", Number of training points (interior):",30000,", VRAM allocated:",0,", VRAM reserved:",0
26300,Training Loss:,0.0015690040308982134,", Learning rate:",7.905602833972258e-06,", Number of training points (boundary):",0,", Number of training points (interior):",30000,", VRAM allocated:",0,", VRAM reserved:",0
26400,Training Loss:,0.0015641354257240891,", Learning rate:",7.905602833972258e-06,", Number of training points (boundary):",0,", Number of training points (interior):",30000,", VRAM allocated:",0,", VRAM reserved:",0
26500,Training Loss:,0.0015592229319736362,", Learning rate:",7.905602833972258e-06,", Number of training points (boundary):",0,", Number of training points (interior):",30000,", VRAM allocated:",0,", VRAM reserved:",0
26600,Training Loss:,0.0015959913143888116,", Learning rate:",7.905602833972258e-06,", Number of training points (boundary):",0,", Number of training points (interior):",30000,", VRAM allocated:",0,", VRAM reserved:",0
26700,Training Loss:,0.0015443444717675447,", Learning rate:",7.905602833972258e-06,", Number of training points (boundary):",0,", Number of training points (interior):",30000,", VRAM allocated:",0,", VRAM reserved:",0
26800,Training Loss:,0.0015382834244519472,", Learning rate:",7.905602833972258e-06,", Number of training points (boundary):",0,", Number of training points (interior):",30000,", VRAM allocated:",0,", VRAM reserved:",0
26900,Training Loss:,0.0015423542354255915,", Learning rate:",7.905602833972258e-06,", Number of training points (boundary):",0,", Number of training points (interior):",30000,", VRAM allocated:",0,", VRAM reserved:",0
27000,Training Loss:,0.0015475039836019278,", Learning rate:",7.510322692273645e-06,", Number of training points (boundary):",0,", Number of training points (interior):",30000,", VRAM allocated:",0,", VRAM reserved:",0
27100,Training Loss:,0.0015210179844871163,", Learning rate:",7.510322692273645e-06,", Number of training points (boundary):",0,", Number of training points (interior):",30000,", VRAM allocated:",0,", VRAM reserved:",0
27200,Training Loss:,0.0015153343556448817,", Learning rate:",7.510322692273645e-06,", Number of training points (boundary):",0,", Number of training points (interior):",30000,", VRAM allocated:",0,", VRAM reserved:",0
27300,Training Loss:,0.0015454560052603483,", Learning rate:",7.510322692273645e-06,", Number of training points (boundary):",0,", Number of training points (interior):",30000,", VRAM allocated:",0,", VRAM reserved:",0
27400,Training Loss:,0.0015107709914445877,", Learning rate:",7.510322692273645e-06,", Number of training points (boundary):",0,", Number of training points (interior):",30000,", VRAM allocated:",0,", VRAM reserved:",0
27500,Training Loss:,0.0014993486693128943,", Learning rate:",7.510322692273645e-06,", Number of training points (boundary):",0,", Number of training points (interior):",30000,", VRAM allocated:",0,", VRAM reserved:",0
27600,Training Loss:,0.0015419803094118834,", Learning rate:",7.510322692273645e-06,", Number of training points (boundary):",0,", Number of training points (interior):",30000,", VRAM allocated:",0,", VRAM reserved:",0
27700,Training Loss:,0.0023959861136972904,", Learning rate:",7.510322692273645e-06,", Number of training points (boundary):",0,", Number of training points (interior):",30000,", VRAM allocated:",0,", VRAM reserved:",0
27800,Training Loss:,0.0015216812025755644,", Learning rate:",7.510322692273645e-06,", Number of training points (boundary):",0,", Number of training points (interior):",30000,", VRAM allocated:",0,", VRAM reserved:",0
27900,Training Loss:,0.0014759086770936847,", Learning rate:",7.510322692273645e-06,", Number of training points (boundary):",0,", Number of training points (interior):",30000,", VRAM allocated:",0,", VRAM reserved:",0
28000,Training Loss:,0.0014726509107276797,", Learning rate:",7.134806557659962e-06,", Number of training points (boundary):",0,", Number of training points (interior):",30000,", VRAM allocated:",0,", VRAM reserved:",0
28100,Training Loss:,0.0014651617966592312,", Learning rate:",7.134806557659962e-06,", Number of training points (boundary):",0,", Number of training points (interior):",30000,", VRAM allocated:",0,", VRAM reserved:",0
28200,Training Loss:,0.0014660758897662163,", Learning rate:",7.134806557659962e-06,", Number of training points (boundary):",0,", Number of training points (interior):",30000,", VRAM allocated:",0,", VRAM reserved:",0
28300,Training Loss:,0.0014604275347664952,", Learning rate:",7.134806557659962e-06,", Number of training points (boundary):",0,", Number of training points (interior):",30000,", VRAM allocated:",0,", VRAM reserved:",0
28400,Training Loss:,0.0014493782073259354,", Learning rate:",7.134806557659962e-06,", Number of training points (boundary):",0,", Number of training points (interior):",30000,", VRAM allocated:",0,", VRAM reserved:",0
28500,Training Loss:,0.0014441786333918571,", Learning rate:",7.134806557659962e-06,", Number of training points (boundary):",0,", Number of training points (interior):",30000,", VRAM allocated:",0,", VRAM reserved:",0
28600,Training Loss:,0.0014458304503932595,", Learning rate:",7.134806557659962e-06,", Number of training points (boundary):",0,", Number of training points (interior):",30000,", VRAM allocated:",0,", VRAM reserved:",0
28700,Training Loss:,0.0014340245397761464,", Learning rate:",7.134806557659962e-06,", Number of training points (boundary):",0,", Number of training points (interior):",30000,", VRAM allocated:",0,", VRAM reserved:",0
28800,Training Loss:,0.0014287582598626614,", Learning rate:",7.134806557659962e-06,", Number of training points (boundary):",0,", Number of training points (interior):",30000,", VRAM allocated:",0,", VRAM reserved:",0
28900,Training Loss:,0.0014249890809878707,", Learning rate:",7.134806557659962e-06,", Number of training points (boundary):",0,", Number of training points (interior):",30000,", VRAM allocated:",0,", VRAM reserved:",0
29000,Training Loss:,0.0014241900062188506,", Learning rate:",6.778066229776964e-06,", Number of training points (boundary):",0,", Number of training points (interior):",30000,", VRAM allocated:",0,", VRAM reserved:",0
29100,Training Loss:,0.001413842081092298,", Learning rate:",6.778066229776964e-06,", Number of training points (boundary):",0,", Number of training points (interior):",30000,", VRAM allocated:",0,", VRAM reserved:",0
29200,Training Loss:,0.001408927608281374,", Learning rate:",6.778066229776964e-06,", Number of training points (boundary):",0,", Number of training points (interior):",30000,", VRAM allocated:",0,", VRAM reserved:",0
29300,Training Loss:,0.0014043760020285845,", Learning rate:",6.778066229776964e-06,", Number of training points (boundary):",0,", Number of training points (interior):",30000,", VRAM allocated:",0,", VRAM reserved:",0
29400,Training Loss:,0.0014005369739606977,", Learning rate:",6.778066229776964e-06,", Number of training points (boundary):",0,", Number of training points (interior):",30000,", VRAM allocated:",0,", VRAM reserved:",0
29500,Training Loss:,0.001394597697071731,", Learning rate:",6.778066229776964e-06,", Number of training points (boundary):",0,", Number of training points (interior):",30000,", VRAM allocated:",0,", VRAM reserved:",0
29600,Training Loss:,0.0013896327000111341,", Learning rate:",6.778066229776964e-06,", Number of training points (boundary):",0,", Number of training points (interior):",30000,", VRAM allocated:",0,", VRAM reserved:",0
29700,Training Loss:,0.001606021891348064,", Learning rate:",6.778066229776964e-06,", Number of training points (boundary):",0,", Number of training points (interior):",30000,", VRAM allocated:",0,", VRAM reserved:",0
29800,Training Loss:,0.001385556417517364,", Learning rate:",6.778066229776964e-06,", Number of training points (boundary):",0,", Number of training points (interior):",30000,", VRAM allocated:",0,", VRAM reserved:",0
29900,Training Loss:,0.0013827718794345856,", Learning rate:",6.778066229776964e-06,", Number of training points (boundary):",0,", Number of training points (interior):",30000,", VRAM allocated:",0,", VRAM reserved:",0
30000,Training Loss:,0.0013714851811528206,", Learning rate:",6.439162918288115e-06,", Number of training points (boundary):",0,", Number of training points (interior):",30000,", VRAM allocated:",0,", VRAM reserved:",0
30100,Training Loss:,0.0013660823460668325,", Learning rate:",6.439162918288115e-06,", Number of training points (boundary):",0,", Number of training points (interior):",30000,", VRAM allocated:",0,", VRAM reserved:",0
30200,Training Loss:,0.0013615258503705263,", Learning rate:",6.439162918288115e-06,", Number of training points (boundary):",0,", Number of training points (interior):",30000,", VRAM allocated:",0,", VRAM reserved:",0
30300,Training Loss:,0.0013618001248687506,", Learning rate:",6.439162918288115e-06,", Number of training points (boundary):",0,", Number of training points (interior):",30000,", VRAM allocated:",0,", VRAM reserved:",0
30400,Training Loss:,0.001354243024252355,", Learning rate:",6.439162918288115e-06,", Number of training points (boundary):",0,", Number of training points (interior):",30000,", VRAM allocated:",0,", VRAM reserved:",0
30500,Training Loss:,0.0013505489332601428,", Learning rate:",6.439162918288115e-06,", Number of training points (boundary):",0,", Number of training points (interior):",30000,", VRAM allocated:",0,", VRAM reserved:",0
30600,Training Loss:,0.0013619550736621022,", Learning rate:",6.439162918288115e-06,", Number of training points (boundary):",0,", Number of training points (interior):",30000,", VRAM allocated:",0,", VRAM reserved:",0
30700,Training Loss:,0.0014847948914393783,", Learning rate:",6.439162918288115e-06,", Number of training points (boundary):",0,", Number of training points (interior):",30000,", VRAM allocated:",0,", VRAM reserved:",0
30800,Training Loss:,0.0013346265768632293,", Learning rate:",6.439162918288115e-06,", Number of training points (boundary):",0,", Number of training points (interior):",30000,", VRAM allocated:",0,", VRAM reserved:",0
30900,Training Loss:,0.0013337208656594157,", Learning rate:",6.439162918288115e-06,", Number of training points (boundary):",0,", Number of training points (interior):",30000,", VRAM allocated:",0,", VRAM reserved:",0
31000,Training Loss:,0.0013275155797600746,", Learning rate:",6.11720477237371e-06,", Number of training points (boundary):",0,", Number of training points (interior):",30000,", VRAM allocated:",0,", VRAM reserved:",0
31100,Training Loss:,0.001321587711572647,", Learning rate:",6.11720477237371e-06,", Number of training points (boundary):",0,", Number of training points (interior):",30000,", VRAM allocated:",0,", VRAM reserved:",0
31200,Training Loss:,0.0013376310234889388,", Learning rate:",6.11720477237371e-06,", Number of training points (boundary):",0,", Number of training points (interior):",30000,", VRAM allocated:",0,", VRAM reserved:",0
31300,Training Loss:,0.0014357491163536906,", Learning rate:",6.11720477237371e-06,", Number of training points (boundary):",0,", Number of training points (interior):",30000,", VRAM allocated:",0,", VRAM reserved:",0
31400,Training Loss:,0.0021271088626235723,", Learning rate:",6.11720477237371e-06,", Number of training points (boundary):",0,", Number of training points (interior):",30000,", VRAM allocated:",0,", VRAM reserved:",0
31500,Training Loss:,0.0013047893298789859,", Learning rate:",6.11720477237371e-06,", Number of training points (boundary):",0,", Number of training points (interior):",30000,", VRAM allocated:",0,", VRAM reserved:",0
31600,Training Loss:,0.0013018392492085695,", Learning rate:",6.11720477237371e-06,", Number of training points (boundary):",0,", Number of training points (interior):",30000,", VRAM allocated:",0,", VRAM reserved:",0
31700,Training Loss:,0.001298019546084106,", Learning rate:",6.11720477237371e-06,", Number of training points (boundary):",0,", Number of training points (interior):",30000,", VRAM allocated:",0,", VRAM reserved:",0
31800,Training Loss:,0.0012923500034958124,", Learning rate:",6.11720477237371e-06,", Number of training points (boundary):",0,", Number of training points (interior):",30000,", VRAM allocated:",0,", VRAM reserved:",0
31900,Training Loss:,0.0013358587166294456,", Learning rate:",6.11720477237371e-06,", Number of training points (boundary):",0,", Number of training points (interior):",30000,", VRAM allocated:",0,", VRAM reserved:",0
32000,Training Loss:,0.00238602003082633,", Learning rate:",5.811344533755024e-06,", Number of training points (boundary):",0,", Number of training points (interior):",30000,", VRAM allocated:",0,", VRAM reserved:",0
32100,Training Loss:,0.0012801922857761383,", Learning rate:",5.811344533755024e-06,", Number of training points (boundary):",0,", Number of training points (interior):",30000,", VRAM allocated:",0,", VRAM reserved:",0
32200,Training Loss:,0.0013755705440416932,", Learning rate:",5.811344533755024e-06,", Number of training points (boundary):",0,", Number of training points (interior):",30000,", VRAM allocated:",0,", VRAM reserved:",0
32300,Training Loss:,0.0012723346007987857,", Learning rate:",5.811344533755024e-06,", Number of training points (boundary):",0,", Number of training points (interior):",30000,", VRAM allocated:",0,", VRAM reserved:",0
32400,Training Loss:,0.0012811486376449466,", Learning rate:",5.811344533755024e-06,", Number of training points (boundary):",0,", Number of training points (interior):",30000,", VRAM allocated:",0,", VRAM reserved:",0
32500,Training Loss:,0.0012686513364315033,", Learning rate:",5.811344533755024e-06,", Number of training points (boundary):",0,", Number of training points (interior):",30000,", VRAM allocated:",0,", VRAM reserved:",0
32600,Training Loss:,0.001260607154108584,", Learning rate:",5.811344533755024e-06,", Number of training points (boundary):",0,", Number of training points (interior):",30000,", VRAM allocated:",0,", VRAM reserved:",0
32700,Training Loss:,0.0012635132297873497,", Learning rate:",5.811344533755024e-06,", Number of training points (boundary):",0,", Number of training points (interior):",30000,", VRAM allocated:",0,", VRAM reserved:",0
32800,Training Loss:,0.0012635734165087342,", Learning rate:",5.811344533755024e-06,", Number of training points (boundary):",0,", Number of training points (interior):",30000,", VRAM allocated:",0,", VRAM reserved:",0
32900,Training Loss:,0.0012490679509937763,", Learning rate:",5.811344533755024e-06,", Number of training points (boundary):",0,", Number of training points (interior):",30000,", VRAM allocated:",0,", VRAM reserved:",0
33000,Training Loss:,0.0012459775898605585,", Learning rate:",5.520777307067273e-06,", Number of training points (boundary):",0,", Number of training points (interior):",30000,", VRAM allocated:",0,", VRAM reserved:",0
33100,Training Loss:,0.001241498626768589,", Learning rate:",5.520777307067273e-06,", Number of training points (boundary):",0,", Number of training points (interior):",30000,", VRAM allocated:",0,", VRAM reserved:",0
33200,Training Loss:,0.0012947344221174717,", Learning rate:",5.520777307067273e-06,", Number of training points (boundary):",0,", Number of training points (interior):",30000,", VRAM allocated:",0,", VRAM reserved:",0
33300,Training Loss:,0.0012635341845452785,", Learning rate:",5.520777307067273e-06,", Number of training points (boundary):",0,", Number of training points (interior):",30000,", VRAM allocated:",0,", VRAM reserved:",0
33400,Training Loss:,0.0012303213588893414,", Learning rate:",5.520777307067273e-06,", Number of training points (boundary):",0,", Number of training points (interior):",30000,", VRAM allocated:",0,", VRAM reserved:",0
33500,Training Loss:,0.0012271563755348325,", Learning rate:",5.520777307067273e-06,", Number of training points (boundary):",0,", Number of training points (interior):",30000,", VRAM allocated:",0,", VRAM reserved:",0
33600,Training Loss:,0.001528081833384931,", Learning rate:",5.520777307067273e-06,", Number of training points (boundary):",0,", Number of training points (interior):",30000,", VRAM allocated:",0,", VRAM reserved:",0
33700,Training Loss:,0.0013203148264437914,", Learning rate:",5.520777307067273e-06,", Number of training points (boundary):",0,", Number of training points (interior):",30000,", VRAM allocated:",0,", VRAM reserved:",0
33800,Training Loss:,0.0017545357113704085,", Learning rate:",5.520777307067273e-06,", Number of training points (boundary):",0,", Number of training points (interior):",30000,", VRAM allocated:",0,", VRAM reserved:",0
33900,Training Loss:,0.0013276247773319483,", Learning rate:",5.520777307067273e-06,", Number of training points (boundary):",0,", Number of training points (interior):",30000,", VRAM allocated:",0,", VRAM reserved:",0
34000,Training Loss:,0.001212301547639072,", Learning rate:",5.244738441713909e-06,", Number of training points (boundary):",0,", Number of training points (interior):",30000,", VRAM allocated:",0,", VRAM reserved:",0
34100,Training Loss:,0.0012045844923704863,", Learning rate:",5.244738441713909e-06,", Number of training points (boundary):",0,", Number of training points (interior):",30000,", VRAM allocated:",0,", VRAM reserved:",0
34200,Training Loss:,0.0019516898319125175,", Learning rate:",5.244738441713909e-06,", Number of training points (boundary):",0,", Number of training points (interior):",30000,", VRAM allocated:",0,", VRAM reserved:",0
34300,Training Loss:,0.001223320490680635,", Learning rate:",5.244738441713909e-06,", Number of training points (boundary):",0,", Number of training points (interior):",30000,", VRAM allocated:",0,", VRAM reserved:",0
34400,Training Loss:,0.0012183296494185925,", Learning rate:",5.244738441713909e-06,", Number of training points (boundary):",0,", Number of training points (interior):",30000,", VRAM allocated:",0,", VRAM reserved:",0
34500,Training Loss:,0.0016183932311832905,", Learning rate:",5.244738441713909e-06,", Number of training points (boundary):",0,", Number of training points (interior):",30000,", VRAM allocated:",0,", VRAM reserved:",0
34600,Training Loss:,0.0011868347646668553,", Learning rate:",5.244738441713909e-06,", Number of training points (boundary):",0,", Number of training points (interior):",30000,", VRAM allocated:",0,", VRAM reserved:",0
34700,Training Loss:,0.0012692187447100878,", Learning rate:",5.244738441713909e-06,", Number of training points (boundary):",0,", Number of training points (interior):",30000,", VRAM allocated:",0,", VRAM reserved:",0
34800,Training Loss:,0.0011926816077902913,", Learning rate:",5.244738441713909e-06,", Number of training points (boundary):",0,", Number of training points (interior):",30000,", VRAM allocated:",0,", VRAM reserved:",0
34900,Training Loss:,0.0011764673981815577,", Learning rate:",5.244738441713909e-06,", Number of training points (boundary):",0,", Number of training points (interior):",30000,", VRAM allocated:",0,", VRAM reserved:",0
35000,Training Loss:,0.0011750897392630577,", Learning rate:",4.982501519628213e-06,", Number of training points (boundary):",0,", Number of training points (interior):",30000,", VRAM allocated:",0,", VRAM reserved:",0
35100,Training Loss:,0.0011697330046445131,", Learning rate:",4.982501519628213e-06,", Number of training points (boundary):",0,", Number of training points (interior):",30000,", VRAM allocated:",0,", VRAM reserved:",0
35200,Training Loss:,0.0011663391487672925,", Learning rate:",4.982501519628213e-06,", Number of training points (boundary):",0,", Number of training points (interior):",30000,", VRAM allocated:",0,", VRAM reserved:",0
35300,Training Loss:,0.0011629890650510788,", Learning rate:",4.982501519628213e-06,", Number of training points (boundary):",0,", Number of training points (interior):",30000,", VRAM allocated:",0,", VRAM reserved:",0
35400,Training Loss:,0.0011958959512412548,", Learning rate:",4.982501519628213e-06,", Number of training points (boundary):",0,", Number of training points (interior):",30000,", VRAM allocated:",0,", VRAM reserved:",0
35500,Training Loss:,0.0011575231328606606,", Learning rate:",4.982501519628213e-06,", Number of training points (boundary):",0,", Number of training points (interior):",30000,", VRAM allocated:",0,", VRAM reserved:",0
35600,Training Loss:,0.0011528932955116034,", Learning rate:",4.982501519628213e-06,", Number of training points (boundary):",0,", Number of training points (interior):",30000,", VRAM allocated:",0,", VRAM reserved:",0
35700,Training Loss:,0.0011515261139720678,", Learning rate:",4.982501519628213e-06,", Number of training points (boundary):",0,", Number of training points (interior):",30000,", VRAM allocated:",0,", VRAM reserved:",0
35800,Training Loss:,0.001146722468547523,", Learning rate:",4.982501519628213e-06,", Number of training points (boundary):",0,", Number of training points (interior):",30000,", VRAM allocated:",0,", VRAM reserved:",0
35900,Training Loss:,0.0011428659781813622,", Learning rate:",4.982501519628213e-06,", Number of training points (boundary):",0,", Number of training points (interior):",30000,", VRAM allocated:",0,", VRAM reserved:",0
36000,Training Loss:,0.0011640614829957485,", Learning rate:",4.7333764436468025e-06,", Number of training points (boundary):",0,", Number of training points (interior):",30000,", VRAM allocated:",0,", VRAM reserved:",0
36100,Training Loss:,0.0011361667420715094,", Learning rate:",4.7333764436468025e-06,", Number of training points (boundary):",0,", Number of training points (interior):",30000,", VRAM allocated:",0,", VRAM reserved:",0
36200,Training Loss:,0.0011530446354299784,", Learning rate:",4.7333764436468025e-06,", Number of training points (boundary):",0,", Number of training points (interior):",30000,", VRAM allocated:",0,", VRAM reserved:",0
36300,Training Loss:,0.0011344098020344973,", Learning rate:",4.7333764436468025e-06,", Number of training points (boundary):",0,", Number of training points (interior):",30000,", VRAM allocated:",0,", VRAM reserved:",0
36400,Training Loss:,0.0011264164932072163,", Learning rate:",4.7333764436468025e-06,", Number of training points (boundary):",0,", Number of training points (interior):",30000,", VRAM allocated:",0,", VRAM reserved:",0
36500,Training Loss:,0.001123126014135778,", Learning rate:",4.7333764436468025e-06,", Number of training points (boundary):",0,", Number of training points (interior):",30000,", VRAM allocated:",0,", VRAM reserved:",0
36600,Training Loss:,0.001125925686210394,", Learning rate:",4.7333764436468025e-06,", Number of training points (boundary):",0,", Number of training points (interior):",30000,", VRAM allocated:",0,", VRAM reserved:",0
36700,Training Loss:,0.0011170877842232585,", Learning rate:",4.7333764436468025e-06,", Number of training points (boundary):",0,", Number of training points (interior):",30000,", VRAM allocated:",0,", VRAM reserved:",0
36800,Training Loss:,0.001113567384891212,", Learning rate:",4.7333764436468025e-06,", Number of training points (boundary):",0,", Number of training points (interior):",30000,", VRAM allocated:",0,", VRAM reserved:",0
36900,Training Loss:,0.001206279848702252,", Learning rate:",4.7333764436468025e-06,", Number of training points (boundary):",0,", Number of training points (interior):",30000,", VRAM allocated:",0,", VRAM reserved:",0
37000,Training Loss:,0.0013567045098170638,", Learning rate:",4.496707621464462e-06,", Number of training points (boundary):",0,", Number of training points (interior):",30000,", VRAM allocated:",0,", VRAM reserved:",0
37100,Training Loss:,0.0011039095697924495,", Learning rate:",4.496707621464462e-06,", Number of training points (boundary):",0,", Number of training points (interior):",30000,", VRAM allocated:",0,", VRAM reserved:",0
37200,Training Loss:,0.0011055811773985624,", Learning rate:",4.496707621464462e-06,", Number of training points (boundary):",0,", Number of training points (interior):",30000,", VRAM allocated:",0,", VRAM reserved:",0
37300,Training Loss:,0.0013135481858626008,", Learning rate:",4.496707621464462e-06,", Number of training points (boundary):",0,", Number of training points (interior):",30000,", VRAM allocated:",0,", VRAM reserved:",0
37400,Training Loss:,0.0011010360904037952,", Learning rate:",4.496707621464462e-06,", Number of training points (boundary):",0,", Number of training points (interior):",30000,", VRAM allocated:",0,", VRAM reserved:",0
37500,Training Loss:,0.0010913622099906206,", Learning rate:",4.496707621464462e-06,", Number of training points (boundary):",0,", Number of training points (interior):",30000,", VRAM allocated:",0,", VRAM reserved:",0
37600,Training Loss:,0.0010882810456678271,", Learning rate:",4.496707621464462e-06,", Number of training points (boundary):",0,", Number of training points (interior):",30000,", VRAM allocated:",0,", VRAM reserved:",0
37700,Training Loss:,0.0013257593382149935,", Learning rate:",4.496707621464462e-06,", Number of training points (boundary):",0,", Number of training points (interior):",30000,", VRAM allocated:",0,", VRAM reserved:",0
37800,Training Loss:,0.0010820106836035848,", Learning rate:",4.496707621464462e-06,", Number of training points (boundary):",0,", Number of training points (interior):",30000,", VRAM allocated:",0,", VRAM reserved:",0
37900,Training Loss:,0.0011349632404744625,", Learning rate:",4.496707621464462e-06,", Number of training points (boundary):",0,", Number of training points (interior):",30000,", VRAM allocated:",0,", VRAM reserved:",0
38000,Training Loss:,0.0010787004139274359,", Learning rate:",4.271872240391239e-06,", Number of training points (boundary):",0,", Number of training points (interior):",30000,", VRAM allocated:",0,", VRAM reserved:",0
38100,Training Loss:,0.0010728789493441582,", Learning rate:",4.271872240391239e-06,", Number of training points (boundary):",0,", Number of training points (interior):",30000,", VRAM allocated:",0,", VRAM reserved:",0
38200,Training Loss:,0.001277351751923561,", Learning rate:",4.271872240391239e-06,", Number of training points (boundary):",0,", Number of training points (interior):",30000,", VRAM allocated:",0,", VRAM reserved:",0
38300,Training Loss:,0.0010668691247701645,", Learning rate:",4.271872240391239e-06,", Number of training points (boundary):",0,", Number of training points (interior):",30000,", VRAM allocated:",0,", VRAM reserved:",0
38400,Training Loss:,0.0010653373319655657,", Learning rate:",4.271872240391239e-06,", Number of training points (boundary):",0,", Number of training points (interior):",30000,", VRAM allocated:",0,", VRAM reserved:",0
38500,Training Loss:,0.001070398255251348,", Learning rate:",4.271872240391239e-06,", Number of training points (boundary):",0,", Number of training points (interior):",30000,", VRAM allocated:",0,", VRAM reserved:",0
38600,Training Loss:,0.0012432761723175645,", Learning rate:",4.271872240391239e-06,", Number of training points (boundary):",0,", Number of training points (interior):",30000,", VRAM allocated:",0,", VRAM reserved:",0
38700,Training Loss:,0.0010549373691901565,", Learning rate:",4.271872240391239e-06,", Number of training points (boundary):",0,", Number of training points (interior):",30000,", VRAM allocated:",0,", VRAM reserved:",0
38800,Training Loss:,0.0010643164860084653,", Learning rate:",4.271872240391239e-06,", Number of training points (boundary):",0,", Number of training points (interior):",30000,", VRAM allocated:",0,", VRAM reserved:",0
38900,Training Loss:,0.001128906267695129,", Learning rate:",4.271872240391239e-06,", Number of training points (boundary):",0,", Number of training points (interior):",30000,", VRAM allocated:",0,", VRAM reserved:",0
39000,Training Loss:,0.0010461098281666636,", Learning rate:",4.058278628371677e-06,", Number of training points (boundary):",0,", Number of training points (interior):",30000,", VRAM allocated:",0,", VRAM reserved:",0
39100,Training Loss:,0.0010432138806208968,", Learning rate:",4.058278628371677e-06,", Number of training points (boundary):",0,", Number of training points (interior):",30000,", VRAM allocated:",0,", VRAM reserved:",0
39200,Training Loss:,0.0010413132840767503,", Learning rate:",4.058278628371677e-06,", Number of training points (boundary):",0,", Number of training points (interior):",30000,", VRAM allocated:",0,", VRAM reserved:",0
39300,Training Loss:,0.0016489691333845258,", Learning rate:",4.058278628371677e-06,", Number of training points (boundary):",0,", Number of training points (interior):",30000,", VRAM allocated:",0,", VRAM reserved:",0
39400,Training Loss:,0.0010345644550397992,", Learning rate:",4.058278628371677e-06,", Number of training points (boundary):",0,", Number of training points (interior):",30000,", VRAM allocated:",0,", VRAM reserved:",0
39500,Training Loss:,0.0010455603478476405,", Learning rate:",4.058278628371677e-06,", Number of training points (boundary):",0,", Number of training points (interior):",30000,", VRAM allocated:",0,", VRAM reserved:",0
39600,Training Loss:,0.0010371182579547167,", Learning rate:",4.058278628371677e-06,", Number of training points (boundary):",0,", Number of training points (interior):",30000,", VRAM allocated:",0,", VRAM reserved:",0
39700,Training Loss:,0.0013587834546342492,", Learning rate:",4.058278628371677e-06,", Number of training points (boundary):",0,", Number of training points (interior):",30000,", VRAM allocated:",0,", VRAM reserved:",0
39800,Training Loss:,0.001023947959765792,", Learning rate:",4.058278628371677e-06,", Number of training points (boundary):",0,", Number of training points (interior):",30000,", VRAM allocated:",0,", VRAM reserved:",0
39900,Training Loss:,0.0010203117271885276,", Learning rate:",4.058278628371677e-06,", Number of training points (boundary):",0,", Number of training points (interior):",30000,", VRAM allocated:",0,", VRAM reserved:",0
40000,Training Loss:,0.001017473521642387,", Learning rate:",3.855364696953093e-06,", Number of training points (boundary):",0,", Number of training points (interior):",30000,", VRAM allocated:",0,", VRAM reserved:",0
40100,Training Loss:,0.0010145835112780333,", Learning rate:",3.855364696953093e-06,", Number of training points (boundary):",0,", Number of training points (interior):",30000,", VRAM allocated:",0,", VRAM reserved:",0
40200,Training Loss:,0.001015178277157247,", Learning rate:",3.855364696953093e-06,", Number of training points (boundary):",0,", Number of training points (interior):",30000,", VRAM allocated:",0,", VRAM reserved:",0
40300,Training Loss:,0.0010185206774622202,", Learning rate:",3.855364696953093e-06,", Number of training points (boundary):",0,", Number of training points (interior):",30000,", VRAM allocated:",0,", VRAM reserved:",0
40400,Training Loss:,0.0010061418870463967,", Learning rate:",3.855364696953093e-06,", Number of training points (boundary):",0,", Number of training points (interior):",30000,", VRAM allocated:",0,", VRAM reserved:",0
40500,Training Loss:,0.0010033964645117521,", Learning rate:",3.855364696953093e-06,", Number of training points (boundary):",0,", Number of training points (interior):",30000,", VRAM allocated:",0,", VRAM reserved:",0
40600,Training Loss:,0.0010553881293162704,", Learning rate:",3.855364696953093e-06,", Number of training points (boundary):",0,", Number of training points (interior):",30000,", VRAM allocated:",0,", VRAM reserved:",0
40700,Training Loss:,0.0009991992264986038,", Learning rate:",3.855364696953093e-06,", Number of training points (boundary):",0,", Number of training points (interior):",30000,", VRAM allocated:",0,", VRAM reserved:",0
40800,Training Loss:,0.0009966666111722589,", Learning rate:",3.855364696953093e-06,", Number of training points (boundary):",0,", Number of training points (interior):",30000,", VRAM allocated:",0,", VRAM reserved:",0
40900,Training Loss:,0.0010161527898162603,", Learning rate:",3.855364696953093e-06,", Number of training points (boundary):",0,", Number of training points (interior):",30000,", VRAM allocated:",0,", VRAM reserved:",0
41000,Training Loss:,0.000990942120552063,", Learning rate:",3.6625964621054378e-06,", Number of training points (boundary):",0,", Number of training points (interior):",30000,", VRAM allocated:",0,", VRAM reserved:",0
41100,Training Loss:,0.000986836152151227,", Learning rate:",3.6625964621054378e-06,", Number of training points (boundary):",0,", Number of training points (interior):",30000,", VRAM allocated:",0,", VRAM reserved:",0
41200,Training Loss:,0.000984972924925387,", Learning rate:",3.6625964621054378e-06,", Number of training points (boundary):",0,", Number of training points (interior):",30000,", VRAM allocated:",0,", VRAM reserved:",0
41300,Training Loss:,0.0012200450291857123,", Learning rate:",3.6625964621054378e-06,", Number of training points (boundary):",0,", Number of training points (interior):",30000,", VRAM allocated:",0,", VRAM reserved:",0
41400,Training Loss:,0.0012981549371033907,", Learning rate:",3.6625964621054378e-06,", Number of training points (boundary):",0,", Number of training points (interior):",30000,", VRAM allocated:",0,", VRAM reserved:",0
41500,Training Loss:,0.0009764757705852389,", Learning rate:",3.6625964621054378e-06,", Number of training points (boundary):",0,", Number of training points (interior):",30000,", VRAM allocated:",0,", VRAM reserved:",0
41600,Training Loss:,0.000973290647380054,", Learning rate:",3.6625964621054378e-06,", Number of training points (boundary):",0,", Number of training points (interior):",30000,", VRAM allocated:",0,", VRAM reserved:",0
41700,Training Loss:,0.0009847466135397553,", Learning rate:",3.6625964621054378e-06,", Number of training points (boundary):",0,", Number of training points (interior):",30000,", VRAM allocated:",0,", VRAM reserved:",0
41800,Training Loss:,0.0009707500576041639,", Learning rate:",3.6625964621054378e-06,", Number of training points (boundary):",0,", Number of training points (interior):",30000,", VRAM allocated:",0,", VRAM reserved:",0
41900,Training Loss:,0.0009726222488097847,", Learning rate:",3.6625964621054378e-06,", Number of training points (boundary):",0,", Number of training points (interior):",30000,", VRAM allocated:",0,", VRAM reserved:",0
42000,Training Loss:,0.0010153554612770677,", Learning rate:",3.4794666390001657e-06,", Number of training points (boundary):",0,", Number of training points (interior):",30000,", VRAM allocated:",0,", VRAM reserved:",0
42100,Training Loss:,0.0009600453777238727,", Learning rate:",3.4794666390001657e-06,", Number of training points (boundary):",0,", Number of training points (interior):",30000,", VRAM allocated:",0,", VRAM reserved:",0
42200,Training Loss:,0.0009574102004989982,", Learning rate:",3.4794666390001657e-06,", Number of training points (boundary):",0,", Number of training points (interior):",30000,", VRAM allocated:",0,", VRAM reserved:",0
42300,Training Loss:,0.0009553596610203385,", Learning rate:",3.4794666390001657e-06,", Number of training points (boundary):",0,", Number of training points (interior):",30000,", VRAM allocated:",0,", VRAM reserved:",0
42400,Training Loss:,0.0009560995968058705,", Learning rate:",3.4794666390001657e-06,", Number of training points (boundary):",0,", Number of training points (interior):",30000,", VRAM allocated:",0,", VRAM reserved:",0
42500,Training Loss:,0.000966644030995667,", Learning rate:",3.4794666390001657e-06,", Number of training points (boundary):",0,", Number of training points (interior):",30000,", VRAM allocated:",0,", VRAM reserved:",0
42600,Training Loss:,0.0009470279910601676,", Learning rate:",3.4794666390001657e-06,", Number of training points (boundary):",0,", Number of training points (interior):",30000,", VRAM allocated:",0,", VRAM reserved:",0
42700,Training Loss:,0.0013299545971676707,", Learning rate:",3.4794666390001657e-06,", Number of training points (boundary):",0,", Number of training points (interior):",30000,", VRAM allocated:",0,", VRAM reserved:",0
42800,Training Loss:,0.0009418085683137178,", Learning rate:",3.4794666390001657e-06,", Number of training points (boundary):",0,", Number of training points (interior):",30000,", VRAM allocated:",0,", VRAM reserved:",0
42900,Training Loss:,0.0009401169954799116,", Learning rate:",3.4794666390001657e-06,", Number of training points (boundary):",0,", Number of training points (interior):",30000,", VRAM allocated:",0,", VRAM reserved:",0
43000,Training Loss:,0.0009368297760374844,", Learning rate:",3.3054933070501574e-06,", Number of training points (boundary):",0,", Number of training points (interior):",30000,", VRAM allocated:",0,", VRAM reserved:",0
43100,Training Loss:,0.0009341823752038181,", Learning rate:",3.3054933070501574e-06,", Number of training points (boundary):",0,", Number of training points (interior):",30000,", VRAM allocated:",0,", VRAM reserved:",0
43200,Training Loss:,0.0009320692624896765,", Learning rate:",3.3054933070501574e-06,", Number of training points (boundary):",0,", Number of training points (interior):",30000,", VRAM allocated:",0,", VRAM reserved:",0
43300,Training Loss:,0.0009314127964898944,", Learning rate:",3.3054933070501574e-06,", Number of training points (boundary):",0,", Number of training points (interior):",30000,", VRAM allocated:",0,", VRAM reserved:",0
43400,Training Loss:,0.0009331063483841717,", Learning rate:",3.3054933070501574e-06,", Number of training points (boundary):",0,", Number of training points (interior):",30000,", VRAM allocated:",0,", VRAM reserved:",0
43500,Training Loss:,0.0009239467326551676,", Learning rate:",3.3054933070501574e-06,", Number of training points (boundary):",0,", Number of training points (interior):",30000,", VRAM allocated:",0,", VRAM reserved:",0
43600,Training Loss:,0.0009248882415704429,", Learning rate:",3.3054933070501574e-06,", Number of training points (boundary):",0,", Number of training points (interior):",30000,", VRAM allocated:",0,", VRAM reserved:",0
43700,Training Loss:,0.001115503953769803,", Learning rate:",3.3054933070501574e-06,", Number of training points (boundary):",0,", Number of training points (interior):",30000,", VRAM allocated:",0,", VRAM reserved:",0
43800,Training Loss:,0.0009191981516778469,", Learning rate:",3.3054933070501574e-06,", Number of training points (boundary):",0,", Number of training points (interior):",30000,", VRAM allocated:",0,", VRAM reserved:",0
43900,Training Loss:,0.001013983623124659,", Learning rate:",3.3054933070501574e-06,", Number of training points (boundary):",0,", Number of training points (interior):",30000,", VRAM allocated:",0,", VRAM reserved:",0
44000,Training Loss:,0.0009749890887178481,", Learning rate:",3.1402186416976496e-06,", Number of training points (boundary):",0,", Number of training points (interior):",30000,", VRAM allocated:",0,", VRAM reserved:",0
44100,Training Loss:,0.0009088222868740559,", Learning rate:",3.1402186416976496e-06,", Number of training points (boundary):",0,", Number of training points (interior):",30000,", VRAM allocated:",0,", VRAM reserved:",0
44200,Training Loss:,0.0009260425576940179,", Learning rate:",3.1402186416976496e-06,", Number of training points (boundary):",0,", Number of training points (interior):",30000,", VRAM allocated:",0,", VRAM reserved:",0
44300,Training Loss:,0.0009041887824423611,", Learning rate:",3.1402186416976496e-06,", Number of training points (boundary):",0,", Number of training points (interior):",30000,", VRAM allocated:",0,", VRAM reserved:",0
44400,Training Loss:,0.0009039428550750017,", Learning rate:",3.1402186416976496e-06,", Number of training points (boundary):",0,", Number of training points (interior):",30000,", VRAM allocated:",0,", VRAM reserved:",0
44500,Training Loss:,0.0008992081857286394,", Learning rate:",3.1402186416976496e-06,", Number of training points (boundary):",0,", Number of training points (interior):",30000,", VRAM allocated:",0,", VRAM reserved:",0
44600,Training Loss:,0.0008965508895926178,", Learning rate:",3.1402186416976496e-06,", Number of training points (boundary):",0,", Number of training points (interior):",30000,", VRAM allocated:",0,", VRAM reserved:",0
44700,Training Loss:,0.0008983913576230407,", Learning rate:",3.1402186416976496e-06,", Number of training points (boundary):",0,", Number of training points (interior):",30000,", VRAM allocated:",0,", VRAM reserved:",0
44800,Training Loss:,0.0008917347877286375,", Learning rate:",3.1402186416976496e-06,", Number of training points (boundary):",0,", Number of training points (interior):",30000,", VRAM allocated:",0,", VRAM reserved:",0
44900,Training Loss:,0.0008891581674106419,", Learning rate:",3.1402186416976496e-06,", Number of training points (boundary):",0,", Number of training points (interior):",30000,", VRAM allocated:",0,", VRAM reserved:",0
45000,Training Loss:,0.0008950558258220553,", Learning rate:",2.983207709612767e-06,", Number of training points (boundary):",0,", Number of training points (interior):",30000,", VRAM allocated:",0,", VRAM reserved:",0
45100,Training Loss:,0.0008843702962622046,", Learning rate:",2.983207709612767e-06,", Number of training points (boundary):",0,", Number of training points (interior):",30000,", VRAM allocated:",0,", VRAM reserved:",0
45200,Training Loss:,0.0008907418232411146,", Learning rate:",2.983207709612767e-06,", Number of training points (boundary):",0,", Number of training points (interior):",30000,", VRAM allocated:",0,", VRAM reserved:",0
45300,Training Loss:,0.0008945341105572879,", Learning rate:",2.983207709612767e-06,", Number of training points (boundary):",0,", Number of training points (interior):",30000,", VRAM allocated:",0,", VRAM reserved:",0
45400,Training Loss:,0.0008772279252298176,", Learning rate:",2.983207709612767e-06,", Number of training points (boundary):",0,", Number of training points (interior):",30000,", VRAM allocated:",0,", VRAM reserved:",0
45500,Training Loss:,0.0008748726104386151,", Learning rate:",2.983207709612767e-06,", Number of training points (boundary):",0,", Number of training points (interior):",30000,", VRAM allocated:",0,", VRAM reserved:",0
45600,Training Loss:,0.0008733737049624324,", Learning rate:",2.983207709612767e-06,", Number of training points (boundary):",0,", Number of training points (interior):",30000,", VRAM allocated:",0,", VRAM reserved:",0
45700,Training Loss:,0.0008702261839061975,", Learning rate:",2.983207709612767e-06,", Number of training points (boundary):",0,", Number of training points (interior):",30000,", VRAM allocated:",0,", VRAM reserved:",0
45800,Training Loss:,0.0008986663306131959,", Learning rate:",2.983207709612767e-06,", Number of training points (boundary):",0,", Number of training points (interior):",30000,", VRAM allocated:",0,", VRAM reserved:",0
45900,Training Loss:,0.0008868218865245581,", Learning rate:",2.983207709612767e-06,", Number of training points (boundary):",0,", Number of training points (interior):",30000,", VRAM allocated:",0,", VRAM reserved:",0
46000,Training Loss:,0.0008630960364826024,", Learning rate:",2.8340473241321283e-06,", Number of training points (boundary):",0,", Number of training points (interior):",30000,", VRAM allocated:",0,", VRAM reserved:",0
46100,Training Loss:,0.0008606641204096377,", Learning rate:",2.8340473241321283e-06,", Number of training points (boundary):",0,", Number of training points (interior):",30000,", VRAM allocated:",0,", VRAM reserved:",0
46200,Training Loss:,0.0008584572933614254,", Learning rate:",2.8340473241321283e-06,", Number of training points (boundary):",0,", Number of training points (interior):",30000,", VRAM allocated:",0,", VRAM reserved:",0
46300,Training Loss:,0.0008572643273510039,", Learning rate:",2.8340473241321283e-06,", Number of training points (boundary):",0,", Number of training points (interior):",30000,", VRAM allocated:",0,", VRAM reserved:",0
46400,Training Loss:,0.0008586067124269903,", Learning rate:",2.8340473241321283e-06,", Number of training points (boundary):",0,", Number of training points (interior):",30000,", VRAM allocated:",0,", VRAM reserved:",0
46500,Training Loss:,0.0008512878557667136,", Learning rate:",2.8340473241321283e-06,", Number of training points (boundary):",0,", Number of training points (interior):",30000,", VRAM allocated:",0,", VRAM reserved:",0
46600,Training Loss:,0.000849567586556077,", Learning rate:",2.8340473241321283e-06,", Number of training points (boundary):",0,", Number of training points (interior):",30000,", VRAM allocated:",0,", VRAM reserved:",0
46700,Training Loss:,0.0009764757705852389,", Learning rate:",2.8340473241321283e-06,", Number of training points (boundary):",0,", Number of training points (interior):",30000,", VRAM allocated:",0,", VRAM reserved:",0
46800,Training Loss:,0.0008443247061222792,", Learning rate:",2.8340473241321283e-06,", Number of training points (boundary):",0,", Number of training points (interior):",30000,", VRAM allocated:",0,", VRAM reserved:",0
46900,Training Loss:,0.0008440883830189705,", Learning rate:",2.8340473241321283e-06,", Number of training points (boundary):",0,", Number of training points (interior):",30000,", VRAM allocated:",0,", VRAM reserved:",0
47000,Training Loss:,0.0008438267395831645,", Learning rate:",2.692344957925522e-06,", Number of training points (boundary):",0,", Number of training points (interior):",30000,", VRAM allocated:",0,", VRAM reserved:",0
47100,Training Loss:,0.00083743198774755,", Learning rate:",2.692344957925522e-06,", Number of training points (boundary):",0,", Number of training points (interior):",30000,", VRAM allocated:",0,", VRAM reserved:",0
47200,Training Loss:,0.0008352072909474373,", Learning rate:",2.692344957925522e-06,", Number of training points (boundary):",0,", Number of training points (interior):",30000,", VRAM allocated:",0,", VRAM reserved:",0
47300,Training Loss:,0.0008329239208251238,", Learning rate:",2.692344957925522e-06,", Number of training points (boundary):",0,", Number of training points (interior):",30000,", VRAM allocated:",0,", VRAM reserved:",0
47400,Training Loss:,0.000830653531011194,", Learning rate:",2.692344957925522e-06,", Number of training points (boundary):",0,", Number of training points (interior):",30000,", VRAM allocated:",0,", VRAM reserved:",0
47500,Training Loss:,0.0008283884380944073,", Learning rate:",2.692344957925522e-06,", Number of training points (boundary):",0,", Number of training points (interior):",30000,", VRAM allocated:",0,", VRAM reserved:",0
47600,Training Loss:,0.0008267828961834311,", Learning rate:",2.692344957925522e-06,", Number of training points (boundary):",0,", Number of training points (interior):",30000,", VRAM allocated:",0,", VRAM reserved:",0
47700,Training Loss:,0.000856250524520874,", Learning rate:",2.692344957925522e-06,", Number of training points (boundary):",0,", Number of training points (interior):",30000,", VRAM allocated:",0,", VRAM reserved:",0
47800,Training Loss:,0.0008217472350224853,", Learning rate:",2.692344957925522e-06,", Number of training points (boundary):",0,", Number of training points (interior):",30000,", VRAM allocated:",0,", VRAM reserved:",0
47900,Training Loss:,0.000819406530354172,", Learning rate:",2.692344957925522e-06,", Number of training points (boundary):",0,", Number of training points (interior):",30000,", VRAM allocated:",0,", VRAM reserved:",0
48000,Training Loss:,0.0008174161775968969,", Learning rate:",2.5577277100292455e-06,", Number of training points (boundary):",0,", Number of training points (interior):",30000,", VRAM allocated:",0,", VRAM reserved:",0
48100,Training Loss:,0.0008150787325575948,", Learning rate:",2.5577277100292455e-06,", Number of training points (boundary):",0,", Number of training points (interior):",30000,", VRAM allocated:",0,", VRAM reserved:",0
48200,Training Loss:,0.0008425681153312325,", Learning rate:",2.5577277100292455e-06,", Number of training points (boundary):",0,", Number of training points (interior):",30000,", VRAM allocated:",0,", VRAM reserved:",0
48300,Training Loss:,0.0008107073954306543,", Learning rate:",2.5577277100292455e-06,", Number of training points (boundary):",0,", Number of training points (interior):",30000,", VRAM allocated:",0,", VRAM reserved:",0
48400,Training Loss:,0.0008085854933597147,", Learning rate:",2.5577277100292455e-06,", Number of training points (boundary):",0,", Number of training points (interior):",30000,", VRAM allocated:",0,", VRAM reserved:",0
48500,Training Loss:,0.0008063982822932303,", Learning rate:",2.5577277100292455e-06,", Number of training points (boundary):",0,", Number of training points (interior):",30000,", VRAM allocated:",0,", VRAM reserved:",0
48600,Training Loss:,0.0008132242946885526,", Learning rate:",2.5577277100292455e-06,", Number of training points (boundary):",0,", Number of training points (interior):",30000,", VRAM allocated:",0,", VRAM reserved:",0
48700,Training Loss:,0.000802007329184562,", Learning rate:",2.5577277100292455e-06,", Number of training points (boundary):",0,", Number of training points (interior):",30000,", VRAM allocated:",0,", VRAM reserved:",0
48800,Training Loss:,0.0007998220389708877,", Learning rate:",2.5577277100292455e-06,", Number of training points (boundary):",0,", Number of training points (interior):",30000,", VRAM allocated:",0,", VRAM reserved:",0
48900,Training Loss:,0.0007983330287970603,", Learning rate:",2.5577277100292455e-06,", Number of training points (boundary):",0,", Number of training points (interior):",30000,", VRAM allocated:",0,", VRAM reserved:",0
49000,Training Loss:,0.0007982542156241834,", Learning rate:",2.4298413245277833e-06,", Number of training points (boundary):",0,", Number of training points (interior):",30000,", VRAM allocated:",0,", VRAM reserved:",0
49100,Training Loss:,0.0007934966706670821,", Learning rate:",2.4298413245277833e-06,", Number of training points (boundary):",0,", Number of training points (interior):",30000,", VRAM allocated:",0,", VRAM reserved:",0
49200,Training Loss:,0.0007913793670013547,", Learning rate:",2.4298413245277833e-06,", Number of training points (boundary):",0,", Number of training points (interior):",30000,", VRAM allocated:",0,", VRAM reserved:",0
49300,Training Loss:,0.0007936597103253007,", Learning rate:",2.4298413245277833e-06,", Number of training points (boundary):",0,", Number of training points (interior):",30000,", VRAM allocated:",0,", VRAM reserved:",0
49400,Training Loss:,0.0007879306212998927,", Learning rate:",2.4298413245277833e-06,", Number of training points (boundary):",0,", Number of training points (interior):",30000,", VRAM allocated:",0,", VRAM reserved:",0
49500,Training Loss:,0.0007850149995647371,", Learning rate:",2.4298413245277833e-06,", Number of training points (boundary):",0,", Number of training points (interior):",30000,", VRAM allocated:",0,", VRAM reserved:",0
49600,Training Loss:,0.0007845681975595653,", Learning rate:",2.4298413245277833e-06,", Number of training points (boundary):",0,", Number of training points (interior):",30000,", VRAM allocated:",0,", VRAM reserved:",0
49700,Training Loss:,0.0007852072594687343,", Learning rate:",2.4298413245277833e-06,", Number of training points (boundary):",0,", Number of training points (interior):",30000,", VRAM allocated:",0,", VRAM reserved:",0
49800,Training Loss:,0.0007787556969560683,", Learning rate:",2.4298413245277833e-06,", Number of training points (boundary):",0,", Number of training points (interior):",30000,", VRAM allocated:",0,", VRAM reserved:",0
49900,Training Loss:,0.0007989638252183795,", Learning rate:",2.4298413245277833e-06,", Number of training points (boundary):",0,", Number of training points (interior):",30000,", VRAM allocated:",0,", VRAM reserved:",0
50000,Training Loss:,0.000775744381826371,", Learning rate:",2.308349258301394e-06,", Number of training points (boundary):",0,", Number of training points (interior):",30000,", VRAM allocated:",0,", VRAM reserved:",0
50100,Training Loss:,0.0007723169983364642,", Learning rate:",2.308349258301394e-06,", Number of training points (boundary):",0,", Number of training points (interior):",30000,", VRAM allocated:",0,", VRAM reserved:",0
50200,Training Loss:,0.0007702551665715873,", Learning rate:",2.308349258301394e-06,", Number of training points (boundary):",0,", Number of training points (interior):",30000,", VRAM allocated:",0,", VRAM reserved:",0
50300,Training Loss:,0.0007839373429305851,", Learning rate:",2.308349258301394e-06,", Number of training points (boundary):",0,", Number of training points (interior):",30000,", VRAM allocated:",0,", VRAM reserved:",0
50400,Training Loss:,0.0008641155436635017,", Learning rate:",2.308349258301394e-06,", Number of training points (boundary):",0,", Number of training points (interior):",30000,", VRAM allocated:",0,", VRAM reserved:",0
50500,Training Loss:,0.000764084339607507,", Learning rate:",2.308349258301394e-06,", Number of training points (boundary):",0,", Number of training points (interior):",30000,", VRAM allocated:",0,", VRAM reserved:",0
50600,Training Loss:,0.0007620567339472473,", Learning rate:",2.308349258301394e-06,", Number of training points (boundary):",0,", Number of training points (interior):",30000,", VRAM allocated:",0,", VRAM reserved:",0
50700,Training Loss:,0.0007600807002745569,", Learning rate:",2.308349258301394e-06,", Number of training points (boundary):",0,", Number of training points (interior):",30000,", VRAM allocated:",0,", VRAM reserved:",0
50800,Training Loss:,0.0007740134606137872,", Learning rate:",2.308349258301394e-06,", Number of training points (boundary):",0,", Number of training points (interior):",30000,", VRAM allocated:",0,", VRAM reserved:",0
50900,Training Loss:,0.0007876859162934124,", Learning rate:",2.308349258301394e-06,", Number of training points (boundary):",0,", Number of training points (interior):",30000,", VRAM allocated:",0,", VRAM reserved:",0
51000,Training Loss:,0.0007540248916484416,", Learning rate:",2.192931795386324e-06,", Number of training points (boundary):",0,", Number of training points (interior):",30000,", VRAM allocated:",0,", VRAM reserved:",0
51100,Training Loss:,0.0007519213249906898,", Learning rate:",2.192931795386324e-06,", Number of training points (boundary):",0,", Number of training points (interior):",30000,", VRAM allocated:",0,", VRAM reserved:",0
51200,Training Loss:,0.0007516173645853996,", Learning rate:",2.192931795386324e-06,", Number of training points (boundary):",0,", Number of training points (interior):",30000,", VRAM allocated:",0,", VRAM reserved:",0
51300,Training Loss:,0.0007725613540969789,", Learning rate:",2.192931795386324e-06,", Number of training points (boundary):",0,", Number of training points (interior):",30000,", VRAM allocated:",0,", VRAM reserved:",0
51400,Training Loss:,0.0007480436470359564,", Learning rate:",2.192931795386324e-06,", Number of training points (boundary):",0,", Number of training points (interior):",30000,", VRAM allocated:",0,", VRAM reserved:",0
51500,Training Loss:,0.0007443555514328182,", Learning rate:",2.192931795386324e-06,", Number of training points (boundary):",0,", Number of training points (interior):",30000,", VRAM allocated:",0,", VRAM reserved:",0
51600,Training Loss:,0.0007422674098052084,", Learning rate:",2.192931795386324e-06,", Number of training points (boundary):",0,", Number of training points (interior):",30000,", VRAM allocated:",0,", VRAM reserved:",0
51700,Training Loss:,0.0007414412102662027,", Learning rate:",2.192931795386324e-06,", Number of training points (boundary):",0,", Number of training points (interior):",30000,", VRAM allocated:",0,", VRAM reserved:",0
51800,Training Loss:,0.0007379726739600301,", Learning rate:",2.192931795386324e-06,", Number of training points (boundary):",0,", Number of training points (interior):",30000,", VRAM allocated:",0,", VRAM reserved:",0
51900,Training Loss:,0.0007365229539573193,", Learning rate:",2.192931795386324e-06,", Number of training points (boundary):",0,", Number of training points (interior):",30000,", VRAM allocated:",0,", VRAM reserved:",0
52000,Training Loss:,0.0007344699115492404,", Learning rate:",2.0832852056170076e-06,", Number of training points (boundary):",0,", Number of training points (interior):",30000,", VRAM allocated:",0,", VRAM reserved:",0
52100,Training Loss:,0.0007321333396248519,", Learning rate:",2.0832852056170076e-06,", Number of training points (boundary):",0,", Number of training points (interior):",30000,", VRAM allocated:",0,", VRAM reserved:",0
52200,Training Loss:,0.0007318893331103027,", Learning rate:",2.0832852056170076e-06,", Number of training points (boundary):",0,", Number of training points (interior):",30000,", VRAM allocated:",0,", VRAM reserved:",0
52300,Training Loss:,0.0007282905862666667,", Learning rate:",2.0832852056170076e-06,", Number of training points (boundary):",0,", Number of training points (interior):",30000,", VRAM allocated:",0,", VRAM reserved:",0
52400,Training Loss:,0.0007263740408234298,", Learning rate:",2.0832852056170076e-06,", Number of training points (boundary):",0,", Number of training points (interior):",30000,", VRAM allocated:",0,", VRAM reserved:",0
52500,Training Loss:,0.0007245600572787225,", Learning rate:",2.0832852056170076e-06,", Number of training points (boundary):",0,", Number of training points (interior):",30000,", VRAM allocated:",0,", VRAM reserved:",0
52600,Training Loss:,0.0007225069566629827,", Learning rate:",2.0832852056170076e-06,", Number of training points (boundary):",0,", Number of training points (interior):",30000,", VRAM allocated:",0,", VRAM reserved:",0
52700,Training Loss:,0.0007312832167372108,", Learning rate:",2.0832852056170076e-06,", Number of training points (boundary):",0,", Number of training points (interior):",30000,", VRAM allocated:",0,", VRAM reserved:",0
52800,Training Loss:,0.000722631230019033,", Learning rate:",2.0832852056170076e-06,", Number of training points (boundary):",0,", Number of training points (interior):",30000,", VRAM allocated:",0,", VRAM reserved:",0
52900,Training Loss:,0.0007167907897382975,", Learning rate:",2.0832852056170076e-06,", Number of training points (boundary):",0,", Number of training points (interior):",30000,", VRAM allocated:",0,", VRAM reserved:",0
53000,Training Loss:,0.0007160630775615573,", Learning rate:",1.979120945336157e-06,", Number of training points (boundary):",0,", Number of training points (interior):",30000,", VRAM allocated:",0,", VRAM reserved:",0
53100,Training Loss:,0.0007130315061658621,", Learning rate:",1.979120945336157e-06,", Number of training points (boundary):",0,", Number of training points (interior):",30000,", VRAM allocated:",0,", VRAM reserved:",0
53200,Training Loss:,0.0007114431937225163,", Learning rate:",1.979120945336157e-06,", Number of training points (boundary):",0,", Number of training points (interior):",30000,", VRAM allocated:",0,", VRAM reserved:",0
53300,Training Loss:,0.0007155544008128345,", Learning rate:",1.979120945336157e-06,", Number of training points (boundary):",0,", Number of training points (interior):",30000,", VRAM allocated:",0,", VRAM reserved:",0
53400,Training Loss:,0.0007074173772707582,", Learning rate:",1.979120945336157e-06,", Number of training points (boundary):",0,", Number of training points (interior):",30000,", VRAM allocated:",0,", VRAM reserved:",0
53500,Training Loss:,0.0007060228381305933,", Learning rate:",1.979120945336157e-06,", Number of training points (boundary):",0,", Number of training points (interior):",30000,", VRAM allocated:",0,", VRAM reserved:",0
53600,Training Loss:,0.0007085028337314725,", Learning rate:",1.979120945336157e-06,", Number of training points (boundary):",0,", Number of training points (interior):",30000,", VRAM allocated:",0,", VRAM reserved:",0
53700,Training Loss:,0.0007018539472483099,", Learning rate:",1.979120945336157e-06,", Number of training points (boundary):",0,", Number of training points (interior):",30000,", VRAM allocated:",0,", VRAM reserved:",0
53800,Training Loss:,0.0007001593476161361,", Learning rate:",1.979120945336157e-06,", Number of training points (boundary):",0,", Number of training points (interior):",30000,", VRAM allocated:",0,", VRAM reserved:",0
53900,Training Loss:,0.000705924176145345,", Learning rate:",1.979120945336157e-06,", Number of training points (boundary):",0,", Number of training points (interior):",30000,", VRAM allocated:",0,", VRAM reserved:",0
54000,Training Loss:,0.0006995684234425426,", Learning rate:",1.8801648980693493e-06,", Number of training points (boundary):",0,", Number of training points (interior):",30000,", VRAM allocated:",0,", VRAM reserved:",0
54100,Training Loss:,0.0006944469641894102,", Learning rate:",1.8801648980693493e-06,", Number of training points (boundary):",0,", Number of training points (interior):",30000,", VRAM allocated:",0,", VRAM reserved:",0
54200,Training Loss:,0.0007025188533589244,", Learning rate:",1.8801648980693493e-06,", Number of training points (boundary):",0,", Number of training points (interior):",30000,", VRAM allocated:",0,", VRAM reserved:",0
54300,Training Loss:,0.0006923401961103082,", Learning rate:",1.8801648980693493e-06,", Number of training points (boundary):",0,", Number of training points (interior):",30000,", VRAM allocated:",0,", VRAM reserved:",0
54400,Training Loss:,0.0006895031547173858,", Learning rate:",1.8801648980693493e-06,", Number of training points (boundary):",0,", Number of training points (interior):",30000,", VRAM allocated:",0,", VRAM reserved:",0
54500,Training Loss:,0.0006961884209886193,", Learning rate:",1.8801648980693493e-06,", Number of training points (boundary):",0,", Number of training points (interior):",30000,", VRAM allocated:",0,", VRAM reserved:",0
54600,Training Loss:,0.0007186891161836684,", Learning rate:",1.8801648980693493e-06,", Number of training points (boundary):",0,", Number of training points (interior):",30000,", VRAM allocated:",0,", VRAM reserved:",0
54700,Training Loss:,0.000683607708197087,", Learning rate:",1.8801648980693493e-06,", Number of training points (boundary):",0,", Number of training points (interior):",30000,", VRAM allocated:",0,", VRAM reserved:",0
54800,Training Loss:,0.000681739707943052,", Learning rate:",1.8801648980693493e-06,", Number of training points (boundary):",0,", Number of training points (interior):",30000,", VRAM allocated:",0,", VRAM reserved:",0
54900,Training Loss:,0.0006799380644224584,", Learning rate:",1.8801648980693493e-06,", Number of training points (boundary):",0,", Number of training points (interior):",30000,", VRAM allocated:",0,", VRAM reserved:",0
55000,Training Loss:,0.0006785275763832033,", Learning rate:",1.7861566531658818e-06,", Number of training points (boundary):",0,", Number of training points (interior):",30000,", VRAM allocated:",0,", VRAM reserved:",0
55100,Training Loss:,0.0006764277350157499,", Learning rate:",1.7861566531658818e-06,", Number of training points (boundary):",0,", Number of training points (interior):",30000,", VRAM allocated:",0,", VRAM reserved:",0
55200,Training Loss:,0.000714352703653276,", Learning rate:",1.7861566531658818e-06,", Number of training points (boundary):",0,", Number of training points (interior):",30000,", VRAM allocated:",0,", VRAM reserved:",0
55300,Training Loss:,0.0006729062297381461,", Learning rate:",1.7861566531658818e-06,", Number of training points (boundary):",0,", Number of training points (interior):",30000,", VRAM allocated:",0,", VRAM reserved:",0
55400,Training Loss:,0.0006711879977956414,", Learning rate:",1.7861566531658818e-06,", Number of training points (boundary):",0,", Number of training points (interior):",30000,", VRAM allocated:",0,", VRAM reserved:",0
55500,Training Loss:,0.0006694296607747674,", Learning rate:",1.7861566531658818e-06,", Number of training points (boundary):",0,", Number of training points (interior):",30000,", VRAM allocated:",0,", VRAM reserved:",0
55600,Training Loss:,0.0006677827332168818,", Learning rate:",1.7861566531658818e-06,", Number of training points (boundary):",0,", Number of training points (interior):",30000,", VRAM allocated:",0,", VRAM reserved:",0
55700,Training Loss:,0.0006676206830888987,", Learning rate:",1.7861566531658818e-06,", Number of training points (boundary):",0,", Number of training points (interior):",30000,", VRAM allocated:",0,", VRAM reserved:",0
55800,Training Loss:,0.0006643013330176473,", Learning rate:",1.7861566531658818e-06,", Number of training points (boundary):",0,", Number of training points (interior):",30000,", VRAM allocated:",0,", VRAM reserved:",0
55900,Training Loss:,0.0006624850793741643,", Learning rate:",1.7861566531658818e-06,", Number of training points (boundary):",0,", Number of training points (interior):",30000,", VRAM allocated:",0,", VRAM reserved:",0
56000,Training Loss:,0.0006908558425493538,", Learning rate:",1.6968488205075877e-06,", Number of training points (boundary):",0,", Number of training points (interior):",30000,", VRAM allocated:",0,", VRAM reserved:",0
56100,Training Loss:,0.0006590887205675244,", Learning rate:",1.6968488205075877e-06,", Number of training points (boundary):",0,", Number of training points (interior):",30000,", VRAM allocated:",0,", VRAM reserved:",0
56200,Training Loss:,0.0006976352306082845,", Learning rate:",1.6968488205075877e-06,", Number of training points (boundary):",0,", Number of training points (interior):",30000,", VRAM allocated:",0,", VRAM reserved:",0
56300,Training Loss:,0.0006635317113250494,", Learning rate:",1.6968488205075877e-06,", Number of training points (boundary):",0,", Number of training points (interior):",30000,", VRAM allocated:",0,", VRAM reserved:",0
56400,Training Loss:,0.0006540008471347392,", Learning rate:",1.6968488205075877e-06,", Number of training points (boundary):",0,", Number of training points (interior):",30000,", VRAM allocated:",0,", VRAM reserved:",0
56500,Training Loss:,0.0006536458386108279,", Learning rate:",1.6968488205075877e-06,", Number of training points (boundary):",0,", Number of training points (interior):",30000,", VRAM allocated:",0,", VRAM reserved:",0
56600,Training Loss:,0.000659230281598866,", Learning rate:",1.6968488205075877e-06,", Number of training points (boundary):",0,", Number of training points (interior):",30000,", VRAM allocated:",0,", VRAM reserved:",0
56700,Training Loss:,0.0006548287929035723,", Learning rate:",1.6968488205075877e-06,", Number of training points (boundary):",0,", Number of training points (interior):",30000,", VRAM allocated:",0,", VRAM reserved:",0
56800,Training Loss:,0.0006472456734627485,", Learning rate:",1.6968488205075877e-06,", Number of training points (boundary):",0,", Number of training points (interior):",30000,", VRAM allocated:",0,", VRAM reserved:",0
56900,Training Loss:,0.0006455783732235432,", Learning rate:",1.6968488205075877e-06,", Number of training points (boundary):",0,", Number of training points (interior):",30000,", VRAM allocated:",0,", VRAM reserved:",0
57000,Training Loss:,0.0006439004209823906,", Learning rate:",1.6120063794822082e-06,", Number of training points (boundary):",0,", Number of training points (interior):",30000,", VRAM allocated:",0,", VRAM reserved:",0
57100,Training Loss:,0.0006422800943255424,", Learning rate:",1.6120063794822082e-06,", Number of training points (boundary):",0,", Number of training points (interior):",30000,", VRAM allocated:",0,", VRAM reserved:",0
57200,Training Loss:,0.0006423406885005534,", Learning rate:",1.6120063794822082e-06,", Number of training points (boundary):",0,", Number of training points (interior):",30000,", VRAM allocated:",0,", VRAM reserved:",0
57300,Training Loss:,0.0006390084745362401,", Learning rate:",1.6120063794822082e-06,", Number of training points (boundary):",0,", Number of training points (interior):",30000,", VRAM allocated:",0,", VRAM reserved:",0
57400,Training Loss:,0.0006373694632202387,", Learning rate:",1.6120063794822082e-06,", Number of training points (boundary):",0,", Number of training points (interior):",30000,", VRAM allocated:",0,", VRAM reserved:",0
57500,Training Loss:,0.0006363725988194346,", Learning rate:",1.6120063794822082e-06,", Number of training points (boundary):",0,", Number of training points (interior):",30000,", VRAM allocated:",0,", VRAM reserved:",0
57600,Training Loss:,0.0006350124604068696,", Learning rate:",1.6120063794822082e-06,", Number of training points (boundary):",0,", Number of training points (interior):",30000,", VRAM allocated:",0,", VRAM reserved:",0
57700,Training Loss:,0.0007010893314145505,", Learning rate:",1.6120063794822082e-06,", Number of training points (boundary):",0,", Number of training points (interior):",30000,", VRAM allocated:",0,", VRAM reserved:",0
57800,Training Loss:,0.0006308841984719038,", Learning rate:",1.6120063794822082e-06,", Number of training points (boundary):",0,", Number of training points (interior):",30000,", VRAM allocated:",0,", VRAM reserved:",0
57900,Training Loss:,0.0006292147445492446,", Learning rate:",1.6120063794822082e-06,", Number of training points (boundary):",0,", Number of training points (interior):",30000,", VRAM allocated:",0,", VRAM reserved:",0
58000,Training Loss:,0.0006283981492742896,", Learning rate:",1.5314060605080976e-06,", Number of training points (boundary):",0,", Number of training points (interior):",30000,", VRAM allocated:",0,", VRAM reserved:",0
58100,Training Loss:,0.0006260506925173104,", Learning rate:",1.5314060605080976e-06,", Number of training points (boundary):",0,", Number of training points (interior):",30000,", VRAM allocated:",0,", VRAM reserved:",0
58200,Training Loss:,0.0006293496699072421,", Learning rate:",1.5314060605080976e-06,", Number of training points (boundary):",0,", Number of training points (interior):",30000,", VRAM allocated:",0,", VRAM reserved:",0
58300,Training Loss:,0.0006353986100293696,", Learning rate:",1.5314060605080976e-06,", Number of training points (boundary):",0,", Number of training points (interior):",30000,", VRAM allocated:",0,", VRAM reserved:",0
58400,Training Loss:,0.0006212932639755309,", Learning rate:",1.5314060605080976e-06,", Number of training points (boundary):",0,", Number of training points (interior):",30000,", VRAM allocated:",0,", VRAM reserved:",0
58500,Training Loss:,0.0006206320249475539,", Learning rate:",1.5314060605080976e-06,", Number of training points (boundary):",0,", Number of training points (interior):",30000,", VRAM allocated:",0,", VRAM reserved:",0
58600,Training Loss:,0.0006192989530973136,", Learning rate:",1.5314060605080976e-06,", Number of training points (boundary):",0,", Number of training points (interior):",30000,", VRAM allocated:",0,", VRAM reserved:",0
58700,Training Loss:,0.0006296501960605383,", Learning rate:",1.5314060605080976e-06,", Number of training points (boundary):",0,", Number of training points (interior):",30000,", VRAM allocated:",0,", VRAM reserved:",0
58800,Training Loss:,0.0006149847758933902,", Learning rate:",1.5314060605080976e-06,", Number of training points (boundary):",0,", Number of training points (interior):",30000,", VRAM allocated:",0,", VRAM reserved:",0
58900,Training Loss:,0.0006134289433248341,", Learning rate:",1.5314060605080976e-06,", Number of training points (boundary):",0,", Number of training points (interior):",30000,", VRAM allocated:",0,", VRAM reserved:",0
59000,Training Loss:,0.0006120819016359746,", Learning rate:",1.4548357574826926e-06,", Number of training points (boundary):",0,", Number of training points (interior):",30000,", VRAM allocated:",0,", VRAM reserved:",0
59100,Training Loss:,0.0006103107589296997,", Learning rate:",1.4548357574826926e-06,", Number of training points (boundary):",0,", Number of training points (interior):",30000,", VRAM allocated:",0,", VRAM reserved:",0
59200,Training Loss:,0.0006096157012507319,", Learning rate:",1.4548357574826926e-06,", Number of training points (boundary):",0,", Number of training points (interior):",30000,", VRAM allocated:",0,", VRAM reserved:",0
59300,Training Loss:,0.0006084414781071246,", Learning rate:",1.4548357574826926e-06,", Number of training points (boundary):",0,", Number of training points (interior):",30000,", VRAM allocated:",0,", VRAM reserved:",0
59400,Training Loss:,0.0006058148574084044,", Learning rate:",1.4548357574826926e-06,", Number of training points (boundary):",0,", Number of training points (interior):",30000,", VRAM allocated:",0,", VRAM reserved:",0
59500,Training Loss:,0.0006041952292434871,", Learning rate:",1.4548357574826926e-06,", Number of training points (boundary):",0,", Number of training points (interior):",30000,", VRAM allocated:",0,", VRAM reserved:",0
59600,Training Loss:,0.0006056915153749287,", Learning rate:",1.4548357574826926e-06,", Number of training points (boundary):",0,", Number of training points (interior):",30000,", VRAM allocated:",0,", VRAM reserved:",0
59700,Training Loss:,0.0006011112127453089,", Learning rate:",1.4548357574826926e-06,", Number of training points (boundary):",0,", Number of training points (interior):",30000,", VRAM allocated:",0,", VRAM reserved:",0
59800,Training Loss:,0.0006006537587381899,", Learning rate:",1.4548357574826926e-06,", Number of training points (boundary):",0,", Number of training points (interior):",30000,", VRAM allocated:",0,", VRAM reserved:",0
59900,Training Loss:,0.0005981676513329148,", Learning rate:",1.4548357574826926e-06,", Number of training points (boundary):",0,", Number of training points (interior):",30000,", VRAM allocated:",0,", VRAM reserved:",0
60000,Training Loss:,0.0005965416203252971,", Learning rate:",1.382093969608558e-06,", Number of training points (boundary):",0,", Number of training points (interior):",30000,", VRAM allocated:",0,", VRAM reserved:",0
60100,Training Loss:,0.0005950573831796646,", Learning rate:",1.382093969608558e-06,", Number of training points (boundary):",0,", Number of training points (interior):",30000,", VRAM allocated:",0,", VRAM reserved:",0
60200,Training Loss:,0.0005946974270045757,", Learning rate:",1.382093969608558e-06,", Number of training points (boundary):",0,", Number of training points (interior):",30000,", VRAM allocated:",0,", VRAM reserved:",0
60300,Training Loss:,0.0005939045222476125,", Learning rate:",1.382093969608558e-06,", Number of training points (boundary):",0,", Number of training points (interior):",30000,", VRAM allocated:",0,", VRAM reserved:",0
60400,Training Loss:,0.0006153694121167064,", Learning rate:",1.382093969608558e-06,", Number of training points (boundary):",0,", Number of training points (interior):",30000,", VRAM allocated:",0,", VRAM reserved:",0
60500,Training Loss:,0.0005912742926739156,", Learning rate:",1.382093969608558e-06,", Number of training points (boundary):",0,", Number of training points (interior):",30000,", VRAM allocated:",0,", VRAM reserved:",0
60600,Training Loss:,0.0005880551179870963,", Learning rate:",1.382093969608558e-06,", Number of training points (boundary):",0,", Number of training points (interior):",30000,", VRAM allocated:",0,", VRAM reserved:",0
60700,Training Loss:,0.000586441601626575,", Learning rate:",1.382093969608558e-06,", Number of training points (boundary):",0,", Number of training points (interior):",30000,", VRAM allocated:",0,", VRAM reserved:",0
60800,Training Loss:,0.0005872781621292233,", Learning rate:",1.382093969608558e-06,", Number of training points (boundary):",0,", Number of training points (interior):",30000,", VRAM allocated:",0,", VRAM reserved:",0
60900,Training Loss:,0.0005917058442719281,", Learning rate:",1.382093969608558e-06,", Number of training points (boundary):",0,", Number of training points (interior):",30000,", VRAM allocated:",0,", VRAM reserved:",0
61000,Training Loss:,0.0005823957035318017,", Learning rate:",1.31298927112813e-06,", Number of training points (boundary):",0,", Number of training points (interior):",30000,", VRAM allocated:",0,", VRAM reserved:",0
61100,Training Loss:,0.0005802110536023974,", Learning rate:",1.31298927112813e-06,", Number of training points (boundary):",0,", Number of training points (interior):",30000,", VRAM allocated:",0,", VRAM reserved:",0
61200,Training Loss:,0.0005792652373202145,", Learning rate:",1.31298927112813e-06,", Number of training points (boundary):",0,", Number of training points (interior):",30000,", VRAM allocated:",0,", VRAM reserved:",0
61300,Training Loss:,0.0005775473546236753,", Learning rate:",1.31298927112813e-06,", Number of training points (boundary):",0,", Number of training points (interior):",30000,", VRAM allocated:",0,", VRAM reserved:",0
61400,Training Loss:,0.0005758969928137958,", Learning rate:",1.31298927112813e-06,", Number of training points (boundary):",0,", Number of training points (interior):",30000,", VRAM allocated:",0,", VRAM reserved:",0
61500,Training Loss:,0.0005744757363572717,", Learning rate:",1.31298927112813e-06,", Number of training points (boundary):",0,", Number of training points (interior):",30000,", VRAM allocated:",0,", VRAM reserved:",0
61600,Training Loss:,0.0005730898701585829,", Learning rate:",1.31298927112813e-06,", Number of training points (boundary):",0,", Number of training points (interior):",30000,", VRAM allocated:",0,", VRAM reserved:",0
61700,Training Loss:,0.0005817300407215953,", Learning rate:",1.31298927112813e-06,", Number of training points (boundary):",0,", Number of training points (interior):",30000,", VRAM allocated:",0,", VRAM reserved:",0
61800,Training Loss:,0.0005702298949472606,", Learning rate:",1.31298927112813e-06,", Number of training points (boundary):",0,", Number of training points (interior):",30000,", VRAM allocated:",0,", VRAM reserved:",0
61900,Training Loss:,0.0005765189998783171,", Learning rate:",1.31298927112813e-06,", Number of training points (boundary):",0,", Number of training points (interior):",30000,", VRAM allocated:",0,", VRAM reserved:",0
62000,Training Loss:,0.0005721219349652529,", Learning rate:",1.2473398075717233e-06,", Number of training points (boundary):",0,", Number of training points (interior):",30000,", VRAM allocated:",0,", VRAM reserved:",0
62100,Training Loss:,0.0005660269525833428,", Learning rate:",1.2473398075717233e-06,", Number of training points (boundary):",0,", Number of training points (interior):",30000,", VRAM allocated:",0,", VRAM reserved:",0
62200,Training Loss:,0.0005646702484227717,", Learning rate:",1.2473398075717233e-06,", Number of training points (boundary):",0,", Number of training points (interior):",30000,", VRAM allocated:",0,", VRAM reserved:",0
62300,Training Loss:,0.0005641294992528856,", Learning rate:",1.2473398075717233e-06,", Number of training points (boundary):",0,", Number of training points (interior):",30000,", VRAM allocated:",0,", VRAM reserved:",0
62400,Training Loss:,0.0005618487484753132,", Learning rate:",1.2473398075717233e-06,", Number of training points (boundary):",0,", Number of training points (interior):",30000,", VRAM allocated:",0,", VRAM reserved:",0
62500,Training Loss:,0.000561148626729846,", Learning rate:",1.2473398075717233e-06,", Number of training points (boundary):",0,", Number of training points (interior):",30000,", VRAM allocated:",0,", VRAM reserved:",0
62600,Training Loss:,0.000559100357349962,", Learning rate:",1.2473398075717233e-06,", Number of training points (boundary):",0,", Number of training points (interior):",30000,", VRAM allocated:",0,", VRAM reserved:",0
62700,Training Loss:,0.0005596302216872573,", Learning rate:",1.2473398075717233e-06,", Number of training points (boundary):",0,", Number of training points (interior):",30000,", VRAM allocated:",0,", VRAM reserved:",0
62800,Training Loss:,0.0005563601152971387,", Learning rate:",1.2473398075717233e-06,", Number of training points (boundary):",0,", Number of training points (interior):",30000,", VRAM allocated:",0,", VRAM reserved:",0
62900,Training Loss:,0.0005550216883420944,", Learning rate:",1.2473398075717233e-06,", Number of training points (boundary):",0,", Number of training points (interior):",30000,", VRAM allocated:",0,", VRAM reserved:",0
63000,Training Loss:,0.0005536784301511943,", Learning rate:",1.1849728171931371e-06,", Number of training points (boundary):",0,", Number of training points (interior):",30000,", VRAM allocated:",0,", VRAM reserved:",0
63100,Training Loss:,0.000552335986867547,", Learning rate:",1.1849728171931371e-06,", Number of training points (boundary):",0,", Number of training points (interior):",30000,", VRAM allocated:",0,", VRAM reserved:",0
63200,Training Loss:,0.0005549557972699404,", Learning rate:",1.1849728171931371e-06,", Number of training points (boundary):",0,", Number of training points (interior):",30000,", VRAM allocated:",0,", VRAM reserved:",0
63300,Training Loss:,0.0005496692610904574,", Learning rate:",1.1849728171931371e-06,", Number of training points (boundary):",0,", Number of training points (interior):",30000,", VRAM allocated:",0,", VRAM reserved:",0
63400,Training Loss:,0.0005483352579176426,", Learning rate:",1.1849728171931371e-06,", Number of training points (boundary):",0,", Number of training points (interior):",30000,", VRAM allocated:",0,", VRAM reserved:",0
63500,Training Loss:,0.0005470881005749106,", Learning rate:",1.1849728171931371e-06,", Number of training points (boundary):",0,", Number of training points (interior):",30000,", VRAM allocated:",0,", VRAM reserved:",0
63600,Training Loss:,0.0005457616061903536,", Learning rate:",1.1849728171931371e-06,", Number of training points (boundary):",0,", Number of training points (interior):",30000,", VRAM allocated:",0,", VRAM reserved:",0
63700,Training Loss:,0.0005444620619527996,", Learning rate:",1.1849728171931371e-06,", Number of training points (boundary):",0,", Number of training points (interior):",30000,", VRAM allocated:",0,", VRAM reserved:",0
63800,Training Loss:,0.0005434132763184607,", Learning rate:",1.1849728171931371e-06,", Number of training points (boundary):",0,", Number of training points (interior):",30000,", VRAM allocated:",0,", VRAM reserved:",0
63900,Training Loss:,0.0005518817342817783,", Learning rate:",1.1849728171931371e-06,", Number of training points (boundary):",0,", Number of training points (interior):",30000,", VRAM allocated:",0,", VRAM reserved:",0
64000,Training Loss:,0.0005425799172371626,", Learning rate:",1.1257241763334802e-06,", Number of training points (boundary):",0,", Number of training points (interior):",30000,", VRAM allocated:",0,", VRAM reserved:",0
64100,Training Loss:,0.0005391192971728742,", Learning rate:",1.1257241763334802e-06,", Number of training points (boundary):",0,", Number of training points (interior):",30000,", VRAM allocated:",0,", VRAM reserved:",0
64200,Training Loss:,0.0005400997470133007,", Learning rate:",1.1257241763334802e-06,", Number of training points (boundary):",0,", Number of training points (interior):",30000,", VRAM allocated:",0,", VRAM reserved:",0
64300,Training Loss:,0.0005365655524656177,", Learning rate:",1.1257241763334802e-06,", Number of training points (boundary):",0,", Number of training points (interior):",30000,", VRAM allocated:",0,", VRAM reserved:",0
64400,Training Loss:,0.0005353312008082867,", Learning rate:",1.1257241763334802e-06,", Number of training points (boundary):",0,", Number of training points (interior):",30000,", VRAM allocated:",0,", VRAM reserved:",0
64500,Training Loss:,0.0005340391653589904,", Learning rate:",1.1257241763334802e-06,", Number of training points (boundary):",0,", Number of training points (interior):",30000,", VRAM allocated:",0,", VRAM reserved:",0
64600,Training Loss:,0.0005375538603402674,", Learning rate:",1.1257241763334802e-06,", Number of training points (boundary):",0,", Number of training points (interior):",30000,", VRAM allocated:",0,", VRAM reserved:",0
64700,Training Loss:,0.0005351104773581028,", Learning rate:",1.1257241763334802e-06,", Number of training points (boundary):",0,", Number of training points (interior):",30000,", VRAM allocated:",0,", VRAM reserved:",0
64800,Training Loss:,0.0005302857607603073,", Learning rate:",1.1257241763334802e-06,", Number of training points (boundary):",0,", Number of training points (interior):",30000,", VRAM allocated:",0,", VRAM reserved:",0
64900,Training Loss:,0.0005767254624515772,", Learning rate:",1.1257241763334802e-06,", Number of training points (boundary):",0,", Number of training points (interior):",30000,", VRAM allocated:",0,", VRAM reserved:",0
65000,Training Loss:,0.0005279577453620732,", Learning rate:",1.0694379675168062e-06,", Number of training points (boundary):",0,", Number of training points (interior):",30000,", VRAM allocated:",0,", VRAM reserved:",0
65100,Training Loss:,0.0005264276405796409,", Learning rate:",1.0694379675168062e-06,", Number of training points (boundary):",0,", Number of training points (interior):",30000,", VRAM allocated:",0,", VRAM reserved:",0
65200,Training Loss:,0.0005333317094482481,", Learning rate:",1.0694379675168062e-06,", Number of training points (boundary):",0,", Number of training points (interior):",30000,", VRAM allocated:",0,", VRAM reserved:",0
65300,Training Loss:,0.000523944036103785,", Learning rate:",1.0694379675168062e-06,", Number of training points (boundary):",0,", Number of training points (interior):",30000,", VRAM allocated:",0,", VRAM reserved:",0
65400,Training Loss:,0.0005280421464703977,", Learning rate:",1.0694379675168062e-06,", Number of training points (boundary):",0,", Number of training points (interior):",30000,", VRAM allocated:",0,", VRAM reserved:",0
65500,Training Loss:,0.000521595764439553,", Learning rate:",1.0694379675168062e-06,", Number of training points (boundary):",0,", Number of training points (interior):",30000,", VRAM allocated:",0,", VRAM reserved:",0
65600,Training Loss:,0.000520218804012984,", Learning rate:",1.0694379675168062e-06,", Number of training points (boundary):",0,", Number of training points (interior):",30000,", VRAM allocated:",0,", VRAM reserved:",0
65700,Training Loss:,0.0005194377154111862,", Learning rate:",1.0694379675168062e-06,", Number of training points (boundary):",0,", Number of training points (interior):",30000,", VRAM allocated:",0,", VRAM reserved:",0
65800,Training Loss:,0.0005177679704502225,", Learning rate:",1.0694379675168062e-06,", Number of training points (boundary):",0,", Number of training points (interior):",30000,", VRAM allocated:",0,", VRAM reserved:",0
65900,Training Loss:,0.0005165855400264263,", Learning rate:",1.0694379675168062e-06,", Number of training points (boundary):",0,", Number of training points (interior):",30000,", VRAM allocated:",0,", VRAM reserved:",0
66000,Training Loss:,0.0005219887243583798,", Learning rate:",1.015966069140966e-06,", Number of training points (boundary):",0,", Number of training points (interior):",30000,", VRAM allocated:",0,", VRAM reserved:",0
66100,Training Loss:,0.0005141662550158799,", Learning rate:",1.015966069140966e-06,", Number of training points (boundary):",0,", Number of training points (interior):",30000,", VRAM allocated:",0,", VRAM reserved:",0
66200,Training Loss:,0.0005130479112267494,", Learning rate:",1.015966069140966e-06,", Number of training points (boundary):",0,", Number of training points (interior):",30000,", VRAM allocated:",0,", VRAM reserved:",0
66300,Training Loss:,0.000516440428327769,", Learning rate:",1.015966069140966e-06,", Number of training points (boundary):",0,", Number of training points (interior):",30000,", VRAM allocated:",0,", VRAM reserved:",0
66400,Training Loss:,0.0005164855974726379,", Learning rate:",1.015966069140966e-06,", Number of training points (boundary):",0,", Number of training points (interior):",30000,", VRAM allocated:",0,", VRAM reserved:",0
66500,Training Loss:,0.0005094244261272252,", Learning rate:",1.015966069140966e-06,", Number of training points (boundary):",0,", Number of training points (interior):",30000,", VRAM allocated:",0,", VRAM reserved:",0
66600,Training Loss:,0.000508272903971374,", Learning rate:",1.015966069140966e-06,", Number of training points (boundary):",0,", Number of training points (interior):",30000,", VRAM allocated:",0,", VRAM reserved:",0
66700,Training Loss:,0.0005288197426125407,", Learning rate:",1.015966069140966e-06,", Number of training points (boundary):",0,", Number of training points (interior):",30000,", VRAM allocated:",0,", VRAM reserved:",0
66800,Training Loss:,0.0005062191630713642,", Learning rate:",1.015966069140966e-06,", Number of training points (boundary):",0,", Number of training points (interior):",30000,", VRAM allocated:",0,", VRAM reserved:",0
66900,Training Loss:,0.0005047487211413682,", Learning rate:",1.015966069140966e-06,", Number of training points (boundary):",0,", Number of training points (interior):",30000,", VRAM allocated:",0,", VRAM reserved:",0
67000,Training Loss:,0.0005036031943745911,", Learning rate:",9.651677656839176e-07,", Number of training points (boundary):",0,", Number of training points (interior):",30000,", VRAM allocated:",0,", VRAM reserved:",0
67100,Training Loss:,0.0005024659913033247,", Learning rate:",9.651677656839176e-07,", Number of training points (boundary):",0,", Number of training points (interior):",30000,", VRAM allocated:",0,", VRAM reserved:",0
67200,Training Loss:,0.0005026758299209177,", Learning rate:",9.651677656839176e-07,", Number of training points (boundary):",0,", Number of training points (interior):",30000,", VRAM allocated:",0,", VRAM reserved:",0
67300,Training Loss:,0.0005007606232538819,", Learning rate:",9.651677656839176e-07,", Number of training points (boundary):",0,", Number of training points (interior):",30000,", VRAM allocated:",0,", VRAM reserved:",0
67400,Training Loss:,0.0005027730949223042,", Learning rate:",9.651677656839176e-07,", Number of training points (boundary):",0,", Number of training points (interior):",30000,", VRAM allocated:",0,", VRAM reserved:",0
67500,Training Loss:,0.0004979973891749978,", Learning rate:",9.651677656839176e-07,", Number of training points (boundary):",0,", Number of training points (interior):",30000,", VRAM allocated:",0,", VRAM reserved:",0
67600,Training Loss:,0.0004977960488758981,", Learning rate:",9.651677656839176e-07,", Number of training points (boundary):",0,", Number of training points (interior):",30000,", VRAM allocated:",0,", VRAM reserved:",0
67700,Training Loss:,0.0004956353222951293,", Learning rate:",9.651677656839176e-07,", Number of training points (boundary):",0,", Number of training points (interior):",30000,", VRAM allocated:",0,", VRAM reserved:",0
67800,Training Loss:,0.0004945928230881691,", Learning rate:",9.651677656839176e-07,", Number of training points (boundary):",0,", Number of training points (interior):",30000,", VRAM allocated:",0,", VRAM reserved:",0
67900,Training Loss:,0.0004935034085065126,", Learning rate:",9.651677656839176e-07,", Number of training points (boundary):",0,", Number of training points (interior):",30000,", VRAM allocated:",0,", VRAM reserved:",0
68000,Training Loss:,0.0004984220722690225,", Learning rate:",9.169093773997217e-07,", Number of training points (boundary):",0,", Number of training points (interior):",30000,", VRAM allocated:",0,", VRAM reserved:",0
68100,Training Loss:,0.0004912076401524246,", Learning rate:",9.169093773997217e-07,", Number of training points (boundary):",0,", Number of training points (interior):",30000,", VRAM allocated:",0,", VRAM reserved:",0
68200,Training Loss:,0.0005129687488079071,", Learning rate:",9.169093773997217e-07,", Number of training points (boundary):",0,", Number of training points (interior):",30000,", VRAM allocated:",0,", VRAM reserved:",0
68300,Training Loss:,0.0004890268319286406,", Learning rate:",9.169093773997217e-07,", Number of training points (boundary):",0,", Number of training points (interior):",30000,", VRAM allocated:",0,", VRAM reserved:",0
68400,Training Loss:,0.0004879363696090877,", Learning rate:",9.169093773997217e-07,", Number of training points (boundary):",0,", Number of training points (interior):",30000,", VRAM allocated:",0,", VRAM reserved:",0
68500,Training Loss:,0.0004874760052189231,", Learning rate:",9.169093773997217e-07,", Number of training points (boundary):",0,", Number of training points (interior):",30000,", VRAM allocated:",0,", VRAM reserved:",0
68600,Training Loss:,0.00048579080612398684,", Learning rate:",9.169093773997217e-07,", Number of training points (boundary):",0,", Number of training points (interior):",30000,", VRAM allocated:",0,", VRAM reserved:",0
68700,Training Loss:,0.0004847900418099016,", Learning rate:",9.169093773997217e-07,", Number of training points (boundary):",0,", Number of training points (interior):",30000,", VRAM allocated:",0,", VRAM reserved:",0
68800,Training Loss:,0.00048490805784240365,", Learning rate:",9.169093773997217e-07,", Number of training points (boundary):",0,", Number of training points (interior):",30000,", VRAM allocated:",0,", VRAM reserved:",0
68900,Training Loss:,0.00048282439820468426,", Learning rate:",9.169093773997217e-07,", Number of training points (boundary):",0,", Number of training points (interior):",30000,", VRAM allocated:",0,", VRAM reserved:",0
69000,Training Loss:,0.0004855203442275524,", Learning rate:",8.710639085297356e-07,", Number of training points (boundary):",0,", Number of training points (interior):",30000,", VRAM allocated:",0,", VRAM reserved:",0
69100,Training Loss:,0.0004803698684554547,", Learning rate:",8.710639085297356e-07,", Number of training points (boundary):",0,", Number of training points (interior):",30000,", VRAM allocated:",0,", VRAM reserved:",0
69200,Training Loss:,0.00048113250522874296,", Learning rate:",8.710639085297356e-07,", Number of training points (boundary):",0,", Number of training points (interior):",30000,", VRAM allocated:",0,", VRAM reserved:",0
69300,Training Loss:,0.00047825771616771817,", Learning rate:",8.710639085297356e-07,", Number of training points (boundary):",0,", Number of training points (interior):",30000,", VRAM allocated:",0,", VRAM reserved:",0
69400,Training Loss:,0.0004783960757777095,", Learning rate:",8.710639085297356e-07,", Number of training points (boundary):",0,", Number of training points (interior):",30000,", VRAM allocated:",0,", VRAM reserved:",0
69500,Training Loss:,0.0004763110773637891,", Learning rate:",8.710639085297356e-07,", Number of training points (boundary):",0,", Number of training points (interior):",30000,", VRAM allocated:",0,", VRAM reserved:",0
69600,Training Loss:,0.00047634035581722856,", Learning rate:",8.710639085297356e-07,", Number of training points (boundary):",0,", Number of training points (interior):",30000,", VRAM allocated:",0,", VRAM reserved:",0
69700,Training Loss:,0.00047429389087483287,", Learning rate:",8.710639085297356e-07,", Number of training points (boundary):",0,", Number of training points (interior):",30000,", VRAM allocated:",0,", VRAM reserved:",0
69800,Training Loss:,0.00047590266331098974,", Learning rate:",8.710639085297356e-07,", Number of training points (boundary):",0,", Number of training points (interior):",30000,", VRAM allocated:",0,", VRAM reserved:",0
69900,Training Loss:,0.0004734394315164536,", Learning rate:",8.710639085297356e-07,", Number of training points (boundary):",0,", Number of training points (interior):",30000,", VRAM allocated:",0,", VRAM reserved:",0
70000,Training Loss:,0.0004712147347163409,", Learning rate:",8.275107131032488e-07,", Number of training points (boundary):",0,", Number of training points (interior):",30000,", VRAM allocated:",0,", VRAM reserved:",0
70100,Training Loss:,0.0004699251730926335,", Learning rate:",8.275107131032488e-07,", Number of training points (boundary):",0,", Number of training points (interior):",30000,", VRAM allocated:",0,", VRAM reserved:",0
70200,Training Loss:,0.00046890313387848437,", Learning rate:",8.275107131032488e-07,", Number of training points (boundary):",0,", Number of training points (interior):",30000,", VRAM allocated:",0,", VRAM reserved:",0
70300,Training Loss:,0.0004763420147355646,", Learning rate:",8.275107131032488e-07,", Number of training points (boundary):",0,", Number of training points (interior):",30000,", VRAM allocated:",0,", VRAM reserved:",0
70400,Training Loss:,0.0004669076588470489,", Learning rate:",8.275107131032488e-07,", Number of training points (boundary):",0,", Number of training points (interior):",30000,", VRAM allocated:",0,", VRAM reserved:",0
70500,Training Loss:,0.0004683745210058987,", Learning rate:",8.275107131032488e-07,", Number of training points (boundary):",0,", Number of training points (interior):",30000,", VRAM allocated:",0,", VRAM reserved:",0
70600,Training Loss:,0.00046494402340613306,", Learning rate:",8.275107131032488e-07,", Number of training points (boundary):",0,", Number of training points (interior):",30000,", VRAM allocated:",0,", VRAM reserved:",0
70700,Training Loss:,0.00046402684529311955,", Learning rate:",8.275107131032488e-07,", Number of training points (boundary):",0,", Number of training points (interior):",30000,", VRAM allocated:",0,", VRAM reserved:",0
70800,Training Loss:,0.0004636362718883902,", Learning rate:",8.275107131032488e-07,", Number of training points (boundary):",0,", Number of training points (interior):",30000,", VRAM allocated:",0,", VRAM reserved:",0
70900,Training Loss:,0.00046866736374795437,", Learning rate:",8.275107131032488e-07,", Number of training points (boundary):",0,", Number of training points (interior):",30000,", VRAM allocated:",0,", VRAM reserved:",0
71000,Training Loss:,0.00046229135477915406,", Learning rate:",7.861351774480864e-07,", Number of training points (boundary):",0,", Number of training points (interior):",30000,", VRAM allocated:",0,", VRAM reserved:",0
71100,Training Loss:,0.0004598194791469723,", Learning rate:",7.861351774480864e-07,", Number of training points (boundary):",0,", Number of training points (interior):",30000,", VRAM allocated:",0,", VRAM reserved:",0
71200,Training Loss:,0.00045917523675598204,", Learning rate:",7.861351774480864e-07,", Number of training points (boundary):",0,", Number of training points (interior):",30000,", VRAM allocated:",0,", VRAM reserved:",0
71300,Training Loss:,0.0004582388501148671,", Learning rate:",7.861351774480864e-07,", Number of training points (boundary):",0,", Number of training points (interior):",30000,", VRAM allocated:",0,", VRAM reserved:",0
71400,Training Loss:,0.00046532193664461374,", Learning rate:",7.861351774480864e-07,", Number of training points (boundary):",0,", Number of training points (interior):",30000,", VRAM allocated:",0,", VRAM reserved:",0
71500,Training Loss:,0.00045670589315705,", Learning rate:",7.861351774480864e-07,", Number of training points (boundary):",0,", Number of training points (interior):",30000,", VRAM allocated:",0,", VRAM reserved:",0
71600,Training Loss:,0.00045493035577237606,", Learning rate:",7.861351774480864e-07,", Number of training points (boundary):",0,", Number of training points (interior):",30000,", VRAM allocated:",0,", VRAM reserved:",0
71700,Training Loss:,0.0004540472000371665,", Learning rate:",7.861351774480864e-07,", Number of training points (boundary):",0,", Number of training points (interior):",30000,", VRAM allocated:",0,", VRAM reserved:",0
71800,Training Loss:,0.00045750464778393507,", Learning rate:",7.861351774480864e-07,", Number of training points (boundary):",0,", Number of training points (interior):",30000,", VRAM allocated:",0,", VRAM reserved:",0
71900,Training Loss:,0.00045205108472146094,", Learning rate:",7.861351774480864e-07,", Number of training points (boundary):",0,", Number of training points (interior):",30000,", VRAM allocated:",0,", VRAM reserved:",0
72000,Training Loss:,0.00045109784696251154,", Learning rate:",7.46828418575682e-07,", Number of training points (boundary):",0,", Number of training points (interior):",30000,", VRAM allocated:",0,", VRAM reserved:",0
72100,Training Loss:,0.00045014420174993575,", Learning rate:",7.46828418575682e-07,", Number of training points (boundary):",0,", Number of training points (interior):",30000,", VRAM allocated:",0,", VRAM reserved:",0
72200,Training Loss:,0.00044937318307347596,", Learning rate:",7.46828418575682e-07,", Number of training points (boundary):",0,", Number of training points (interior):",30000,", VRAM allocated:",0,", VRAM reserved:",0
72300,Training Loss:,0.0004493897140491754,", Learning rate:",7.46828418575682e-07,", Number of training points (boundary):",0,", Number of training points (interior):",30000,", VRAM allocated:",0,", VRAM reserved:",0
72400,Training Loss:,0.0004473466833587736,", Learning rate:",7.46828418575682e-07,", Number of training points (boundary):",0,", Number of training points (interior):",30000,", VRAM allocated:",0,", VRAM reserved:",0
72500,Training Loss:,0.00044642426655627787,", Learning rate:",7.46828418575682e-07,", Number of training points (boundary):",0,", Number of training points (interior):",30000,", VRAM allocated:",0,", VRAM reserved:",0
72600,Training Loss:,0.00044546302524395287,", Learning rate:",7.46828418575682e-07,", Number of training points (boundary):",0,", Number of training points (interior):",30000,", VRAM allocated:",0,", VRAM reserved:",0
72700,Training Loss:,0.00044452602742239833,", Learning rate:",7.46828418575682e-07,", Number of training points (boundary):",0,", Number of training points (interior):",30000,", VRAM allocated:",0,", VRAM reserved:",0
72800,Training Loss:,0.00044362558401189744,", Learning rate:",7.46828418575682e-07,", Number of training points (boundary):",0,", Number of training points (interior):",30000,", VRAM allocated:",0,", VRAM reserved:",0
72900,Training Loss:,0.00044299245928414166,", Learning rate:",7.46828418575682e-07,", Number of training points (boundary):",0,", Number of training points (interior):",30000,", VRAM allocated:",0,", VRAM reserved:",0
73000,Training Loss:,0.00044189198524691164,", Learning rate:",7.094869976468978e-07,", Number of training points (boundary):",0,", Number of training points (interior):",30000,", VRAM allocated:",0,", VRAM reserved:",0
73100,Training Loss:,0.00044088566210120916,", Learning rate:",7.094869976468978e-07,", Number of training points (boundary):",0,", Number of training points (interior):",30000,", VRAM allocated:",0,", VRAM reserved:",0
73200,Training Loss:,0.00044313265243545175,", Learning rate:",7.094869976468978e-07,", Number of training points (boundary):",0,", Number of training points (interior):",30000,", VRAM allocated:",0,", VRAM reserved:",0
73300,Training Loss:,0.0004414543218445033,", Learning rate:",7.094869976468978e-07,", Number of training points (boundary):",0,", Number of training points (interior):",30000,", VRAM allocated:",0,", VRAM reserved:",0
73400,Training Loss:,0.00043825863394886255,", Learning rate:",7.094869976468978e-07,", Number of training points (boundary):",0,", Number of training points (interior):",30000,", VRAM allocated:",0,", VRAM reserved:",0
73500,Training Loss:,0.0004453245783224702,", Learning rate:",7.094869976468978e-07,", Number of training points (boundary):",0,", Number of training points (interior):",30000,", VRAM allocated:",0,", VRAM reserved:",0
73600,Training Loss:,0.0004364268679637462,", Learning rate:",7.094869976468978e-07,", Number of training points (boundary):",0,", Number of training points (interior):",30000,", VRAM allocated:",0,", VRAM reserved:",0
73700,Training Loss:,0.00043615768663585186,", Learning rate:",7.094869976468978e-07,", Number of training points (boundary):",0,", Number of training points (interior):",30000,", VRAM allocated:",0,", VRAM reserved:",0
73800,Training Loss:,0.00043460162123665214,", Learning rate:",7.094869976468978e-07,", Number of training points (boundary):",0,", Number of training points (interior):",30000,", VRAM allocated:",0,", VRAM reserved:",0
73900,Training Loss:,0.0004338514991104603,", Learning rate:",7.094869976468978e-07,", Number of training points (boundary):",0,", Number of training points (interior):",30000,", VRAM allocated:",0,", VRAM reserved:",0
74000,Training Loss:,0.0004328374925535172,", Learning rate:",6.740126477645529e-07,", Number of training points (boundary):",0,", Number of training points (interior):",30000,", VRAM allocated:",0,", VRAM reserved:",0
74100,Training Loss:,0.00043197631021030247,", Learning rate:",6.740126477645529e-07,", Number of training points (boundary):",0,", Number of training points (interior):",30000,", VRAM allocated:",0,", VRAM reserved:",0
74200,Training Loss:,0.0004311359371058643,", Learning rate:",6.740126477645529e-07,", Number of training points (boundary):",0,", Number of training points (interior):",30000,", VRAM allocated:",0,", VRAM reserved:",0
74300,Training Loss:,0.000430261658038944,", Learning rate:",6.740126477645529e-07,", Number of training points (boundary):",0,", Number of training points (interior):",30000,", VRAM allocated:",0,", VRAM reserved:",0
74400,Training Loss:,0.0004293680831324309,", Learning rate:",6.740126477645529e-07,", Number of training points (boundary):",0,", Number of training points (interior):",30000,", VRAM allocated:",0,", VRAM reserved:",0
74500,Training Loss:,0.0004285144677851349,", Learning rate:",6.740126477645529e-07,", Number of training points (boundary):",0,", Number of training points (interior):",30000,", VRAM allocated:",0,", VRAM reserved:",0
74600,Training Loss:,0.0004276418185327202,", Learning rate:",6.740126477645529e-07,", Number of training points (boundary):",0,", Number of training points (interior):",30000,", VRAM allocated:",0,", VRAM reserved:",0
74700,Training Loss:,0.0004267845069989562,", Learning rate:",6.740126477645529e-07,", Number of training points (boundary):",0,", Number of training points (interior):",30000,", VRAM allocated:",0,", VRAM reserved:",0
74800,Training Loss:,0.00042592824320308864,", Learning rate:",6.740126477645529e-07,", Number of training points (boundary):",0,", Number of training points (interior):",30000,", VRAM allocated:",0,", VRAM reserved:",0
74900,Training Loss:,0.0004250826605129987,", Learning rate:",6.740126477645529e-07,", Number of training points (boundary):",0,", Number of training points (interior):",30000,", VRAM allocated:",0,", VRAM reserved:",0
75000,Training Loss:,0.00042447101441212,", Learning rate:",6.403120153763252e-07,", Number of training points (boundary):",0,", Number of training points (interior):",30000,", VRAM allocated:",0,", VRAM reserved:",0
75100,Training Loss:,0.00042340418440289795,", Learning rate:",6.403120153763252e-07,", Number of training points (boundary):",0,", Number of training points (interior):",30000,", VRAM allocated:",0,", VRAM reserved:",0
75200,Training Loss:,0.00042258339817635715,", Learning rate:",6.403120153763252e-07,", Number of training points (boundary):",0,", Number of training points (interior):",30000,", VRAM allocated:",0,", VRAM reserved:",0
75300,Training Loss:,0.0004217593523208052,", Learning rate:",6.403120153763252e-07,", Number of training points (boundary):",0,", Number of training points (interior):",30000,", VRAM allocated:",0,", VRAM reserved:",0
75400,Training Loss:,0.00042474493966437876,", Learning rate:",6.403120153763252e-07,", Number of training points (boundary):",0,", Number of training points (interior):",30000,", VRAM allocated:",0,", VRAM reserved:",0
75500,Training Loss:,0.0004200803814455867,", Learning rate:",6.403120153763252e-07,", Number of training points (boundary):",0,", Number of training points (interior):",30000,", VRAM allocated:",0,", VRAM reserved:",0
75600,Training Loss:,0.00041932170279324055,", Learning rate:",6.403120153763252e-07,", Number of training points (boundary):",0,", Number of training points (interior):",30000,", VRAM allocated:",0,", VRAM reserved:",0
75700,Training Loss:,0.0004184282151982188,", Learning rate:",6.403120153763252e-07,", Number of training points (boundary):",0,", Number of training points (interior):",30000,", VRAM allocated:",0,", VRAM reserved:",0
75800,Training Loss:,0.00041763318586163223,", Learning rate:",6.403120153763252e-07,", Number of training points (boundary):",0,", Number of training points (interior):",30000,", VRAM allocated:",0,", VRAM reserved:",0
75900,Training Loss:,0.0004167993611190468,", Learning rate:",6.403120153763252e-07,", Number of training points (boundary):",0,", Number of training points (interior):",30000,", VRAM allocated:",0,", VRAM reserved:",0
76000,Training Loss:,0.0004159983363933861,", Learning rate:",6.082964146075089e-07,", Number of training points (boundary):",0,", Number of training points (interior):",30000,", VRAM allocated:",0,", VRAM reserved:",0
76100,Training Loss:,0.0004151973407715559,", Learning rate:",6.082964146075089e-07,", Number of training points (boundary):",0,", Number of training points (interior):",30000,", VRAM allocated:",0,", VRAM reserved:",0
76200,Training Loss:,0.0004151153261773288,", Learning rate:",6.082964146075089e-07,", Number of training points (boundary):",0,", Number of training points (interior):",30000,", VRAM allocated:",0,", VRAM reserved:",0
76300,Training Loss:,0.0004137496289331466,", Learning rate:",6.082964146075089e-07,", Number of training points (boundary):",0,", Number of training points (interior):",30000,", VRAM allocated:",0,", VRAM reserved:",0
76400,Training Loss:,0.0004131689784117043,", Learning rate:",6.082964146075089e-07,", Number of training points (boundary):",0,", Number of training points (interior):",30000,", VRAM allocated:",0,", VRAM reserved:",0
76500,Training Loss:,0.0004163341363891959,", Learning rate:",6.082964146075089e-07,", Number of training points (boundary):",0,", Number of training points (interior):",30000,", VRAM allocated:",0,", VRAM reserved:",0
76600,Training Loss:,0.00041463636443950236,", Learning rate:",6.082964146075089e-07,", Number of training points (boundary):",0,", Number of training points (interior):",30000,", VRAM allocated:",0,", VRAM reserved:",0
76700,Training Loss:,0.00041080915252678096,", Learning rate:",6.082964146075089e-07,", Number of training points (boundary):",0,", Number of training points (interior):",30000,", VRAM allocated:",0,", VRAM reserved:",0
76800,Training Loss:,0.000409617816330865,", Learning rate:",6.082964146075089e-07,", Number of training points (boundary):",0,", Number of training points (interior):",30000,", VRAM allocated:",0,", VRAM reserved:",0
76900,Training Loss:,0.00040886501665227115,", Learning rate:",6.082964146075089e-07,", Number of training points (boundary):",0,", Number of training points (interior):",30000,", VRAM allocated:",0,", VRAM reserved:",0
77000,Training Loss:,0.00040812650695443153,", Learning rate:",5.778815938771335e-07,", Number of training points (boundary):",0,", Number of training points (interior):",30000,", VRAM allocated:",0,", VRAM reserved:",0
77100,Training Loss:,0.00040729198371991515,", Learning rate:",5.778815938771335e-07,", Number of training points (boundary):",0,", Number of training points (interior):",30000,", VRAM allocated:",0,", VRAM reserved:",0
77200,Training Loss:,0.00040653158794157207,", Learning rate:",5.778815938771335e-07,", Number of training points (boundary):",0,", Number of training points (interior):",30000,", VRAM allocated:",0,", VRAM reserved:",0
77300,Training Loss:,0.0004057693004142493,", Learning rate:",5.778815938771335e-07,", Number of training points (boundary):",0,", Number of training points (interior):",30000,", VRAM allocated:",0,", VRAM reserved:",0
77400,Training Loss:,0.00040500311297364533,", Learning rate:",5.778815938771335e-07,", Number of training points (boundary):",0,", Number of training points (interior):",30000,", VRAM allocated:",0,", VRAM reserved:",0
77500,Training Loss:,0.0004085573018528521,", Learning rate:",5.778815938771335e-07,", Number of training points (boundary):",0,", Number of training points (interior):",30000,", VRAM allocated:",0,", VRAM reserved:",0
77600,Training Loss:,0.0004034780722577125,", Learning rate:",5.778815938771335e-07,", Number of training points (boundary):",0,", Number of training points (interior):",30000,", VRAM allocated:",0,", VRAM reserved:",0
77700,Training Loss:,0.0004027213726658374,", Learning rate:",5.778815938771335e-07,", Number of training points (boundary):",0,", Number of training points (interior):",30000,", VRAM allocated:",0,", VRAM reserved:",0
77800,Training Loss:,0.000402065779780969,", Learning rate:",5.778815938771335e-07,", Number of training points (boundary):",0,", Number of training points (interior):",30000,", VRAM allocated:",0,", VRAM reserved:",0
77900,Training Loss:,0.0004011821292806417,", Learning rate:",5.778815938771335e-07,", Number of training points (boundary):",0,", Number of training points (interior):",30000,", VRAM allocated:",0,", VRAM reserved:",0
78000,Training Loss:,0.00040056134457699955,", Learning rate:",5.489875141832767e-07,", Number of training points (boundary):",0,", Number of training points (interior):",30000,", VRAM allocated:",0,", VRAM reserved:",0
78100,Training Loss:,0.00039967018528841436,", Learning rate:",5.489875141832767e-07,", Number of training points (boundary):",0,", Number of training points (interior):",30000,", VRAM allocated:",0,", VRAM reserved:",0
78200,Training Loss:,0.0003990605182480067,", Learning rate:",5.489875141832767e-07,", Number of training points (boundary):",0,", Number of training points (interior):",30000,", VRAM allocated:",0,", VRAM reserved:",0
78300,Training Loss:,0.00040648627327755094,", Learning rate:",5.489875141832767e-07,", Number of training points (boundary):",0,", Number of training points (interior):",30000,", VRAM allocated:",0,", VRAM reserved:",0
78400,Training Loss:,0.00039762561209499836,", Learning rate:",5.489875141832767e-07,", Number of training points (boundary):",0,", Number of training points (interior):",30000,", VRAM allocated:",0,", VRAM reserved:",0
78500,Training Loss:,0.0003973345155827701,", Learning rate:",5.489875141832767e-07,", Number of training points (boundary):",0,", Number of training points (interior):",30000,", VRAM allocated:",0,", VRAM reserved:",0
78600,Training Loss:,0.00039629999082535505,", Learning rate:",5.489875141832767e-07,", Number of training points (boundary):",0,", Number of training points (interior):",30000,", VRAM allocated:",0,", VRAM reserved:",0
78700,Training Loss:,0.0003952841507270932,", Learning rate:",5.489875141832767e-07,", Number of training points (boundary):",0,", Number of training points (interior):",30000,", VRAM allocated:",0,", VRAM reserved:",0
78800,Training Loss:,0.00039576934068463743,", Learning rate:",5.489875141832767e-07,", Number of training points (boundary):",0,", Number of training points (interior):",30000,", VRAM allocated:",0,", VRAM reserved:",0
78900,Training Loss:,0.00039396568899974227,", Learning rate:",5.489875141832767e-07,", Number of training points (boundary):",0,", Number of training points (interior):",30000,", VRAM allocated:",0,", VRAM reserved:",0
79000,Training Loss:,0.0003930398088414222,", Learning rate:",5.215381384741129e-07,", Number of training points (boundary):",0,", Number of training points (interior):",30000,", VRAM allocated:",0,", VRAM reserved:",0
79100,Training Loss:,0.00039229431422427297,", Learning rate:",5.215381384741129e-07,", Number of training points (boundary):",0,", Number of training points (interior):",30000,", VRAM allocated:",0,", VRAM reserved:",0
79200,Training Loss:,0.0003921648603864014,", Learning rate:",5.215381384741129e-07,", Number of training points (boundary):",0,", Number of training points (interior):",30000,", VRAM allocated:",0,", VRAM reserved:",0
79300,Training Loss:,0.00039134497637860477,", Learning rate:",5.215381384741129e-07,", Number of training points (boundary):",0,", Number of training points (interior):",30000,", VRAM allocated:",0,", VRAM reserved:",0
79400,Training Loss:,0.00039051432395353913,", Learning rate:",5.215381384741129e-07,", Number of training points (boundary):",0,", Number of training points (interior):",30000,", VRAM allocated:",0,", VRAM reserved:",0
79500,Training Loss:,0.00038949286681599915,", Learning rate:",5.215381384741129e-07,", Number of training points (boundary):",0,", Number of training points (interior):",30000,", VRAM allocated:",0,", VRAM reserved:",0
79600,Training Loss:,0.0003892744716722518,", Learning rate:",5.215381384741129e-07,", Number of training points (boundary):",0,", Number of training points (interior):",30000,", VRAM allocated:",0,", VRAM reserved:",0
79700,Training Loss:,0.00038818956818431616,", Learning rate:",5.215381384741129e-07,", Number of training points (boundary):",0,", Number of training points (interior):",30000,", VRAM allocated:",0,", VRAM reserved:",0
79800,Training Loss:,0.000389747234294191,", Learning rate:",5.215381384741129e-07,", Number of training points (boundary):",0,", Number of training points (interior):",30000,", VRAM allocated:",0,", VRAM reserved:",0
79900,Training Loss:,0.00038756115827709436,", Learning rate:",5.215381384741129e-07,", Number of training points (boundary):",0,", Number of training points (interior):",30000,", VRAM allocated:",0,", VRAM reserved:",0
80000,Training Loss:,0.00038588218740187585,", Learning rate:",4.954612315504072e-07,", Number of training points (boundary):",0,", Number of training points (interior):",30000,", VRAM allocated:",0,", VRAM reserved:",0
80100,Training Loss:,0.0003851961519103497,", Learning rate:",4.954612315504072e-07,", Number of training points (boundary):",0,", Number of training points (interior):",30000,", VRAM allocated:",0,", VRAM reserved:",0
80200,Training Loss:,0.0003845257160719484,", Learning rate:",4.954612315504072e-07,", Number of training points (boundary):",0,", Number of training points (interior):",30000,", VRAM allocated:",0,", VRAM reserved:",0
80300,Training Loss:,0.000384048733394593,", Learning rate:",4.954612315504072e-07,", Number of training points (boundary):",0,", Number of training points (interior):",30000,", VRAM allocated:",0,", VRAM reserved:",0
80400,Training Loss:,0.0003834854287561029,", Learning rate:",4.954612315504072e-07,", Number of training points (boundary):",0,", Number of training points (interior):",30000,", VRAM allocated:",0,", VRAM reserved:",0
80500,Training Loss:,0.0003824631858151406,", Learning rate:",4.954612315504072e-07,", Number of training points (boundary):",0,", Number of training points (interior):",30000,", VRAM allocated:",0,", VRAM reserved:",0
80600,Training Loss:,0.0003818217373918742,", Learning rate:",4.954612315504072e-07,", Number of training points (boundary):",0,", Number of training points (interior):",30000,", VRAM allocated:",0,", VRAM reserved:",0
80700,Training Loss:,0.0003811741480603814,", Learning rate:",4.954612315504072e-07,", Number of training points (boundary):",0,", Number of training points (interior):",30000,", VRAM allocated:",0,", VRAM reserved:",0
80800,Training Loss:,0.0003819055564235896,", Learning rate:",4.954612315504072e-07,", Number of training points (boundary):",0,", Number of training points (interior):",30000,", VRAM allocated:",0,", VRAM reserved:",0
80900,Training Loss:,0.0003797362733166665,", Learning rate:",4.954612315504072e-07,", Number of training points (boundary):",0,", Number of training points (interior):",30000,", VRAM allocated:",0,", VRAM reserved:",0
81000,Training Loss:,0.0003794927033595741,", Learning rate:",4.7068816997288687e-07,", Number of training points (boundary):",0,", Number of training points (interior):",30000,", VRAM allocated:",0,", VRAM reserved:",0
81100,Training Loss:,0.00037838928983546793,", Learning rate:",4.7068816997288687e-07,", Number of training points (boundary):",0,", Number of training points (interior):",30000,", VRAM allocated:",0,", VRAM reserved:",0
81200,Training Loss:,0.00037829074426554143,", Learning rate:",4.7068816997288687e-07,", Number of training points (boundary):",0,", Number of training points (interior):",30000,", VRAM allocated:",0,", VRAM reserved:",0
81300,Training Loss:,0.000378155498765409,", Learning rate:",4.7068816997288687e-07,", Number of training points (boundary):",0,", Number of training points (interior):",30000,", VRAM allocated:",0,", VRAM reserved:",0
81400,Training Loss:,0.0003764260618481785,", Learning rate:",4.7068816997288687e-07,", Number of training points (boundary):",0,", Number of training points (interior):",30000,", VRAM allocated:",0,", VRAM reserved:",0
81500,Training Loss:,0.000375734904082492,", Learning rate:",4.7068816997288687e-07,", Number of training points (boundary):",0,", Number of training points (interior):",30000,", VRAM allocated:",0,", VRAM reserved:",0
81600,Training Loss:,0.0003750726755242795,", Learning rate:",4.7068816997288687e-07,", Number of training points (boundary):",0,", Number of training points (interior):",30000,", VRAM allocated:",0,", VRAM reserved:",0
81700,Training Loss:,0.00037442537723109126,", Learning rate:",4.7068816997288687e-07,", Number of training points (boundary):",0,", Number of training points (interior):",30000,", VRAM allocated:",0,", VRAM reserved:",0
81800,Training Loss:,0.00037376792170107365,", Learning rate:",4.7068816997288687e-07,", Number of training points (boundary):",0,", Number of training points (interior):",30000,", VRAM allocated:",0,", VRAM reserved:",0
81900,Training Loss:,0.0003737882652785629,", Learning rate:",4.7068816997288687e-07,", Number of training points (boundary):",0,", Number of training points (interior):",30000,", VRAM allocated:",0,", VRAM reserved:",0
82000,Training Loss:,0.00037245501880533993,", Learning rate:",4.471537614742425e-07,", Number of training points (boundary):",0,", Number of training points (interior):",30000,", VRAM allocated:",0,", VRAM reserved:",0
82100,Training Loss:,0.0003718254738487303,", Learning rate:",4.471537614742425e-07,", Number of training points (boundary):",0,", Number of training points (interior):",30000,", VRAM allocated:",0,", VRAM reserved:",0
82200,Training Loss:,0.0003711775643751025,", Learning rate:",4.471537614742425e-07,", Number of training points (boundary):",0,", Number of training points (interior):",30000,", VRAM allocated:",0,", VRAM reserved:",0
82300,Training Loss:,0.0003705324197653681,", Learning rate:",4.471537614742425e-07,", Number of training points (boundary):",0,", Number of training points (interior):",30000,", VRAM allocated:",0,", VRAM reserved:",0
82400,Training Loss:,0.0003698990331031382,", Learning rate:",4.471537614742425e-07,", Number of training points (boundary):",0,", Number of training points (interior):",30000,", VRAM allocated:",0,", VRAM reserved:",0
82500,Training Loss:,0.00036926756729371846,", Learning rate:",4.471537614742425e-07,", Number of training points (boundary):",0,", Number of training points (interior):",30000,", VRAM allocated:",0,", VRAM reserved:",0
82600,Training Loss:,0.0003686766722239554,", Learning rate:",4.471537614742425e-07,", Number of training points (boundary):",0,", Number of training points (interior):",30000,", VRAM allocated:",0,", VRAM reserved:",0
82700,Training Loss:,0.0003680906957015395,", Learning rate:",4.471537614742425e-07,", Number of training points (boundary):",0,", Number of training points (interior):",30000,", VRAM allocated:",0,", VRAM reserved:",0
82800,Training Loss:,0.0003673828032333404,", Learning rate:",4.471537614742425e-07,", Number of training points (boundary):",0,", Number of training points (interior):",30000,", VRAM allocated:",0,", VRAM reserved:",0
82900,Training Loss:,0.00036678981268778443,", Learning rate:",4.471537614742425e-07,", Number of training points (boundary):",0,", Number of training points (interior):",30000,", VRAM allocated:",0,", VRAM reserved:",0
83000,Training Loss:,0.0003661382361315191,", Learning rate:",4.247960734005303e-07,", Number of training points (boundary):",0,", Number of training points (interior):",30000,", VRAM allocated:",0,", VRAM reserved:",0
83100,Training Loss:,0.00036550662480294704,", Learning rate:",4.247960734005303e-07,", Number of training points (boundary):",0,", Number of training points (interior):",30000,", VRAM allocated:",0,", VRAM reserved:",0
83200,Training Loss:,0.0003648842393886298,", Learning rate:",4.247960734005303e-07,", Number of training points (boundary):",0,", Number of training points (interior):",30000,", VRAM allocated:",0,", VRAM reserved:",0
83300,Training Loss:,0.0003642653173301369,", Learning rate:",4.247960734005303e-07,", Number of training points (boundary):",0,", Number of training points (interior):",30000,", VRAM allocated:",0,", VRAM reserved:",0
83400,Training Loss:,0.000364376901416108,", Learning rate:",4.247960734005303e-07,", Number of training points (boundary):",0,", Number of training points (interior):",30000,", VRAM allocated:",0,", VRAM reserved:",0
83500,Training Loss:,0.00036302980151958764,", Learning rate:",4.247960734005303e-07,", Number of training points (boundary):",0,", Number of training points (interior):",30000,", VRAM allocated:",0,", VRAM reserved:",0
83600,Training Loss:,0.0003646188124548644,", Learning rate:",4.247960734005303e-07,", Number of training points (boundary):",0,", Number of training points (interior):",30000,", VRAM allocated:",0,", VRAM reserved:",0
83700,Training Loss:,0.000361867540050298,", Learning rate:",4.247960734005303e-07,", Number of training points (boundary):",0,", Number of training points (interior):",30000,", VRAM allocated:",0,", VRAM reserved:",0
83800,Training Loss:,0.0003621032810769975,", Learning rate:",4.247960734005303e-07,", Number of training points (boundary):",0,", Number of training points (interior):",30000,", VRAM allocated:",0,", VRAM reserved:",0
83900,Training Loss:,0.00036096706753596663,", Learning rate:",4.247960734005303e-07,", Number of training points (boundary):",0,", Number of training points (interior):",30000,", VRAM allocated:",0,", VRAM reserved:",0
84000,Training Loss:,0.00036355695920065045,", Learning rate:",4.035562697305038e-07,", Number of training points (boundary):",0,", Number of training points (interior):",30000,", VRAM allocated:",0,", VRAM reserved:",0
84100,Training Loss:,0.0003594006993807852,", Learning rate:",4.035562697305038e-07,", Number of training points (boundary):",0,", Number of training points (interior):",30000,", VRAM allocated:",0,", VRAM reserved:",0
84200,Training Loss:,0.00035880313953384757,", Learning rate:",4.035562697305038e-07,", Number of training points (boundary):",0,", Number of training points (interior):",30000,", VRAM allocated:",0,", VRAM reserved:",0
84300,Training Loss:,0.00035822499194182456,", Learning rate:",4.035562697305038e-07,", Number of training points (boundary):",0,", Number of training points (interior):",30000,", VRAM allocated:",0,", VRAM reserved:",0
84400,Training Loss:,0.0003588035760913044,", Learning rate:",4.035562697305038e-07,", Number of training points (boundary):",0,", Number of training points (interior):",30000,", VRAM allocated:",0,", VRAM reserved:",0
84500,Training Loss:,0.00035701663000509143,", Learning rate:",4.035562697305038e-07,", Number of training points (boundary):",0,", Number of training points (interior):",30000,", VRAM allocated:",0,", VRAM reserved:",0
84600,Training Loss:,0.0003564994258340448,", Learning rate:",4.035562697305038e-07,", Number of training points (boundary):",0,", Number of training points (interior):",30000,", VRAM allocated:",0,", VRAM reserved:",0
84700,Training Loss:,0.0003558555035851896,", Learning rate:",4.035562697305038e-07,", Number of training points (boundary):",0,", Number of training points (interior):",30000,", VRAM allocated:",0,", VRAM reserved:",0
84800,Training Loss:,0.00035524892155081034,", Learning rate:",4.035562697305038e-07,", Number of training points (boundary):",0,", Number of training points (interior):",30000,", VRAM allocated:",0,", VRAM reserved:",0
84900,Training Loss:,0.00035735356505028903,", Learning rate:",4.035562697305038e-07,", Number of training points (boundary):",0,", Number of training points (interior):",30000,", VRAM allocated:",0,", VRAM reserved:",0
85000,Training Loss:,0.00035529263550415635,", Learning rate:",3.8337845624397857e-07,", Number of training points (boundary):",0,", Number of training points (interior):",30000,", VRAM allocated:",0,", VRAM reserved:",0
85100,Training Loss:,0.00035350557300262153,", Learning rate:",3.8337845624397857e-07,", Number of training points (boundary):",0,", Number of training points (interior):",30000,", VRAM allocated:",0,", VRAM reserved:",0
85200,Training Loss:,0.0003529496898408979,", Learning rate:",3.8337845624397857e-07,", Number of training points (boundary):",0,", Number of training points (interior):",30000,", VRAM allocated:",0,", VRAM reserved:",0
85300,Training Loss:,0.0003523567283991724,", Learning rate:",3.8337845624397857e-07,", Number of training points (boundary):",0,", Number of training points (interior):",30000,", VRAM allocated:",0,", VRAM reserved:",0
85400,Training Loss:,0.0003517818986438215,", Learning rate:",3.8337845624397857e-07,", Number of training points (boundary):",0,", Number of training points (interior):",30000,", VRAM allocated:",0,", VRAM reserved:",0
85500,Training Loss:,0.00035249622305855155,", Learning rate:",3.8337845624397857e-07,", Number of training points (boundary):",0,", Number of training points (interior):",30000,", VRAM allocated:",0,", VRAM reserved:",0
85600,Training Loss:,0.0003512535186018795,", Learning rate:",3.8337845624397857e-07,", Number of training points (boundary):",0,", Number of training points (interior):",30000,", VRAM allocated:",0,", VRAM reserved:",0
85700,Training Loss:,0.0003512612893246114,", Learning rate:",3.8337845624397857e-07,", Number of training points (boundary):",0,", Number of training points (interior):",30000,", VRAM allocated:",0,", VRAM reserved:",0
85800,Training Loss:,0.0003495564160402864,", Learning rate:",3.8337845624397857e-07,", Number of training points (boundary):",0,", Number of training points (interior):",30000,", VRAM allocated:",0,", VRAM reserved:",0
85900,Training Loss:,0.00035048354766331613,", Learning rate:",3.8337845624397857e-07,", Number of training points (boundary):",0,", Number of training points (interior):",30000,", VRAM allocated:",0,", VRAM reserved:",0
86000,Training Loss:,0.0003483595501165837,", Learning rate:",3.642095334317796e-07,", Number of training points (boundary):",0,", Number of training points (interior):",30000,", VRAM allocated:",0,", VRAM reserved:",0
86100,Training Loss:,0.0003478083526715636,", Learning rate:",3.642095334317796e-07,", Number of training points (boundary):",0,", Number of training points (interior):",30000,", VRAM allocated:",0,", VRAM reserved:",0
86200,Training Loss:,0.0003472672833595425,", Learning rate:",3.642095334317796e-07,", Number of training points (boundary):",0,", Number of training points (interior):",30000,", VRAM allocated:",0,", VRAM reserved:",0
86300,Training Loss:,0.00034669620799832046,", Learning rate:",3.642095334317796e-07,", Number of training points (boundary):",0,", Number of training points (interior):",30000,", VRAM allocated:",0,", VRAM reserved:",0
86400,Training Loss:,0.00034615796175785363,", Learning rate:",3.642095334317796e-07,", Number of training points (boundary):",0,", Number of training points (interior):",30000,", VRAM allocated:",0,", VRAM reserved:",0
86500,Training Loss:,0.0003456234117038548,", Learning rate:",3.642095334317796e-07,", Number of training points (boundary):",0,", Number of training points (interior):",30000,", VRAM allocated:",0,", VRAM reserved:",0
86600,Training Loss:,0.0003450580989010632,", Learning rate:",3.642095334317796e-07,", Number of training points (boundary):",0,", Number of training points (interior):",30000,", VRAM allocated:",0,", VRAM reserved:",0
86700,Training Loss:,0.00034449240774847567,", Learning rate:",3.642095334317796e-07,", Number of training points (boundary):",0,", Number of training points (interior):",30000,", VRAM allocated:",0,", VRAM reserved:",0
86800,Training Loss:,0.0003439480497036129,", Learning rate:",3.642095334317796e-07,", Number of training points (boundary):",0,", Number of training points (interior):",30000,", VRAM allocated:",0,", VRAM reserved:",0
86900,Training Loss:,0.00034342630533501506,", Learning rate:",3.642095334317796e-07,", Number of training points (boundary):",0,", Number of training points (interior):",30000,", VRAM allocated:",0,", VRAM reserved:",0
87000,Training Loss:,0.0003429574135225266,", Learning rate:",3.459990567601906e-07,", Number of training points (boundary):",0,", Number of training points (interior):",30000,", VRAM allocated:",0,", VRAM reserved:",0
87100,Training Loss:,0.0003423500747885555,", Learning rate:",3.459990567601906e-07,", Number of training points (boundary):",0,", Number of training points (interior):",30000,", VRAM allocated:",0,", VRAM reserved:",0
87200,Training Loss:,0.00034181613591499627,", Learning rate:",3.459990567601906e-07,", Number of training points (boundary):",0,", Number of training points (interior):",30000,", VRAM allocated:",0,", VRAM reserved:",0
87300,Training Loss:,0.00034128199331462383,", Learning rate:",3.459990567601906e-07,", Number of training points (boundary):",0,", Number of training points (interior):",30000,", VRAM allocated:",0,", VRAM reserved:",0
87400,Training Loss:,0.000340763246640563,", Learning rate:",3.459990567601906e-07,", Number of training points (boundary):",0,", Number of training points (interior):",30000,", VRAM allocated:",0,", VRAM reserved:",0
87500,Training Loss:,0.00034042823244817555,", Learning rate:",3.459990567601906e-07,", Number of training points (boundary):",0,", Number of training points (interior):",30000,", VRAM allocated:",0,", VRAM reserved:",0
87600,Training Loss:,0.00033969993819482625,", Learning rate:",3.459990567601906e-07,", Number of training points (boundary):",0,", Number of training points (interior):",30000,", VRAM allocated:",0,", VRAM reserved:",0
87700,Training Loss:,0.0003391723148524761,", Learning rate:",3.459990567601906e-07,", Number of training points (boundary):",0,", Number of training points (interior):",30000,", VRAM allocated:",0,", VRAM reserved:",0
87800,Training Loss:,0.0003386768512427807,", Learning rate:",3.459990567601906e-07,", Number of training points (boundary):",0,", Number of training points (interior):",30000,", VRAM allocated:",0,", VRAM reserved:",0
87900,Training Loss:,0.000341615523211658,", Learning rate:",3.459990567601906e-07,", Number of training points (boundary):",0,", Number of training points (interior):",30000,", VRAM allocated:",0,", VRAM reserved:",0
88000,Training Loss:,0.00033822780824266374,", Learning rate:",3.286991039221811e-07,", Number of training points (boundary):",0,", Number of training points (interior):",30000,", VRAM allocated:",0,", VRAM reserved:",0
88100,Training Loss:,0.00033710632123984396,", Learning rate:",3.286991039221811e-07,", Number of training points (boundary):",0,", Number of training points (interior):",30000,", VRAM allocated:",0,", VRAM reserved:",0
88200,Training Loss:,0.00033659121254459023,", Learning rate:",3.286991039221811e-07,", Number of training points (boundary):",0,", Number of training points (interior):",30000,", VRAM allocated:",0,", VRAM reserved:",0
88300,Training Loss:,0.0003360921982675791,", Learning rate:",3.286991039221811e-07,", Number of training points (boundary):",0,", Number of training points (interior):",30000,", VRAM allocated:",0,", VRAM reserved:",0
88400,Training Loss:,0.0003355627122800797,", Learning rate:",3.286991039221811e-07,", Number of training points (boundary):",0,", Number of training points (interior):",30000,", VRAM allocated:",0,", VRAM reserved:",0
88500,Training Loss:,0.0003350591578055173,", Learning rate:",3.286991039221811e-07,", Number of training points (boundary):",0,", Number of training points (interior):",30000,", VRAM allocated:",0,", VRAM reserved:",0
88600,Training Loss:,0.0003345384611748159,", Learning rate:",3.286991039221811e-07,", Number of training points (boundary):",0,", Number of training points (interior):",30000,", VRAM allocated:",0,", VRAM reserved:",0
88700,Training Loss:,0.000334034237312153,", Learning rate:",3.286991039221811e-07,", Number of training points (boundary):",0,", Number of training points (interior):",30000,", VRAM allocated:",0,", VRAM reserved:",0
88800,Training Loss:,0.00033359721419401467,", Learning rate:",3.286991039221811e-07,", Number of training points (boundary):",0,", Number of training points (interior):",30000,", VRAM allocated:",0,", VRAM reserved:",0
88900,Training Loss:,0.0003330117033328861,", Learning rate:",3.286991039221811e-07,", Number of training points (boundary):",0,", Number of training points (interior):",30000,", VRAM allocated:",0,", VRAM reserved:",0
89000,Training Loss:,0.000333237461745739,", Learning rate:",3.12264148726072e-07,", Number of training points (boundary):",0,", Number of training points (interior):",30000,", VRAM allocated:",0,", VRAM reserved:",0
89100,Training Loss:,0.00033201026963070035,", Learning rate:",3.12264148726072e-07,", Number of training points (boundary):",0,", Number of training points (interior):",30000,", VRAM allocated:",0,", VRAM reserved:",0
89200,Training Loss:,0.0003315441426821053,", Learning rate:",3.12264148726072e-07,", Number of training points (boundary):",0,", Number of training points (interior):",30000,", VRAM allocated:",0,", VRAM reserved:",0
89300,Training Loss:,0.00033102722954936326,", Learning rate:",3.12264148726072e-07,", Number of training points (boundary):",0,", Number of training points (interior):",30000,", VRAM allocated:",0,", VRAM reserved:",0
89400,Training Loss:,0.00033345381962135434,", Learning rate:",3.12264148726072e-07,", Number of training points (boundary):",0,", Number of training points (interior):",30000,", VRAM allocated:",0,", VRAM reserved:",0
89500,Training Loss:,0.00033002649433910847,", Learning rate:",3.12264148726072e-07,", Number of training points (boundary):",0,", Number of training points (interior):",30000,", VRAM allocated:",0,", VRAM reserved:",0
89600,Training Loss:,0.00032953606569208205,", Learning rate:",3.12264148726072e-07,", Number of training points (boundary):",0,", Number of training points (interior):",30000,", VRAM allocated:",0,", VRAM reserved:",0
89700,Training Loss:,0.00032906318665482104,", Learning rate:",3.12264148726072e-07,", Number of training points (boundary):",0,", Number of training points (interior):",30000,", VRAM allocated:",0,", VRAM reserved:",0
89800,Training Loss:,0.0003285614075139165,", Learning rate:",3.12264148726072e-07,", Number of training points (boundary):",0,", Number of training points (interior):",30000,", VRAM allocated:",0,", VRAM reserved:",0
89900,Training Loss:,0.0003280766250099987,", Learning rate:",3.12264148726072e-07,", Number of training points (boundary):",0,", Number of training points (interior):",30000,", VRAM allocated:",0,", VRAM reserved:",0
90000,Training Loss:,0.0003285666462033987,", Learning rate:",2.966509412897684e-07,", Number of training points (boundary):",0,", Number of training points (interior):",30000,", VRAM allocated:",0,", VRAM reserved:",0
90100,Training Loss:,0.0003271072346251458,", Learning rate:",2.966509412897684e-07,", Number of training points (boundary):",0,", Number of training points (interior):",30000,", VRAM allocated:",0,", VRAM reserved:",0
90200,Training Loss:,0.00032663403544574976,", Learning rate:",2.966509412897684e-07,", Number of training points (boundary):",0,", Number of training points (interior):",30000,", VRAM allocated:",0,", VRAM reserved:",0
90300,Training Loss:,0.00032631398062221706,", Learning rate:",2.966509412897684e-07,", Number of training points (boundary):",0,", Number of training points (interior):",30000,", VRAM allocated:",0,", VRAM reserved:",0
90400,Training Loss:,0.00032567986636422575,", Learning rate:",2.966509412897684e-07,", Number of training points (boundary):",0,", Number of training points (interior):",30000,", VRAM allocated:",0,", VRAM reserved:",0
90500,Training Loss:,0.00032520227250643075,", Learning rate:",2.966509412897684e-07,", Number of training points (boundary):",0,", Number of training points (interior):",30000,", VRAM allocated:",0,", VRAM reserved:",0
90600,Training Loss:,0.00032472755992785096,", Learning rate:",2.966509412897684e-07,", Number of training points (boundary):",0,", Number of training points (interior):",30000,", VRAM allocated:",0,", VRAM reserved:",0
90700,Training Loss:,0.00032527599250897765,", Learning rate:",2.966509412897684e-07,", Number of training points (boundary):",0,", Number of training points (interior):",30000,", VRAM allocated:",0,", VRAM reserved:",0
90800,Training Loss:,0.00032377211027778685,", Learning rate:",2.966509412897684e-07,", Number of training points (boundary):",0,", Number of training points (interior):",30000,", VRAM allocated:",0,", VRAM reserved:",0
90900,Training Loss:,0.00032330647809430957,", Learning rate:",2.966509412897684e-07,", Number of training points (boundary):",0,", Number of training points (interior):",30000,", VRAM allocated:",0,", VRAM reserved:",0
91000,Training Loss:,0.0003228473651688546,", Learning rate:",2.8181839422527997e-07,", Number of training points (boundary):",0,", Number of training points (interior):",30000,", VRAM allocated:",0,", VRAM reserved:",0
91100,Training Loss:,0.00032237626146525145,", Learning rate:",2.8181839422527997e-07,", Number of training points (boundary):",0,", Number of training points (interior):",30000,", VRAM allocated:",0,", VRAM reserved:",0
91200,Training Loss:,0.0003219398495275527,", Learning rate:",2.8181839422527997e-07,", Number of training points (boundary):",0,", Number of training points (interior):",30000,", VRAM allocated:",0,", VRAM reserved:",0
91300,Training Loss:,0.0003214650205336511,", Learning rate:",2.8181839422527997e-07,", Number of training points (boundary):",0,", Number of training points (interior):",30000,", VRAM allocated:",0,", VRAM reserved:",0
91400,Training Loss:,0.0003210364666301757,", Learning rate:",2.8181839422527997e-07,", Number of training points (boundary):",0,", Number of training points (interior):",30000,", VRAM allocated:",0,", VRAM reserved:",0
91500,Training Loss:,0.0003205598040949553,", Learning rate:",2.8181839422527997e-07,", Number of training points (boundary):",0,", Number of training points (interior):",30000,", VRAM allocated:",0,", VRAM reserved:",0
91600,Training Loss:,0.0003200966166332364,", Learning rate:",2.8181839422527997e-07,", Number of training points (boundary):",0,", Number of training points (interior):",30000,", VRAM allocated:",0,", VRAM reserved:",0
91700,Training Loss:,0.0003196967882104218,", Learning rate:",2.8181839422527997e-07,", Number of training points (boundary):",0,", Number of training points (interior):",30000,", VRAM allocated:",0,", VRAM reserved:",0
91800,Training Loss:,0.0003191953001078218,", Learning rate:",2.8181839422527997e-07,", Number of training points (boundary):",0,", Number of training points (interior):",30000,", VRAM allocated:",0,", VRAM reserved:",0
91900,Training Loss:,0.00031928427051752806,", Learning rate:",2.8181839422527997e-07,", Number of training points (boundary):",0,", Number of training points (interior):",30000,", VRAM allocated:",0,", VRAM reserved:",0
92000,Training Loss:,0.000319142040098086,", Learning rate:",2.6772747451401593e-07,", Number of training points (boundary):",0,", Number of training points (interior):",30000,", VRAM allocated:",0,", VRAM reserved:",0
92100,Training Loss:,0.0003178526530973613,", Learning rate:",2.6772747451401593e-07,", Number of training points (boundary):",0,", Number of training points (interior):",30000,", VRAM allocated:",0,", VRAM reserved:",0
92200,Training Loss:,0.00031741097336634994,", Learning rate:",2.6772747451401593e-07,", Number of training points (boundary):",0,", Number of training points (interior):",30000,", VRAM allocated:",0,", VRAM reserved:",0
92300,Training Loss:,0.0003169723495375365,", Learning rate:",2.6772747451401593e-07,", Number of training points (boundary):",0,", Number of training points (interior):",30000,", VRAM allocated:",0,", VRAM reserved:",0
92400,Training Loss:,0.0003165787202306092,", Learning rate:",2.6772747451401593e-07,", Number of training points (boundary):",0,", Number of training points (interior):",30000,", VRAM allocated:",0,", VRAM reserved:",0
92500,Training Loss:,0.0003160843625664711,", Learning rate:",2.6772747451401593e-07,", Number of training points (boundary):",0,", Number of training points (interior):",30000,", VRAM allocated:",0,", VRAM reserved:",0
92600,Training Loss:,0.0003157341561745852,", Learning rate:",2.6772747451401593e-07,", Number of training points (boundary):",0,", Number of training points (interior):",30000,", VRAM allocated:",0,", VRAM reserved:",0
92700,Training Loss:,0.00031520435004495084,", Learning rate:",2.6772747451401593e-07,", Number of training points (boundary):",0,", Number of training points (interior):",30000,", VRAM allocated:",0,", VRAM reserved:",0
92800,Training Loss:,0.0003147742245346308,", Learning rate:",2.6772747451401593e-07,", Number of training points (boundary):",0,", Number of training points (interior):",30000,", VRAM allocated:",0,", VRAM reserved:",0
92900,Training Loss:,0.0003144367365166545,", Learning rate:",2.6772747451401593e-07,", Number of training points (boundary):",0,", Number of training points (interior):",30000,", VRAM allocated:",0,", VRAM reserved:",0
93000,Training Loss:,0.00031390460208058357,", Learning rate:",2.5434110078831515e-07,", Number of training points (boundary):",0,", Number of training points (interior):",30000,", VRAM allocated:",0,", VRAM reserved:",0
93100,Training Loss:,0.0003134878061246127,", Learning rate:",2.5434110078831515e-07,", Number of training points (boundary):",0,", Number of training points (interior):",30000,", VRAM allocated:",0,", VRAM reserved:",0
93200,Training Loss:,0.0003130535187665373,", Learning rate:",2.5434110078831515e-07,", Number of training points (boundary):",0,", Number of training points (interior):",30000,", VRAM allocated:",0,", VRAM reserved:",0
93300,Training Loss:,0.000312625925289467,", Learning rate:",2.5434110078831515e-07,", Number of training points (boundary):",0,", Number of training points (interior):",30000,", VRAM allocated:",0,", VRAM reserved:",0
93400,Training Loss:,0.00031276539084501565,", Learning rate:",2.5434110078831515e-07,", Number of training points (boundary):",0,", Number of training points (interior):",30000,", VRAM allocated:",0,", VRAM reserved:",0
93500,Training Loss:,0.0003117684100288898,", Learning rate:",2.5434110078831515e-07,", Number of training points (boundary):",0,", Number of training points (interior):",30000,", VRAM allocated:",0,", VRAM reserved:",0
93600,Training Loss:,0.0003113502752967179,", Learning rate:",2.5434110078831515e-07,", Number of training points (boundary):",0,", Number of training points (interior):",30000,", VRAM allocated:",0,", VRAM reserved:",0
93700,Training Loss:,0.0003109252720605582,", Learning rate:",2.5434110078831515e-07,", Number of training points (boundary):",0,", Number of training points (interior):",30000,", VRAM allocated:",0,", VRAM reserved:",0
93800,Training Loss:,0.00031051592668518424,", Learning rate:",2.5434110078831515e-07,", Number of training points (boundary):",0,", Number of training points (interior):",30000,", VRAM allocated:",0,", VRAM reserved:",0
93900,Training Loss:,0.00031243954435922205,", Learning rate:",2.5434110078831515e-07,", Number of training points (boundary):",0,", Number of training points (interior):",30000,", VRAM allocated:",0,", VRAM reserved:",0
94000,Training Loss:,0.00030965579207986593,", Learning rate:",2.416240457488994e-07,", Number of training points (boundary):",0,", Number of training points (interior):",30000,", VRAM allocated:",0,", VRAM reserved:",0
94100,Training Loss:,0.0003092473198194057,", Learning rate:",2.416240457488994e-07,", Number of training points (boundary):",0,", Number of training points (interior):",30000,", VRAM allocated:",0,", VRAM reserved:",0
94200,Training Loss:,0.00030886835884302855,", Learning rate:",2.416240457488994e-07,", Number of training points (boundary):",0,", Number of training points (interior):",30000,", VRAM allocated:",0,", VRAM reserved:",0
94300,Training Loss:,0.0003084263880737126,", Learning rate:",2.416240457488994e-07,", Number of training points (boundary):",0,", Number of training points (interior):",30000,", VRAM allocated:",0,", VRAM reserved:",0
94400,Training Loss:,0.0003080089809373021,", Learning rate:",2.416240457488994e-07,", Number of training points (boundary):",0,", Number of training points (interior):",30000,", VRAM allocated:",0,", VRAM reserved:",0
94500,Training Loss:,0.00030759265064261854,", Learning rate:",2.416240457488994e-07,", Number of training points (boundary):",0,", Number of training points (interior):",30000,", VRAM allocated:",0,", VRAM reserved:",0
94600,Training Loss:,0.00030719887581653893,", Learning rate:",2.416240457488994e-07,", Number of training points (boundary):",0,", Number of training points (interior):",30000,", VRAM allocated:",0,", VRAM reserved:",0
94700,Training Loss:,0.00030677294125780463,", Learning rate:",2.416240457488994e-07,", Number of training points (boundary):",0,", Number of training points (interior):",30000,", VRAM allocated:",0,", VRAM reserved:",0
94800,Training Loss:,0.0003063686308450997,", Learning rate:",2.416240457488994e-07,", Number of training points (boundary):",0,", Number of training points (interior):",30000,", VRAM allocated:",0,", VRAM reserved:",0
94900,Training Loss:,0.0003059578884858638,", Learning rate:",2.416240457488994e-07,", Number of training points (boundary):",0,", Number of training points (interior):",30000,", VRAM allocated:",0,", VRAM reserved:",0
95000,Training Loss:,0.00030555561534129083,", Learning rate:",2.295428434614544e-07,", Number of training points (boundary):",0,", Number of training points (interior):",30000,", VRAM allocated:",0,", VRAM reserved:",0
95100,Training Loss:,0.000305148889310658,", Learning rate:",2.295428434614544e-07,", Number of training points (boundary):",0,", Number of training points (interior):",30000,", VRAM allocated:",0,", VRAM reserved:",0
95200,Training Loss:,0.0003050987725146115,", Learning rate:",2.295428434614544e-07,", Number of training points (boundary):",0,", Number of training points (interior):",30000,", VRAM allocated:",0,", VRAM reserved:",0
95300,Training Loss:,0.00030434876680374146,", Learning rate:",2.295428434614544e-07,", Number of training points (boundary):",0,", Number of training points (interior):",30000,", VRAM allocated:",0,", VRAM reserved:",0
95400,Training Loss:,0.00030397961381822824,", Learning rate:",2.295428434614544e-07,", Number of training points (boundary):",0,", Number of training points (interior):",30000,", VRAM allocated:",0,", VRAM reserved:",0
95500,Training Loss:,0.00030355859780684114,", Learning rate:",2.295428434614544e-07,", Number of training points (boundary):",0,", Number of training points (interior):",30000,", VRAM allocated:",0,", VRAM reserved:",0
95600,Training Loss:,0.00030315149342641234,", Learning rate:",2.295428434614544e-07,", Number of training points (boundary):",0,", Number of training points (interior):",30000,", VRAM allocated:",0,", VRAM reserved:",0
95700,Training Loss:,0.0003027530910912901,", Learning rate:",2.295428434614544e-07,", Number of training points (boundary):",0,", Number of training points (interior):",30000,", VRAM allocated:",0,", VRAM reserved:",0
95800,Training Loss:,0.00030240905471146107,", Learning rate:",2.295428434614544e-07,", Number of training points (boundary):",0,", Number of training points (interior):",30000,", VRAM allocated:",0,", VRAM reserved:",0
95900,Training Loss:,0.0003019721189048141,", Learning rate:",2.295428434614544e-07,", Number of training points (boundary):",0,", Number of training points (interior):",30000,", VRAM allocated:",0,", VRAM reserved:",0
96000,Training Loss:,0.0003015976108144969,", Learning rate:",2.1806570128838167e-07,", Number of training points (boundary):",0,", Number of training points (interior):",30000,", VRAM allocated:",0,", VRAM reserved:",0
96100,Training Loss:,0.0003012143133673817,", Learning rate:",2.1806570128838167e-07,", Number of training points (boundary):",0,", Number of training points (interior):",30000,", VRAM allocated:",0,", VRAM reserved:",0
96200,Training Loss:,0.00030083220917731524,", Learning rate:",2.1806570128838167e-07,", Number of training points (boundary):",0,", Number of training points (interior):",30000,", VRAM allocated:",0,", VRAM reserved:",0
96300,Training Loss:,0.00030043433071114123,", Learning rate:",2.1806570128838167e-07,", Number of training points (boundary):",0,", Number of training points (interior):",30000,", VRAM allocated:",0,", VRAM reserved:",0
96400,Training Loss:,0.00030004631844349205,", Learning rate:",2.1806570128838167e-07,", Number of training points (boundary):",0,", Number of training points (interior):",30000,", VRAM allocated:",0,", VRAM reserved:",0
96500,Training Loss:,0.00030072269146330655,", Learning rate:",2.1806570128838167e-07,", Number of training points (boundary):",0,", Number of training points (interior):",30000,", VRAM allocated:",0,", VRAM reserved:",0
96600,Training Loss:,0.00029927221476100385,", Learning rate:",2.1806570128838167e-07,", Number of training points (boundary):",0,", Number of training points (interior):",30000,", VRAM allocated:",0,", VRAM reserved:",0
96700,Training Loss:,0.0002989030326716602,", Learning rate:",2.1806570128838167e-07,", Number of training points (boundary):",0,", Number of training points (interior):",30000,", VRAM allocated:",0,", VRAM reserved:",0
96800,Training Loss:,0.00029851842555217445,", Learning rate:",2.1806570128838167e-07,", Number of training points (boundary):",0,", Number of training points (interior):",30000,", VRAM allocated:",0,", VRAM reserved:",0
96900,Training Loss:,0.00029812692082487047,", Learning rate:",2.1806570128838167e-07,", Number of training points (boundary):",0,", Number of training points (interior):",30000,", VRAM allocated:",0,", VRAM reserved:",0
97000,Training Loss:,0.0002977516851387918,", Learning rate:",2.071624162239626e-07,", Number of training points (boundary):",0,", Number of training points (interior):",30000,", VRAM allocated:",0,", VRAM reserved:",0
97100,Training Loss:,0.0002973640221171081,", Learning rate:",2.071624162239626e-07,", Number of training points (boundary):",0,", Number of training points (interior):",30000,", VRAM allocated:",0,", VRAM reserved:",0
97200,Training Loss:,0.0002989966014865786,", Learning rate:",2.071624162239626e-07,", Number of training points (boundary):",0,", Number of training points (interior):",30000,", VRAM allocated:",0,", VRAM reserved:",0
97300,Training Loss:,0.0002966170141007751,", Learning rate:",2.071624162239626e-07,", Number of training points (boundary):",0,", Number of training points (interior):",30000,", VRAM allocated:",0,", VRAM reserved:",0
97400,Training Loss:,0.0002964833693113178,", Learning rate:",2.071624162239626e-07,", Number of training points (boundary):",0,", Number of training points (interior):",30000,", VRAM allocated:",0,", VRAM reserved:",0
97500,Training Loss:,0.0002958894765470177,", Learning rate:",2.071624162239626e-07,", Number of training points (boundary):",0,", Number of training points (interior):",30000,", VRAM allocated:",0,", VRAM reserved:",0
97600,Training Loss:,0.0002955267846118659,", Learning rate:",2.071624162239626e-07,", Number of training points (boundary):",0,", Number of training points (interior):",30000,", VRAM allocated:",0,", VRAM reserved:",0
97700,Training Loss:,0.0002951481146737933,", Learning rate:",2.071624162239626e-07,", Number of training points (boundary):",0,", Number of training points (interior):",30000,", VRAM allocated:",0,", VRAM reserved:",0
97800,Training Loss:,0.00029477273346856236,", Learning rate:",2.071624162239626e-07,", Number of training points (boundary):",0,", Number of training points (interior):",30000,", VRAM allocated:",0,", VRAM reserved:",0
97900,Training Loss:,0.00029762208578176796,", Learning rate:",2.071624162239626e-07,", Number of training points (boundary):",0,", Number of training points (interior):",30000,", VRAM allocated:",0,", VRAM reserved:",0
98000,Training Loss:,0.0002940393751487136,", Learning rate:",1.9680429541276445e-07,", Number of training points (boundary):",0,", Number of training points (interior):",30000,", VRAM allocated:",0,", VRAM reserved:",0
98100,Training Loss:,0.0002936890523415059,", Learning rate:",1.9680429541276445e-07,", Number of training points (boundary):",0,", Number of training points (interior):",30000,", VRAM allocated:",0,", VRAM reserved:",0
98200,Training Loss:,0.000293325079837814,", Learning rate:",1.9680429541276445e-07,", Number of training points (boundary):",0,", Number of training points (interior):",30000,", VRAM allocated:",0,", VRAM reserved:",0
98300,Training Loss:,0.000292967219138518,", Learning rate:",1.9680429541276445e-07,", Number of training points (boundary):",0,", Number of training points (interior):",30000,", VRAM allocated:",0,", VRAM reserved:",0
98400,Training Loss:,0.000292603624984622,", Learning rate:",1.9680429541276445e-07,", Number of training points (boundary):",0,", Number of training points (interior):",30000,", VRAM allocated:",0,", VRAM reserved:",0
98500,Training Loss:,0.0002925048174802214,", Learning rate:",1.9680429541276445e-07,", Number of training points (boundary):",0,", Number of training points (interior):",30000,", VRAM allocated:",0,", VRAM reserved:",0
98600,Training Loss:,0.0002918726531788707,", Learning rate:",1.9680429541276445e-07,", Number of training points (boundary):",0,", Number of training points (interior):",30000,", VRAM allocated:",0,", VRAM reserved:",0
98700,Training Loss:,0.00029239317518658936,", Learning rate:",1.9680429541276445e-07,", Number of training points (boundary):",0,", Number of training points (interior):",30000,", VRAM allocated:",0,", VRAM reserved:",0
98800,Training Loss:,0.0002911594638135284,", Learning rate:",1.9680429541276445e-07,", Number of training points (boundary):",0,", Number of training points (interior):",30000,", VRAM allocated:",0,", VRAM reserved:",0
98900,Training Loss:,0.00029080206877551973,", Learning rate:",1.9680429541276445e-07,", Number of training points (boundary):",0,", Number of training points (interior):",30000,", VRAM allocated:",0,", VRAM reserved:",0
99000,Training Loss:,0.0002904510765802115,", Learning rate:",1.8696408064212623e-07,", Number of training points (boundary):",0,", Number of training points (interior):",30000,", VRAM allocated:",0,", VRAM reserved:",0
99100,Training Loss:,0.0002901142288465053,", Learning rate:",1.8696408064212623e-07,", Number of training points (boundary):",0,", Number of training points (interior):",30000,", VRAM allocated:",0,", VRAM reserved:",0
99200,Training Loss:,0.00028976393514312804,", Learning rate:",1.8696408064212623e-07,", Number of training points (boundary):",0,", Number of training points (interior):",30000,", VRAM allocated:",0,", VRAM reserved:",0
99300,Training Loss:,0.0002897848899010569,", Learning rate:",1.8696408064212623e-07,", Number of training points (boundary):",0,", Number of training points (interior):",30000,", VRAM allocated:",0,", VRAM reserved:",0
99400,Training Loss:,0.00028905607177875936,", Learning rate:",1.8696408064212623e-07,", Number of training points (boundary):",0,", Number of training points (interior):",30000,", VRAM allocated:",0,", VRAM reserved:",0
99500,Training Loss:,0.00028869492234662175,", Learning rate:",1.8696408064212623e-07,", Number of training points (boundary):",0,", Number of training points (interior):",30000,", VRAM allocated:",0,", VRAM reserved:",0
99600,Training Loss:,0.00028834902332164347,", Learning rate:",1.8696408064212623e-07,", Number of training points (boundary):",0,", Number of training points (interior):",30000,", VRAM allocated:",0,", VRAM reserved:",0
99700,Training Loss:,0.0002892805205192417,", Learning rate:",1.8696408064212623e-07,", Number of training points (boundary):",0,", Number of training points (interior):",30000,", VRAM allocated:",0,", VRAM reserved:",0
99800,Training Loss:,0.00028765940805897117,", Learning rate:",1.8696408064212623e-07,", Number of training points (boundary):",0,", Number of training points (interior):",30000,", VRAM allocated:",0,", VRAM reserved:",0
99900,Training Loss:,0.00028730882331728935,", Learning rate:",1.8696408064212623e-07,", Number of training points (boundary):",0,", Number of training points (interior):",30000,", VRAM allocated:",0,", VRAM reserved:",0
