Epoch:,0,Training Loss:,8.55240644627342, Learning rate:,0.0035, Number of training points (boundary):,3498, Number of training points (interior):,24998, VRAM allocated:,93068288, VRAM reserved:,29100081152
Epoch:,100,Training Loss:,2152.9901965383706, Learning rate:,0.0035, Number of training points (boundary):,3498, Number of training points (interior):,24998, VRAM allocated:,93068288, VRAM reserved:,29100081152
Epoch:,200,Training Loss:,11734.8718881431, Learning rate:,0.0035, Number of training points (boundary):,3498, Number of training points (interior):,24998, VRAM allocated:,93068288, VRAM reserved:,29100081152
Epoch:,300,Training Loss:,2014.5674786367115, Learning rate:,0.0035, Number of training points (boundary):,3498, Number of training points (interior):,24998, VRAM allocated:,93068288, VRAM reserved:,29100081152
Epoch:,400,Training Loss:,1975.846950011701, Learning rate:,0.0035, Number of training points (boundary):,3498, Number of training points (interior):,24998, VRAM allocated:,93068288, VRAM reserved:,29100081152
Epoch:,500,Training Loss:,6355.783189629465, Learning rate:,0.0035, Number of training points (boundary):,3498, Number of training points (interior):,24998, VRAM allocated:,93068288, VRAM reserved:,29100081152
Epoch:,600,Training Loss:,10940.84325346882, Learning rate:,0.0035, Number of training points (boundary):,3498, Number of training points (interior):,24998, VRAM allocated:,93068288, VRAM reserved:,29100081152
Epoch:,700,Training Loss:,10919.352013707354, Learning rate:,0.0035, Number of training points (boundary):,3498, Number of training points (interior):,24998, VRAM allocated:,93068288, VRAM reserved:,29100081152
Epoch:,800,Training Loss:,10844.037547123933, Learning rate:,0.0035, Number of training points (boundary):,3498, Number of training points (interior):,24998, VRAM allocated:,93068288, VRAM reserved:,29100081152
Epoch:,900,Training Loss:,10766.253257261369, Learning rate:,0.0035, Number of training points (boundary):,3498, Number of training points (interior):,24998, VRAM allocated:,93068288, VRAM reserved:,29100081152
Epoch:,1000,Training Loss:,445840529664540.5, Learning rate:,0.003325, Number of training points (boundary):,3498, Number of training points (interior):,24998, VRAM allocated:,93068288, VRAM reserved:,29100081152
Epoch:,1100,Training Loss:,4806881.733712192, Learning rate:,0.003325, Number of training points (boundary):,3498, Number of training points (interior):,24998, VRAM allocated:,93068288, VRAM reserved:,29100081152
Epoch:,1200,Training Loss:,14750.860653911372, Learning rate:,0.003325, Number of training points (boundary):,3498, Number of training points (interior):,24998, VRAM allocated:,93068288, VRAM reserved:,29100081152
Epoch:,1300,Training Loss:,1651046.6459219395, Learning rate:,0.003325, Number of training points (boundary):,3498, Number of training points (interior):,24998, VRAM allocated:,93068288, VRAM reserved:,29100081152
Epoch:,1400,Training Loss:,13840.188416398345, Learning rate:,0.003325, Number of training points (boundary):,3498, Number of training points (interior):,24998, VRAM allocated:,93068288, VRAM reserved:,29100081152
Epoch:,1500,Training Loss:,14163.22230889931, Learning rate:,0.003325, Number of training points (boundary):,3498, Number of training points (interior):,24998, VRAM allocated:,93068288, VRAM reserved:,29100081152
Epoch:,1600,Training Loss:,346494.41149456, Learning rate:,0.003325, Number of training points (boundary):,3498, Number of training points (interior):,24998, VRAM allocated:,93068288, VRAM reserved:,29100081152
Epoch:,1700,Training Loss:,13246.678949342062, Learning rate:,0.003325, Number of training points (boundary):,3498, Number of training points (interior):,24998, VRAM allocated:,93068288, VRAM reserved:,29100081152
Epoch:,1800,Training Loss:,13109.573728255176, Learning rate:,0.003325, Number of training points (boundary):,3498, Number of training points (interior):,24998, VRAM allocated:,93068288, VRAM reserved:,29100081152
Epoch:,1900,Training Loss:,13022.86370798349, Learning rate:,0.003325, Number of training points (boundary):,3498, Number of training points (interior):,24998, VRAM allocated:,93068288, VRAM reserved:,29100081152
Epoch:,2000,Training Loss:,12936.758138371937, Learning rate:,0.0031587499999999997, Number of training points (boundary):,3498, Number of training points (interior):,24998, VRAM allocated:,93068288, VRAM reserved:,29100081152
Epoch:,2100,Training Loss:,12677.837524890245, Learning rate:,0.0031587499999999997, Number of training points (boundary):,3498, Number of training points (interior):,24998, VRAM allocated:,93068288, VRAM reserved:,29100081152
Epoch:,2200,Training Loss:,12601.953131594144, Learning rate:,0.0031587499999999997, Number of training points (boundary):,3498, Number of training points (interior):,24998, VRAM allocated:,93068288, VRAM reserved:,29100081152
Epoch:,2300,Training Loss:,5628091.624662187, Learning rate:,0.0031587499999999997, Number of training points (boundary):,3498, Number of training points (interior):,24998, VRAM allocated:,93068288, VRAM reserved:,29100081152
Epoch:,2400,Training Loss:,12448.908240289955, Learning rate:,0.0031587499999999997, Number of training points (boundary):,3498, Number of training points (interior):,24998, VRAM allocated:,93068288, VRAM reserved:,29100081152
Epoch:,2500,Training Loss:,8457186891536.196, Learning rate:,0.0031587499999999997, Number of training points (boundary):,3498, Number of training points (interior):,24998, VRAM allocated:,93068288, VRAM reserved:,29100081152
Epoch:,2600,Training Loss:,12293.658994543139, Learning rate:,0.0031587499999999997, Number of training points (boundary):,3498, Number of training points (interior):,24998, VRAM allocated:,93068288, VRAM reserved:,29100081152
Epoch:,2700,Training Loss:,12217.374276804261, Learning rate:,0.0031587499999999997, Number of training points (boundary):,3498, Number of training points (interior):,24998, VRAM allocated:,93068288, VRAM reserved:,29100081152
Epoch:,2800,Training Loss:,12147.756514778568, Learning rate:,0.0031587499999999997, Number of training points (boundary):,3498, Number of training points (interior):,24998, VRAM allocated:,93068288, VRAM reserved:,29100081152
Epoch:,2900,Training Loss:,12075.711305681738, Learning rate:,0.0031587499999999997, Number of training points (boundary):,3498, Number of training points (interior):,24998, VRAM allocated:,93068288, VRAM reserved:,29100081152
Epoch:,3000,Training Loss:,12027.421543735558, Learning rate:,0.0030008124999999996, Number of training points (boundary):,3498, Number of training points (interior):,24998, VRAM allocated:,93068288, VRAM reserved:,29100081152
Epoch:,3100,Training Loss:,75659.22116832806, Learning rate:,0.0030008124999999996, Number of training points (boundary):,3498, Number of training points (interior):,24998, VRAM allocated:,93068288, VRAM reserved:,29100081152
Epoch:,3200,Training Loss:,9672.042587518416, Learning rate:,0.0030008124999999996, Number of training points (boundary):,3498, Number of training points (interior):,24998, VRAM allocated:,93068288, VRAM reserved:,29100081152
Epoch:,3300,Training Loss:,9613.71273293816, Learning rate:,0.0030008124999999996, Number of training points (boundary):,3498, Number of training points (interior):,24998, VRAM allocated:,93068288, VRAM reserved:,29100081152
Epoch:,3400,Training Loss:,9556.419036102872, Learning rate:,0.0030008124999999996, Number of training points (boundary):,3498, Number of training points (interior):,24998, VRAM allocated:,93068288, VRAM reserved:,29100081152
Epoch:,3500,Training Loss:,9546.434677953739, Learning rate:,0.0030008124999999996, Number of training points (boundary):,3498, Number of training points (interior):,24998, VRAM allocated:,93068288, VRAM reserved:,29100081152
Epoch:,3600,Training Loss:,282865.959522443, Learning rate:,0.0030008124999999996, Number of training points (boundary):,3498, Number of training points (interior):,24998, VRAM allocated:,93068288, VRAM reserved:,29100081152
Epoch:,3700,Training Loss:,196198.7772746673, Learning rate:,0.0030008124999999996, Number of training points (boundary):,3498, Number of training points (interior):,24998, VRAM allocated:,93068288, VRAM reserved:,29100081152
Epoch:,3800,Training Loss:,9370.821864771773, Learning rate:,0.0030008124999999996, Number of training points (boundary):,3498, Number of training points (interior):,24998, VRAM allocated:,93068288, VRAM reserved:,29100081152
Epoch:,3900,Training Loss:,9277.339243720187, Learning rate:,0.0030008124999999996, Number of training points (boundary):,3498, Number of training points (interior):,24998, VRAM allocated:,93068288, VRAM reserved:,29100081152
Epoch:,4000,Training Loss:,9215.28074076001, Learning rate:,0.0028507718749999993, Number of training points (boundary):,3498, Number of training points (interior):,24998, VRAM allocated:,93068288, VRAM reserved:,29100081152
Epoch:,4100,Training Loss:,9161.70782922782, Learning rate:,0.0028507718749999993, Number of training points (boundary):,3498, Number of training points (interior):,24998, VRAM allocated:,93068288, VRAM reserved:,29100081152
Epoch:,4200,Training Loss:,9109.144573435162, Learning rate:,0.0028507718749999993, Number of training points (boundary):,3498, Number of training points (interior):,24998, VRAM allocated:,93068288, VRAM reserved:,29100081152
Epoch:,4300,Training Loss:,9056.881633097832, Learning rate:,0.0028507718749999993, Number of training points (boundary):,3498, Number of training points (interior):,24998, VRAM allocated:,93068288, VRAM reserved:,29100081152
Epoch:,4400,Training Loss:,9004.916960441253, Learning rate:,0.0028507718749999993, Number of training points (boundary):,3498, Number of training points (interior):,24998, VRAM allocated:,93068288, VRAM reserved:,29100081152
Epoch:,4500,Training Loss:,8953.245520462895, Learning rate:,0.0028507718749999993, Number of training points (boundary):,3498, Number of training points (interior):,24998, VRAM allocated:,93068288, VRAM reserved:,29100081152
Epoch:,4600,Training Loss:,8901.866956344022, Learning rate:,0.0028507718749999993, Number of training points (boundary):,3498, Number of training points (interior):,24998, VRAM allocated:,93068288, VRAM reserved:,29100081152
Epoch:,4700,Training Loss:,8850.78349647237, Learning rate:,0.0028507718749999993, Number of training points (boundary):,3498, Number of training points (interior):,24998, VRAM allocated:,93068288, VRAM reserved:,29100081152
Epoch:,4800,Training Loss:,8800.006345838556, Learning rate:,0.0028507718749999993, Number of training points (boundary):,3498, Number of training points (interior):,24998, VRAM allocated:,93068288, VRAM reserved:,29100081152
Epoch:,4900,Training Loss:,8749.88842089666, Learning rate:,0.0028507718749999993, Number of training points (boundary):,3498, Number of training points (interior):,24998, VRAM allocated:,93068288, VRAM reserved:,29100081152
Epoch:,5000,Training Loss:,8699.641859559204, Learning rate:,0.0028507718749999993, Number of training points (boundary):,3498, Number of training points (interior):,24998, VRAM allocated:,93068288, VRAM reserved:,29100081152
Epoch:,5100,Training Loss:,8651.071894407802, Learning rate:,0.0028507718749999993, Number of training points (boundary):,3498, Number of training points (interior):,24998, VRAM allocated:,93068288, VRAM reserved:,29100081152
Epoch:,5200,Training Loss:,8609.09538870156, Learning rate:,0.0028507718749999993, Number of training points (boundary):,3498, Number of training points (interior):,24998, VRAM allocated:,93068288, VRAM reserved:,29100081152
Epoch:,5300,Training Loss:,8612.755155287978, Learning rate:,0.0028507718749999993, Number of training points (boundary):,3498, Number of training points (interior):,24998, VRAM allocated:,93068288, VRAM reserved:,29100081152
Epoch:,5400,Training Loss:,2379425490.7323265, Learning rate:,0.0028507718749999993, Number of training points (boundary):,3498, Number of training points (interior):,24998, VRAM allocated:,93068288, VRAM reserved:,29100081152
Epoch:,5500,Training Loss:,86608.74098125227, Learning rate:,0.0028507718749999993, Number of training points (boundary):,3498, Number of training points (interior):,24998, VRAM allocated:,93068288, VRAM reserved:,29100081152
Epoch:,5600,Training Loss:,2.287875644335473e+28, Learning rate:,0.0028507718749999993, Number of training points (boundary):,3498, Number of training points (interior):,24998, VRAM allocated:,93068288, VRAM reserved:,29100081152
Epoch:,5700,Training Loss:,54540.28604600635, Learning rate:,0.0028507718749999993, Number of training points (boundary):,3498, Number of training points (interior):,24998, VRAM allocated:,93068288, VRAM reserved:,29100081152
Epoch:,5800,Training Loss:,15289.176671905692, Learning rate:,0.0028507718749999993, Number of training points (boundary):,3498, Number of training points (interior):,24998, VRAM allocated:,93068288, VRAM reserved:,29100081152
Epoch:,5900,Training Loss:,35946412.4642008, Learning rate:,0.0028507718749999993, Number of training points (boundary):,3498, Number of training points (interior):,24998, VRAM allocated:,93068288, VRAM reserved:,29100081152
Epoch:,6000,Training Loss:,88143513924289.66, Learning rate:,0.0028507718749999993, Number of training points (boundary):,3498, Number of training points (interior):,24998, VRAM allocated:,93068288, VRAM reserved:,29100081152
Epoch:,6100,Training Loss:,14413.70497163829, Learning rate:,0.0028507718749999993, Number of training points (boundary):,3498, Number of training points (interior):,24998, VRAM allocated:,93068288, VRAM reserved:,29100081152
Epoch:,6200,Training Loss:,14324.390609025211, Learning rate:,0.0028507718749999993, Number of training points (boundary):,3498, Number of training points (interior):,24998, VRAM allocated:,93068288, VRAM reserved:,29100081152
Epoch:,6300,Training Loss:,14242.691222688005, Learning rate:,0.0028507718749999993, Number of training points (boundary):,3498, Number of training points (interior):,24998, VRAM allocated:,93068288, VRAM reserved:,29100081152
Epoch:,6400,Training Loss:,14161.93679843326, Learning rate:,0.0028507718749999993, Number of training points (boundary):,3498, Number of training points (interior):,24998, VRAM allocated:,93068288, VRAM reserved:,29100081152
Epoch:,6500,Training Loss:,14081.684064290512, Learning rate:,0.0028507718749999993, Number of training points (boundary):,3498, Number of training points (interior):,24998, VRAM allocated:,93068288, VRAM reserved:,29100081152
Epoch:,6600,Training Loss:,14001.80414053286, Learning rate:,0.0028507718749999993, Number of training points (boundary):,3498, Number of training points (interior):,24998, VRAM allocated:,93068288, VRAM reserved:,29100081152
Epoch:,6700,Training Loss:,13922.493670416045, Learning rate:,0.0028507718749999993, Number of training points (boundary):,3498, Number of training points (interior):,24998, VRAM allocated:,93068288, VRAM reserved:,29100081152
Epoch:,6800,Training Loss:,13846.300426630345, Learning rate:,0.0028507718749999993, Number of training points (boundary):,3498, Number of training points (interior):,24998, VRAM allocated:,93068288, VRAM reserved:,29100081152
Epoch:,6900,Training Loss:,14200.619087333422, Learning rate:,0.0028507718749999993, Number of training points (boundary):,3498, Number of training points (interior):,24998, VRAM allocated:,93068288, VRAM reserved:,29100081152
Epoch:,7000,Training Loss:,647238749064424.8, Learning rate:,0.0028507718749999993, Number of training points (boundary):,3498, Number of training points (interior):,24998, VRAM allocated:,93068288, VRAM reserved:,29100081152
Epoch:,7100,Training Loss:,13700845981.87355, Learning rate:,0.0028507718749999993, Number of training points (boundary):,3498, Number of training points (interior):,24998, VRAM allocated:,93068288, VRAM reserved:,29100081152
Epoch:,7200,Training Loss:,3501890.6519379895, Learning rate:,0.0028507718749999993, Number of training points (boundary):,3498, Number of training points (interior):,24998, VRAM allocated:,93068288, VRAM reserved:,29100081152
Epoch:,7300,Training Loss:,38319.083743777395, Learning rate:,0.0028507718749999993, Number of training points (boundary):,3498, Number of training points (interior):,24998, VRAM allocated:,93068288, VRAM reserved:,29100081152
Epoch:,7400,Training Loss:,35843.23034353278, Learning rate:,0.0028507718749999993, Number of training points (boundary):,3498, Number of training points (interior):,24998, VRAM allocated:,93068288, VRAM reserved:,29100081152
Epoch:,7500,Training Loss:,9170848.677674906, Learning rate:,0.0028507718749999993, Number of training points (boundary):,3498, Number of training points (interior):,24998, VRAM allocated:,93068288, VRAM reserved:,29100081152
Epoch:,7600,Training Loss:,13409.67770019294, Learning rate:,0.0028507718749999993, Number of training points (boundary):,3498, Number of training points (interior):,24998, VRAM allocated:,93068288, VRAM reserved:,29100081152
Epoch:,7700,Training Loss:,1324207.8558941388, Learning rate:,0.0028507718749999993, Number of training points (boundary):,3498, Number of training points (interior):,24998, VRAM allocated:,93068288, VRAM reserved:,29100081152
Epoch:,7800,Training Loss:,279546103358.62396, Learning rate:,0.0028507718749999993, Number of training points (boundary):,3498, Number of training points (interior):,24998, VRAM allocated:,93068288, VRAM reserved:,29100081152
Epoch:,7900,Training Loss:,17155.74262367709, Learning rate:,0.0028507718749999993, Number of training points (boundary):,3498, Number of training points (interior):,24998, VRAM allocated:,93068288, VRAM reserved:,29100081152
Epoch:,8000,Training Loss:,11410760.951046327, Learning rate:,0.0028507718749999993, Number of training points (boundary):,3498, Number of training points (interior):,24998, VRAM allocated:,93068288, VRAM reserved:,29100081152
Epoch:,8100,Training Loss:,7294179.893424006, Learning rate:,0.0028507718749999993, Number of training points (boundary):,3498, Number of training points (interior):,24998, VRAM allocated:,93068288, VRAM reserved:,29100081152
Epoch:,8200,Training Loss:,4.8428472132972415e+25, Learning rate:,0.0028507718749999993, Number of training points (boundary):,3498, Number of training points (interior):,24998, VRAM allocated:,93068288, VRAM reserved:,29100081152
Epoch:,8300,Training Loss:,12727.05996240754, Learning rate:,0.0028507718749999993, Number of training points (boundary):,3498, Number of training points (interior):,24998, VRAM allocated:,93068288, VRAM reserved:,29100081152
Epoch:,8400,Training Loss:,16605.052762323434, Learning rate:,0.0028507718749999993, Number of training points (boundary):,3498, Number of training points (interior):,24998, VRAM allocated:,93068288, VRAM reserved:,29100081152
Epoch:,8500,Training Loss:,149829429.13727888, Learning rate:,0.0028507718749999993, Number of training points (boundary):,3498, Number of training points (interior):,24998, VRAM allocated:,93068288, VRAM reserved:,29100081152
Epoch:,8600,Training Loss:,12680.922559196473, Learning rate:,0.0028507718749999993, Number of training points (boundary):,3498, Number of training points (interior):,24998, VRAM allocated:,93068288, VRAM reserved:,29100081152
Epoch:,8700,Training Loss:,12434.754356082654, Learning rate:,0.0028507718749999993, Number of training points (boundary):,3498, Number of training points (interior):,24998, VRAM allocated:,93068288, VRAM reserved:,29100081152
Epoch:,8800,Training Loss:,12525.608631899935, Learning rate:,0.0028507718749999993, Number of training points (boundary):,3498, Number of training points (interior):,24998, VRAM allocated:,93068288, VRAM reserved:,29100081152
Epoch:,8900,Training Loss:,35989883.99592611, Learning rate:,0.0028507718749999993, Number of training points (boundary):,3498, Number of training points (interior):,24998, VRAM allocated:,93068288, VRAM reserved:,29100081152
Epoch:,9000,Training Loss:,29632.18340654585, Learning rate:,0.0028507718749999993, Number of training points (boundary):,3498, Number of training points (interior):,24998, VRAM allocated:,93068288, VRAM reserved:,29100081152
Epoch:,9100,Training Loss:,12409.380811383871, Learning rate:,0.0028507718749999993, Number of training points (boundary):,3498, Number of training points (interior):,24998, VRAM allocated:,93068288, VRAM reserved:,29100081152
Epoch:,9200,Training Loss:,15066088182.485538, Learning rate:,0.0028507718749999993, Number of training points (boundary):,3498, Number of training points (interior):,24998, VRAM allocated:,93068288, VRAM reserved:,29100081152
Epoch:,9300,Training Loss:,44668044.282305725, Learning rate:,0.0028507718749999993, Number of training points (boundary):,3498, Number of training points (interior):,24998, VRAM allocated:,93068288, VRAM reserved:,29100081152
Epoch:,9400,Training Loss:,11951.70349123897, Learning rate:,0.0028507718749999993, Number of training points (boundary):,3498, Number of training points (interior):,24998, VRAM allocated:,93068288, VRAM reserved:,29100081152
Epoch:,9500,Training Loss:,11885.94303405053, Learning rate:,0.0028507718749999993, Number of training points (boundary):,3498, Number of training points (interior):,24998, VRAM allocated:,93068288, VRAM reserved:,29100081152
Epoch:,9600,Training Loss:,4269847.5089838365, Learning rate:,0.0028507718749999993, Number of training points (boundary):,3498, Number of training points (interior):,24998, VRAM allocated:,93068288, VRAM reserved:,29100081152
Epoch:,9700,Training Loss:,10865280679956.404, Learning rate:,0.0028507718749999993, Number of training points (boundary):,3498, Number of training points (interior):,24998, VRAM allocated:,93068288, VRAM reserved:,29100081152
Epoch:,9800,Training Loss:,14628375.298775943, Learning rate:,0.0028507718749999993, Number of training points (boundary):,3498, Number of training points (interior):,24998, VRAM allocated:,93068288, VRAM reserved:,29100081152
Epoch:,9900,Training Loss:,14086.95333893369, Learning rate:,0.0028507718749999993, Number of training points (boundary):,3498, Number of training points (interior):,24998, VRAM allocated:,93068288, VRAM reserved:,29100081152
Epoch:,10000,Training Loss:,21795.78031827345, Learning rate:,0.0028507718749999993, Number of training points (boundary):,3498, Number of training points (interior):,24998, VRAM allocated:,93068288, VRAM reserved:,29100081152
Epoch:,10100,Training Loss:,5514725862.783716, Learning rate:,0.0028507718749999993, Number of training points (boundary):,3498, Number of training points (interior):,24998, VRAM allocated:,93068288, VRAM reserved:,29100081152
Epoch:,10200,Training Loss:,6730812072230.852, Learning rate:,0.0028507718749999993, Number of training points (boundary):,3498, Number of training points (interior):,24998, VRAM allocated:,93068288, VRAM reserved:,29100081152
Epoch:,10300,Training Loss:,16553.26563599409, Learning rate:,0.0028507718749999993, Number of training points (boundary):,3498, Number of training points (interior):,24998, VRAM allocated:,93068288, VRAM reserved:,29100081152
Epoch:,10400,Training Loss:,219700.75367229866, Learning rate:,0.0028507718749999993, Number of training points (boundary):,3498, Number of training points (interior):,24998, VRAM allocated:,93068288, VRAM reserved:,29100081152
Epoch:,10500,Training Loss:,7451320.379349512, Learning rate:,0.0028507718749999993, Number of training points (boundary):,3498, Number of training points (interior):,24998, VRAM allocated:,93068288, VRAM reserved:,29100081152
Epoch:,10600,Training Loss:,39971984.6483605, Learning rate:,0.0028507718749999993, Number of training points (boundary):,3498, Number of training points (interior):,24998, VRAM allocated:,93068288, VRAM reserved:,29100081152
Epoch:,10700,Training Loss:,1789679272208.543, Learning rate:,0.0028507718749999993, Number of training points (boundary):,3498, Number of training points (interior):,24998, VRAM allocated:,93068288, VRAM reserved:,29100081152
Epoch:,10800,Training Loss:,318956648.41641957, Learning rate:,0.0028507718749999993, Number of training points (boundary):,3498, Number of training points (interior):,24998, VRAM allocated:,93068288, VRAM reserved:,29100081152
Epoch:,10900,Training Loss:,4893.022609358088, Learning rate:,0.0028507718749999993, Number of training points (boundary):,3498, Number of training points (interior):,24998, VRAM allocated:,93068288, VRAM reserved:,29100081152
Epoch:,11000,Training Loss:,11359858.510538854, Learning rate:,0.0028507718749999993, Number of training points (boundary):,3498, Number of training points (interior):,24998, VRAM allocated:,93068288, VRAM reserved:,29100081152
Epoch:,11100,Training Loss:,1.1395482622274537e+25, Learning rate:,0.0028507718749999993, Number of training points (boundary):,3498, Number of training points (interior):,24998, VRAM allocated:,93068288, VRAM reserved:,29100081152
Epoch:,11200,Training Loss:,4821.7600111898555, Learning rate:,0.0028507718749999993, Number of training points (boundary):,3498, Number of training points (interior):,24998, VRAM allocated:,93068288, VRAM reserved:,29100081152
Epoch:,11300,Training Loss:,96736.5970602245, Learning rate:,0.0028507718749999993, Number of training points (boundary):,3498, Number of training points (interior):,24998, VRAM allocated:,93068288, VRAM reserved:,29100081152
Epoch:,11400,Training Loss:,208716.56113363177, Learning rate:,0.0028507718749999993, Number of training points (boundary):,3498, Number of training points (interior):,24998, VRAM allocated:,93068288, VRAM reserved:,29100081152
Epoch:,11500,Training Loss:,9651.460740089911, Learning rate:,0.0028507718749999993, Number of training points (boundary):,3498, Number of training points (interior):,24998, VRAM allocated:,93068288, VRAM reserved:,29100081152
Epoch:,11600,Training Loss:,4625121.924122024, Learning rate:,0.0028507718749999993, Number of training points (boundary):,3498, Number of training points (interior):,24998, VRAM allocated:,93068288, VRAM reserved:,29100081152
Epoch:,11700,Training Loss:,20296297.332638368, Learning rate:,0.0028507718749999993, Number of training points (boundary):,3498, Number of training points (interior):,24998, VRAM allocated:,93068288, VRAM reserved:,29100081152
Epoch:,11800,Training Loss:,4556278671757.009, Learning rate:,0.0028507718749999993, Number of training points (boundary):,3498, Number of training points (interior):,24998, VRAM allocated:,93068288, VRAM reserved:,29100081152
Epoch:,11900,Training Loss:,4620.301618692279, Learning rate:,0.0028507718749999993, Number of training points (boundary):,3498, Number of training points (interior):,24998, VRAM allocated:,93068288, VRAM reserved:,29100081152
Epoch:,12000,Training Loss:,496043383788.82324, Learning rate:,0.0028507718749999993, Number of training points (boundary):,3498, Number of training points (interior):,24998, VRAM allocated:,93068288, VRAM reserved:,29100081152
Epoch:,12100,Training Loss:,1004108704.4133315, Learning rate:,0.0028507718749999993, Number of training points (boundary):,3498, Number of training points (interior):,24998, VRAM allocated:,93068288, VRAM reserved:,29100081152
Epoch:,12200,Training Loss:,1030657.016821559, Learning rate:,0.0028507718749999993, Number of training points (boundary):,3498, Number of training points (interior):,24998, VRAM allocated:,93068288, VRAM reserved:,29100081152
Epoch:,12300,Training Loss:,4497.402907194674, Learning rate:,0.0028507718749999993, Number of training points (boundary):,3498, Number of training points (interior):,24998, VRAM allocated:,93068288, VRAM reserved:,29100081152
Epoch:,12400,Training Loss:,4472.582294299268, Learning rate:,0.0028507718749999993, Number of training points (boundary):,3498, Number of training points (interior):,24998, VRAM allocated:,93068288, VRAM reserved:,29100081152
Epoch:,12500,Training Loss:,73227310552.75519, Learning rate:,0.0028507718749999993, Number of training points (boundary):,3498, Number of training points (interior):,24998, VRAM allocated:,93068288, VRAM reserved:,29100081152
Epoch:,12600,Training Loss:,2.287063664924497e+30, Learning rate:,0.0028507718749999993, Number of training points (boundary):,3498, Number of training points (interior):,24998, VRAM allocated:,93068288, VRAM reserved:,29100081152
Epoch:,12700,Training Loss:,4399.843902656189, Learning rate:,0.0028507718749999993, Number of training points (boundary):,3498, Number of training points (interior):,24998, VRAM allocated:,93068288, VRAM reserved:,29100081152
Epoch:,12800,Training Loss:,13392715286961.354, Learning rate:,0.0028507718749999993, Number of training points (boundary):,3498, Number of training points (interior):,24998, VRAM allocated:,93068288, VRAM reserved:,29100081152
Epoch:,12900,Training Loss:,11295933.586339269, Learning rate:,0.0028507718749999993, Number of training points (boundary):,3498, Number of training points (interior):,24998, VRAM allocated:,93068288, VRAM reserved:,29100081152
Epoch:,13000,Training Loss:,3.946599639427621e+25, Learning rate:,0.0028507718749999993, Number of training points (boundary):,3498, Number of training points (interior):,24998, VRAM allocated:,93068288, VRAM reserved:,29100081152
Epoch:,13100,Training Loss:,4315.725343936075, Learning rate:,0.0028507718749999993, Number of training points (boundary):,3498, Number of training points (interior):,24998, VRAM allocated:,93068288, VRAM reserved:,29100081152
Epoch:,13200,Training Loss:,4.1335543253962414e+23, Learning rate:,0.0028507718749999993, Number of training points (boundary):,3498, Number of training points (interior):,24998, VRAM allocated:,93068288, VRAM reserved:,29100081152
Epoch:,13300,Training Loss:,4924.235258081331, Learning rate:,0.0028507718749999993, Number of training points (boundary):,3498, Number of training points (interior):,24998, VRAM allocated:,93068288, VRAM reserved:,29100081152
Epoch:,13400,Training Loss:,4236.501378778703, Learning rate:,0.0028507718749999993, Number of training points (boundary):,3498, Number of training points (interior):,24998, VRAM allocated:,93068288, VRAM reserved:,29100081152
Epoch:,13500,Training Loss:,4563.703118930954, Learning rate:,0.0028507718749999993, Number of training points (boundary):,3498, Number of training points (interior):,24998, VRAM allocated:,93068288, VRAM reserved:,29100081152
Epoch:,13600,Training Loss:,4186.952816009325, Learning rate:,0.0028507718749999993, Number of training points (boundary):,3498, Number of training points (interior):,24998, VRAM allocated:,93068288, VRAM reserved:,29100081152
Epoch:,13700,Training Loss:,4180.907649506053, Learning rate:,0.0028507718749999993, Number of training points (boundary):,3498, Number of training points (interior):,24998, VRAM allocated:,93068288, VRAM reserved:,29100081152
Epoch:,13800,Training Loss:,4142.284832074083, Learning rate:,0.0028507718749999993, Number of training points (boundary):,3498, Number of training points (interior):,24998, VRAM allocated:,93068288, VRAM reserved:,29100081152
Epoch:,13900,Training Loss:,4205.225575603139, Learning rate:,0.0028507718749999993, Number of training points (boundary):,3498, Number of training points (interior):,24998, VRAM allocated:,93068288, VRAM reserved:,29100081152
Epoch:,14000,Training Loss:,3485799178.4657307, Learning rate:,0.0028507718749999993, Number of training points (boundary):,3498, Number of training points (interior):,24998, VRAM allocated:,93068288, VRAM reserved:,29100081152
Epoch:,14100,Training Loss:,4073.9046709387926, Learning rate:,0.0028507718749999993, Number of training points (boundary):,3498, Number of training points (interior):,24998, VRAM allocated:,93068288, VRAM reserved:,29100081152
Epoch:,14200,Training Loss:,4051.748486515156, Learning rate:,0.0028507718749999993, Number of training points (boundary):,3498, Number of training points (interior):,24998, VRAM allocated:,93068288, VRAM reserved:,29100081152
Epoch:,14300,Training Loss:,24154.7167578818, Learning rate:,0.0028507718749999993, Number of training points (boundary):,3498, Number of training points (interior):,24998, VRAM allocated:,93068288, VRAM reserved:,29100081152
Epoch:,14400,Training Loss:,4006.8445396696725, Learning rate:,0.0028507718749999993, Number of training points (boundary):,3498, Number of training points (interior):,24998, VRAM allocated:,93068288, VRAM reserved:,29100081152
Epoch:,14500,Training Loss:,4412.8451360648105, Learning rate:,0.0028507718749999993, Number of training points (boundary):,3498, Number of training points (interior):,24998, VRAM allocated:,93068288, VRAM reserved:,29100081152
Epoch:,14600,Training Loss:,15219.586293345641, Learning rate:,0.0028507718749999993, Number of training points (boundary):,3498, Number of training points (interior):,24998, VRAM allocated:,93068288, VRAM reserved:,29100081152
Epoch:,14700,Training Loss:,8726250255.91669, Learning rate:,0.0028507718749999993, Number of training points (boundary):,3498, Number of training points (interior):,24998, VRAM allocated:,93068288, VRAM reserved:,29100081152
Epoch:,14800,Training Loss:,8410.835300929628, Learning rate:,0.0028507718749999993, Number of training points (boundary):,3498, Number of training points (interior):,24998, VRAM allocated:,93068288, VRAM reserved:,29100081152
Epoch:,14900,Training Loss:,8377.835752925026, Learning rate:,0.0028507718749999993, Number of training points (boundary):,3498, Number of training points (interior):,24998, VRAM allocated:,93068288, VRAM reserved:,29100081152
Epoch:,15000,Training Loss:,8322.63132965821, Learning rate:,0.0028507718749999993, Number of training points (boundary):,3498, Number of training points (interior):,24998, VRAM allocated:,93068288, VRAM reserved:,29100081152
Epoch:,15100,Training Loss:,45134.431495258956, Learning rate:,0.0028507718749999993, Number of training points (boundary):,3498, Number of training points (interior):,24998, VRAM allocated:,93068288, VRAM reserved:,29100081152
Epoch:,15200,Training Loss:,8228.085832192328, Learning rate:,0.0028507718749999993, Number of training points (boundary):,3498, Number of training points (interior):,24998, VRAM allocated:,93068288, VRAM reserved:,29100081152
Epoch:,15300,Training Loss:,8181.2227351938, Learning rate:,0.0028507718749999993, Number of training points (boundary):,3498, Number of training points (interior):,24998, VRAM allocated:,93068288, VRAM reserved:,29100081152
Epoch:,15400,Training Loss:,3793973601.298612, Learning rate:,0.0028507718749999993, Number of training points (boundary):,3498, Number of training points (interior):,24998, VRAM allocated:,93068288, VRAM reserved:,29100081152
Epoch:,15500,Training Loss:,8089.29991525152, Learning rate:,0.0028507718749999993, Number of training points (boundary):,3498, Number of training points (interior):,24998, VRAM allocated:,93068288, VRAM reserved:,29100081152
Epoch:,15600,Training Loss:,205245092.6922233, Learning rate:,0.0028507718749999993, Number of training points (boundary):,3498, Number of training points (interior):,24998, VRAM allocated:,93068288, VRAM reserved:,29100081152
Epoch:,15700,Training Loss:,1688430.8403733578, Learning rate:,0.0028507718749999993, Number of training points (boundary):,3498, Number of training points (interior):,24998, VRAM allocated:,93068288, VRAM reserved:,29100081152
Epoch:,15800,Training Loss:,51651855.776372254, Learning rate:,0.0028507718749999993, Number of training points (boundary):,3498, Number of training points (interior):,24998, VRAM allocated:,93068288, VRAM reserved:,29100081152
Epoch:,15900,Training Loss:,7988.062813909848, Learning rate:,0.0028507718749999993, Number of training points (boundary):,3498, Number of training points (interior):,24998, VRAM allocated:,93068288, VRAM reserved:,29100081152
Epoch:,16000,Training Loss:,9.910830080091963e+16, Learning rate:,0.0028507718749999993, Number of training points (boundary):,3498, Number of training points (interior):,24998, VRAM allocated:,93068288, VRAM reserved:,29100081152
Epoch:,16100,Training Loss:,849420440.4336014, Learning rate:,0.0028507718749999993, Number of training points (boundary):,3498, Number of training points (interior):,24998, VRAM allocated:,93068288, VRAM reserved:,29100081152
Epoch:,16200,Training Loss:,8265469.097382541, Learning rate:,0.0028507718749999993, Number of training points (boundary):,3498, Number of training points (interior):,24998, VRAM allocated:,93068288, VRAM reserved:,29100081152
Epoch:,16300,Training Loss:,7725.08954549476, Learning rate:,0.0028507718749999993, Number of training points (boundary):,3498, Number of training points (interior):,24998, VRAM allocated:,93068288, VRAM reserved:,29100081152
Epoch:,16400,Training Loss:,7681.338570438387, Learning rate:,0.0028507718749999993, Number of training points (boundary):,3498, Number of training points (interior):,24998, VRAM allocated:,93068288, VRAM reserved:,29100081152
Epoch:,16500,Training Loss:,7734.2043203552375, Learning rate:,0.0028507718749999993, Number of training points (boundary):,3498, Number of training points (interior):,24998, VRAM allocated:,93068288, VRAM reserved:,29100081152
Epoch:,16600,Training Loss:,7588.448616602789, Learning rate:,0.0028507718749999993, Number of training points (boundary):,3498, Number of training points (interior):,24998, VRAM allocated:,93068288, VRAM reserved:,29100081152
Epoch:,16700,Training Loss:,2392398.2574827615, Learning rate:,0.0028507718749999993, Number of training points (boundary):,3498, Number of training points (interior):,24998, VRAM allocated:,93068288, VRAM reserved:,29100081152
Epoch:,16800,Training Loss:,7498.432521104277, Learning rate:,0.0028507718749999993, Number of training points (boundary):,3498, Number of training points (interior):,24998, VRAM allocated:,93068288, VRAM reserved:,29100081152
Epoch:,16900,Training Loss:,7575.780578846757, Learning rate:,0.0028507718749999993, Number of training points (boundary):,3498, Number of training points (interior):,24998, VRAM allocated:,93068288, VRAM reserved:,29100081152
Epoch:,17000,Training Loss:,7412.324536141075, Learning rate:,0.0028507718749999993, Number of training points (boundary):,3498, Number of training points (interior):,24998, VRAM allocated:,93068288, VRAM reserved:,29100081152
Epoch:,17100,Training Loss:,96484.09741944482, Learning rate:,0.0028507718749999993, Number of training points (boundary):,3498, Number of training points (interior):,24998, VRAM allocated:,93068288, VRAM reserved:,29100081152
Epoch:,17200,Training Loss:,5243596975.251134, Learning rate:,0.0028507718749999993, Number of training points (boundary):,3498, Number of training points (interior):,24998, VRAM allocated:,93068288, VRAM reserved:,29100081152
Epoch:,17300,Training Loss:,7285.970372417717, Learning rate:,0.0028507718749999993, Number of training points (boundary):,3498, Number of training points (interior):,24998, VRAM allocated:,93068288, VRAM reserved:,29100081152
Epoch:,17400,Training Loss:,195189.6799928128, Learning rate:,0.0028507718749999993, Number of training points (boundary):,3498, Number of training points (interior):,24998, VRAM allocated:,93068288, VRAM reserved:,29100081152
Epoch:,17500,Training Loss:,9245.743014171587, Learning rate:,0.0028507718749999993, Number of training points (boundary):,3498, Number of training points (interior):,24998, VRAM allocated:,93068288, VRAM reserved:,29100081152
Epoch:,17600,Training Loss:,7164.351890044567, Learning rate:,0.0028507718749999993, Number of training points (boundary):,3498, Number of training points (interior):,24998, VRAM allocated:,93068288, VRAM reserved:,29100081152
Epoch:,17700,Training Loss:,38991.555857657615, Learning rate:,0.0028507718749999993, Number of training points (boundary):,3498, Number of training points (interior):,24998, VRAM allocated:,93068288, VRAM reserved:,29100081152
Epoch:,17800,Training Loss:,827959.0627216124, Learning rate:,0.0028507718749999993, Number of training points (boundary):,3498, Number of training points (interior):,24998, VRAM allocated:,93068288, VRAM reserved:,29100081152
Epoch:,17900,Training Loss:,7035.379695428675, Learning rate:,0.0028507718749999993, Number of training points (boundary):,3498, Number of training points (interior):,24998, VRAM allocated:,93068288, VRAM reserved:,29100081152
Epoch:,18000,Training Loss:,7155.348870396517, Learning rate:,0.0028507718749999993, Number of training points (boundary):,3498, Number of training points (interior):,24998, VRAM allocated:,93068288, VRAM reserved:,29100081152
Epoch:,18100,Training Loss:,13203.389394575417, Learning rate:,0.0028507718749999993, Number of training points (boundary):,3498, Number of training points (interior):,24998, VRAM allocated:,93068288, VRAM reserved:,29100081152
Epoch:,18200,Training Loss:,6914.225945963579, Learning rate:,0.0028507718749999993, Number of training points (boundary):,3498, Number of training points (interior):,24998, VRAM allocated:,93068288, VRAM reserved:,29100081152
Epoch:,18300,Training Loss:,6893.0823216137205, Learning rate:,0.0028507718749999993, Number of training points (boundary):,3498, Number of training points (interior):,24998, VRAM allocated:,93068288, VRAM reserved:,29100081152
Epoch:,18400,Training Loss:,6557.659157879728, Learning rate:,0.0028507718749999993, Number of training points (boundary):,3498, Number of training points (interior):,24998, VRAM allocated:,93068288, VRAM reserved:,29100081152
Epoch:,18500,Training Loss:,99079.60903939501, Learning rate:,0.0028507718749999993, Number of training points (boundary):,3498, Number of training points (interior):,24998, VRAM allocated:,93068288, VRAM reserved:,29100081152
Epoch:,18600,Training Loss:,106996083705.63863, Learning rate:,0.0028507718749999993, Number of training points (boundary):,3498, Number of training points (interior):,24998, VRAM allocated:,93068288, VRAM reserved:,29100081152
Epoch:,18700,Training Loss:,5.344945630376626e+19, Learning rate:,0.0028507718749999993, Number of training points (boundary):,3498, Number of training points (interior):,24998, VRAM allocated:,93068288, VRAM reserved:,29100081152
Epoch:,18800,Training Loss:,144535.1157302072, Learning rate:,0.0028507718749999993, Number of training points (boundary):,3498, Number of training points (interior):,24998, VRAM allocated:,93068288, VRAM reserved:,29100081152
Epoch:,18900,Training Loss:,35241247654.32003, Learning rate:,0.0028507718749999993, Number of training points (boundary):,3498, Number of training points (interior):,24998, VRAM allocated:,93068288, VRAM reserved:,29100081152
Epoch:,19000,Training Loss:,17913615173603.363, Learning rate:,0.0028507718749999993, Number of training points (boundary):,3498, Number of training points (interior):,24998, VRAM allocated:,93068288, VRAM reserved:,29100081152
Epoch:,19100,Training Loss:,174605891692.74365, Learning rate:,0.0028507718749999993, Number of training points (boundary):,3498, Number of training points (interior):,24998, VRAM allocated:,93068288, VRAM reserved:,29100081152
Epoch:,19200,Training Loss:,71014.44657037307, Learning rate:,0.0028507718749999993, Number of training points (boundary):,3498, Number of training points (interior):,24998, VRAM allocated:,93068288, VRAM reserved:,29100081152
Epoch:,19300,Training Loss:,426827030436993.25, Learning rate:,0.0028507718749999993, Number of training points (boundary):,3498, Number of training points (interior):,24998, VRAM allocated:,93068288, VRAM reserved:,29100081152
Epoch:,19400,Training Loss:,31028701.556603517, Learning rate:,0.0028507718749999993, Number of training points (boundary):,3498, Number of training points (interior):,24998, VRAM allocated:,93068288, VRAM reserved:,29100081152
Epoch:,19500,Training Loss:,433191.21097699564, Learning rate:,0.0028507718749999993, Number of training points (boundary):,3498, Number of training points (interior):,24998, VRAM allocated:,93068288, VRAM reserved:,29100081152
Epoch:,19600,Training Loss:,24396909.913099, Learning rate:,0.0028507718749999993, Number of training points (boundary):,3498, Number of training points (interior):,24998, VRAM allocated:,93068288, VRAM reserved:,29100081152
Epoch:,19700,Training Loss:,34059699456473.527, Learning rate:,0.0028507718749999993, Number of training points (boundary):,3498, Number of training points (interior):,24998, VRAM allocated:,93068288, VRAM reserved:,29100081152
Epoch:,19800,Training Loss:,9.657053676913208e+17, Learning rate:,0.0028507718749999993, Number of training points (boundary):,3498, Number of training points (interior):,24998, VRAM allocated:,93068288, VRAM reserved:,29100081152
Epoch:,19900,Training Loss:,1456606747.6118784, Learning rate:,0.0028507718749999993, Number of training points (boundary):,3498, Number of training points (interior):,24998, VRAM allocated:,93068288, VRAM reserved:,29100081152
Epoch:,20000,Training Loss:,2329666.956337453, Learning rate:,0.0028507718749999993, Number of training points (boundary):,3498, Number of training points (interior):,24998, VRAM allocated:,93068288, VRAM reserved:,29100081152
Epoch:,20100,Training Loss:,50289929.95105265, Learning rate:,0.0028507718749999993, Number of training points (boundary):,3498, Number of training points (interior):,24998, VRAM allocated:,93068288, VRAM reserved:,29100081152
Epoch:,20200,Training Loss:,422078.48338114703, Learning rate:,0.0028507718749999993, Number of training points (boundary):,3498, Number of training points (interior):,24998, VRAM allocated:,93068288, VRAM reserved:,29100081152
Epoch:,20300,Training Loss:,108907589.29498342, Learning rate:,0.0028507718749999993, Number of training points (boundary):,3498, Number of training points (interior):,24998, VRAM allocated:,93068288, VRAM reserved:,29100081152
Epoch:,20400,Training Loss:,252220684.9457963, Learning rate:,0.0028507718749999993, Number of training points (boundary):,3498, Number of training points (interior):,24998, VRAM allocated:,93068288, VRAM reserved:,29100081152
Epoch:,20500,Training Loss:,72972955.82444306, Learning rate:,0.0028507718749999993, Number of training points (boundary):,3498, Number of training points (interior):,24998, VRAM allocated:,93068288, VRAM reserved:,29100081152
Epoch:,20600,Training Loss:,15545894249.686956, Learning rate:,0.0028507718749999993, Number of training points (boundary):,3498, Number of training points (interior):,24998, VRAM allocated:,93068288, VRAM reserved:,29100081152
Epoch:,20700,Training Loss:,5955.412056253823, Learning rate:,0.0028507718749999993, Number of training points (boundary):,3498, Number of training points (interior):,24998, VRAM allocated:,93068288, VRAM reserved:,29100081152
Epoch:,20800,Training Loss:,5383.68705424814, Learning rate:,0.0028507718749999993, Number of training points (boundary):,3498, Number of training points (interior):,24998, VRAM allocated:,93068288, VRAM reserved:,29100081152
Epoch:,20900,Training Loss:,5358.668642047686, Learning rate:,0.0028507718749999993, Number of training points (boundary):,3498, Number of training points (interior):,24998, VRAM allocated:,93068288, VRAM reserved:,29100081152
Epoch:,21000,Training Loss:,5544.959348763696, Learning rate:,0.0028507718749999993, Number of training points (boundary):,3498, Number of training points (interior):,24998, VRAM allocated:,93068288, VRAM reserved:,29100081152
Epoch:,21100,Training Loss:,6727347360703.866, Learning rate:,0.0028507718749999993, Number of training points (boundary):,3498, Number of training points (interior):,24998, VRAM allocated:,93068288, VRAM reserved:,29100081152
Epoch:,21200,Training Loss:,7.348432066653691e+26, Learning rate:,0.0028507718749999993, Number of training points (boundary):,3498, Number of training points (interior):,24998, VRAM allocated:,93068288, VRAM reserved:,29100081152
Epoch:,21300,Training Loss:,26590182110.206974, Learning rate:,0.0028507718749999993, Number of training points (boundary):,3498, Number of training points (interior):,24998, VRAM allocated:,93068288, VRAM reserved:,29100081152
Epoch:,21400,Training Loss:,2613335682.5405016, Learning rate:,0.0028507718749999993, Number of training points (boundary):,3498, Number of training points (interior):,24998, VRAM allocated:,93068288, VRAM reserved:,29100081152
Epoch:,21500,Training Loss:,26284430.83776394, Learning rate:,0.0028507718749999993, Number of training points (boundary):,3498, Number of training points (interior):,24998, VRAM allocated:,93068288, VRAM reserved:,29100081152
Epoch:,21600,Training Loss:,235866842.63235262, Learning rate:,0.0028507718749999993, Number of training points (boundary):,3498, Number of training points (interior):,24998, VRAM allocated:,93068288, VRAM reserved:,29100081152
Epoch:,21700,Training Loss:,65899322764738.45, Learning rate:,0.0028507718749999993, Number of training points (boundary):,3498, Number of training points (interior):,24998, VRAM allocated:,93068288, VRAM reserved:,29100081152
Epoch:,21800,Training Loss:,4.2804245485859994e+17, Learning rate:,0.0028507718749999993, Number of training points (boundary):,3498, Number of training points (interior):,24998, VRAM allocated:,93068288, VRAM reserved:,29100081152
Epoch:,21900,Training Loss:,1551462987699.7632, Learning rate:,0.0028507718749999993, Number of training points (boundary):,3498, Number of training points (interior):,24998, VRAM allocated:,93068288, VRAM reserved:,29100081152
Epoch:,22000,Training Loss:,117297306056316.16, Learning rate:,0.0028507718749999993, Number of training points (boundary):,3498, Number of training points (interior):,24998, VRAM allocated:,93068288, VRAM reserved:,29100081152
Epoch:,22100,Training Loss:,4.1854795268929e+22, Learning rate:,0.0028507718749999993, Number of training points (boundary):,3498, Number of training points (interior):,24998, VRAM allocated:,93068288, VRAM reserved:,29100081152
Epoch:,22200,Training Loss:,114915157865.71448, Learning rate:,0.0028507718749999993, Number of training points (boundary):,3498, Number of training points (interior):,24998, VRAM allocated:,93068288, VRAM reserved:,29100081152
Epoch:,22300,Training Loss:,11805902212213.496, Learning rate:,0.0028507718749999993, Number of training points (boundary):,3498, Number of training points (interior):,24998, VRAM allocated:,93068288, VRAM reserved:,29100081152
Epoch:,22400,Training Loss:,2.04407937578027e+18, Learning rate:,0.0028507718749999993, Number of training points (boundary):,3498, Number of training points (interior):,24998, VRAM allocated:,93068288, VRAM reserved:,29100081152
Epoch:,22500,Training Loss:,3.2338207457860256e+16, Learning rate:,0.0028507718749999993, Number of training points (boundary):,3498, Number of training points (interior):,24998, VRAM allocated:,93068288, VRAM reserved:,29100081152
Epoch:,22600,Training Loss:,389834557284.04236, Learning rate:,0.0028507718749999993, Number of training points (boundary):,3498, Number of training points (interior):,24998, VRAM allocated:,93068288, VRAM reserved:,29100081152
Epoch:,22700,Training Loss:,2782106.4864091584, Learning rate:,0.0028507718749999993, Number of training points (boundary):,3498, Number of training points (interior):,24998, VRAM allocated:,93068288, VRAM reserved:,29100081152
Epoch:,22800,Training Loss:,27071351191394.89, Learning rate:,0.0028507718749999993, Number of training points (boundary):,3498, Number of training points (interior):,24998, VRAM allocated:,93068288, VRAM reserved:,29100081152
Epoch:,22900,Training Loss:,7735151.708321761, Learning rate:,0.0028507718749999993, Number of training points (boundary):,3498, Number of training points (interior):,24998, VRAM allocated:,93068288, VRAM reserved:,29100081152
Epoch:,23000,Training Loss:,895421747.0479302, Learning rate:,0.0028507718749999993, Number of training points (boundary):,3498, Number of training points (interior):,24998, VRAM allocated:,93068288, VRAM reserved:,29100081152
Epoch:,23100,Training Loss:,378594.2403054394, Learning rate:,0.0028507718749999993, Number of training points (boundary):,3498, Number of training points (interior):,24998, VRAM allocated:,93068288, VRAM reserved:,29100081152
Epoch:,23200,Training Loss:,545640564341.5022, Learning rate:,0.0028507718749999993, Number of training points (boundary):,3498, Number of training points (interior):,24998, VRAM allocated:,93068288, VRAM reserved:,29100081152
Epoch:,23300,Training Loss:,16105227598.829685, Learning rate:,0.0028507718749999993, Number of training points (boundary):,3498, Number of training points (interior):,24998, VRAM allocated:,93068288, VRAM reserved:,29100081152
Epoch:,23400,Training Loss:,6633489112371.674, Learning rate:,0.0028507718749999993, Number of training points (boundary):,3498, Number of training points (interior):,24998, VRAM allocated:,93068288, VRAM reserved:,29100081152
Epoch:,23500,Training Loss:,1.1583189277704475e+17, Learning rate:,0.0028507718749999993, Number of training points (boundary):,3498, Number of training points (interior):,24998, VRAM allocated:,93068288, VRAM reserved:,29100081152
Epoch:,23600,Training Loss:,4990.512061359392, Learning rate:,0.0028507718749999993, Number of training points (boundary):,3498, Number of training points (interior):,24998, VRAM allocated:,93068288, VRAM reserved:,29100081152
Epoch:,23700,Training Loss:,4822.442311332276, Learning rate:,0.0028507718749999993, Number of training points (boundary):,3498, Number of training points (interior):,24998, VRAM allocated:,93068288, VRAM reserved:,29100081152
Epoch:,23800,Training Loss:,4795.11604378027, Learning rate:,0.0028507718749999993, Number of training points (boundary):,3498, Number of training points (interior):,24998, VRAM allocated:,93068288, VRAM reserved:,29100081152
Epoch:,23900,Training Loss:,4767.964068071282, Learning rate:,0.0028507718749999993, Number of training points (boundary):,3498, Number of training points (interior):,24998, VRAM allocated:,93068288, VRAM reserved:,29100081152
Epoch:,24000,Training Loss:,4740.9518976935915, Learning rate:,0.0028507718749999993, Number of training points (boundary):,3498, Number of training points (interior):,24998, VRAM allocated:,93068288, VRAM reserved:,29100081152
Epoch:,24100,Training Loss:,4714.112460503419, Learning rate:,0.0028507718749999993, Number of training points (boundary):,3498, Number of training points (interior):,24998, VRAM allocated:,93068288, VRAM reserved:,29100081152
Epoch:,24200,Training Loss:,4687.425279846298, Learning rate:,0.0028507718749999993, Number of training points (boundary):,3498, Number of training points (interior):,24998, VRAM allocated:,93068288, VRAM reserved:,29100081152
Epoch:,24300,Training Loss:,4660.774059623345, Learning rate:,0.0028507718749999993, Number of training points (boundary):,3498, Number of training points (interior):,24998, VRAM allocated:,93068288, VRAM reserved:,29100081152
Epoch:,24400,Training Loss:,4631.9449810014, Learning rate:,0.0028507718749999993, Number of training points (boundary):,3498, Number of training points (interior):,24998, VRAM allocated:,93068288, VRAM reserved:,29100081152
Epoch:,24500,Training Loss:,4606.6574908953135, Learning rate:,0.0028507718749999993, Number of training points (boundary):,3498, Number of training points (interior):,24998, VRAM allocated:,93068288, VRAM reserved:,29100081152
Epoch:,24600,Training Loss:,5265155.33891879, Learning rate:,0.0028507718749999993, Number of training points (boundary):,3498, Number of training points (interior):,24998, VRAM allocated:,93068288, VRAM reserved:,29100081152
Epoch:,24700,Training Loss:,4615.526705079316, Learning rate:,0.0028507718749999993, Number of training points (boundary):,3498, Number of training points (interior):,24998, VRAM allocated:,93068288, VRAM reserved:,29100081152
Epoch:,24800,Training Loss:,4529.824981330614, Learning rate:,0.0028507718749999993, Number of training points (boundary):,3498, Number of training points (interior):,24998, VRAM allocated:,93068288, VRAM reserved:,29100081152
Epoch:,24900,Training Loss:,4504.45601849564, Learning rate:,0.0028507718749999993, Number of training points (boundary):,3498, Number of training points (interior):,24998, VRAM allocated:,93068288, VRAM reserved:,29100081152
Epoch:,25000,Training Loss:,19500.554578420382, Learning rate:,0.0028507718749999993, Number of training points (boundary):,3498, Number of training points (interior):,24998, VRAM allocated:,93068288, VRAM reserved:,29100081152
Epoch:,25100,Training Loss:,4461.70259584007, Learning rate:,0.0028507718749999993, Number of training points (boundary):,3498, Number of training points (interior):,24998, VRAM allocated:,93068288, VRAM reserved:,29100081152
Epoch:,25200,Training Loss:,4428.396626690881, Learning rate:,0.0028507718749999993, Number of training points (boundary):,3498, Number of training points (interior):,24998, VRAM allocated:,93068288, VRAM reserved:,29100081152
Epoch:,25300,Training Loss:,4403.358252180695, Learning rate:,0.0028507718749999993, Number of training points (boundary):,3498, Number of training points (interior):,24998, VRAM allocated:,93068288, VRAM reserved:,29100081152
Epoch:,25400,Training Loss:,4378.629470988588, Learning rate:,0.0028507718749999993, Number of training points (boundary):,3498, Number of training points (interior):,24998, VRAM allocated:,93068288, VRAM reserved:,29100081152
Epoch:,25500,Training Loss:,1665719793.0541213, Learning rate:,0.0028507718749999993, Number of training points (boundary):,3498, Number of training points (interior):,24998, VRAM allocated:,93068288, VRAM reserved:,29100081152
Epoch:,25600,Training Loss:,4317.031361710478, Learning rate:,0.0028507718749999993, Number of training points (boundary):,3498, Number of training points (interior):,24998, VRAM allocated:,93068288, VRAM reserved:,29100081152
Epoch:,25700,Training Loss:,4292.386757585638, Learning rate:,0.0028507718749999993, Number of training points (boundary):,3498, Number of training points (interior):,24998, VRAM allocated:,93068288, VRAM reserved:,29100081152
Epoch:,25800,Training Loss:,48394774344810.01, Learning rate:,0.0028507718749999993, Number of training points (boundary):,3498, Number of training points (interior):,24998, VRAM allocated:,93068288, VRAM reserved:,29100081152
Epoch:,25900,Training Loss:,4243.915516530608, Learning rate:,0.0028507718749999993, Number of training points (boundary):,3498, Number of training points (interior):,24998, VRAM allocated:,93068288, VRAM reserved:,29100081152
Epoch:,26000,Training Loss:,4219.93063372134, Learning rate:,0.0028507718749999993, Number of training points (boundary):,3498, Number of training points (interior):,24998, VRAM allocated:,93068288, VRAM reserved:,29100081152
Epoch:,26100,Training Loss:,4196.585404228096, Learning rate:,0.0028507718749999993, Number of training points (boundary):,3498, Number of training points (interior):,24998, VRAM allocated:,93068288, VRAM reserved:,29100081152
Epoch:,26200,Training Loss:,4180.82013798105, Learning rate:,0.0028507718749999993, Number of training points (boundary):,3498, Number of training points (interior):,24998, VRAM allocated:,93068288, VRAM reserved:,29100081152
Epoch:,26300,Training Loss:,4734.098081556342, Learning rate:,0.0028507718749999993, Number of training points (boundary):,3498, Number of training points (interior):,24998, VRAM allocated:,93068288, VRAM reserved:,29100081152
Epoch:,26400,Training Loss:,5315782.1753540505, Learning rate:,0.0028507718749999993, Number of training points (boundary):,3498, Number of training points (interior):,24998, VRAM allocated:,93068288, VRAM reserved:,29100081152
Epoch:,26500,Training Loss:,396948.7385008952, Learning rate:,0.0028507718749999993, Number of training points (boundary):,3498, Number of training points (interior):,24998, VRAM allocated:,93068288, VRAM reserved:,29100081152
Epoch:,26600,Training Loss:,4081.7457833163294, Learning rate:,0.0028507718749999993, Number of training points (boundary):,3498, Number of training points (interior):,24998, VRAM allocated:,93068288, VRAM reserved:,29100081152
Epoch:,26700,Training Loss:,4051.720288530202, Learning rate:,0.0028507718749999993, Number of training points (boundary):,3498, Number of training points (interior):,24998, VRAM allocated:,93068288, VRAM reserved:,29100081152
Epoch:,26800,Training Loss:,4028.638595036903, Learning rate:,0.0028507718749999993, Number of training points (boundary):,3498, Number of training points (interior):,24998, VRAM allocated:,93068288, VRAM reserved:,29100081152
Epoch:,26900,Training Loss:,4005.76954678786, Learning rate:,0.0028507718749999993, Number of training points (boundary):,3498, Number of training points (interior):,24998, VRAM allocated:,93068288, VRAM reserved:,29100081152
Epoch:,27000,Training Loss:,127898780313.15349, Learning rate:,0.0028507718749999993, Number of training points (boundary):,3498, Number of training points (interior):,24998, VRAM allocated:,93068288, VRAM reserved:,29100081152
Epoch:,27100,Training Loss:,3963.266834333529, Learning rate:,0.0028507718749999993, Number of training points (boundary):,3498, Number of training points (interior):,24998, VRAM allocated:,93068288, VRAM reserved:,29100081152
Epoch:,27200,Training Loss:,3938.088562804835, Learning rate:,0.0028507718749999993, Number of training points (boundary):,3498, Number of training points (interior):,24998, VRAM allocated:,93068288, VRAM reserved:,29100081152
Epoch:,27300,Training Loss:,3915.7859920710207, Learning rate:,0.0028507718749999993, Number of training points (boundary):,3498, Number of training points (interior):,24998, VRAM allocated:,93068288, VRAM reserved:,29100081152
Epoch:,27400,Training Loss:,3893.6101914879073, Learning rate:,0.0028507718749999993, Number of training points (boundary):,3498, Number of training points (interior):,24998, VRAM allocated:,93068288, VRAM reserved:,29100081152
Epoch:,27500,Training Loss:,3871.5624607539366, Learning rate:,0.0028507718749999993, Number of training points (boundary):,3498, Number of training points (interior):,24998, VRAM allocated:,93068288, VRAM reserved:,29100081152
Epoch:,27600,Training Loss:,3849.6443432790097, Learning rate:,0.0028507718749999993, Number of training points (boundary):,3498, Number of training points (interior):,24998, VRAM allocated:,93068288, VRAM reserved:,29100081152
Epoch:,27700,Training Loss:,3827.8585604087843, Learning rate:,0.0028507718749999993, Number of training points (boundary):,3498, Number of training points (interior):,24998, VRAM allocated:,93068288, VRAM reserved:,29100081152
Epoch:,27800,Training Loss:,3806.2015450856525, Learning rate:,0.0028507718749999993, Number of training points (boundary):,3498, Number of training points (interior):,24998, VRAM allocated:,93068288, VRAM reserved:,29100081152
Epoch:,27900,Training Loss:,3784.657769637641, Learning rate:,0.0028507718749999993, Number of training points (boundary):,3498, Number of training points (interior):,24998, VRAM allocated:,93068288, VRAM reserved:,29100081152
Epoch:,28000,Training Loss:,3763.227670775967, Learning rate:,0.0028507718749999993, Number of training points (boundary):,3498, Number of training points (interior):,24998, VRAM allocated:,93068288, VRAM reserved:,29100081152
Epoch:,28100,Training Loss:,3741.9135891233377, Learning rate:,0.0028507718749999993, Number of training points (boundary):,3498, Number of training points (interior):,24998, VRAM allocated:,93068288, VRAM reserved:,29100081152
Epoch:,28200,Training Loss:,3720.7188888443266, Learning rate:,0.0028507718749999993, Number of training points (boundary):,3498, Number of training points (interior):,24998, VRAM allocated:,93068288, VRAM reserved:,29100081152
Epoch:,28300,Training Loss:,3699.653468889941, Learning rate:,0.0028507718749999993, Number of training points (boundary):,3498, Number of training points (interior):,24998, VRAM allocated:,93068288, VRAM reserved:,29100081152
Epoch:,28400,Training Loss:,3678.713922571821, Learning rate:,0.0028507718749999993, Number of training points (boundary):,3498, Number of training points (interior):,24998, VRAM allocated:,93068288, VRAM reserved:,29100081152
Epoch:,28500,Training Loss:,3657.8925396392906, Learning rate:,0.0028507718749999993, Number of training points (boundary):,3498, Number of training points (interior):,24998, VRAM allocated:,93068288, VRAM reserved:,29100081152
Epoch:,28600,Training Loss:,3638.3167158998654, Learning rate:,0.0028507718749999993, Number of training points (boundary):,3498, Number of training points (interior):,24998, VRAM allocated:,93068288, VRAM reserved:,29100081152
Epoch:,28700,Training Loss:,3764461.7704736786, Learning rate:,0.0028507718749999993, Number of training points (boundary):,3498, Number of training points (interior):,24998, VRAM allocated:,93068288, VRAM reserved:,29100081152
Epoch:,28800,Training Loss:,11662.193737949034, Learning rate:,0.0028507718749999993, Number of training points (boundary):,3498, Number of training points (interior):,24998, VRAM allocated:,93068288, VRAM reserved:,29100081152
Epoch:,28900,Training Loss:,3575.872805699631, Learning rate:,0.0028507718749999993, Number of training points (boundary):,3498, Number of training points (interior):,24998, VRAM allocated:,93068288, VRAM reserved:,29100081152
Epoch:,29000,Training Loss:,3555.5170977754146, Learning rate:,0.0028507718749999993, Number of training points (boundary):,3498, Number of training points (interior):,24998, VRAM allocated:,93068288, VRAM reserved:,29100081152
Epoch:,29100,Training Loss:,3535.3478413687053, Learning rate:,0.0028507718749999993, Number of training points (boundary):,3498, Number of training points (interior):,24998, VRAM allocated:,93068288, VRAM reserved:,29100081152
Epoch:,29200,Training Loss:,3515.2189056514612, Learning rate:,0.0028507718749999993, Number of training points (boundary):,3498, Number of training points (interior):,24998, VRAM allocated:,93068288, VRAM reserved:,29100081152
Epoch:,29300,Training Loss:,3494.3698212530935, Learning rate:,0.0028507718749999993, Number of training points (boundary):,3498, Number of training points (interior):,24998, VRAM allocated:,93068288, VRAM reserved:,29100081152
Epoch:,29400,Training Loss:,3472.444672712962, Learning rate:,0.0028507718749999993, Number of training points (boundary):,3498, Number of training points (interior):,24998, VRAM allocated:,93068288, VRAM reserved:,29100081152
Epoch:,29500,Training Loss:,3452.7069702072536, Learning rate:,0.0028507718749999993, Number of training points (boundary):,3498, Number of training points (interior):,24998, VRAM allocated:,93068288, VRAM reserved:,29100081152
Epoch:,29600,Training Loss:,3433.206336419431, Learning rate:,0.0028507718749999993, Number of training points (boundary):,3498, Number of training points (interior):,24998, VRAM allocated:,93068288, VRAM reserved:,29100081152
Epoch:,29700,Training Loss:,195219.37545719437, Learning rate:,0.0028507718749999993, Number of training points (boundary):,3498, Number of training points (interior):,24998, VRAM allocated:,93068288, VRAM reserved:,29100081152
Epoch:,29800,Training Loss:,3396.567770001318, Learning rate:,0.0028507718749999993, Number of training points (boundary):,3498, Number of training points (interior):,24998, VRAM allocated:,93068288, VRAM reserved:,29100081152
Epoch:,29900,Training Loss:,3375.113367828395, Learning rate:,0.0028507718749999993, Number of training points (boundary):,3498, Number of training points (interior):,24998, VRAM allocated:,93068288, VRAM reserved:,29100081152
Epoch:,30000,Training Loss:,3355.9415246242133, Learning rate:,0.0028507718749999993, Number of training points (boundary):,3498, Number of training points (interior):,24998, VRAM allocated:,93068288, VRAM reserved:,29100081152
Epoch:,30100,Training Loss:,3336.931515469398, Learning rate:,0.0028507718749999993, Number of training points (boundary):,3498, Number of training points (interior):,24998, VRAM allocated:,93068288, VRAM reserved:,29100081152
Epoch:,30200,Training Loss:,3318.141112797313, Learning rate:,0.0028507718749999993, Number of training points (boundary):,3498, Number of training points (interior):,24998, VRAM allocated:,93068288, VRAM reserved:,29100081152
Epoch:,30300,Training Loss:,3299.258446940259, Learning rate:,0.0028507718749999993, Number of training points (boundary):,3498, Number of training points (interior):,24998, VRAM allocated:,93068288, VRAM reserved:,29100081152
Epoch:,30400,Training Loss:,3280.5849589523996, Learning rate:,0.0028507718749999993, Number of training points (boundary):,3498, Number of training points (interior):,24998, VRAM allocated:,93068288, VRAM reserved:,29100081152
Epoch:,30500,Training Loss:,3262.0554980384595, Learning rate:,0.0028507718749999993, Number of training points (boundary):,3498, Number of training points (interior):,24998, VRAM allocated:,93068288, VRAM reserved:,29100081152
Epoch:,30600,Training Loss:,3243.6358648540195, Learning rate:,0.0028507718749999993, Number of training points (boundary):,3498, Number of training points (interior):,24998, VRAM allocated:,93068288, VRAM reserved:,29100081152
Epoch:,30700,Training Loss:,3225.267800935673, Learning rate:,0.0028507718749999993, Number of training points (boundary):,3498, Number of training points (interior):,24998, VRAM allocated:,93068288, VRAM reserved:,29100081152
Epoch:,30800,Training Loss:,3206.8541054286775, Learning rate:,0.0028507718749999993, Number of training points (boundary):,3498, Number of training points (interior):,24998, VRAM allocated:,93068288, VRAM reserved:,29100081152
Epoch:,30900,Training Loss:,3186.084084515767, Learning rate:,0.0028507718749999993, Number of training points (boundary):,3498, Number of training points (interior):,24998, VRAM allocated:,93068288, VRAM reserved:,29100081152
Epoch:,31000,Training Loss:,3165.067863430843, Learning rate:,0.0028507718749999993, Number of training points (boundary):,3498, Number of training points (interior):,24998, VRAM allocated:,93068288, VRAM reserved:,29100081152
Epoch:,31100,Training Loss:,3147.102901780373, Learning rate:,0.0028507718749999993, Number of training points (boundary):,3498, Number of training points (interior):,24998, VRAM allocated:,93068288, VRAM reserved:,29100081152
Epoch:,31200,Training Loss:,3129.2909049832647, Learning rate:,0.0028507718749999993, Number of training points (boundary):,3498, Number of training points (interior):,24998, VRAM allocated:,93068288, VRAM reserved:,29100081152
Epoch:,31300,Training Loss:,3111.5765770096086, Learning rate:,0.0028507718749999993, Number of training points (boundary):,3498, Number of training points (interior):,24998, VRAM allocated:,93068288, VRAM reserved:,29100081152
Epoch:,31400,Training Loss:,3093.9632622552676, Learning rate:,0.0028507718749999993, Number of training points (boundary):,3498, Number of training points (interior):,24998, VRAM allocated:,93068288, VRAM reserved:,29100081152
Epoch:,31500,Training Loss:,3076.4477242811936, Learning rate:,0.0028507718749999993, Number of training points (boundary):,3498, Number of training points (interior):,24998, VRAM allocated:,93068288, VRAM reserved:,29100081152
Epoch:,31600,Training Loss:,3058.9111264533153, Learning rate:,0.0028507718749999993, Number of training points (boundary):,3498, Number of training points (interior):,24998, VRAM allocated:,93068288, VRAM reserved:,29100081152
Epoch:,31700,Training Loss:,3040.3038899443955, Learning rate:,0.0028507718749999993, Number of training points (boundary):,3498, Number of training points (interior):,24998, VRAM allocated:,93068288, VRAM reserved:,29100081152
Epoch:,31800,Training Loss:,3021.6278850301546, Learning rate:,0.0028507718749999993, Number of training points (boundary):,3498, Number of training points (interior):,24998, VRAM allocated:,93068288, VRAM reserved:,29100081152
Epoch:,31900,Training Loss:,3004.516357626643, Learning rate:,0.0028507718749999993, Number of training points (boundary):,3498, Number of training points (interior):,24998, VRAM allocated:,93068288, VRAM reserved:,29100081152
Epoch:,32000,Training Loss:,2987.5104155457693, Learning rate:,0.0028507718749999993, Number of training points (boundary):,3498, Number of training points (interior):,24998, VRAM allocated:,93068288, VRAM reserved:,29100081152
Epoch:,32100,Training Loss:,2970.6081241895895, Learning rate:,0.0028507718749999993, Number of training points (boundary):,3498, Number of training points (interior):,24998, VRAM allocated:,93068288, VRAM reserved:,29100081152
Epoch:,32200,Training Loss:,2953.8028812750686, Learning rate:,0.0028507718749999993, Number of training points (boundary):,3498, Number of training points (interior):,24998, VRAM allocated:,93068288, VRAM reserved:,29100081152
Epoch:,32300,Training Loss:,2937.0934989143507, Learning rate:,0.0028507718749999993, Number of training points (boundary):,3498, Number of training points (interior):,24998, VRAM allocated:,93068288, VRAM reserved:,29100081152
Epoch:,32400,Training Loss:,2920.481317117683, Learning rate:,0.0028507718749999993, Number of training points (boundary):,3498, Number of training points (interior):,24998, VRAM allocated:,93068288, VRAM reserved:,29100081152
Epoch:,32500,Training Loss:,2903.9773151390186, Learning rate:,0.0028507718749999993, Number of training points (boundary):,3498, Number of training points (interior):,24998, VRAM allocated:,93068288, VRAM reserved:,29100081152
Epoch:,32600,Training Loss:,2887.565761193207, Learning rate:,0.0028507718749999993, Number of training points (boundary):,3498, Number of training points (interior):,24998, VRAM allocated:,93068288, VRAM reserved:,29100081152
Epoch:,32700,Training Loss:,2928.0621715232255, Learning rate:,0.0028507718749999993, Number of training points (boundary):,3498, Number of training points (interior):,24998, VRAM allocated:,93068288, VRAM reserved:,29100081152
Epoch:,32800,Training Loss:,6919.950477693952, Learning rate:,0.0028507718749999993, Number of training points (boundary):,3498, Number of training points (interior):,24998, VRAM allocated:,93068288, VRAM reserved:,29100081152
Epoch:,32900,Training Loss:,2837.0207614021756, Learning rate:,0.0028507718749999993, Number of training points (boundary):,3498, Number of training points (interior):,24998, VRAM allocated:,93068288, VRAM reserved:,29100081152
Epoch:,33000,Training Loss:,2820.1902273069177, Learning rate:,0.0028507718749999993, Number of training points (boundary):,3498, Number of training points (interior):,24998, VRAM allocated:,93068288, VRAM reserved:,29100081152
Epoch:,33100,Training Loss:,2950.921067293989, Learning rate:,0.0028507718749999993, Number of training points (boundary):,3498, Number of training points (interior):,24998, VRAM allocated:,93068288, VRAM reserved:,29100081152
Epoch:,33200,Training Loss:,2788.3291338610584, Learning rate:,0.0028507718749999993, Number of training points (boundary):,3498, Number of training points (interior):,24998, VRAM allocated:,93068288, VRAM reserved:,29100081152
Epoch:,33300,Training Loss:,2772.5509828504696, Learning rate:,0.0028507718749999993, Number of training points (boundary):,3498, Number of training points (interior):,24998, VRAM allocated:,93068288, VRAM reserved:,29100081152
Epoch:,33400,Training Loss:,2756.8613278170637, Learning rate:,0.0028507718749999993, Number of training points (boundary):,3498, Number of training points (interior):,24998, VRAM allocated:,93068288, VRAM reserved:,29100081152
Epoch:,33500,Training Loss:,2741.2643716606312, Learning rate:,0.0028507718749999993, Number of training points (boundary):,3498, Number of training points (interior):,24998, VRAM allocated:,93068288, VRAM reserved:,29100081152
Epoch:,33600,Training Loss:,2725.760322344192, Learning rate:,0.0028507718749999993, Number of training points (boundary):,3498, Number of training points (interior):,24998, VRAM allocated:,93068288, VRAM reserved:,29100081152
Epoch:,33700,Training Loss:,2710.3471830148883, Learning rate:,0.0028507718749999993, Number of training points (boundary):,3498, Number of training points (interior):,24998, VRAM allocated:,93068288, VRAM reserved:,29100081152
Epoch:,33800,Training Loss:,2695.3048826851086, Learning rate:,0.0028507718749999993, Number of training points (boundary):,3498, Number of training points (interior):,24998, VRAM allocated:,93068288, VRAM reserved:,29100081152
Epoch:,33900,Training Loss:,2679.786940507251, Learning rate:,0.0028507718749999993, Number of training points (boundary):,3498, Number of training points (interior):,24998, VRAM allocated:,93068288, VRAM reserved:,29100081152
Epoch:,34000,Training Loss:,2664.6375733601126, Learning rate:,0.0028507718749999993, Number of training points (boundary):,3498, Number of training points (interior):,24998, VRAM allocated:,93068288, VRAM reserved:,29100081152
Epoch:,34100,Training Loss:,2649.5746462814022, Learning rate:,0.0028507718749999993, Number of training points (boundary):,3498, Number of training points (interior):,24998, VRAM allocated:,93068288, VRAM reserved:,29100081152
Epoch:,34200,Training Loss:,2634.597522452318, Learning rate:,0.0028507718749999993, Number of training points (boundary):,3498, Number of training points (interior):,24998, VRAM allocated:,93068288, VRAM reserved:,29100081152
Epoch:,34300,Training Loss:,2619.705752841601, Learning rate:,0.0028507718749999993, Number of training points (boundary):,3498, Number of training points (interior):,24998, VRAM allocated:,93068288, VRAM reserved:,29100081152
Epoch:,34400,Training Loss:,2604.898754237468, Learning rate:,0.0028507718749999993, Number of training points (boundary):,3498, Number of training points (interior):,24998, VRAM allocated:,93068288, VRAM reserved:,29100081152
Epoch:,34500,Training Loss:,2590.1772296967665, Learning rate:,0.0028507718749999993, Number of training points (boundary):,3498, Number of training points (interior):,24998, VRAM allocated:,93068288, VRAM reserved:,29100081152
Epoch:,34600,Training Loss:,2949.412231468603, Learning rate:,0.0028507718749999993, Number of training points (boundary):,3498, Number of training points (interior):,24998, VRAM allocated:,93068288, VRAM reserved:,29100081152
Epoch:,34700,Training Loss:,2558.377145129542, Learning rate:,0.0028507718749999993, Number of training points (boundary):,3498, Number of training points (interior):,24998, VRAM allocated:,93068288, VRAM reserved:,29100081152
Epoch:,34800,Training Loss:,2553.5876777322505, Learning rate:,0.0028507718749999993, Number of training points (boundary):,3498, Number of training points (interior):,24998, VRAM allocated:,93068288, VRAM reserved:,29100081152
Epoch:,34900,Training Loss:,4578.442071234432, Learning rate:,0.0028507718749999993, Number of training points (boundary):,3498, Number of training points (interior):,24998, VRAM allocated:,93068288, VRAM reserved:,29100081152
Epoch:,35000,Training Loss:,43775.35808929042, Learning rate:,0.0028507718749999993, Number of training points (boundary):,3498, Number of training points (interior):,24998, VRAM allocated:,93068288, VRAM reserved:,29100081152
Epoch:,35100,Training Loss:,27758990549.548122, Learning rate:,0.0028507718749999993, Number of training points (boundary):,3498, Number of training points (interior):,24998, VRAM allocated:,93068288, VRAM reserved:,29100081152
Epoch:,35200,Training Loss:,90770821.93579793, Learning rate:,0.0028507718749999993, Number of training points (boundary):,3498, Number of training points (interior):,24998, VRAM allocated:,93068288, VRAM reserved:,29100081152
Epoch:,35300,Training Loss:,2549.9212180355175, Learning rate:,0.0028507718749999993, Number of training points (boundary):,3498, Number of training points (interior):,24998, VRAM allocated:,93068288, VRAM reserved:,29100081152
Epoch:,35400,Training Loss:,4549729368352864.0, Learning rate:,0.0028507718749999993, Number of training points (boundary):,3498, Number of training points (interior):,24998, VRAM allocated:,93068288, VRAM reserved:,29100081152
Epoch:,35500,Training Loss:,2483.1328117020603, Learning rate:,0.0028507718749999993, Number of training points (boundary):,3498, Number of training points (interior):,24998, VRAM allocated:,93068288, VRAM reserved:,29100081152
Epoch:,35600,Training Loss:,2455.0136552394606, Learning rate:,0.0028507718749999993, Number of training points (boundary):,3498, Number of training points (interior):,24998, VRAM allocated:,93068288, VRAM reserved:,29100081152
Epoch:,35700,Training Loss:,2441.2982296154796, Learning rate:,0.0028507718749999993, Number of training points (boundary):,3498, Number of training points (interior):,24998, VRAM allocated:,93068288, VRAM reserved:,29100081152
Epoch:,35800,Training Loss:,2428.0575775208704, Learning rate:,0.0028507718749999993, Number of training points (boundary):,3498, Number of training points (interior):,24998, VRAM allocated:,93068288, VRAM reserved:,29100081152
Epoch:,35900,Training Loss:,2414.865050887757, Learning rate:,0.0028507718749999993, Number of training points (boundary):,3498, Number of training points (interior):,24998, VRAM allocated:,93068288, VRAM reserved:,29100081152
Epoch:,36000,Training Loss:,2401.5309357795827, Learning rate:,0.0028507718749999993, Number of training points (boundary):,3498, Number of training points (interior):,24998, VRAM allocated:,93068288, VRAM reserved:,29100081152
Epoch:,36100,Training Loss:,2388.238806100551, Learning rate:,0.0028507718749999993, Number of training points (boundary):,3498, Number of training points (interior):,24998, VRAM allocated:,93068288, VRAM reserved:,29100081152
Epoch:,36200,Training Loss:,2383.0869215548882, Learning rate:,0.0028507718749999993, Number of training points (boundary):,3498, Number of training points (interior):,24998, VRAM allocated:,93068288, VRAM reserved:,29100081152
Epoch:,36300,Training Loss:,156071.47541151432, Learning rate:,0.0028507718749999993, Number of training points (boundary):,3498, Number of training points (interior):,24998, VRAM allocated:,93068288, VRAM reserved:,29100081152
Epoch:,36400,Training Loss:,293214561.94728714, Learning rate:,0.0028507718749999993, Number of training points (boundary):,3498, Number of training points (interior):,24998, VRAM allocated:,93068288, VRAM reserved:,29100081152
Epoch:,36500,Training Loss:,70800943.10103036, Learning rate:,0.0028507718749999993, Number of training points (boundary):,3498, Number of training points (interior):,24998, VRAM allocated:,93068288, VRAM reserved:,29100081152
Epoch:,36600,Training Loss:,22616492062.777824, Learning rate:,0.0028507718749999993, Number of training points (boundary):,3498, Number of training points (interior):,24998, VRAM allocated:,93068288, VRAM reserved:,29100081152
Epoch:,36700,Training Loss:,1693109941.3240194, Learning rate:,0.0028507718749999993, Number of training points (boundary):,3498, Number of training points (interior):,24998, VRAM allocated:,93068288, VRAM reserved:,29100081152
Epoch:,36800,Training Loss:,4691804367383264.0, Learning rate:,0.0028507718749999993, Number of training points (boundary):,3498, Number of training points (interior):,24998, VRAM allocated:,93068288, VRAM reserved:,29100081152
Epoch:,36900,Training Loss:,3261555984854980.0, Learning rate:,0.0028507718749999993, Number of training points (boundary):,3498, Number of training points (interior):,24998, VRAM allocated:,93068288, VRAM reserved:,29100081152
Epoch:,37000,Training Loss:,3867.984363237597, Learning rate:,0.0028507718749999993, Number of training points (boundary):,3498, Number of training points (interior):,24998, VRAM allocated:,93068288, VRAM reserved:,29100081152
Epoch:,37100,Training Loss:,6293.613289363595, Learning rate:,0.0028507718749999993, Number of training points (boundary):,3498, Number of training points (interior):,24998, VRAM allocated:,93068288, VRAM reserved:,29100081152
Epoch:,37200,Training Loss:,43099.83384208864, Learning rate:,0.0028507718749999993, Number of training points (boundary):,3498, Number of training points (interior):,24998, VRAM allocated:,93068288, VRAM reserved:,29100081152
Epoch:,37300,Training Loss:,540005784.7568935, Learning rate:,0.0028507718749999993, Number of training points (boundary):,3498, Number of training points (interior):,24998, VRAM allocated:,93068288, VRAM reserved:,29100081152
Epoch:,37400,Training Loss:,4.439492423227347e+16, Learning rate:,0.0028507718749999993, Number of training points (boundary):,3498, Number of training points (interior):,24998, VRAM allocated:,93068288, VRAM reserved:,29100081152
Epoch:,37500,Training Loss:,6846580686640851.0, Learning rate:,0.0028507718749999993, Number of training points (boundary):,3498, Number of training points (interior):,24998, VRAM allocated:,93068288, VRAM reserved:,29100081152
Epoch:,37600,Training Loss:,1.301205216289911e+20, Learning rate:,0.0028507718749999993, Number of training points (boundary):,3498, Number of training points (interior):,24998, VRAM allocated:,93068288, VRAM reserved:,29100081152
Epoch:,37700,Training Loss:,1.0922816210296356e+31, Learning rate:,0.0028507718749999993, Number of training points (boundary):,3498, Number of training points (interior):,24998, VRAM allocated:,93068288, VRAM reserved:,29100081152
Epoch:,37800,Training Loss:,1.8589762576843554e+31, Learning rate:,0.0028507718749999993, Number of training points (boundary):,3498, Number of training points (interior):,24998, VRAM allocated:,93068288, VRAM reserved:,29100081152
Epoch:,37900,Training Loss:,4.293456857094669e+30, Learning rate:,0.0028507718749999993, Number of training points (boundary):,3498, Number of training points (interior):,24998, VRAM allocated:,93068288, VRAM reserved:,29100081152
Epoch:,38000,Training Loss:,10033430754.413584, Learning rate:,0.0028507718749999993, Number of training points (boundary):,3498, Number of training points (interior):,24998, VRAM allocated:,93068288, VRAM reserved:,29100081152
Epoch:,38100,Training Loss:,1.0246092806137527e+18, Learning rate:,0.0028507718749999993, Number of training points (boundary):,3498, Number of training points (interior):,24998, VRAM allocated:,93068288, VRAM reserved:,29100081152
Epoch:,38200,Training Loss:,427729836194848.94, Learning rate:,0.0028507718749999993, Number of training points (boundary):,3498, Number of training points (interior):,24998, VRAM allocated:,93068288, VRAM reserved:,29100081152
Epoch:,38300,Training Loss:,19389500.74317924, Learning rate:,0.0028507718749999993, Number of training points (boundary):,3498, Number of training points (interior):,24998, VRAM allocated:,93068288, VRAM reserved:,29100081152
Epoch:,38400,Training Loss:,1017948735771146.1, Learning rate:,0.0028507718749999993, Number of training points (boundary):,3498, Number of training points (interior):,24998, VRAM allocated:,93068288, VRAM reserved:,29100081152
Epoch:,38500,Training Loss:,38259232097.747635, Learning rate:,0.0028507718749999993, Number of training points (boundary):,3498, Number of training points (interior):,24998, VRAM allocated:,93068288, VRAM reserved:,29100081152
Epoch:,38600,Training Loss:,4.028730268600154e+16, Learning rate:,0.0028507718749999993, Number of training points (boundary):,3498, Number of training points (interior):,24998, VRAM allocated:,93068288, VRAM reserved:,29100081152
Epoch:,38700,Training Loss:,19300900341.82072, Learning rate:,0.0028507718749999993, Number of training points (boundary):,3498, Number of training points (interior):,24998, VRAM allocated:,93068288, VRAM reserved:,29100081152
Epoch:,38800,Training Loss:,3.735735915784466e+19, Learning rate:,0.0028507718749999993, Number of training points (boundary):,3498, Number of training points (interior):,24998, VRAM allocated:,93068288, VRAM reserved:,29100081152
Epoch:,38900,Training Loss:,258873117.97337636, Learning rate:,0.0028507718749999993, Number of training points (boundary):,3498, Number of training points (interior):,24998, VRAM allocated:,93068288, VRAM reserved:,29100081152
Epoch:,39000,Training Loss:,30898680.421397105, Learning rate:,0.0028507718749999993, Number of training points (boundary):,3498, Number of training points (interior):,24998, VRAM allocated:,93068288, VRAM reserved:,29100081152
Epoch:,39100,Training Loss:,83425966325031.08, Learning rate:,0.0028507718749999993, Number of training points (boundary):,3498, Number of training points (interior):,24998, VRAM allocated:,93068288, VRAM reserved:,29100081152
Epoch:,39200,Training Loss:,331360.8542146113, Learning rate:,0.0028507718749999993, Number of training points (boundary):,3498, Number of training points (interior):,24998, VRAM allocated:,93068288, VRAM reserved:,29100081152
Epoch:,39300,Training Loss:,2742.4354146115174, Learning rate:,0.0028507718749999993, Number of training points (boundary):,3498, Number of training points (interior):,24998, VRAM allocated:,93068288, VRAM reserved:,29100081152
Epoch:,39400,Training Loss:,1337849.5417797794, Learning rate:,0.0028507718749999993, Number of training points (boundary):,3498, Number of training points (interior):,24998, VRAM allocated:,93068288, VRAM reserved:,29100081152
Epoch:,39500,Training Loss:,4797510084539.45, Learning rate:,0.0028507718749999993, Number of training points (boundary):,3498, Number of training points (interior):,24998, VRAM allocated:,93068288, VRAM reserved:,29100081152
Epoch:,39600,Training Loss:,18423191212.19185, Learning rate:,0.0028507718749999993, Number of training points (boundary):,3498, Number of training points (interior):,24998, VRAM allocated:,93068288, VRAM reserved:,29100081152
Epoch:,39700,Training Loss:,2.8125413661407966e+30, Learning rate:,0.0028507718749999993, Number of training points (boundary):,3498, Number of training points (interior):,24998, VRAM allocated:,93068288, VRAM reserved:,29100081152
Epoch:,39800,Training Loss:,16506149087106.412, Learning rate:,0.0028507718749999993, Number of training points (boundary):,3498, Number of training points (interior):,24998, VRAM allocated:,93068288, VRAM reserved:,29100081152
Epoch:,39900,Training Loss:,35977343050467.19, Learning rate:,0.0028507718749999993, Number of training points (boundary):,3498, Number of training points (interior):,24998, VRAM allocated:,93068288, VRAM reserved:,29100081152
Epoch:,40000,Training Loss:,3465132.4016810926, Learning rate:,0.0028507718749999993, Number of training points (boundary):,3498, Number of training points (interior):,24998, VRAM allocated:,93068288, VRAM reserved:,29100081152
Epoch:,40100,Training Loss:,943943760857.588, Learning rate:,0.0028507718749999993, Number of training points (boundary):,3498, Number of training points (interior):,24998, VRAM allocated:,93068288, VRAM reserved:,29100081152
Epoch:,40200,Training Loss:,1357146174.6506677, Learning rate:,0.0028507718749999993, Number of training points (boundary):,3498, Number of training points (interior):,24998, VRAM allocated:,93068288, VRAM reserved:,29100081152
Epoch:,40300,Training Loss:,314649860.035218, Learning rate:,0.0028507718749999993, Number of training points (boundary):,3498, Number of training points (interior):,24998, VRAM allocated:,93068288, VRAM reserved:,29100081152
Epoch:,40400,Training Loss:,1.4230859253370502e+16, Learning rate:,0.0028507718749999993, Number of training points (boundary):,3498, Number of training points (interior):,24998, VRAM allocated:,93068288, VRAM reserved:,29100081152
Epoch:,40500,Training Loss:,229404922.60982955, Learning rate:,0.0028507718749999993, Number of training points (boundary):,3498, Number of training points (interior):,24998, VRAM allocated:,93068288, VRAM reserved:,29100081152
Epoch:,40600,Training Loss:,5960.744568241751, Learning rate:,0.0028507718749999993, Number of training points (boundary):,3498, Number of training points (interior):,24998, VRAM allocated:,93068288, VRAM reserved:,29100081152
Epoch:,40700,Training Loss:,11476.109139355576, Learning rate:,0.0028507718749999993, Number of training points (boundary):,3498, Number of training points (interior):,24998, VRAM allocated:,93068288, VRAM reserved:,29100081152
Epoch:,40800,Training Loss:,4559720162808013.0, Learning rate:,0.0028507718749999993, Number of training points (boundary):,3498, Number of training points (interior):,24998, VRAM allocated:,93068288, VRAM reserved:,29100081152
Epoch:,40900,Training Loss:,33999226276.9997, Learning rate:,0.0028507718749999993, Number of training points (boundary):,3498, Number of training points (interior):,24998, VRAM allocated:,93068288, VRAM reserved:,29100081152
Epoch:,41000,Training Loss:,1.8311734235157027e+17, Learning rate:,0.0028507718749999993, Number of training points (boundary):,3498, Number of training points (interior):,24998, VRAM allocated:,93068288, VRAM reserved:,29100081152
Epoch:,41100,Training Loss:,16610562.59288054, Learning rate:,0.0028507718749999993, Number of training points (boundary):,3498, Number of training points (interior):,24998, VRAM allocated:,93068288, VRAM reserved:,29100081152
Epoch:,41200,Training Loss:,1.3853467991591823e+19, Learning rate:,0.0028507718749999993, Number of training points (boundary):,3498, Number of training points (interior):,24998, VRAM allocated:,93068288, VRAM reserved:,29100081152
Epoch:,41300,Training Loss:,1.067932114317046e+16, Learning rate:,0.0028507718749999993, Number of training points (boundary):,3498, Number of training points (interior):,24998, VRAM allocated:,93068288, VRAM reserved:,29100081152
Epoch:,41400,Training Loss:,1.855119480955887e+18, Learning rate:,0.0028507718749999993, Number of training points (boundary):,3498, Number of training points (interior):,24998, VRAM allocated:,93068288, VRAM reserved:,29100081152
Epoch:,41500,Training Loss:,17187169349.86672, Learning rate:,0.0028507718749999993, Number of training points (boundary):,3498, Number of training points (interior):,24998, VRAM allocated:,93068288, VRAM reserved:,29100081152
Epoch:,41600,Training Loss:,82954824.33354612, Learning rate:,0.0028507718749999993, Number of training points (boundary):,3498, Number of training points (interior):,24998, VRAM allocated:,93068288, VRAM reserved:,29100081152
Epoch:,41700,Training Loss:,3349426853613.21, Learning rate:,0.0028507718749999993, Number of training points (boundary):,3498, Number of training points (interior):,24998, VRAM allocated:,93068288, VRAM reserved:,29100081152
Epoch:,41800,Training Loss:,5304643929038.024, Learning rate:,0.0028507718749999993, Number of training points (boundary):,3498, Number of training points (interior):,24998, VRAM allocated:,93068288, VRAM reserved:,29100081152
Epoch:,41900,Training Loss:,1144420390.1274607, Learning rate:,0.0028507718749999993, Number of training points (boundary):,3498, Number of training points (interior):,24998, VRAM allocated:,93068288, VRAM reserved:,29100081152
Epoch:,42000,Training Loss:,4.616903700741333e+20, Learning rate:,0.0028507718749999993, Number of training points (boundary):,3498, Number of training points (interior):,24998, VRAM allocated:,93068288, VRAM reserved:,29100081152
Epoch:,42100,Training Loss:,2248621655.4157953, Learning rate:,0.0028507718749999993, Number of training points (boundary):,3498, Number of training points (interior):,24998, VRAM allocated:,93068288, VRAM reserved:,29100081152
Epoch:,42200,Training Loss:,707410774.4071786, Learning rate:,0.0028507718749999993, Number of training points (boundary):,3498, Number of training points (interior):,24998, VRAM allocated:,93068288, VRAM reserved:,29100081152
Epoch:,42300,Training Loss:,2147720346038912.5, Learning rate:,0.0028507718749999993, Number of training points (boundary):,3498, Number of training points (interior):,24998, VRAM allocated:,93068288, VRAM reserved:,29100081152
Epoch:,42400,Training Loss:,4842531364066166.0, Learning rate:,0.0028507718749999993, Number of training points (boundary):,3498, Number of training points (interior):,24998, VRAM allocated:,93068288, VRAM reserved:,29100081152
Epoch:,42500,Training Loss:,35231529.69828367, Learning rate:,0.0028507718749999993, Number of training points (boundary):,3498, Number of training points (interior):,24998, VRAM allocated:,93068288, VRAM reserved:,29100081152
Epoch:,42600,Training Loss:,1757003.4690698881, Learning rate:,0.0028507718749999993, Number of training points (boundary):,3498, Number of training points (interior):,24998, VRAM allocated:,93068288, VRAM reserved:,29100081152
Epoch:,42700,Training Loss:,802974.6072414999, Learning rate:,0.0028507718749999993, Number of training points (boundary):,3498, Number of training points (interior):,24998, VRAM allocated:,93068288, VRAM reserved:,29100081152
Epoch:,42800,Training Loss:,421617.77704386204, Learning rate:,0.0028507718749999993, Number of training points (boundary):,3498, Number of training points (interior):,24998, VRAM allocated:,93068288, VRAM reserved:,29100081152
Epoch:,42900,Training Loss:,247488.52973770892, Learning rate:,0.0028507718749999993, Number of training points (boundary):,3498, Number of training points (interior):,24998, VRAM allocated:,93068288, VRAM reserved:,29100081152
Epoch:,43000,Training Loss:,528583.3973875348, Learning rate:,0.0028507718749999993, Number of training points (boundary):,3498, Number of training points (interior):,24998, VRAM allocated:,93068288, VRAM reserved:,29100081152
Epoch:,43100,Training Loss:,103920376749781.2, Learning rate:,0.0028507718749999993, Number of training points (boundary):,3498, Number of training points (interior):,24998, VRAM allocated:,93068288, VRAM reserved:,29100081152
Epoch:,43200,Training Loss:,1410038163919.1487, Learning rate:,0.0028507718749999993, Number of training points (boundary):,3498, Number of training points (interior):,24998, VRAM allocated:,93068288, VRAM reserved:,29100081152
Epoch:,43300,Training Loss:,2527664927673.9956, Learning rate:,0.0028507718749999993, Number of training points (boundary):,3498, Number of training points (interior):,24998, VRAM allocated:,93068288, VRAM reserved:,29100081152
Epoch:,43400,Training Loss:,6.742498643587889e+38, Learning rate:,0.0028507718749999993, Number of training points (boundary):,3498, Number of training points (interior):,24998, VRAM allocated:,93068288, VRAM reserved:,29100081152
Epoch:,43500,Training Loss:,17530.924841239044, Learning rate:,0.0028507718749999993, Number of training points (boundary):,3498, Number of training points (interior):,24998, VRAM allocated:,93068288, VRAM reserved:,29100081152
Epoch:,43600,Training Loss:,19141439.337220263, Learning rate:,0.0028507718749999993, Number of training points (boundary):,3498, Number of training points (interior):,24998, VRAM allocated:,93068288, VRAM reserved:,29100081152
Epoch:,43700,Training Loss:,9067462.024688754, Learning rate:,0.0028507718749999993, Number of training points (boundary):,3498, Number of training points (interior):,24998, VRAM allocated:,93068288, VRAM reserved:,29100081152
Epoch:,43800,Training Loss:,4904458.478054867, Learning rate:,0.0028507718749999993, Number of training points (boundary):,3498, Number of training points (interior):,24998, VRAM allocated:,93068288, VRAM reserved:,29100081152
Epoch:,43900,Training Loss:,30582417957.964848, Learning rate:,0.0028507718749999993, Number of training points (boundary):,3498, Number of training points (interior):,24998, VRAM allocated:,93068288, VRAM reserved:,29100081152
Epoch:,44000,Training Loss:,7831243736.940368, Learning rate:,0.0028507718749999993, Number of training points (boundary):,3498, Number of training points (interior):,24998, VRAM allocated:,93068288, VRAM reserved:,29100081152
Epoch:,44100,Training Loss:,26226080209050.09, Learning rate:,0.0028507718749999993, Number of training points (boundary):,3498, Number of training points (interior):,24998, VRAM allocated:,93068288, VRAM reserved:,29100081152
Epoch:,44200,Training Loss:,5.1084466974501254e+17, Learning rate:,0.0028507718749999993, Number of training points (boundary):,3498, Number of training points (interior):,24998, VRAM allocated:,93068288, VRAM reserved:,29100081152
Epoch:,44300,Training Loss:,86863941.7114017, Learning rate:,0.0028507718749999993, Number of training points (boundary):,3498, Number of training points (interior):,24998, VRAM allocated:,93068288, VRAM reserved:,29100081152
Epoch:,44400,Training Loss:,26084085.322912555, Learning rate:,0.0028507718749999993, Number of training points (boundary):,3498, Number of training points (interior):,24998, VRAM allocated:,93068288, VRAM reserved:,29100081152
Epoch:,44500,Training Loss:,208759094090303.7, Learning rate:,0.0028507718749999993, Number of training points (boundary):,3498, Number of training points (interior):,24998, VRAM allocated:,93068288, VRAM reserved:,29100081152
Epoch:,44600,Training Loss:,4.992573893278316e+16, Learning rate:,0.0028507718749999993, Number of training points (boundary):,3498, Number of training points (interior):,24998, VRAM allocated:,93068288, VRAM reserved:,29100081152
Epoch:,44700,Training Loss:,24010264.799082633, Learning rate:,0.0028507718749999993, Number of training points (boundary):,3498, Number of training points (interior):,24998, VRAM allocated:,93068288, VRAM reserved:,29100081152
Epoch:,44800,Training Loss:,389855.92807204835, Learning rate:,0.0028507718749999993, Number of training points (boundary):,3498, Number of training points (interior):,24998, VRAM allocated:,93068288, VRAM reserved:,29100081152
Epoch:,44900,Training Loss:,15577.3009122659, Learning rate:,0.0028507718749999993, Number of training points (boundary):,3498, Number of training points (interior):,24998, VRAM allocated:,93068288, VRAM reserved:,29100081152
Epoch:,45000,Training Loss:,67989.36949927139, Learning rate:,0.0028507718749999993, Number of training points (boundary):,3498, Number of training points (interior):,24998, VRAM allocated:,93068288, VRAM reserved:,29100081152
Epoch:,45100,Training Loss:,379082.3511193641, Learning rate:,0.0028507718749999993, Number of training points (boundary):,3498, Number of training points (interior):,24998, VRAM allocated:,93068288, VRAM reserved:,29100081152
Epoch:,45200,Training Loss:,4133811.9255785644, Learning rate:,0.0028507718749999993, Number of training points (boundary):,3498, Number of training points (interior):,24998, VRAM allocated:,93068288, VRAM reserved:,29100081152
Epoch:,45300,Training Loss:,1.0159359325117747e+24, Learning rate:,0.0028507718749999993, Number of training points (boundary):,3498, Number of training points (interior):,24998, VRAM allocated:,93068288, VRAM reserved:,29100081152
Epoch:,45400,Training Loss:,170132.81932187674, Learning rate:,0.0028507718749999993, Number of training points (boundary):,3498, Number of training points (interior):,24998, VRAM allocated:,93068288, VRAM reserved:,29100081152
Epoch:,45500,Training Loss:,1944.2487307359747, Learning rate:,0.0028507718749999993, Number of training points (boundary):,3498, Number of training points (interior):,24998, VRAM allocated:,93068288, VRAM reserved:,29100081152
Epoch:,45600,Training Loss:,1930.3091152701925, Learning rate:,0.0028507718749999993, Number of training points (boundary):,3498, Number of training points (interior):,24998, VRAM allocated:,93068288, VRAM reserved:,29100081152
Epoch:,45700,Training Loss:,1919.8977841740011, Learning rate:,0.0028507718749999993, Number of training points (boundary):,3498, Number of training points (interior):,24998, VRAM allocated:,93068288, VRAM reserved:,29100081152
Epoch:,45800,Training Loss:,1909.9257380305926, Learning rate:,0.0028507718749999993, Number of training points (boundary):,3498, Number of training points (interior):,24998, VRAM allocated:,93068288, VRAM reserved:,29100081152
Epoch:,45900,Training Loss:,1908.1494222358003, Learning rate:,0.0028507718749999993, Number of training points (boundary):,3498, Number of training points (interior):,24998, VRAM allocated:,93068288, VRAM reserved:,29100081152
Epoch:,46000,Training Loss:,2670.7140460915844, Learning rate:,0.0028507718749999993, Number of training points (boundary):,3498, Number of training points (interior):,24998, VRAM allocated:,93068288, VRAM reserved:,29100081152
Epoch:,46100,Training Loss:,723330599983.4868, Learning rate:,0.0028507718749999993, Number of training points (boundary):,3498, Number of training points (interior):,24998, VRAM allocated:,93068288, VRAM reserved:,29100081152
Epoch:,46200,Training Loss:,1851364489.0904813, Learning rate:,0.0028507718749999993, Number of training points (boundary):,3498, Number of training points (interior):,24998, VRAM allocated:,93068288, VRAM reserved:,29100081152
Epoch:,46300,Training Loss:,2094.909609821087, Learning rate:,0.0028507718749999993, Number of training points (boundary):,3498, Number of training points (interior):,24998, VRAM allocated:,93068288, VRAM reserved:,29100081152
Epoch:,46400,Training Loss:,104192191.16093095, Learning rate:,0.0028507718749999993, Number of training points (boundary):,3498, Number of training points (interior):,24998, VRAM allocated:,93068288, VRAM reserved:,29100081152
Epoch:,46500,Training Loss:,4196.431360962268, Learning rate:,0.0028507718749999993, Number of training points (boundary):,3498, Number of training points (interior):,24998, VRAM allocated:,93068288, VRAM reserved:,29100081152
Epoch:,46600,Training Loss:,1849.451338345816, Learning rate:,0.0028507718749999993, Number of training points (boundary):,3498, Number of training points (interior):,24998, VRAM allocated:,93068288, VRAM reserved:,29100081152
Epoch:,46700,Training Loss:,2031.5759459591554, Learning rate:,0.0028507718749999993, Number of training points (boundary):,3498, Number of training points (interior):,24998, VRAM allocated:,93068288, VRAM reserved:,29100081152
Epoch:,46800,Training Loss:,342275684.60752976, Learning rate:,0.0028507718749999993, Number of training points (boundary):,3498, Number of training points (interior):,24998, VRAM allocated:,93068288, VRAM reserved:,29100081152
Epoch:,46900,Training Loss:,170674510.17812032, Learning rate:,0.0028507718749999993, Number of training points (boundary):,3498, Number of training points (interior):,24998, VRAM allocated:,93068288, VRAM reserved:,29100081152
Epoch:,47000,Training Loss:,9284.779053711467, Learning rate:,0.0028507718749999993, Number of training points (boundary):,3498, Number of training points (interior):,24998, VRAM allocated:,93068288, VRAM reserved:,29100081152
Epoch:,47100,Training Loss:,74896.60385172883, Learning rate:,0.0028507718749999993, Number of training points (boundary):,3498, Number of training points (interior):,24998, VRAM allocated:,93068288, VRAM reserved:,29100081152
Epoch:,47200,Training Loss:,38647.28698629055, Learning rate:,0.0028507718749999993, Number of training points (boundary):,3498, Number of training points (interior):,24998, VRAM allocated:,93068288, VRAM reserved:,29100081152
Epoch:,47300,Training Loss:,100846282.71228737, Learning rate:,0.0028507718749999993, Number of training points (boundary):,3498, Number of training points (interior):,24998, VRAM allocated:,93068288, VRAM reserved:,29100081152
Epoch:,47400,Training Loss:,3172589.9637018596, Learning rate:,0.0028507718749999993, Number of training points (boundary):,3498, Number of training points (interior):,24998, VRAM allocated:,93068288, VRAM reserved:,29100081152
Epoch:,47500,Training Loss:,73355684894.2087, Learning rate:,0.0028507718749999993, Number of training points (boundary):,3498, Number of training points (interior):,24998, VRAM allocated:,93068288, VRAM reserved:,29100081152
Epoch:,47600,Training Loss:,23862685097.179974, Learning rate:,0.0028507718749999993, Number of training points (boundary):,3498, Number of training points (interior):,24998, VRAM allocated:,93068288, VRAM reserved:,29100081152
Epoch:,47700,Training Loss:,295073238122566.2, Learning rate:,0.0028507718749999993, Number of training points (boundary):,3498, Number of training points (interior):,24998, VRAM allocated:,93068288, VRAM reserved:,29100081152
Epoch:,47800,Training Loss:,1724.0899797236184, Learning rate:,0.0028507718749999993, Number of training points (boundary):,3498, Number of training points (interior):,24998, VRAM allocated:,93068288, VRAM reserved:,29100081152
Epoch:,47900,Training Loss:,5825212.495261682, Learning rate:,0.0028507718749999993, Number of training points (boundary):,3498, Number of training points (interior):,24998, VRAM allocated:,93068288, VRAM reserved:,29100081152
Epoch:,48000,Training Loss:,1397129702965.5178, Learning rate:,0.0028507718749999993, Number of training points (boundary):,3498, Number of training points (interior):,24998, VRAM allocated:,93068288, VRAM reserved:,29100081152
Epoch:,48100,Training Loss:,285443360.049761, Learning rate:,0.0028507718749999993, Number of training points (boundary):,3498, Number of training points (interior):,24998, VRAM allocated:,93068288, VRAM reserved:,29100081152
Epoch:,48200,Training Loss:,2111.129237229464, Learning rate:,0.0028507718749999993, Number of training points (boundary):,3498, Number of training points (interior):,24998, VRAM allocated:,93068288, VRAM reserved:,29100081152
Epoch:,48300,Training Loss:,1660.229423052746, Learning rate:,0.0028507718749999993, Number of training points (boundary):,3498, Number of training points (interior):,24998, VRAM allocated:,93068288, VRAM reserved:,29100081152
Epoch:,48400,Training Loss:,1647.2207430046994, Learning rate:,0.0028507718749999993, Number of training points (boundary):,3498, Number of training points (interior):,24998, VRAM allocated:,93068288, VRAM reserved:,29100081152
Epoch:,48500,Training Loss:,1640.8725965522706, Learning rate:,0.0028507718749999993, Number of training points (boundary):,3498, Number of training points (interior):,24998, VRAM allocated:,93068288, VRAM reserved:,29100081152
Epoch:,48600,Training Loss:,1725.167836767878, Learning rate:,0.0028507718749999993, Number of training points (boundary):,3498, Number of training points (interior):,24998, VRAM allocated:,93068288, VRAM reserved:,29100081152
Epoch:,48700,Training Loss:,15794.594986030665, Learning rate:,0.0028507718749999993, Number of training points (boundary):,3498, Number of training points (interior):,24998, VRAM allocated:,93068288, VRAM reserved:,29100081152
Epoch:,48800,Training Loss:,5823795773128.491, Learning rate:,0.0028507718749999993, Number of training points (boundary):,3498, Number of training points (interior):,24998, VRAM allocated:,93068288, VRAM reserved:,29100081152
Epoch:,48900,Training Loss:,2283395767.057517, Learning rate:,0.0028507718749999993, Number of training points (boundary):,3498, Number of training points (interior):,24998, VRAM allocated:,93068288, VRAM reserved:,29100081152
Epoch:,49000,Training Loss:,12917.145918097289, Learning rate:,0.0028507718749999993, Number of training points (boundary):,3498, Number of training points (interior):,24998, VRAM allocated:,93068288, VRAM reserved:,29100081152
Epoch:,49100,Training Loss:,1981.2728140644379, Learning rate:,0.0028507718749999993, Number of training points (boundary):,3498, Number of training points (interior):,24998, VRAM allocated:,93068288, VRAM reserved:,29100081152
Epoch:,49200,Training Loss:,6038660442876.228, Learning rate:,0.0028507718749999993, Number of training points (boundary):,3498, Number of training points (interior):,24998, VRAM allocated:,93068288, VRAM reserved:,29100081152
Epoch:,49300,Training Loss:,1614.3435353915577, Learning rate:,0.0028507718749999993, Number of training points (boundary):,3498, Number of training points (interior):,24998, VRAM allocated:,93068288, VRAM reserved:,29100081152
Epoch:,49400,Training Loss:,2149.7201121738553, Learning rate:,0.0028507718749999993, Number of training points (boundary):,3498, Number of training points (interior):,24998, VRAM allocated:,93068288, VRAM reserved:,29100081152
Epoch:,49500,Training Loss:,1547.3434016718581, Learning rate:,0.0028507718749999993, Number of training points (boundary):,3498, Number of training points (interior):,24998, VRAM allocated:,93068288, VRAM reserved:,29100081152
Epoch:,49600,Training Loss:,1539.1875976730248, Learning rate:,0.0028507718749999993, Number of training points (boundary):,3498, Number of training points (interior):,24998, VRAM allocated:,93068288, VRAM reserved:,29100081152
Epoch:,49700,Training Loss:,1537.8849466812742, Learning rate:,0.0028507718749999993, Number of training points (boundary):,3498, Number of training points (interior):,24998, VRAM allocated:,93068288, VRAM reserved:,29100081152
Epoch:,49800,Training Loss:,62084.55934479362, Learning rate:,0.0028507718749999993, Number of training points (boundary):,3498, Number of training points (interior):,24998, VRAM allocated:,93068288, VRAM reserved:,29100081152
Epoch:,49900,Training Loss:,3.9566149884890015e+18, Learning rate:,0.0028507718749999993, Number of training points (boundary):,3498, Number of training points (interior):,24998, VRAM allocated:,93068288, VRAM reserved:,29100081152
Epoch:,50000,Training Loss:,10523533316.246225, Learning rate:,0.0028507718749999993, Number of training points (boundary):,3498, Number of training points (interior):,24998, VRAM allocated:,93068288, VRAM reserved:,29100081152
Epoch:,50100,Training Loss:,32809233.880908385, Learning rate:,0.0028507718749999993, Number of training points (boundary):,3498, Number of training points (interior):,24998, VRAM allocated:,93068288, VRAM reserved:,29100081152
Epoch:,50200,Training Loss:,6959.920853913294, Learning rate:,0.0028507718749999993, Number of training points (boundary):,3498, Number of training points (interior):,24998, VRAM allocated:,93068288, VRAM reserved:,29100081152
Epoch:,50300,Training Loss:,1705.4106216398905, Learning rate:,0.0028507718749999993, Number of training points (boundary):,3498, Number of training points (interior):,24998, VRAM allocated:,93068288, VRAM reserved:,29100081152
Epoch:,50400,Training Loss:,23431.626902882836, Learning rate:,0.0028507718749999993, Number of training points (boundary):,3498, Number of training points (interior):,24998, VRAM allocated:,93068288, VRAM reserved:,29100081152
Epoch:,50500,Training Loss:,672973070096.1694, Learning rate:,0.0028507718749999993, Number of training points (boundary):,3498, Number of training points (interior):,24998, VRAM allocated:,93068288, VRAM reserved:,29100081152
Epoch:,50600,Training Loss:,510863524385.79425, Learning rate:,0.0028507718749999993, Number of training points (boundary):,3498, Number of training points (interior):,24998, VRAM allocated:,93068288, VRAM reserved:,29100081152
Epoch:,50700,Training Loss:,185292.21327873028, Learning rate:,0.0028507718749999993, Number of training points (boundary):,3498, Number of training points (interior):,24998, VRAM allocated:,93068288, VRAM reserved:,29100081152
Epoch:,50800,Training Loss:,1591.2926582283342, Learning rate:,0.0028507718749999993, Number of training points (boundary):,3498, Number of training points (interior):,24998, VRAM allocated:,93068288, VRAM reserved:,29100081152
Epoch:,50900,Training Loss:,2402.0708691714217, Learning rate:,0.0028507718749999993, Number of training points (boundary):,3498, Number of training points (interior):,24998, VRAM allocated:,93068288, VRAM reserved:,29100081152
Epoch:,51000,Training Loss:,9323538113389.924, Learning rate:,0.0028507718749999993, Number of training points (boundary):,3498, Number of training points (interior):,24998, VRAM allocated:,93068288, VRAM reserved:,29100081152
Epoch:,51100,Training Loss:,2378.9926538574364, Learning rate:,0.0028507718749999993, Number of training points (boundary):,3498, Number of training points (interior):,24998, VRAM allocated:,93068288, VRAM reserved:,29100081152
Epoch:,51200,Training Loss:,1634.657835027007, Learning rate:,0.0028507718749999993, Number of training points (boundary):,3498, Number of training points (interior):,24998, VRAM allocated:,93068288, VRAM reserved:,29100081152
Epoch:,51300,Training Loss:,755848.7970248428, Learning rate:,0.0028507718749999993, Number of training points (boundary):,3498, Number of training points (interior):,24998, VRAM allocated:,93068288, VRAM reserved:,29100081152
Epoch:,51400,Training Loss:,1904.3982375510805, Learning rate:,0.0028507718749999993, Number of training points (boundary):,3498, Number of training points (interior):,24998, VRAM allocated:,93068288, VRAM reserved:,29100081152
Epoch:,51500,Training Loss:,2413.9339273537994, Learning rate:,0.0028507718749999993, Number of training points (boundary):,3498, Number of training points (interior):,24998, VRAM allocated:,93068288, VRAM reserved:,29100081152
Epoch:,51600,Training Loss:,1963.7872066565383, Learning rate:,0.0028507718749999993, Number of training points (boundary):,3498, Number of training points (interior):,24998, VRAM allocated:,93068288, VRAM reserved:,29100081152
Epoch:,51700,Training Loss:,74943.0364114814, Learning rate:,0.0028507718749999993, Number of training points (boundary):,3498, Number of training points (interior):,24998, VRAM allocated:,93068288, VRAM reserved:,29100081152
Epoch:,51800,Training Loss:,12583799.77685933, Learning rate:,0.0028507718749999993, Number of training points (boundary):,3498, Number of training points (interior):,24998, VRAM allocated:,93068288, VRAM reserved:,29100081152
Epoch:,51900,Training Loss:,2225.2252797937426, Learning rate:,0.0028507718749999993, Number of training points (boundary):,3498, Number of training points (interior):,24998, VRAM allocated:,93068288, VRAM reserved:,29100081152
Epoch:,52000,Training Loss:,21159.765834244263, Learning rate:,0.0028507718749999993, Number of training points (boundary):,3498, Number of training points (interior):,24998, VRAM allocated:,93068288, VRAM reserved:,29100081152
Epoch:,52100,Training Loss:,19547202.92469302, Learning rate:,0.0028507718749999993, Number of training points (boundary):,3498, Number of training points (interior):,24998, VRAM allocated:,93068288, VRAM reserved:,29100081152
Epoch:,52200,Training Loss:,3272923456.797236, Learning rate:,0.0028507718749999993, Number of training points (boundary):,3498, Number of training points (interior):,24998, VRAM allocated:,93068288, VRAM reserved:,29100081152
Epoch:,52300,Training Loss:,3456913234782.121, Learning rate:,0.0028507718749999993, Number of training points (boundary):,3498, Number of training points (interior):,24998, VRAM allocated:,93068288, VRAM reserved:,29100081152
Epoch:,52400,Training Loss:,5.467530345653291e+22, Learning rate:,0.0028507718749999993, Number of training points (boundary):,3498, Number of training points (interior):,24998, VRAM allocated:,93068288, VRAM reserved:,29100081152
Epoch:,52500,Training Loss:,105848771.71532078, Learning rate:,0.0028507718749999993, Number of training points (boundary):,3498, Number of training points (interior):,24998, VRAM allocated:,93068288, VRAM reserved:,29100081152
Epoch:,52600,Training Loss:,6495294.830920159, Learning rate:,0.0028507718749999993, Number of training points (boundary):,3498, Number of training points (interior):,24998, VRAM allocated:,93068288, VRAM reserved:,29100081152
Epoch:,52700,Training Loss:,4106545456.4508104, Learning rate:,0.0028507718749999993, Number of training points (boundary):,3498, Number of training points (interior):,24998, VRAM allocated:,93068288, VRAM reserved:,29100081152
Epoch:,52800,Training Loss:,1934253135238.3684, Learning rate:,0.0028507718749999993, Number of training points (boundary):,3498, Number of training points (interior):,24998, VRAM allocated:,93068288, VRAM reserved:,29100081152
Epoch:,52900,Training Loss:,1037668415.541693, Learning rate:,0.0028507718749999993, Number of training points (boundary):,3498, Number of training points (interior):,24998, VRAM allocated:,93068288, VRAM reserved:,29100081152
Epoch:,53000,Training Loss:,41501766506740.18, Learning rate:,0.0028507718749999993, Number of training points (boundary):,3498, Number of training points (interior):,24998, VRAM allocated:,93068288, VRAM reserved:,29100081152
Epoch:,53100,Training Loss:,1.3796888321006968e+18, Learning rate:,0.0028507718749999993, Number of training points (boundary):,3498, Number of training points (interior):,24998, VRAM allocated:,93068288, VRAM reserved:,29100081152
Epoch:,53200,Training Loss:,808466603483.5332, Learning rate:,0.0028507718749999993, Number of training points (boundary):,3498, Number of training points (interior):,24998, VRAM allocated:,93068288, VRAM reserved:,29100081152
Epoch:,53300,Training Loss:,4.274754254267844e+17, Learning rate:,0.0028507718749999993, Number of training points (boundary):,3498, Number of training points (interior):,24998, VRAM allocated:,93068288, VRAM reserved:,29100081152
Epoch:,53400,Training Loss:,1.214228192342984e+16, Learning rate:,0.0028507718749999993, Number of training points (boundary):,3498, Number of training points (interior):,24998, VRAM allocated:,93068288, VRAM reserved:,29100081152
Epoch:,53500,Training Loss:,119687405525.75346, Learning rate:,0.0028507718749999993, Number of training points (boundary):,3498, Number of training points (interior):,24998, VRAM allocated:,93068288, VRAM reserved:,29100081152
Epoch:,53600,Training Loss:,1.2117864636665866e+18, Learning rate:,0.0028507718749999993, Number of training points (boundary):,3498, Number of training points (interior):,24998, VRAM allocated:,93068288, VRAM reserved:,29100081152
Epoch:,53700,Training Loss:,86499328635.87091, Learning rate:,0.0028507718749999993, Number of training points (boundary):,3498, Number of training points (interior):,24998, VRAM allocated:,93068288, VRAM reserved:,29100081152
Epoch:,53800,Training Loss:,20537844303.85186, Learning rate:,0.0028507718749999993, Number of training points (boundary):,3498, Number of training points (interior):,24998, VRAM allocated:,93068288, VRAM reserved:,29100081152
Epoch:,53900,Training Loss:,1.5928821093387197e+20, Learning rate:,0.0028507718749999993, Number of training points (boundary):,3498, Number of training points (interior):,24998, VRAM allocated:,93068288, VRAM reserved:,29100081152
Epoch:,54000,Training Loss:,1.0061883786466017e+19, Learning rate:,0.0028507718749999993, Number of training points (boundary):,3498, Number of training points (interior):,24998, VRAM allocated:,93068288, VRAM reserved:,29100081152
Epoch:,54100,Training Loss:,174719914395607.62, Learning rate:,0.0028507718749999993, Number of training points (boundary):,3498, Number of training points (interior):,24998, VRAM allocated:,93068288, VRAM reserved:,29100081152
Epoch:,54200,Training Loss:,9.602016130922861e+17, Learning rate:,0.0028507718749999993, Number of training points (boundary):,3498, Number of training points (interior):,24998, VRAM allocated:,93068288, VRAM reserved:,29100081152
Epoch:,54300,Training Loss:,486974095066144.6, Learning rate:,0.0028507718749999993, Number of training points (boundary):,3498, Number of training points (interior):,24998, VRAM allocated:,93068288, VRAM reserved:,29100081152
Epoch:,54400,Training Loss:,26495419.78950715, Learning rate:,0.0028507718749999993, Number of training points (boundary):,3498, Number of training points (interior):,24998, VRAM allocated:,93068288, VRAM reserved:,29100081152
Epoch:,54500,Training Loss:,1835015.5370818942, Learning rate:,0.0028507718749999993, Number of training points (boundary):,3498, Number of training points (interior):,24998, VRAM allocated:,93068288, VRAM reserved:,29100081152
Epoch:,54600,Training Loss:,268657.3121709236, Learning rate:,0.0028507718749999993, Number of training points (boundary):,3498, Number of training points (interior):,24998, VRAM allocated:,93068288, VRAM reserved:,29100081152
Epoch:,54700,Training Loss:,2557204.3534075534, Learning rate:,0.0028507718749999993, Number of training points (boundary):,3498, Number of training points (interior):,24998, VRAM allocated:,93068288, VRAM reserved:,29100081152
Epoch:,54800,Training Loss:,1.9919388694860436e+16, Learning rate:,0.0028507718749999993, Number of training points (boundary):,3498, Number of training points (interior):,24998, VRAM allocated:,93068288, VRAM reserved:,29100081152
Epoch:,54900,Training Loss:,10554229090.56379, Learning rate:,0.0028507718749999993, Number of training points (boundary):,3498, Number of training points (interior):,24998, VRAM allocated:,93068288, VRAM reserved:,29100081152
Epoch:,55000,Training Loss:,14185755.041144371, Learning rate:,0.0028507718749999993, Number of training points (boundary):,3498, Number of training points (interior):,24998, VRAM allocated:,93068288, VRAM reserved:,29100081152
Epoch:,55100,Training Loss:,109288477.96476723, Learning rate:,0.0028507718749999993, Number of training points (boundary):,3498, Number of training points (interior):,24998, VRAM allocated:,93068288, VRAM reserved:,29100081152
Epoch:,55200,Training Loss:,25923111777.965282, Learning rate:,0.0028507718749999993, Number of training points (boundary):,3498, Number of training points (interior):,24998, VRAM allocated:,93068288, VRAM reserved:,29100081152
Epoch:,55300,Training Loss:,4488281.032234028, Learning rate:,0.0028507718749999993, Number of training points (boundary):,3498, Number of training points (interior):,24998, VRAM allocated:,93068288, VRAM reserved:,29100081152
Epoch:,55400,Training Loss:,2948345.6841226295, Learning rate:,0.0028507718749999993, Number of training points (boundary):,3498, Number of training points (interior):,24998, VRAM allocated:,93068288, VRAM reserved:,29100081152
Epoch:,55500,Training Loss:,2224041.358135923, Learning rate:,0.0028507718749999993, Number of training points (boundary):,3498, Number of training points (interior):,24998, VRAM allocated:,93068288, VRAM reserved:,29100081152
Epoch:,55600,Training Loss:,26188939.29081558, Learning rate:,0.0028507718749999993, Number of training points (boundary):,3498, Number of training points (interior):,24998, VRAM allocated:,93068288, VRAM reserved:,29100081152
Epoch:,55700,Training Loss:,749202581575819.2, Learning rate:,0.0028507718749999993, Number of training points (boundary):,3498, Number of training points (interior):,24998, VRAM allocated:,93068288, VRAM reserved:,29100081152
Epoch:,55800,Training Loss:,356409437961899.7, Learning rate:,0.0028507718749999993, Number of training points (boundary):,3498, Number of training points (interior):,24998, VRAM allocated:,93068288, VRAM reserved:,29100081152
Epoch:,55900,Training Loss:,97788329976.16382, Learning rate:,0.0028507718749999993, Number of training points (boundary):,3498, Number of training points (interior):,24998, VRAM allocated:,93068288, VRAM reserved:,29100081152
Epoch:,56000,Training Loss:,2.5493908181562464e+17, Learning rate:,0.0028507718749999993, Number of training points (boundary):,3498, Number of training points (interior):,24998, VRAM allocated:,93068288, VRAM reserved:,29100081152
Epoch:,56100,Training Loss:,6.656928214640558e+16, Learning rate:,0.0028507718749999993, Number of training points (boundary):,3498, Number of training points (interior):,24998, VRAM allocated:,93068288, VRAM reserved:,29100081152
Epoch:,56200,Training Loss:,129643795961.37585, Learning rate:,0.0028507718749999993, Number of training points (boundary):,3498, Number of training points (interior):,24998, VRAM allocated:,93068288, VRAM reserved:,29100081152
Epoch:,56300,Training Loss:,434995299.8758365, Learning rate:,0.0028507718749999993, Number of training points (boundary):,3498, Number of training points (interior):,24998, VRAM allocated:,93068288, VRAM reserved:,29100081152
Epoch:,56400,Training Loss:,30442953.222445745, Learning rate:,0.0028507718749999993, Number of training points (boundary):,3498, Number of training points (interior):,24998, VRAM allocated:,93068288, VRAM reserved:,29100081152
Epoch:,56500,Training Loss:,9638413.480176032, Learning rate:,0.0028507718749999993, Number of training points (boundary):,3498, Number of training points (interior):,24998, VRAM allocated:,93068288, VRAM reserved:,29100081152
Epoch:,56600,Training Loss:,527588917.4827196, Learning rate:,0.0028507718749999993, Number of training points (boundary):,3498, Number of training points (interior):,24998, VRAM allocated:,93068288, VRAM reserved:,29100081152
Epoch:,56700,Training Loss:,7099282265.434701, Learning rate:,0.0028507718749999993, Number of training points (boundary):,3498, Number of training points (interior):,24998, VRAM allocated:,93068288, VRAM reserved:,29100081152
Epoch:,56800,Training Loss:,175469526432.20288, Learning rate:,0.0028507718749999993, Number of training points (boundary):,3498, Number of training points (interior):,24998, VRAM allocated:,93068288, VRAM reserved:,29100081152
Epoch:,56900,Training Loss:,60253125606516.625, Learning rate:,0.0028507718749999993, Number of training points (boundary):,3498, Number of training points (interior):,24998, VRAM allocated:,93068288, VRAM reserved:,29100081152
Epoch:,57000,Training Loss:,3.1566332670732494e+20, Learning rate:,0.0028507718749999993, Number of training points (boundary):,3498, Number of training points (interior):,24998, VRAM allocated:,93068288, VRAM reserved:,29100081152
Epoch:,57100,Training Loss:,176386837383.5704, Learning rate:,0.0028507718749999993, Number of training points (boundary):,3498, Number of training points (interior):,24998, VRAM allocated:,93068288, VRAM reserved:,29100081152
Epoch:,57200,Training Loss:,237916461.6777346, Learning rate:,0.0028507718749999993, Number of training points (boundary):,3498, Number of training points (interior):,24998, VRAM allocated:,93068288, VRAM reserved:,29100081152
Epoch:,57300,Training Loss:,2345671.91167353, Learning rate:,0.0028507718749999993, Number of training points (boundary):,3498, Number of training points (interior):,24998, VRAM allocated:,93068288, VRAM reserved:,29100081152
Epoch:,57400,Training Loss:,61963.367212520105, Learning rate:,0.0028507718749999993, Number of training points (boundary):,3498, Number of training points (interior):,24998, VRAM allocated:,93068288, VRAM reserved:,29100081152
Epoch:,57500,Training Loss:,7561.66147731262, Learning rate:,0.0028507718749999993, Number of training points (boundary):,3498, Number of training points (interior):,24998, VRAM allocated:,93068288, VRAM reserved:,29100081152
Epoch:,57600,Training Loss:,9382966.429122193, Learning rate:,0.0028507718749999993, Number of training points (boundary):,3498, Number of training points (interior):,24998, VRAM allocated:,93068288, VRAM reserved:,29100081152
Epoch:,57700,Training Loss:,2549395318283.546, Learning rate:,0.0028507718749999993, Number of training points (boundary):,3498, Number of training points (interior):,24998, VRAM allocated:,93068288, VRAM reserved:,29100081152
Epoch:,57800,Training Loss:,2.312368889941633e+29, Learning rate:,0.0028507718749999993, Number of training points (boundary):,3498, Number of training points (interior):,24998, VRAM allocated:,93068288, VRAM reserved:,29100081152
Epoch:,57900,Training Loss:,26803871232.61575, Learning rate:,0.0028507718749999993, Number of training points (boundary):,3498, Number of training points (interior):,24998, VRAM allocated:,93068288, VRAM reserved:,29100081152
Epoch:,58000,Training Loss:,155708.75573669485, Learning rate:,0.0028507718749999993, Number of training points (boundary):,3498, Number of training points (interior):,24998, VRAM allocated:,93068288, VRAM reserved:,29100081152
Epoch:,58100,Training Loss:,1524.7156171883241, Learning rate:,0.0028507718749999993, Number of training points (boundary):,3498, Number of training points (interior):,24998, VRAM allocated:,93068288, VRAM reserved:,29100081152
Epoch:,58200,Training Loss:,2065.520494142704, Learning rate:,0.0028507718749999993, Number of training points (boundary):,3498, Number of training points (interior):,24998, VRAM allocated:,93068288, VRAM reserved:,29100081152
Epoch:,58300,Training Loss:,21005.620611203845, Learning rate:,0.0028507718749999993, Number of training points (boundary):,3498, Number of training points (interior):,24998, VRAM allocated:,93068288, VRAM reserved:,29100081152
Epoch:,58400,Training Loss:,1965677.2855584219, Learning rate:,0.0028507718749999993, Number of training points (boundary):,3498, Number of training points (interior):,24998, VRAM allocated:,93068288, VRAM reserved:,29100081152
Epoch:,58500,Training Loss:,3785492027.916047, Learning rate:,0.0028507718749999993, Number of training points (boundary):,3498, Number of training points (interior):,24998, VRAM allocated:,93068288, VRAM reserved:,29100081152
Epoch:,58600,Training Loss:,1794885226879711.8, Learning rate:,0.0028507718749999993, Number of training points (boundary):,3498, Number of training points (interior):,24998, VRAM allocated:,93068288, VRAM reserved:,29100081152
Epoch:,58700,Training Loss:,29024474.957781933, Learning rate:,0.0028507718749999993, Number of training points (boundary):,3498, Number of training points (interior):,24998, VRAM allocated:,93068288, VRAM reserved:,29100081152
Epoch:,58800,Training Loss:,71541.22338390106, Learning rate:,0.0028507718749999993, Number of training points (boundary):,3498, Number of training points (interior):,24998, VRAM allocated:,93068288, VRAM reserved:,29100081152
Epoch:,58900,Training Loss:,3871888.613604202, Learning rate:,0.0028507718749999993, Number of training points (boundary):,3498, Number of training points (interior):,24998, VRAM allocated:,93068288, VRAM reserved:,29100081152
Epoch:,59000,Training Loss:,1874607003276.135, Learning rate:,0.0028507718749999993, Number of training points (boundary):,3498, Number of training points (interior):,24998, VRAM allocated:,93068288, VRAM reserved:,29100081152
Epoch:,59100,Training Loss:,4286714094.186731, Learning rate:,0.0028507718749999993, Number of training points (boundary):,3498, Number of training points (interior):,24998, VRAM allocated:,93068288, VRAM reserved:,29100081152
Epoch:,59200,Training Loss:,12168892740900.47, Learning rate:,0.0028507718749999993, Number of training points (boundary):,3498, Number of training points (interior):,24998, VRAM allocated:,93068288, VRAM reserved:,29100081152
Epoch:,59300,Training Loss:,31074062096605.684, Learning rate:,0.0028507718749999993, Number of training points (boundary):,3498, Number of training points (interior):,24998, VRAM allocated:,93068288, VRAM reserved:,29100081152
Epoch:,59400,Training Loss:,321935343.880725, Learning rate:,0.0028507718749999993, Number of training points (boundary):,3498, Number of training points (interior):,24998, VRAM allocated:,93068288, VRAM reserved:,29100081152
Epoch:,59500,Training Loss:,1570575.49918272, Learning rate:,0.0028507718749999993, Number of training points (boundary):,3498, Number of training points (interior):,24998, VRAM allocated:,93068288, VRAM reserved:,29100081152
Epoch:,59600,Training Loss:,142644.2047904062, Learning rate:,0.0028507718749999993, Number of training points (boundary):,3498, Number of training points (interior):,24998, VRAM allocated:,93068288, VRAM reserved:,29100081152
Epoch:,59700,Training Loss:,72291365.6167299, Learning rate:,0.0028507718749999993, Number of training points (boundary):,3498, Number of training points (interior):,24998, VRAM allocated:,93068288, VRAM reserved:,29100081152
Epoch:,59800,Training Loss:,2.1501970826952984e+16, Learning rate:,0.0028507718749999993, Number of training points (boundary):,3498, Number of training points (interior):,24998, VRAM allocated:,93068288, VRAM reserved:,29100081152
Epoch:,59900,Training Loss:,5754165615.598868, Learning rate:,0.0028507718749999993, Number of training points (boundary):,3498, Number of training points (interior):,24998, VRAM allocated:,93068288, VRAM reserved:,29100081152
Epoch:,60000,Training Loss:,3143646.0747945015, Learning rate:,0.0028507718749999993, Number of training points (boundary):,3498, Number of training points (interior):,24998, VRAM allocated:,93068288, VRAM reserved:,29100081152
Epoch:,60100,Training Loss:,621036.8994431166, Learning rate:,0.0028507718749999993, Number of training points (boundary):,3498, Number of training points (interior):,24998, VRAM allocated:,93068288, VRAM reserved:,29100081152
Epoch:,60200,Training Loss:,8214551.513893131, Learning rate:,0.0028507718749999993, Number of training points (boundary):,3498, Number of training points (interior):,24998, VRAM allocated:,93068288, VRAM reserved:,29100081152
Epoch:,60300,Training Loss:,8524669890.18931, Learning rate:,0.0028507718749999993, Number of training points (boundary):,3498, Number of training points (interior):,24998, VRAM allocated:,93068288, VRAM reserved:,29100081152
Epoch:,60400,Training Loss:,383469658195.16534, Learning rate:,0.0028507718749999993, Number of training points (boundary):,3498, Number of training points (interior):,24998, VRAM allocated:,93068288, VRAM reserved:,29100081152
Epoch:,60500,Training Loss:,3793203810.094464, Learning rate:,0.0028507718749999993, Number of training points (boundary):,3498, Number of training points (interior):,24998, VRAM allocated:,93068288, VRAM reserved:,29100081152
Epoch:,60600,Training Loss:,24533090495.82674, Learning rate:,0.0028507718749999993, Number of training points (boundary):,3498, Number of training points (interior):,24998, VRAM allocated:,93068288, VRAM reserved:,29100081152
Epoch:,60700,Training Loss:,11742752867.79818, Learning rate:,0.0028507718749999993, Number of training points (boundary):,3498, Number of training points (interior):,24998, VRAM allocated:,93068288, VRAM reserved:,29100081152
Epoch:,60800,Training Loss:,4.9055992079568404e+19, Learning rate:,0.0028507718749999993, Number of training points (boundary):,3498, Number of training points (interior):,24998, VRAM allocated:,93068288, VRAM reserved:,29100081152
Epoch:,60900,Training Loss:,14284282042.64905, Learning rate:,0.0028507718749999993, Number of training points (boundary):,3498, Number of training points (interior):,24998, VRAM allocated:,93068288, VRAM reserved:,29100081152
Epoch:,61000,Training Loss:,7365179293.800269, Learning rate:,0.0028507718749999993, Number of training points (boundary):,3498, Number of training points (interior):,24998, VRAM allocated:,93068288, VRAM reserved:,29100081152
Epoch:,61100,Training Loss:,3.350969911222359e+23, Learning rate:,0.0028507718749999993, Number of training points (boundary):,3498, Number of training points (interior):,24998, VRAM allocated:,93068288, VRAM reserved:,29100081152
Epoch:,61200,Training Loss:,12356182116.100756, Learning rate:,0.0028507718749999993, Number of training points (boundary):,3498, Number of training points (interior):,24998, VRAM allocated:,93068288, VRAM reserved:,29100081152
Epoch:,61300,Training Loss:,14736706343.506403, Learning rate:,0.0028507718749999993, Number of training points (boundary):,3498, Number of training points (interior):,24998, VRAM allocated:,93068288, VRAM reserved:,29100081152
Epoch:,61400,Training Loss:,696464810870.2256, Learning rate:,0.0028507718749999993, Number of training points (boundary):,3498, Number of training points (interior):,24998, VRAM allocated:,93068288, VRAM reserved:,29100081152
Epoch:,61500,Training Loss:,424730108173795.4, Learning rate:,0.0028507718749999993, Number of training points (boundary):,3498, Number of training points (interior):,24998, VRAM allocated:,93068288, VRAM reserved:,29100081152
Epoch:,61600,Training Loss:,6.754696874755725e+24, Learning rate:,0.0028507718749999993, Number of training points (boundary):,3498, Number of training points (interior):,24998, VRAM allocated:,93068288, VRAM reserved:,29100081152
Epoch:,61700,Training Loss:,5.821951585030348e+18, Learning rate:,0.0028507718749999993, Number of training points (boundary):,3498, Number of training points (interior):,24998, VRAM allocated:,93068288, VRAM reserved:,29100081152
Epoch:,61800,Training Loss:,1610858585734182.0, Learning rate:,0.0028507718749999993, Number of training points (boundary):,3498, Number of training points (interior):,24998, VRAM allocated:,93068288, VRAM reserved:,29100081152
Epoch:,61900,Training Loss:,7.216536287200288e+22, Learning rate:,0.0028507718749999993, Number of training points (boundary):,3498, Number of training points (interior):,24998, VRAM allocated:,93068288, VRAM reserved:,29100081152
Epoch:,62000,Training Loss:,1053956160960048.2, Learning rate:,0.0028507718749999993, Number of training points (boundary):,3498, Number of training points (interior):,24998, VRAM allocated:,93068288, VRAM reserved:,29100081152
Epoch:,62100,Training Loss:,1.3877913235557718e+27, Learning rate:,0.0028507718749999993, Number of training points (boundary):,3498, Number of training points (interior):,24998, VRAM allocated:,93068288, VRAM reserved:,29100081152
Epoch:,62200,Training Loss:,1.4340275970955917e+32, Learning rate:,0.0028507718749999993, Number of training points (boundary):,3498, Number of training points (interior):,24998, VRAM allocated:,93068288, VRAM reserved:,29100081152
Epoch:,62300,Training Loss:,5.09613196837395e+18, Learning rate:,0.0028507718749999993, Number of training points (boundary):,3498, Number of training points (interior):,24998, VRAM allocated:,93068288, VRAM reserved:,29100081152
Epoch:,62400,Training Loss:,2.7348908210283243e+21, Learning rate:,0.0028507718749999993, Number of training points (boundary):,3498, Number of training points (interior):,24998, VRAM allocated:,93068288, VRAM reserved:,29100081152
Epoch:,62500,Training Loss:,3.2787791530479667e+21, Learning rate:,0.0028507718749999993, Number of training points (boundary):,3498, Number of training points (interior):,24998, VRAM allocated:,93068288, VRAM reserved:,29100081152
Epoch:,62600,Training Loss:,45378531150955.77, Learning rate:,0.0028507718749999993, Number of training points (boundary):,3498, Number of training points (interior):,24998, VRAM allocated:,93068288, VRAM reserved:,29100081152
Epoch:,62700,Training Loss:,256743892751832.44, Learning rate:,0.0028507718749999993, Number of training points (boundary):,3498, Number of training points (interior):,24998, VRAM allocated:,93068288, VRAM reserved:,29100081152
Epoch:,62800,Training Loss:,6249531631639008.0, Learning rate:,0.0028507718749999993, Number of training points (boundary):,3498, Number of training points (interior):,24998, VRAM allocated:,93068288, VRAM reserved:,29100081152
Epoch:,62900,Training Loss:,20642842.133737374, Learning rate:,0.0028507718749999993, Number of training points (boundary):,3498, Number of training points (interior):,24998, VRAM allocated:,93068288, VRAM reserved:,29100081152
Epoch:,63000,Training Loss:,1084059912669.9907, Learning rate:,0.0028507718749999993, Number of training points (boundary):,3498, Number of training points (interior):,24998, VRAM allocated:,93068288, VRAM reserved:,29100081152
Epoch:,63100,Training Loss:,4.5572124970914164e+26, Learning rate:,0.0028507718749999993, Number of training points (boundary):,3498, Number of training points (interior):,24998, VRAM allocated:,93068288, VRAM reserved:,29100081152
Epoch:,63200,Training Loss:,956405413.6746136, Learning rate:,0.0028507718749999993, Number of training points (boundary):,3498, Number of training points (interior):,24998, VRAM allocated:,93068288, VRAM reserved:,29100081152
Epoch:,63300,Training Loss:,3.26944850232669e+23, Learning rate:,0.0028507718749999993, Number of training points (boundary):,3498, Number of training points (interior):,24998, VRAM allocated:,93068288, VRAM reserved:,29100081152
Epoch:,63400,Training Loss:,2216414501189.106, Learning rate:,0.0028507718749999993, Number of training points (boundary):,3498, Number of training points (interior):,24998, VRAM allocated:,93068288, VRAM reserved:,29100081152
Epoch:,63500,Training Loss:,650619823195.8774, Learning rate:,0.0028507718749999993, Number of training points (boundary):,3498, Number of training points (interior):,24998, VRAM allocated:,93068288, VRAM reserved:,29100081152
Epoch:,63600,Training Loss:,1.1326713359415948e+18, Learning rate:,0.0028507718749999993, Number of training points (boundary):,3498, Number of training points (interior):,24998, VRAM allocated:,93068288, VRAM reserved:,29100081152
Epoch:,63700,Training Loss:,2055340351831212.2, Learning rate:,0.0028507718749999993, Number of training points (boundary):,3498, Number of training points (interior):,24998, VRAM allocated:,93068288, VRAM reserved:,29100081152
Epoch:,63800,Training Loss:,4.787674702425337e+19, Learning rate:,0.0028507718749999993, Number of training points (boundary):,3498, Number of training points (interior):,24998, VRAM allocated:,93068288, VRAM reserved:,29100081152
Epoch:,63900,Training Loss:,5.346677956561931e+18, Learning rate:,0.0028507718749999993, Number of training points (boundary):,3498, Number of training points (interior):,24998, VRAM allocated:,93068288, VRAM reserved:,29100081152
Epoch:,64000,Training Loss:,8.339152323909979e+22, Learning rate:,0.0028507718749999993, Number of training points (boundary):,3498, Number of training points (interior):,24998, VRAM allocated:,93068288, VRAM reserved:,29100081152
Epoch:,64100,Training Loss:,115049509125320.94, Learning rate:,0.0028507718749999993, Number of training points (boundary):,3498, Number of training points (interior):,24998, VRAM allocated:,93068288, VRAM reserved:,29100081152
Epoch:,64200,Training Loss:,127091879870142.17, Learning rate:,0.0028507718749999993, Number of training points (boundary):,3498, Number of training points (interior):,24998, VRAM allocated:,93068288, VRAM reserved:,29100081152
Epoch:,64300,Training Loss:,5.28211965902209e+28, Learning rate:,0.0028507718749999993, Number of training points (boundary):,3498, Number of training points (interior):,24998, VRAM allocated:,93068288, VRAM reserved:,29100081152
Epoch:,64400,Training Loss:,1.5810686430104555e+21, Learning rate:,0.0028507718749999993, Number of training points (boundary):,3498, Number of training points (interior):,24998, VRAM allocated:,93068288, VRAM reserved:,29100081152
Epoch:,64500,Training Loss:,1.2232502800789356e+18, Learning rate:,0.0028507718749999993, Number of training points (boundary):,3498, Number of training points (interior):,24998, VRAM allocated:,93068288, VRAM reserved:,29100081152
Epoch:,64600,Training Loss:,8774459324.150335, Learning rate:,0.0028507718749999993, Number of training points (boundary):,3498, Number of training points (interior):,24998, VRAM allocated:,93068288, VRAM reserved:,29100081152
Epoch:,64700,Training Loss:,8.470988874231377e+17, Learning rate:,0.0028507718749999993, Number of training points (boundary):,3498, Number of training points (interior):,24998, VRAM allocated:,93068288, VRAM reserved:,29100081152
Epoch:,64800,Training Loss:,95660.84998415886, Learning rate:,0.0028507718749999993, Number of training points (boundary):,3498, Number of training points (interior):,24998, VRAM allocated:,93068288, VRAM reserved:,29100081152
Epoch:,64900,Training Loss:,1128.2472792431386, Learning rate:,0.0028507718749999993, Number of training points (boundary):,3498, Number of training points (interior):,24998, VRAM allocated:,93068288, VRAM reserved:,29100081152
Epoch:,65000,Training Loss:,91791.01668329936, Learning rate:,0.0028507718749999993, Number of training points (boundary):,3498, Number of training points (interior):,24998, VRAM allocated:,93068288, VRAM reserved:,29100081152
Epoch:,65100,Training Loss:,451237050299539.7, Learning rate:,0.0028507718749999993, Number of training points (boundary):,3498, Number of training points (interior):,24998, VRAM allocated:,93068288, VRAM reserved:,29100081152
Epoch:,65200,Training Loss:,2517160666.750409, Learning rate:,0.0028507718749999993, Number of training points (boundary):,3498, Number of training points (interior):,24998, VRAM allocated:,93068288, VRAM reserved:,29100081152
Epoch:,65300,Training Loss:,697.1266251472811, Learning rate:,0.0028507718749999993, Number of training points (boundary):,3498, Number of training points (interior):,24998, VRAM allocated:,93068288, VRAM reserved:,29100081152
Epoch:,65400,Training Loss:,40047.016611982144, Learning rate:,0.0028507718749999993, Number of training points (boundary):,3498, Number of training points (interior):,24998, VRAM allocated:,93068288, VRAM reserved:,29100081152
Epoch:,65500,Training Loss:,434154882224090.75, Learning rate:,0.0028507718749999993, Number of training points (boundary):,3498, Number of training points (interior):,24998, VRAM allocated:,93068288, VRAM reserved:,29100081152
Epoch:,65600,Training Loss:,1.605079199944071e+18, Learning rate:,0.0028507718749999993, Number of training points (boundary):,3498, Number of training points (interior):,24998, VRAM allocated:,93068288, VRAM reserved:,29100081152
Epoch:,65700,Training Loss:,8266346945.952343, Learning rate:,0.0028507718749999993, Number of training points (boundary):,3498, Number of training points (interior):,24998, VRAM allocated:,93068288, VRAM reserved:,29100081152
Epoch:,65800,Training Loss:,1409.3795892346025, Learning rate:,0.0028507718749999993, Number of training points (boundary):,3498, Number of training points (interior):,24998, VRAM allocated:,93068288, VRAM reserved:,29100081152
Epoch:,65900,Training Loss:,1031360860182.3196, Learning rate:,0.0028507718749999993, Number of training points (boundary):,3498, Number of training points (interior):,24998, VRAM allocated:,93068288, VRAM reserved:,29100081152
Epoch:,66000,Training Loss:,13355343684.66193, Learning rate:,0.0028507718749999993, Number of training points (boundary):,3498, Number of training points (interior):,24998, VRAM allocated:,93068288, VRAM reserved:,29100081152
Epoch:,66100,Training Loss:,5.629141648852218e+21, Learning rate:,0.0028507718749999993, Number of training points (boundary):,3498, Number of training points (interior):,24998, VRAM allocated:,93068288, VRAM reserved:,29100081152
Epoch:,66200,Training Loss:,730377143646070.8, Learning rate:,0.0028507718749999993, Number of training points (boundary):,3498, Number of training points (interior):,24998, VRAM allocated:,93068288, VRAM reserved:,29100081152
Epoch:,66300,Training Loss:,764190.831673096, Learning rate:,0.0028507718749999993, Number of training points (boundary):,3498, Number of training points (interior):,24998, VRAM allocated:,93068288, VRAM reserved:,29100081152
Epoch:,66400,Training Loss:,2346.2683974925512, Learning rate:,0.0028507718749999993, Number of training points (boundary):,3498, Number of training points (interior):,24998, VRAM allocated:,93068288, VRAM reserved:,29100081152
Epoch:,66500,Training Loss:,65424.07219940648, Learning rate:,0.0028507718749999993, Number of training points (boundary):,3498, Number of training points (interior):,24998, VRAM allocated:,93068288, VRAM reserved:,29100081152
Epoch:,66600,Training Loss:,70930057.69956416, Learning rate:,0.0028507718749999993, Number of training points (boundary):,3498, Number of training points (interior):,24998, VRAM allocated:,93068288, VRAM reserved:,29100081152
Epoch:,66700,Training Loss:,2.3489941878734594e+21, Learning rate:,0.0028507718749999993, Number of training points (boundary):,3498, Number of training points (interior):,24998, VRAM allocated:,93068288, VRAM reserved:,29100081152
Epoch:,66800,Training Loss:,8694581723.56361, Learning rate:,0.0028507718749999993, Number of training points (boundary):,3498, Number of training points (interior):,24998, VRAM allocated:,93068288, VRAM reserved:,29100081152
Epoch:,66900,Training Loss:,244765245.66826913, Learning rate:,0.0028507718749999993, Number of training points (boundary):,3498, Number of training points (interior):,24998, VRAM allocated:,93068288, VRAM reserved:,29100081152
Epoch:,67000,Training Loss:,81880188407.59753, Learning rate:,0.0028507718749999993, Number of training points (boundary):,3498, Number of training points (interior):,24998, VRAM allocated:,93068288, VRAM reserved:,29100081152
Epoch:,67100,Training Loss:,562742436.5514799, Learning rate:,0.0028507718749999993, Number of training points (boundary):,3498, Number of training points (interior):,24998, VRAM allocated:,93068288, VRAM reserved:,29100081152
Epoch:,67200,Training Loss:,222434748.78077546, Learning rate:,0.0028507718749999993, Number of training points (boundary):,3498, Number of training points (interior):,24998, VRAM allocated:,93068288, VRAM reserved:,29100081152
Epoch:,67300,Training Loss:,21043953139.9812, Learning rate:,0.0028507718749999993, Number of training points (boundary):,3498, Number of training points (interior):,24998, VRAM allocated:,93068288, VRAM reserved:,29100081152
Epoch:,67400,Training Loss:,93635682664.19951, Learning rate:,0.0028507718749999993, Number of training points (boundary):,3498, Number of training points (interior):,24998, VRAM allocated:,93068288, VRAM reserved:,29100081152
Epoch:,67500,Training Loss:,991745779.3247907, Learning rate:,0.0028507718749999993, Number of training points (boundary):,3498, Number of training points (interior):,24998, VRAM allocated:,93068288, VRAM reserved:,29100081152
Epoch:,67600,Training Loss:,27093120.21013497, Learning rate:,0.0028507718749999993, Number of training points (boundary):,3498, Number of training points (interior):,24998, VRAM allocated:,93068288, VRAM reserved:,29100081152
Epoch:,67700,Training Loss:,586.2182816714841, Learning rate:,0.0028507718749999993, Number of training points (boundary):,3498, Number of training points (interior):,24998, VRAM allocated:,93068288, VRAM reserved:,29100081152
Epoch:,67800,Training Loss:,1718.2819441262209, Learning rate:,0.0028507718749999993, Number of training points (boundary):,3498, Number of training points (interior):,24998, VRAM allocated:,93068288, VRAM reserved:,29100081152
Epoch:,67900,Training Loss:,3.261137483311172e+19, Learning rate:,0.0028507718749999993, Number of training points (boundary):,3498, Number of training points (interior):,24998, VRAM allocated:,93068288, VRAM reserved:,29100081152
Epoch:,68000,Training Loss:,3532438.4427388585, Learning rate:,0.0028507718749999993, Number of training points (boundary):,3498, Number of training points (interior):,24998, VRAM allocated:,93068288, VRAM reserved:,29100081152
Epoch:,68100,Training Loss:,9883.99909388276, Learning rate:,0.0028507718749999993, Number of training points (boundary):,3498, Number of training points (interior):,24998, VRAM allocated:,93068288, VRAM reserved:,29100081152
Epoch:,68200,Training Loss:,2.516796352790146e+16, Learning rate:,0.0028507718749999993, Number of training points (boundary):,3498, Number of training points (interior):,24998, VRAM allocated:,93068288, VRAM reserved:,29100081152
Epoch:,68300,Training Loss:,1.401731045271393e+25, Learning rate:,0.0028507718749999993, Number of training points (boundary):,3498, Number of training points (interior):,24998, VRAM allocated:,93068288, VRAM reserved:,29100081152
Epoch:,68400,Training Loss:,1224121.9700417684, Learning rate:,0.0028507718749999993, Number of training points (boundary):,3498, Number of training points (interior):,24998, VRAM allocated:,93068288, VRAM reserved:,29100081152
Epoch:,68500,Training Loss:,1780247.0218355984, Learning rate:,0.0028507718749999993, Number of training points (boundary):,3498, Number of training points (interior):,24998, VRAM allocated:,93068288, VRAM reserved:,29100081152
Epoch:,68600,Training Loss:,28296279136.492966, Learning rate:,0.0028507718749999993, Number of training points (boundary):,3498, Number of training points (interior):,24998, VRAM allocated:,93068288, VRAM reserved:,29100081152
Epoch:,68700,Training Loss:,2132762546675.5813, Learning rate:,0.0028507718749999993, Number of training points (boundary):,3498, Number of training points (interior):,24998, VRAM allocated:,93068288, VRAM reserved:,29100081152
Epoch:,68800,Training Loss:,313330383.57029885, Learning rate:,0.0028507718749999993, Number of training points (boundary):,3498, Number of training points (interior):,24998, VRAM allocated:,93068288, VRAM reserved:,29100081152
Epoch:,68900,Training Loss:,1031061989109.1578, Learning rate:,0.0028507718749999993, Number of training points (boundary):,3498, Number of training points (interior):,24998, VRAM allocated:,93068288, VRAM reserved:,29100081152
Epoch:,69000,Training Loss:,4657843.831875541, Learning rate:,0.0028507718749999993, Number of training points (boundary):,3498, Number of training points (interior):,24998, VRAM allocated:,93068288, VRAM reserved:,29100081152
Epoch:,69100,Training Loss:,4629.377210919392, Learning rate:,0.0028507718749999993, Number of training points (boundary):,3498, Number of training points (interior):,24998, VRAM allocated:,93068288, VRAM reserved:,29100081152
Epoch:,69200,Training Loss:,897289992.8330345, Learning rate:,0.0028507718749999993, Number of training points (boundary):,3498, Number of training points (interior):,24998, VRAM allocated:,93068288, VRAM reserved:,29100081152
Epoch:,69300,Training Loss:,1330.9083266953392, Learning rate:,0.0028507718749999993, Number of training points (boundary):,3498, Number of training points (interior):,24998, VRAM allocated:,93068288, VRAM reserved:,29100081152
Epoch:,69400,Training Loss:,126858610.90140133, Learning rate:,0.0028507718749999993, Number of training points (boundary):,3498, Number of training points (interior):,24998, VRAM allocated:,93068288, VRAM reserved:,29100081152
Epoch:,69500,Training Loss:,5163.74207451618, Learning rate:,0.0028507718749999993, Number of training points (boundary):,3498, Number of training points (interior):,24998, VRAM allocated:,93068288, VRAM reserved:,29100081152
Epoch:,69600,Training Loss:,270021071018.2123, Learning rate:,0.0028507718749999993, Number of training points (boundary):,3498, Number of training points (interior):,24998, VRAM allocated:,93068288, VRAM reserved:,29100081152
Epoch:,69700,Training Loss:,2516956.0997657534, Learning rate:,0.0028507718749999993, Number of training points (boundary):,3498, Number of training points (interior):,24998, VRAM allocated:,93068288, VRAM reserved:,29100081152
Epoch:,69800,Training Loss:,29213.615593319006, Learning rate:,0.0028507718749999993, Number of training points (boundary):,3498, Number of training points (interior):,24998, VRAM allocated:,93068288, VRAM reserved:,29100081152
Epoch:,69900,Training Loss:,10701266751.83302, Learning rate:,0.0028507718749999993, Number of training points (boundary):,3498, Number of training points (interior):,24998, VRAM allocated:,93068288, VRAM reserved:,29100081152
Epoch:,70000,Training Loss:,2289594867453.6875, Learning rate:,0.0028507718749999993, Number of training points (boundary):,3498, Number of training points (interior):,24998, VRAM allocated:,93068288, VRAM reserved:,29100081152
Epoch:,70100,Training Loss:,1681415.1179946652, Learning rate:,0.0028507718749999993, Number of training points (boundary):,3498, Number of training points (interior):,24998, VRAM allocated:,93068288, VRAM reserved:,29100081152
Epoch:,70200,Training Loss:,402260416.80751073, Learning rate:,0.0028507718749999993, Number of training points (boundary):,3498, Number of training points (interior):,24998, VRAM allocated:,93068288, VRAM reserved:,29100081152
Epoch:,70300,Training Loss:,39680.27215427576, Learning rate:,0.0028507718749999993, Number of training points (boundary):,3498, Number of training points (interior):,24998, VRAM allocated:,93068288, VRAM reserved:,29100081152
Epoch:,70400,Training Loss:,744.5822320297823, Learning rate:,0.0028507718749999993, Number of training points (boundary):,3498, Number of training points (interior):,24998, VRAM allocated:,93068288, VRAM reserved:,29100081152
Epoch:,70500,Training Loss:,4814600.952848915, Learning rate:,0.0028507718749999993, Number of training points (boundary):,3498, Number of training points (interior):,24998, VRAM allocated:,93068288, VRAM reserved:,29100081152
Epoch:,70600,Training Loss:,1747992298117014.5, Learning rate:,0.0028507718749999993, Number of training points (boundary):,3498, Number of training points (interior):,24998, VRAM allocated:,93068288, VRAM reserved:,29100081152
Epoch:,70700,Training Loss:,1.14899929754233e+18, Learning rate:,0.0028507718749999993, Number of training points (boundary):,3498, Number of training points (interior):,24998, VRAM allocated:,93068288, VRAM reserved:,29100081152
Epoch:,70800,Training Loss:,3490027586457.9873, Learning rate:,0.0028507718749999993, Number of training points (boundary):,3498, Number of training points (interior):,24998, VRAM allocated:,93068288, VRAM reserved:,29100081152
Epoch:,70900,Training Loss:,42011.923019687754, Learning rate:,0.0028507718749999993, Number of training points (boundary):,3498, Number of training points (interior):,24998, VRAM allocated:,93068288, VRAM reserved:,29100081152
Epoch:,71000,Training Loss:,554304824394.2386, Learning rate:,0.0028507718749999993, Number of training points (boundary):,3498, Number of training points (interior):,24998, VRAM allocated:,93068288, VRAM reserved:,29100081152
Epoch:,71100,Training Loss:,202476296.41720313, Learning rate:,0.0028507718749999993, Number of training points (boundary):,3498, Number of training points (interior):,24998, VRAM allocated:,93068288, VRAM reserved:,29100081152
Epoch:,71200,Training Loss:,4039930.517648543, Learning rate:,0.0028507718749999993, Number of training points (boundary):,3498, Number of training points (interior):,24998, VRAM allocated:,93068288, VRAM reserved:,29100081152
Epoch:,71300,Training Loss:,1.6110473037933718e+26, Learning rate:,0.0028507718749999993, Number of training points (boundary):,3498, Number of training points (interior):,24998, VRAM allocated:,93068288, VRAM reserved:,29100081152
Epoch:,71400,Training Loss:,8624211.612038555, Learning rate:,0.0028507718749999993, Number of training points (boundary):,3498, Number of training points (interior):,24998, VRAM allocated:,93068288, VRAM reserved:,29100081152
Epoch:,71500,Training Loss:,10671445.230826981, Learning rate:,0.0028507718749999993, Number of training points (boundary):,3498, Number of training points (interior):,24998, VRAM allocated:,93068288, VRAM reserved:,29100081152
Epoch:,71600,Training Loss:,7986839339.121945, Learning rate:,0.0028507718749999993, Number of training points (boundary):,3498, Number of training points (interior):,24998, VRAM allocated:,93068288, VRAM reserved:,29100081152
Epoch:,71700,Training Loss:,424503925.01334655, Learning rate:,0.0028507718749999993, Number of training points (boundary):,3498, Number of training points (interior):,24998, VRAM allocated:,93068288, VRAM reserved:,29100081152
Epoch:,71800,Training Loss:,68162.74710000379, Learning rate:,0.0028507718749999993, Number of training points (boundary):,3498, Number of training points (interior):,24998, VRAM allocated:,93068288, VRAM reserved:,29100081152
Epoch:,71900,Training Loss:,16712.45213981419, Learning rate:,0.0028507718749999993, Number of training points (boundary):,3498, Number of training points (interior):,24998, VRAM allocated:,93068288, VRAM reserved:,29100081152
Epoch:,72000,Training Loss:,1071.9443101587221, Learning rate:,0.0028507718749999993, Number of training points (boundary):,3498, Number of training points (interior):,24998, VRAM allocated:,93068288, VRAM reserved:,29100081152
Epoch:,72100,Training Loss:,16444.07344003441, Learning rate:,0.0028507718749999993, Number of training points (boundary):,3498, Number of training points (interior):,24998, VRAM allocated:,93068288, VRAM reserved:,29100081152
Epoch:,72200,Training Loss:,2.1015341102941754e+17, Learning rate:,0.0028507718749999993, Number of training points (boundary):,3498, Number of training points (interior):,24998, VRAM allocated:,93068288, VRAM reserved:,29100081152
Epoch:,72300,Training Loss:,1945252639759.4248, Learning rate:,0.0028507718749999993, Number of training points (boundary):,3498, Number of training points (interior):,24998, VRAM allocated:,93068288, VRAM reserved:,29100081152
Epoch:,72400,Training Loss:,555216506379545.5, Learning rate:,0.0028507718749999993, Number of training points (boundary):,3498, Number of training points (interior):,24998, VRAM allocated:,93068288, VRAM reserved:,29100081152
Epoch:,72500,Training Loss:,516154048510173.4, Learning rate:,0.0028507718749999993, Number of training points (boundary):,3498, Number of training points (interior):,24998, VRAM allocated:,93068288, VRAM reserved:,29100081152
Epoch:,72600,Training Loss:,17003740847.297245, Learning rate:,0.0028507718749999993, Number of training points (boundary):,3498, Number of training points (interior):,24998, VRAM allocated:,93068288, VRAM reserved:,29100081152
Epoch:,72700,Training Loss:,282436.4817103911, Learning rate:,0.0028507718749999993, Number of training points (boundary):,3498, Number of training points (interior):,24998, VRAM allocated:,93068288, VRAM reserved:,29100081152
Epoch:,72800,Training Loss:,10579.662733896108, Learning rate:,0.0028507718749999993, Number of training points (boundary):,3498, Number of training points (interior):,24998, VRAM allocated:,93068288, VRAM reserved:,29100081152
Epoch:,72900,Training Loss:,4113417689.8457284, Learning rate:,0.0028507718749999993, Number of training points (boundary):,3498, Number of training points (interior):,24998, VRAM allocated:,93068288, VRAM reserved:,29100081152
Epoch:,73000,Training Loss:,21975493.752852138, Learning rate:,0.0028507718749999993, Number of training points (boundary):,3498, Number of training points (interior):,24998, VRAM allocated:,93068288, VRAM reserved:,29100081152
Epoch:,73100,Training Loss:,11938886.522222387, Learning rate:,0.0028507718749999993, Number of training points (boundary):,3498, Number of training points (interior):,24998, VRAM allocated:,93068288, VRAM reserved:,29100081152
Epoch:,73200,Training Loss:,4.26848829226208e+20, Learning rate:,0.0028507718749999993, Number of training points (boundary):,3498, Number of training points (interior):,24998, VRAM allocated:,93068288, VRAM reserved:,29100081152
Epoch:,73300,Training Loss:,8052422852.513706, Learning rate:,0.0028507718749999993, Number of training points (boundary):,3498, Number of training points (interior):,24998, VRAM allocated:,93068288, VRAM reserved:,29100081152
Epoch:,73400,Training Loss:,1.7874311660660993e+24, Learning rate:,0.0028507718749999993, Number of training points (boundary):,3498, Number of training points (interior):,24998, VRAM allocated:,93068288, VRAM reserved:,29100081152
Epoch:,73500,Training Loss:,91191777.69982918, Learning rate:,0.0028507718749999993, Number of training points (boundary):,3498, Number of training points (interior):,24998, VRAM allocated:,93068288, VRAM reserved:,29100081152
Epoch:,73600,Training Loss:,99015.08425332767, Learning rate:,0.0028507718749999993, Number of training points (boundary):,3498, Number of training points (interior):,24998, VRAM allocated:,93068288, VRAM reserved:,29100081152
Epoch:,73700,Training Loss:,174851036127.5592, Learning rate:,0.0028507718749999993, Number of training points (boundary):,3498, Number of training points (interior):,24998, VRAM allocated:,93068288, VRAM reserved:,29100081152
Epoch:,73800,Training Loss:,925488.1440441755, Learning rate:,0.0028507718749999993, Number of training points (boundary):,3498, Number of training points (interior):,24998, VRAM allocated:,93068288, VRAM reserved:,29100081152
Epoch:,73900,Training Loss:,12333614780.194695, Learning rate:,0.0028507718749999993, Number of training points (boundary):,3498, Number of training points (interior):,24998, VRAM allocated:,93068288, VRAM reserved:,29100081152
Epoch:,74000,Training Loss:,9128532677638.705, Learning rate:,0.0028507718749999993, Number of training points (boundary):,3498, Number of training points (interior):,24998, VRAM allocated:,93068288, VRAM reserved:,29100081152
Epoch:,74100,Training Loss:,7250.443190884764, Learning rate:,0.0028507718749999993, Number of training points (boundary):,3498, Number of training points (interior):,24998, VRAM allocated:,93068288, VRAM reserved:,29100081152
Epoch:,74200,Training Loss:,52576180.56591346, Learning rate:,0.0028507718749999993, Number of training points (boundary):,3498, Number of training points (interior):,24998, VRAM allocated:,93068288, VRAM reserved:,29100081152
Epoch:,74300,Training Loss:,2337515091.549449, Learning rate:,0.0028507718749999993, Number of training points (boundary):,3498, Number of training points (interior):,24998, VRAM allocated:,93068288, VRAM reserved:,29100081152
Epoch:,74400,Training Loss:,31414345992981.137, Learning rate:,0.0028507718749999993, Number of training points (boundary):,3498, Number of training points (interior):,24998, VRAM allocated:,93068288, VRAM reserved:,29100081152
Epoch:,74500,Training Loss:,6.156964335963319e+17, Learning rate:,0.0028507718749999993, Number of training points (boundary):,3498, Number of training points (interior):,24998, VRAM allocated:,93068288, VRAM reserved:,29100081152
Epoch:,74600,Training Loss:,536389297085487.25, Learning rate:,0.0028507718749999993, Number of training points (boundary):,3498, Number of training points (interior):,24998, VRAM allocated:,93068288, VRAM reserved:,29100081152
Epoch:,74700,Training Loss:,339286.20574548776, Learning rate:,0.0028507718749999993, Number of training points (boundary):,3498, Number of training points (interior):,24998, VRAM allocated:,93068288, VRAM reserved:,29100081152
Epoch:,74800,Training Loss:,347023809294.99097, Learning rate:,0.0028507718749999993, Number of training points (boundary):,3498, Number of training points (interior):,24998, VRAM allocated:,93068288, VRAM reserved:,29100081152
Epoch:,74900,Training Loss:,135488.92927827456, Learning rate:,0.0028507718749999993, Number of training points (boundary):,3498, Number of training points (interior):,24998, VRAM allocated:,93068288, VRAM reserved:,29100081152
Epoch:,75000,Training Loss:,19918749.912139796, Learning rate:,0.0028507718749999993, Number of training points (boundary):,3498, Number of training points (interior):,24998, VRAM allocated:,93068288, VRAM reserved:,29100081152
Epoch:,75100,Training Loss:,43253259.388620704, Learning rate:,0.0028507718749999993, Number of training points (boundary):,3498, Number of training points (interior):,24998, VRAM allocated:,93068288, VRAM reserved:,29100081152
Epoch:,75200,Training Loss:,18148226562605.273, Learning rate:,0.0028507718749999993, Number of training points (boundary):,3498, Number of training points (interior):,24998, VRAM allocated:,93068288, VRAM reserved:,29100081152
Epoch:,75300,Training Loss:,1331042.9508928847, Learning rate:,0.0028507718749999993, Number of training points (boundary):,3498, Number of training points (interior):,24998, VRAM allocated:,93068288, VRAM reserved:,29100081152
Epoch:,75400,Training Loss:,4739949401.495561, Learning rate:,0.0028507718749999993, Number of training points (boundary):,3498, Number of training points (interior):,24998, VRAM allocated:,93068288, VRAM reserved:,29100081152
Epoch:,75500,Training Loss:,1.162547612244389e+33, Learning rate:,0.0028507718749999993, Number of training points (boundary):,3498, Number of training points (interior):,24998, VRAM allocated:,93068288, VRAM reserved:,29100081152
Epoch:,75600,Training Loss:,253607975326.55054, Learning rate:,0.0028507718749999993, Number of training points (boundary):,3498, Number of training points (interior):,24998, VRAM allocated:,93068288, VRAM reserved:,29100081152
Epoch:,75700,Training Loss:,2495307518735379.5, Learning rate:,0.0028507718749999993, Number of training points (boundary):,3498, Number of training points (interior):,24998, VRAM allocated:,93068288, VRAM reserved:,29100081152
Epoch:,75800,Training Loss:,3.7012944136879565e+17, Learning rate:,0.0028507718749999993, Number of training points (boundary):,3498, Number of training points (interior):,24998, VRAM allocated:,93068288, VRAM reserved:,29100081152
Epoch:,75900,Training Loss:,35534137.84334077, Learning rate:,0.0028507718749999993, Number of training points (boundary):,3498, Number of training points (interior):,24998, VRAM allocated:,93068288, VRAM reserved:,29100081152
Epoch:,76000,Training Loss:,19707.969149580782, Learning rate:,0.0028507718749999993, Number of training points (boundary):,3498, Number of training points (interior):,24998, VRAM allocated:,93068288, VRAM reserved:,29100081152
Epoch:,76100,Training Loss:,1245066860.618737, Learning rate:,0.0028507718749999993, Number of training points (boundary):,3498, Number of training points (interior):,24998, VRAM allocated:,93068288, VRAM reserved:,29100081152
Epoch:,76200,Training Loss:,2502826.0960188652, Learning rate:,0.0028507718749999993, Number of training points (boundary):,3498, Number of training points (interior):,24998, VRAM allocated:,93068288, VRAM reserved:,29100081152
Epoch:,76300,Training Loss:,120238214772.23798, Learning rate:,0.0028507718749999993, Number of training points (boundary):,3498, Number of training points (interior):,24998, VRAM allocated:,93068288, VRAM reserved:,29100081152
Epoch:,76400,Training Loss:,4.5172238005057004e+18, Learning rate:,0.0028507718749999993, Number of training points (boundary):,3498, Number of training points (interior):,24998, VRAM allocated:,93068288, VRAM reserved:,29100081152
Epoch:,76500,Training Loss:,159048744.47302955, Learning rate:,0.0028507718749999993, Number of training points (boundary):,3498, Number of training points (interior):,24998, VRAM allocated:,93068288, VRAM reserved:,29100081152
Epoch:,76600,Training Loss:,8101679014352.223, Learning rate:,0.0028507718749999993, Number of training points (boundary):,3498, Number of training points (interior):,24998, VRAM allocated:,93068288, VRAM reserved:,29100081152
Epoch:,76700,Training Loss:,7.962215907009261e+29, Learning rate:,0.0028507718749999993, Number of training points (boundary):,3498, Number of training points (interior):,24998, VRAM allocated:,93068288, VRAM reserved:,29100081152
Epoch:,76800,Training Loss:,488827504.4656376, Learning rate:,0.0028507718749999993, Number of training points (boundary):,3498, Number of training points (interior):,24998, VRAM allocated:,93068288, VRAM reserved:,29100081152
Epoch:,76900,Training Loss:,3810629.0811994895, Learning rate:,0.0028507718749999993, Number of training points (boundary):,3498, Number of training points (interior):,24998, VRAM allocated:,93068288, VRAM reserved:,29100081152
Epoch:,77000,Training Loss:,1.6393841851665526e+16, Learning rate:,0.0028507718749999993, Number of training points (boundary):,3498, Number of training points (interior):,24998, VRAM allocated:,93068288, VRAM reserved:,29100081152
Epoch:,77100,Training Loss:,4320286043036288.5, Learning rate:,0.0028507718749999993, Number of training points (boundary):,3498, Number of training points (interior):,24998, VRAM allocated:,93068288, VRAM reserved:,29100081152
Epoch:,77200,Training Loss:,3220.03323214599, Learning rate:,0.0028507718749999993, Number of training points (boundary):,3498, Number of training points (interior):,24998, VRAM allocated:,93068288, VRAM reserved:,29100081152
Epoch:,77300,Training Loss:,502530417.25494385, Learning rate:,0.0028507718749999993, Number of training points (boundary):,3498, Number of training points (interior):,24998, VRAM allocated:,93068288, VRAM reserved:,29100081152
Epoch:,77400,Training Loss:,6807.228227316473, Learning rate:,0.0028507718749999993, Number of training points (boundary):,3498, Number of training points (interior):,24998, VRAM allocated:,93068288, VRAM reserved:,29100081152
Epoch:,77500,Training Loss:,10341720.77607571, Learning rate:,0.0028507718749999993, Number of training points (boundary):,3498, Number of training points (interior):,24998, VRAM allocated:,93068288, VRAM reserved:,29100081152
Epoch:,77600,Training Loss:,4562877.895198727, Learning rate:,0.0028507718749999993, Number of training points (boundary):,3498, Number of training points (interior):,24998, VRAM allocated:,93068288, VRAM reserved:,29100081152
Epoch:,77700,Training Loss:,1279187645993730.2, Learning rate:,0.0028507718749999993, Number of training points (boundary):,3498, Number of training points (interior):,24998, VRAM allocated:,93068288, VRAM reserved:,29100081152
Epoch:,77800,Training Loss:,5.041558141909175e+17, Learning rate:,0.0028507718749999993, Number of training points (boundary):,3498, Number of training points (interior):,24998, VRAM allocated:,93068288, VRAM reserved:,29100081152
Epoch:,77900,Training Loss:,1454.0084495918004, Learning rate:,0.0028507718749999993, Number of training points (boundary):,3498, Number of training points (interior):,24998, VRAM allocated:,93068288, VRAM reserved:,29100081152
Epoch:,78000,Training Loss:,187489219087.27142, Learning rate:,0.0028507718749999993, Number of training points (boundary):,3498, Number of training points (interior):,24998, VRAM allocated:,93068288, VRAM reserved:,29100081152
Epoch:,78100,Training Loss:,149070.67409319396, Learning rate:,0.0028507718749999993, Number of training points (boundary):,3498, Number of training points (interior):,24998, VRAM allocated:,93068288, VRAM reserved:,29100081152
Epoch:,78200,Training Loss:,1871031299881477.5, Learning rate:,0.0028507718749999993, Number of training points (boundary):,3498, Number of training points (interior):,24998, VRAM allocated:,93068288, VRAM reserved:,29100081152
Epoch:,78300,Training Loss:,67704753375745.734, Learning rate:,0.0028507718749999993, Number of training points (boundary):,3498, Number of training points (interior):,24998, VRAM allocated:,93068288, VRAM reserved:,29100081152
Epoch:,78400,Training Loss:,2029.9788507544677, Learning rate:,0.0028507718749999993, Number of training points (boundary):,3498, Number of training points (interior):,24998, VRAM allocated:,93068288, VRAM reserved:,29100081152
Epoch:,78500,Training Loss:,9.783596918125501e+17, Learning rate:,0.0028507718749999993, Number of training points (boundary):,3498, Number of training points (interior):,24998, VRAM allocated:,93068288, VRAM reserved:,29100081152
Epoch:,78600,Training Loss:,606355641.9418459, Learning rate:,0.0028507718749999993, Number of training points (boundary):,3498, Number of training points (interior):,24998, VRAM allocated:,93068288, VRAM reserved:,29100081152
Epoch:,78700,Training Loss:,1381.403003646076, Learning rate:,0.0028507718749999993, Number of training points (boundary):,3498, Number of training points (interior):,24998, VRAM allocated:,93068288, VRAM reserved:,29100081152
Epoch:,78800,Training Loss:,246193.66570694308, Learning rate:,0.0028507718749999993, Number of training points (boundary):,3498, Number of training points (interior):,24998, VRAM allocated:,93068288, VRAM reserved:,29100081152
Epoch:,78900,Training Loss:,19269.645484990255, Learning rate:,0.0028507718749999993, Number of training points (boundary):,3498, Number of training points (interior):,24998, VRAM allocated:,93068288, VRAM reserved:,29100081152
Epoch:,79000,Training Loss:,3883298.8520944742, Learning rate:,0.0028507718749999993, Number of training points (boundary):,3498, Number of training points (interior):,24998, VRAM allocated:,93068288, VRAM reserved:,29100081152
Epoch:,79100,Training Loss:,17887501.520842433, Learning rate:,0.0028507718749999993, Number of training points (boundary):,3498, Number of training points (interior):,24998, VRAM allocated:,93068288, VRAM reserved:,29100081152
Epoch:,79200,Training Loss:,173887.62117373146, Learning rate:,0.0028507718749999993, Number of training points (boundary):,3498, Number of training points (interior):,24998, VRAM allocated:,93068288, VRAM reserved:,29100081152
Epoch:,79300,Training Loss:,51984.23086531866, Learning rate:,0.0028507718749999993, Number of training points (boundary):,3498, Number of training points (interior):,24998, VRAM allocated:,93068288, VRAM reserved:,29100081152
Epoch:,79400,Training Loss:,38250.14510232552, Learning rate:,0.0028507718749999993, Number of training points (boundary):,3498, Number of training points (interior):,24998, VRAM allocated:,93068288, VRAM reserved:,29100081152
Epoch:,79500,Training Loss:,3.3537455836741e+20, Learning rate:,0.0028507718749999993, Number of training points (boundary):,3498, Number of training points (interior):,24998, VRAM allocated:,93068288, VRAM reserved:,29100081152
Epoch:,79600,Training Loss:,1699.0758649813765, Learning rate:,0.0028507718749999993, Number of training points (boundary):,3498, Number of training points (interior):,24998, VRAM allocated:,93068288, VRAM reserved:,29100081152
Epoch:,79700,Training Loss:,2407032401871.796, Learning rate:,0.0028507718749999993, Number of training points (boundary):,3498, Number of training points (interior):,24998, VRAM allocated:,93068288, VRAM reserved:,29100081152
Epoch:,79800,Training Loss:,48852.42905131371, Learning rate:,0.0028507718749999993, Number of training points (boundary):,3498, Number of training points (interior):,24998, VRAM allocated:,93068288, VRAM reserved:,29100081152
Epoch:,79900,Training Loss:,11287.53316297368, Learning rate:,0.0028507718749999993, Number of training points (boundary):,3498, Number of training points (interior):,24998, VRAM allocated:,93068288, VRAM reserved:,29100081152
Epoch:,80000,Training Loss:,371547613298.52466, Learning rate:,0.0028507718749999993, Number of training points (boundary):,3498, Number of training points (interior):,24998, VRAM allocated:,93068288, VRAM reserved:,29100081152
Epoch:,80100,Training Loss:,2.908271756154868e+20, Learning rate:,0.0028507718749999993, Number of training points (boundary):,3498, Number of training points (interior):,24998, VRAM allocated:,93068288, VRAM reserved:,29100081152
Epoch:,80200,Training Loss:,230706637616.23, Learning rate:,0.0028507718749999993, Number of training points (boundary):,3498, Number of training points (interior):,24998, VRAM allocated:,93068288, VRAM reserved:,29100081152
Epoch:,80300,Training Loss:,1296.792287947853, Learning rate:,0.0028507718749999993, Number of training points (boundary):,3498, Number of training points (interior):,24998, VRAM allocated:,93068288, VRAM reserved:,29100081152
Epoch:,80400,Training Loss:,1477.315514242339, Learning rate:,0.0028507718749999993, Number of training points (boundary):,3498, Number of training points (interior):,24998, VRAM allocated:,93068288, VRAM reserved:,29100081152
Epoch:,80500,Training Loss:,1.4560154798956744e+16, Learning rate:,0.0028507718749999993, Number of training points (boundary):,3498, Number of training points (interior):,24998, VRAM allocated:,93068288, VRAM reserved:,29100081152
Epoch:,80600,Training Loss:,1.0013543018438589e+26, Learning rate:,0.0028507718749999993, Number of training points (boundary):,3498, Number of training points (interior):,24998, VRAM allocated:,93068288, VRAM reserved:,29100081152
Epoch:,80700,Training Loss:,586942.2288806036, Learning rate:,0.0028507718749999993, Number of training points (boundary):,3498, Number of training points (interior):,24998, VRAM allocated:,93068288, VRAM reserved:,29100081152
Epoch:,80800,Training Loss:,53577653.129444495, Learning rate:,0.0028507718749999993, Number of training points (boundary):,3498, Number of training points (interior):,24998, VRAM allocated:,93068288, VRAM reserved:,29100081152
Epoch:,80900,Training Loss:,1027343.790999008, Learning rate:,0.0028507718749999993, Number of training points (boundary):,3498, Number of training points (interior):,24998, VRAM allocated:,93068288, VRAM reserved:,29100081152
Epoch:,81000,Training Loss:,40496090783777.28, Learning rate:,0.0028507718749999993, Number of training points (boundary):,3498, Number of training points (interior):,24998, VRAM allocated:,93068288, VRAM reserved:,29100081152
Epoch:,81100,Training Loss:,4883127007568267.0, Learning rate:,0.0028507718749999993, Number of training points (boundary):,3498, Number of training points (interior):,24998, VRAM allocated:,93068288, VRAM reserved:,29100081152
Epoch:,81200,Training Loss:,1266185.1823505936, Learning rate:,0.0028507718749999993, Number of training points (boundary):,3498, Number of training points (interior):,24998, VRAM allocated:,93068288, VRAM reserved:,29100081152
Epoch:,81300,Training Loss:,1231533.2867445906, Learning rate:,0.0028507718749999993, Number of training points (boundary):,3498, Number of training points (interior):,24998, VRAM allocated:,93068288, VRAM reserved:,29100081152
Epoch:,81400,Training Loss:,12252139.285610532, Learning rate:,0.0028507718749999993, Number of training points (boundary):,3498, Number of training points (interior):,24998, VRAM allocated:,93068288, VRAM reserved:,29100081152
Epoch:,81500,Training Loss:,74687.29022434822, Learning rate:,0.0028507718749999993, Number of training points (boundary):,3498, Number of training points (interior):,24998, VRAM allocated:,93068288, VRAM reserved:,29100081152
Epoch:,81600,Training Loss:,9464597153368.428, Learning rate:,0.0028507718749999993, Number of training points (boundary):,3498, Number of training points (interior):,24998, VRAM allocated:,93068288, VRAM reserved:,29100081152
Epoch:,81700,Training Loss:,656847.5286243801, Learning rate:,0.0028507718749999993, Number of training points (boundary):,3498, Number of training points (interior):,24998, VRAM allocated:,93068288, VRAM reserved:,29100081152
Epoch:,81800,Training Loss:,240663.17615246726, Learning rate:,0.0028507718749999993, Number of training points (boundary):,3498, Number of training points (interior):,24998, VRAM allocated:,93068288, VRAM reserved:,29100081152
Epoch:,81900,Training Loss:,903797882148076.2, Learning rate:,0.0028507718749999993, Number of training points (boundary):,3498, Number of training points (interior):,24998, VRAM allocated:,93068288, VRAM reserved:,29100081152
Epoch:,82000,Training Loss:,6028095.689992796, Learning rate:,0.0028507718749999993, Number of training points (boundary):,3498, Number of training points (interior):,24998, VRAM allocated:,93068288, VRAM reserved:,29100081152
Epoch:,82100,Training Loss:,20551079631873.08, Learning rate:,0.0028507718749999993, Number of training points (boundary):,3498, Number of training points (interior):,24998, VRAM allocated:,93068288, VRAM reserved:,29100081152
Epoch:,82200,Training Loss:,896448084.4777035, Learning rate:,0.0028507718749999993, Number of training points (boundary):,3498, Number of training points (interior):,24998, VRAM allocated:,93068288, VRAM reserved:,29100081152
Epoch:,82300,Training Loss:,7022815.458506831, Learning rate:,0.0028507718749999993, Number of training points (boundary):,3498, Number of training points (interior):,24998, VRAM allocated:,93068288, VRAM reserved:,29100081152
Epoch:,82400,Training Loss:,1945266.691275323, Learning rate:,0.0028507718749999993, Number of training points (boundary):,3498, Number of training points (interior):,24998, VRAM allocated:,93068288, VRAM reserved:,29100081152
Epoch:,82500,Training Loss:,5.183218704301776e+25, Learning rate:,0.0028507718749999993, Number of training points (boundary):,3498, Number of training points (interior):,24998, VRAM allocated:,93068288, VRAM reserved:,29100081152
Epoch:,82600,Training Loss:,35555151.11579935, Learning rate:,0.0028507718749999993, Number of training points (boundary):,3498, Number of training points (interior):,24998, VRAM allocated:,93068288, VRAM reserved:,29100081152
Epoch:,82700,Training Loss:,68466.84693967155, Learning rate:,0.0028507718749999993, Number of training points (boundary):,3498, Number of training points (interior):,24998, VRAM allocated:,93068288, VRAM reserved:,29100081152
Epoch:,82800,Training Loss:,1.5451970860972232e+16, Learning rate:,0.0028507718749999993, Number of training points (boundary):,3498, Number of training points (interior):,24998, VRAM allocated:,93068288, VRAM reserved:,29100081152
Epoch:,82900,Training Loss:,30761022702.487392, Learning rate:,0.0028507718749999993, Number of training points (boundary):,3498, Number of training points (interior):,24998, VRAM allocated:,93068288, VRAM reserved:,29100081152
Epoch:,83000,Training Loss:,1.6927678232780214e+18, Learning rate:,0.0028507718749999993, Number of training points (boundary):,3498, Number of training points (interior):,24998, VRAM allocated:,93068288, VRAM reserved:,29100081152
Epoch:,83100,Training Loss:,1153.4135960671408, Learning rate:,0.0028507718749999993, Number of training points (boundary):,3498, Number of training points (interior):,24998, VRAM allocated:,93068288, VRAM reserved:,29100081152
Epoch:,83200,Training Loss:,6257.467388542481, Learning rate:,0.0028507718749999993, Number of training points (boundary):,3498, Number of training points (interior):,24998, VRAM allocated:,93068288, VRAM reserved:,29100081152
Epoch:,83300,Training Loss:,2973093.2817904023, Learning rate:,0.0028507718749999993, Number of training points (boundary):,3498, Number of training points (interior):,24998, VRAM allocated:,93068288, VRAM reserved:,29100081152
Epoch:,83400,Training Loss:,7.257873553366076e+17, Learning rate:,0.0028507718749999993, Number of training points (boundary):,3498, Number of training points (interior):,24998, VRAM allocated:,93068288, VRAM reserved:,29100081152
Epoch:,83500,Training Loss:,2726.3485167713843, Learning rate:,0.0028507718749999993, Number of training points (boundary):,3498, Number of training points (interior):,24998, VRAM allocated:,93068288, VRAM reserved:,29100081152
Epoch:,83600,Training Loss:,1.097563782338348e+18, Learning rate:,0.0028507718749999993, Number of training points (boundary):,3498, Number of training points (interior):,24998, VRAM allocated:,93068288, VRAM reserved:,29100081152
Epoch:,83700,Training Loss:,3.753512835921375e+19, Learning rate:,0.0028507718749999993, Number of training points (boundary):,3498, Number of training points (interior):,24998, VRAM allocated:,93068288, VRAM reserved:,29100081152
Epoch:,83800,Training Loss:,4902975.231567369, Learning rate:,0.0028507718749999993, Number of training points (boundary):,3498, Number of training points (interior):,24998, VRAM allocated:,93068288, VRAM reserved:,29100081152
Epoch:,83900,Training Loss:,3324147.7829079144, Learning rate:,0.0028507718749999993, Number of training points (boundary):,3498, Number of training points (interior):,24998, VRAM allocated:,93068288, VRAM reserved:,29100081152
Epoch:,84000,Training Loss:,81492239644.51848, Learning rate:,0.0028507718749999993, Number of training points (boundary):,3498, Number of training points (interior):,24998, VRAM allocated:,93068288, VRAM reserved:,29100081152
Epoch:,84100,Training Loss:,283455.07776795304, Learning rate:,0.0028507718749999993, Number of training points (boundary):,3498, Number of training points (interior):,24998, VRAM allocated:,93068288, VRAM reserved:,29100081152
Epoch:,84200,Training Loss:,325639441008.5908, Learning rate:,0.0028507718749999993, Number of training points (boundary):,3498, Number of training points (interior):,24998, VRAM allocated:,93068288, VRAM reserved:,29100081152
Epoch:,84300,Training Loss:,2434467.0681150025, Learning rate:,0.0028507718749999993, Number of training points (boundary):,3498, Number of training points (interior):,24998, VRAM allocated:,93068288, VRAM reserved:,29100081152
Epoch:,84400,Training Loss:,698224444872.23, Learning rate:,0.0028507718749999993, Number of training points (boundary):,3498, Number of training points (interior):,24998, VRAM allocated:,93068288, VRAM reserved:,29100081152
Epoch:,84500,Training Loss:,5226502.465069102, Learning rate:,0.0028507718749999993, Number of training points (boundary):,3498, Number of training points (interior):,24998, VRAM allocated:,93068288, VRAM reserved:,29100081152
Epoch:,84600,Training Loss:,446704.9728481807, Learning rate:,0.0028507718749999993, Number of training points (boundary):,3498, Number of training points (interior):,24998, VRAM allocated:,93068288, VRAM reserved:,29100081152
Epoch:,84700,Training Loss:,3436794999802.8223, Learning rate:,0.0028507718749999993, Number of training points (boundary):,3498, Number of training points (interior):,24998, VRAM allocated:,93068288, VRAM reserved:,29100081152
Epoch:,84800,Training Loss:,14354638.975474017, Learning rate:,0.0028507718749999993, Number of training points (boundary):,3498, Number of training points (interior):,24998, VRAM allocated:,93068288, VRAM reserved:,29100081152
Epoch:,84900,Training Loss:,5.383784326955225e+18, Learning rate:,0.0028507718749999993, Number of training points (boundary):,3498, Number of training points (interior):,24998, VRAM allocated:,93068288, VRAM reserved:,29100081152
Epoch:,85000,Training Loss:,101066.41893063753, Learning rate:,0.0028507718749999993, Number of training points (boundary):,3498, Number of training points (interior):,24998, VRAM allocated:,93068288, VRAM reserved:,29100081152
Epoch:,85100,Training Loss:,7.227885086833106e+19, Learning rate:,0.0028507718749999993, Number of training points (boundary):,3498, Number of training points (interior):,24998, VRAM allocated:,93068288, VRAM reserved:,29100081152
Epoch:,85200,Training Loss:,2611954100.198065, Learning rate:,0.0028507718749999993, Number of training points (boundary):,3498, Number of training points (interior):,24998, VRAM allocated:,93068288, VRAM reserved:,29100081152
Epoch:,85300,Training Loss:,44831274.64612725, Learning rate:,0.0028507718749999993, Number of training points (boundary):,3498, Number of training points (interior):,24998, VRAM allocated:,93068288, VRAM reserved:,29100081152
Epoch:,85400,Training Loss:,24685.491145225053, Learning rate:,0.0028507718749999993, Number of training points (boundary):,3498, Number of training points (interior):,24998, VRAM allocated:,93068288, VRAM reserved:,29100081152
Epoch:,85500,Training Loss:,958.5730741607616, Learning rate:,0.0028507718749999993, Number of training points (boundary):,3498, Number of training points (interior):,24998, VRAM allocated:,93068288, VRAM reserved:,29100081152
Epoch:,85600,Training Loss:,958011160.8410319, Learning rate:,0.0028507718749999993, Number of training points (boundary):,3498, Number of training points (interior):,24998, VRAM allocated:,93068288, VRAM reserved:,29100081152
Epoch:,85700,Training Loss:,137691.1827008072, Learning rate:,0.0028507718749999993, Number of training points (boundary):,3498, Number of training points (interior):,24998, VRAM allocated:,93068288, VRAM reserved:,29100081152
Epoch:,85800,Training Loss:,274091239843630.53, Learning rate:,0.0028507718749999993, Number of training points (boundary):,3498, Number of training points (interior):,24998, VRAM allocated:,93068288, VRAM reserved:,29100081152
Epoch:,85900,Training Loss:,818335331570.8297, Learning rate:,0.0028507718749999993, Number of training points (boundary):,3498, Number of training points (interior):,24998, VRAM allocated:,93068288, VRAM reserved:,29100081152
Epoch:,86000,Training Loss:,24451999479363.89, Learning rate:,0.0028507718749999993, Number of training points (boundary):,3498, Number of training points (interior):,24998, VRAM allocated:,93068288, VRAM reserved:,29100081152
Epoch:,86100,Training Loss:,1493670044.5632415, Learning rate:,0.0028507718749999993, Number of training points (boundary):,3498, Number of training points (interior):,24998, VRAM allocated:,93068288, VRAM reserved:,29100081152
Epoch:,86200,Training Loss:,4.159447486938454e+20, Learning rate:,0.0028507718749999993, Number of training points (boundary):,3498, Number of training points (interior):,24998, VRAM allocated:,93068288, VRAM reserved:,29100081152
Epoch:,86300,Training Loss:,44793561.74312001, Learning rate:,0.0028507718749999993, Number of training points (boundary):,3498, Number of training points (interior):,24998, VRAM allocated:,93068288, VRAM reserved:,29100081152
Epoch:,86400,Training Loss:,170653498.19693455, Learning rate:,0.0028507718749999993, Number of training points (boundary):,3498, Number of training points (interior):,24998, VRAM allocated:,93068288, VRAM reserved:,29100081152
Epoch:,86500,Training Loss:,7845950191040.577, Learning rate:,0.0028507718749999993, Number of training points (boundary):,3498, Number of training points (interior):,24998, VRAM allocated:,93068288, VRAM reserved:,29100081152
Epoch:,86600,Training Loss:,1413518008029.3281, Learning rate:,0.0028507718749999993, Number of training points (boundary):,3498, Number of training points (interior):,24998, VRAM allocated:,93068288, VRAM reserved:,29100081152
Epoch:,86700,Training Loss:,6.21628794307899e+21, Learning rate:,0.0028507718749999993, Number of training points (boundary):,3498, Number of training points (interior):,24998, VRAM allocated:,93068288, VRAM reserved:,29100081152
Epoch:,86800,Training Loss:,936449545103.7799, Learning rate:,0.0028507718749999993, Number of training points (boundary):,3498, Number of training points (interior):,24998, VRAM allocated:,93068288, VRAM reserved:,29100081152
Epoch:,86900,Training Loss:,104088685.7732572, Learning rate:,0.0028507718749999993, Number of training points (boundary):,3498, Number of training points (interior):,24998, VRAM allocated:,93068288, VRAM reserved:,29100081152
Epoch:,87000,Training Loss:,13580543.87598872, Learning rate:,0.0028507718749999993, Number of training points (boundary):,3498, Number of training points (interior):,24998, VRAM allocated:,93068288, VRAM reserved:,29100081152
Epoch:,87100,Training Loss:,2.4431591686460096e+16, Learning rate:,0.0028507718749999993, Number of training points (boundary):,3498, Number of training points (interior):,24998, VRAM allocated:,93068288, VRAM reserved:,29100081152
Epoch:,87200,Training Loss:,90312172697.69145, Learning rate:,0.0028507718749999993, Number of training points (boundary):,3498, Number of training points (interior):,24998, VRAM allocated:,93068288, VRAM reserved:,29100081152
Epoch:,87300,Training Loss:,7254020820361.361, Learning rate:,0.0028507718749999993, Number of training points (boundary):,3498, Number of training points (interior):,24998, VRAM allocated:,93068288, VRAM reserved:,29100081152
Epoch:,87400,Training Loss:,288449668334532.4, Learning rate:,0.0028507718749999993, Number of training points (boundary):,3498, Number of training points (interior):,24998, VRAM allocated:,93068288, VRAM reserved:,29100081152
Epoch:,87500,Training Loss:,4753226116323467.0, Learning rate:,0.0028507718749999993, Number of training points (boundary):,3498, Number of training points (interior):,24998, VRAM allocated:,93068288, VRAM reserved:,29100081152
Epoch:,87600,Training Loss:,4108701562803767.5, Learning rate:,0.0028507718749999993, Number of training points (boundary):,3498, Number of training points (interior):,24998, VRAM allocated:,93068288, VRAM reserved:,29100081152
Epoch:,87700,Training Loss:,7.243684018707159e+17, Learning rate:,0.0028507718749999993, Number of training points (boundary):,3498, Number of training points (interior):,24998, VRAM allocated:,93068288, VRAM reserved:,29100081152
Epoch:,87800,Training Loss:,1375579590.5893486, Learning rate:,0.0028507718749999993, Number of training points (boundary):,3498, Number of training points (interior):,24998, VRAM allocated:,93068288, VRAM reserved:,29100081152
Epoch:,87900,Training Loss:,151110325646.5229, Learning rate:,0.0028507718749999993, Number of training points (boundary):,3498, Number of training points (interior):,24998, VRAM allocated:,93068288, VRAM reserved:,29100081152
Epoch:,88000,Training Loss:,217528333926.5723, Learning rate:,0.0028507718749999993, Number of training points (boundary):,3498, Number of training points (interior):,24998, VRAM allocated:,93068288, VRAM reserved:,29100081152
Epoch:,88100,Training Loss:,2970864222.626599, Learning rate:,0.0028507718749999993, Number of training points (boundary):,3498, Number of training points (interior):,24998, VRAM allocated:,93068288, VRAM reserved:,29100081152
Epoch:,88200,Training Loss:,53897.62171655369, Learning rate:,0.0028507718749999993, Number of training points (boundary):,3498, Number of training points (interior):,24998, VRAM allocated:,93068288, VRAM reserved:,29100081152
Epoch:,88300,Training Loss:,65261917.70426159, Learning rate:,0.0028507718749999993, Number of training points (boundary):,3498, Number of training points (interior):,24998, VRAM allocated:,93068288, VRAM reserved:,29100081152
Epoch:,88400,Training Loss:,6548389.075182227, Learning rate:,0.0028507718749999993, Number of training points (boundary):,3498, Number of training points (interior):,24998, VRAM allocated:,93068288, VRAM reserved:,29100081152
Epoch:,88500,Training Loss:,709075669513.2462, Learning rate:,0.0028507718749999993, Number of training points (boundary):,3498, Number of training points (interior):,24998, VRAM allocated:,93068288, VRAM reserved:,29100081152
Epoch:,88600,Training Loss:,24230671153.98401, Learning rate:,0.0028507718749999993, Number of training points (boundary):,3498, Number of training points (interior):,24998, VRAM allocated:,93068288, VRAM reserved:,29100081152
Epoch:,88700,Training Loss:,512614916.3000144, Learning rate:,0.0028507718749999993, Number of training points (boundary):,3498, Number of training points (interior):,24998, VRAM allocated:,93068288, VRAM reserved:,29100081152
Epoch:,88800,Training Loss:,223870.14214168958, Learning rate:,0.0028507718749999993, Number of training points (boundary):,3498, Number of training points (interior):,24998, VRAM allocated:,93068288, VRAM reserved:,29100081152
Epoch:,88900,Training Loss:,716515.2167151208, Learning rate:,0.0028507718749999993, Number of training points (boundary):,3498, Number of training points (interior):,24998, VRAM allocated:,93068288, VRAM reserved:,29100081152
Epoch:,89000,Training Loss:,3.089453886820703e+17, Learning rate:,0.0028507718749999993, Number of training points (boundary):,3498, Number of training points (interior):,24998, VRAM allocated:,93068288, VRAM reserved:,29100081152
Epoch:,89100,Training Loss:,1454363051379.4414, Learning rate:,0.0028507718749999993, Number of training points (boundary):,3498, Number of training points (interior):,24998, VRAM allocated:,93068288, VRAM reserved:,29100081152
Epoch:,89200,Training Loss:,28425762.78871763, Learning rate:,0.0028507718749999993, Number of training points (boundary):,3498, Number of training points (interior):,24998, VRAM allocated:,93068288, VRAM reserved:,29100081152
Epoch:,89300,Training Loss:,30744673522871.184, Learning rate:,0.0028507718749999993, Number of training points (boundary):,3498, Number of training points (interior):,24998, VRAM allocated:,93068288, VRAM reserved:,29100081152
Epoch:,89400,Training Loss:,13211517.423774514, Learning rate:,0.0028507718749999993, Number of training points (boundary):,3498, Number of training points (interior):,24998, VRAM allocated:,93068288, VRAM reserved:,29100081152
Epoch:,89500,Training Loss:,3.606905885650215e+25, Learning rate:,0.0028507718749999993, Number of training points (boundary):,3498, Number of training points (interior):,24998, VRAM allocated:,93068288, VRAM reserved:,29100081152
Epoch:,89600,Training Loss:,101295804983.45074, Learning rate:,0.0028507718749999993, Number of training points (boundary):,3498, Number of training points (interior):,24998, VRAM allocated:,93068288, VRAM reserved:,29100081152
Epoch:,89700,Training Loss:,8381009987621758.0, Learning rate:,0.0028507718749999993, Number of training points (boundary):,3498, Number of training points (interior):,24998, VRAM allocated:,93068288, VRAM reserved:,29100081152
Epoch:,89800,Training Loss:,6.117278032857213e+17, Learning rate:,0.0028507718749999993, Number of training points (boundary):,3498, Number of training points (interior):,24998, VRAM allocated:,93068288, VRAM reserved:,29100081152
Epoch:,89900,Training Loss:,52510518755507.3, Learning rate:,0.0028507718749999993, Number of training points (boundary):,3498, Number of training points (interior):,24998, VRAM allocated:,93068288, VRAM reserved:,29100081152
Epoch:,90000,Training Loss:,3.5740616975004986e+32, Learning rate:,0.0028507718749999993, Number of training points (boundary):,3498, Number of training points (interior):,24998, VRAM allocated:,93068288, VRAM reserved:,29100081152
Epoch:,90100,Training Loss:,95381032485.1229, Learning rate:,0.0028507718749999993, Number of training points (boundary):,3498, Number of training points (interior):,24998, VRAM allocated:,93068288, VRAM reserved:,29100081152
Epoch:,90200,Training Loss:,116437508606.75583, Learning rate:,0.0028507718749999993, Number of training points (boundary):,3498, Number of training points (interior):,24998, VRAM allocated:,93068288, VRAM reserved:,29100081152
Epoch:,90300,Training Loss:,17251353612.463295, Learning rate:,0.0028507718749999993, Number of training points (boundary):,3498, Number of training points (interior):,24998, VRAM allocated:,93068288, VRAM reserved:,29100081152
Epoch:,90400,Training Loss:,62403571721.27634, Learning rate:,0.0028507718749999993, Number of training points (boundary):,3498, Number of training points (interior):,24998, VRAM allocated:,93068288, VRAM reserved:,29100081152
Epoch:,90500,Training Loss:,247454417.46169448, Learning rate:,0.0028507718749999993, Number of training points (boundary):,3498, Number of training points (interior):,24998, VRAM allocated:,93068288, VRAM reserved:,29100081152
Epoch:,90600,Training Loss:,3.791799783803305e+16, Learning rate:,0.0028507718749999993, Number of training points (boundary):,3498, Number of training points (interior):,24998, VRAM allocated:,93068288, VRAM reserved:,29100081152
Epoch:,90700,Training Loss:,61265915.817226395, Learning rate:,0.0028507718749999993, Number of training points (boundary):,3498, Number of training points (interior):,24998, VRAM allocated:,93068288, VRAM reserved:,29100081152
Epoch:,90800,Training Loss:,7.070684384548339e+22, Learning rate:,0.0028507718749999993, Number of training points (boundary):,3498, Number of training points (interior):,24998, VRAM allocated:,93068288, VRAM reserved:,29100081152
Epoch:,90900,Training Loss:,8.633572034077961e+19, Learning rate:,0.0028507718749999993, Number of training points (boundary):,3498, Number of training points (interior):,24998, VRAM allocated:,93068288, VRAM reserved:,29100081152
Epoch:,91000,Training Loss:,7315462872257.475, Learning rate:,0.0028507718749999993, Number of training points (boundary):,3498, Number of training points (interior):,24998, VRAM allocated:,93068288, VRAM reserved:,29100081152
Epoch:,91100,Training Loss:,965954383932.2593, Learning rate:,0.0028507718749999993, Number of training points (boundary):,3498, Number of training points (interior):,24998, VRAM allocated:,93068288, VRAM reserved:,29100081152
Epoch:,91200,Training Loss:,6.342193992469783e+21, Learning rate:,0.0028507718749999993, Number of training points (boundary):,3498, Number of training points (interior):,24998, VRAM allocated:,93068288, VRAM reserved:,29100081152
Epoch:,91300,Training Loss:,1.1557575150968428e+18, Learning rate:,0.0028507718749999993, Number of training points (boundary):,3498, Number of training points (interior):,24998, VRAM allocated:,93068288, VRAM reserved:,29100081152
Epoch:,91400,Training Loss:,682829913326.4799, Learning rate:,0.0028507718749999993, Number of training points (boundary):,3498, Number of training points (interior):,24998, VRAM allocated:,93068288, VRAM reserved:,29100081152
Epoch:,91500,Training Loss:,2037491676.660626, Learning rate:,0.0028507718749999993, Number of training points (boundary):,3498, Number of training points (interior):,24998, VRAM allocated:,93068288, VRAM reserved:,29100081152
Epoch:,91600,Training Loss:,16489719.360824348, Learning rate:,0.0028507718749999993, Number of training points (boundary):,3498, Number of training points (interior):,24998, VRAM allocated:,93068288, VRAM reserved:,29100081152
Epoch:,91700,Training Loss:,1.6334210463743398e+19, Learning rate:,0.0028507718749999993, Number of training points (boundary):,3498, Number of training points (interior):,24998, VRAM allocated:,93068288, VRAM reserved:,29100081152
Epoch:,91800,Training Loss:,17328428036.91342, Learning rate:,0.0028507718749999993, Number of training points (boundary):,3498, Number of training points (interior):,24998, VRAM allocated:,93068288, VRAM reserved:,29100081152
Epoch:,91900,Training Loss:,1.3262133311215918e+17, Learning rate:,0.0028507718749999993, Number of training points (boundary):,3498, Number of training points (interior):,24998, VRAM allocated:,93068288, VRAM reserved:,29100081152
Epoch:,92000,Training Loss:,695427390524949.6, Learning rate:,0.0028507718749999993, Number of training points (boundary):,3498, Number of training points (interior):,24998, VRAM allocated:,93068288, VRAM reserved:,29100081152
Epoch:,92100,Training Loss:,2.359277008282437e+16, Learning rate:,0.0028507718749999993, Number of training points (boundary):,3498, Number of training points (interior):,24998, VRAM allocated:,93068288, VRAM reserved:,29100081152
Epoch:,92200,Training Loss:,579001.5409195342, Learning rate:,0.0028507718749999993, Number of training points (boundary):,3498, Number of training points (interior):,24998, VRAM allocated:,93068288, VRAM reserved:,29100081152
Epoch:,92300,Training Loss:,2507401140366.3916, Learning rate:,0.0028507718749999993, Number of training points (boundary):,3498, Number of training points (interior):,24998, VRAM allocated:,93068288, VRAM reserved:,29100081152
Epoch:,92400,Training Loss:,2485.7252279086433, Learning rate:,0.0028507718749999993, Number of training points (boundary):,3498, Number of training points (interior):,24998, VRAM allocated:,93068288, VRAM reserved:,29100081152
Epoch:,92500,Training Loss:,1545.20625002392, Learning rate:,0.0028507718749999993, Number of training points (boundary):,3498, Number of training points (interior):,24998, VRAM allocated:,93068288, VRAM reserved:,29100081152
Epoch:,92600,Training Loss:,1.772209454807758e+20, Learning rate:,0.0028507718749999993, Number of training points (boundary):,3498, Number of training points (interior):,24998, VRAM allocated:,93068288, VRAM reserved:,29100081152
Epoch:,92700,Training Loss:,2.6517338634060004e+16, Learning rate:,0.0028507718749999993, Number of training points (boundary):,3498, Number of training points (interior):,24998, VRAM allocated:,93068288, VRAM reserved:,29100081152
Epoch:,92800,Training Loss:,2.8782258344966306e+32, Learning rate:,0.0028507718749999993, Number of training points (boundary):,3498, Number of training points (interior):,24998, VRAM allocated:,93068288, VRAM reserved:,29100081152
Epoch:,92900,Training Loss:,9.369422846741963e+36, Learning rate:,0.0028507718749999993, Number of training points (boundary):,3498, Number of training points (interior):,24998, VRAM allocated:,93068288, VRAM reserved:,29100081152
Epoch:,93000,Training Loss:,9.27620988947547e+28, Learning rate:,0.0028507718749999993, Number of training points (boundary):,3498, Number of training points (interior):,24998, VRAM allocated:,93068288, VRAM reserved:,29100081152
Epoch:,93100,Training Loss:,8.025646093094034e+16, Learning rate:,0.0028507718749999993, Number of training points (boundary):,3498, Number of training points (interior):,24998, VRAM allocated:,93068288, VRAM reserved:,29100081152
Epoch:,93200,Training Loss:,1.0241521812128755e+21, Learning rate:,0.0028507718749999993, Number of training points (boundary):,3498, Number of training points (interior):,24998, VRAM allocated:,93068288, VRAM reserved:,29100081152
Epoch:,93300,Training Loss:,4.133380886639622e+16, Learning rate:,0.0028507718749999993, Number of training points (boundary):,3498, Number of training points (interior):,24998, VRAM allocated:,93068288, VRAM reserved:,29100081152
Epoch:,93400,Training Loss:,9288374264905.078, Learning rate:,0.0028507718749999993, Number of training points (boundary):,3498, Number of training points (interior):,24998, VRAM allocated:,93068288, VRAM reserved:,29100081152
Epoch:,93500,Training Loss:,3987729680.231518, Learning rate:,0.0028507718749999993, Number of training points (boundary):,3498, Number of training points (interior):,24998, VRAM allocated:,93068288, VRAM reserved:,29100081152
Epoch:,93600,Training Loss:,2024916.7641021076, Learning rate:,0.0028507718749999993, Number of training points (boundary):,3498, Number of training points (interior):,24998, VRAM allocated:,93068288, VRAM reserved:,29100081152
Epoch:,93700,Training Loss:,1102436604665.51, Learning rate:,0.0028507718749999993, Number of training points (boundary):,3498, Number of training points (interior):,24998, VRAM allocated:,93068288, VRAM reserved:,29100081152
Epoch:,93800,Training Loss:,3.3377537954922636e+16, Learning rate:,0.0028507718749999993, Number of training points (boundary):,3498, Number of training points (interior):,24998, VRAM allocated:,93068288, VRAM reserved:,29100081152
Epoch:,93900,Training Loss:,734310337.7619951, Learning rate:,0.0028507718749999993, Number of training points (boundary):,3498, Number of training points (interior):,24998, VRAM allocated:,93068288, VRAM reserved:,29100081152
Epoch:,94000,Training Loss:,3759108.2965677707, Learning rate:,0.0028507718749999993, Number of training points (boundary):,3498, Number of training points (interior):,24998, VRAM allocated:,93068288, VRAM reserved:,29100081152
Epoch:,94100,Training Loss:,194303688.81092596, Learning rate:,0.0028507718749999993, Number of training points (boundary):,3498, Number of training points (interior):,24998, VRAM allocated:,93068288, VRAM reserved:,29100081152
Epoch:,94200,Training Loss:,6.7575188425591656e+16, Learning rate:,0.0028507718749999993, Number of training points (boundary):,3498, Number of training points (interior):,24998, VRAM allocated:,93068288, VRAM reserved:,29100081152
Epoch:,94300,Training Loss:,7560311964721326.0, Learning rate:,0.0028507718749999993, Number of training points (boundary):,3498, Number of training points (interior):,24998, VRAM allocated:,93068288, VRAM reserved:,29100081152
Epoch:,94400,Training Loss:,2.7092941693105604e+23, Learning rate:,0.0028507718749999993, Number of training points (boundary):,3498, Number of training points (interior):,24998, VRAM allocated:,93068288, VRAM reserved:,29100081152
Epoch:,94500,Training Loss:,3672495587476.4272, Learning rate:,0.0028507718749999993, Number of training points (boundary):,3498, Number of training points (interior):,24998, VRAM allocated:,93068288, VRAM reserved:,29100081152
Epoch:,94600,Training Loss:,911132785.5156806, Learning rate:,0.0028507718749999993, Number of training points (boundary):,3498, Number of training points (interior):,24998, VRAM allocated:,93068288, VRAM reserved:,29100081152
Epoch:,94700,Training Loss:,20012762970.215668, Learning rate:,0.0028507718749999993, Number of training points (boundary):,3498, Number of training points (interior):,24998, VRAM allocated:,93068288, VRAM reserved:,29100081152
Epoch:,94800,Training Loss:,8.314378733383225e+18, Learning rate:,0.0028507718749999993, Number of training points (boundary):,3498, Number of training points (interior):,24998, VRAM allocated:,93068288, VRAM reserved:,29100081152
Epoch:,94900,Training Loss:,15657759362.26461, Learning rate:,0.0028507718749999993, Number of training points (boundary):,3498, Number of training points (interior):,24998, VRAM allocated:,93068288, VRAM reserved:,29100081152
Epoch:,95000,Training Loss:,23317541500404.438, Learning rate:,0.0028507718749999993, Number of training points (boundary):,3498, Number of training points (interior):,24998, VRAM allocated:,93068288, VRAM reserved:,29100081152
Epoch:,95100,Training Loss:,7541754.896791666, Learning rate:,0.0028507718749999993, Number of training points (boundary):,3498, Number of training points (interior):,24998, VRAM allocated:,93068288, VRAM reserved:,29100081152
Epoch:,95200,Training Loss:,6.713124303854148e+26, Learning rate:,0.0028507718749999993, Number of training points (boundary):,3498, Number of training points (interior):,24998, VRAM allocated:,93068288, VRAM reserved:,29100081152
Epoch:,95300,Training Loss:,3971246.2321163695, Learning rate:,0.0028507718749999993, Number of training points (boundary):,3498, Number of training points (interior):,24998, VRAM allocated:,93068288, VRAM reserved:,29100081152
Epoch:,95400,Training Loss:,23072517.491744813, Learning rate:,0.0028507718749999993, Number of training points (boundary):,3498, Number of training points (interior):,24998, VRAM allocated:,93068288, VRAM reserved:,29100081152
Epoch:,95500,Training Loss:,173594309.1918673, Learning rate:,0.0028507718749999993, Number of training points (boundary):,3498, Number of training points (interior):,24998, VRAM allocated:,93068288, VRAM reserved:,29100081152
Epoch:,95600,Training Loss:,1.5430729374619986e+20, Learning rate:,0.0028507718749999993, Number of training points (boundary):,3498, Number of training points (interior):,24998, VRAM allocated:,93068288, VRAM reserved:,29100081152
Epoch:,95700,Training Loss:,281713177711.50635, Learning rate:,0.0028507718749999993, Number of training points (boundary):,3498, Number of training points (interior):,24998, VRAM allocated:,93068288, VRAM reserved:,29100081152
Epoch:,95800,Training Loss:,1786489319784908.0, Learning rate:,0.0028507718749999993, Number of training points (boundary):,3498, Number of training points (interior):,24998, VRAM allocated:,93068288, VRAM reserved:,29100081152
Epoch:,95900,Training Loss:,123186291285.22812, Learning rate:,0.0028507718749999993, Number of training points (boundary):,3498, Number of training points (interior):,24998, VRAM allocated:,93068288, VRAM reserved:,29100081152
Epoch:,96000,Training Loss:,32210607272843.12, Learning rate:,0.0028507718749999993, Number of training points (boundary):,3498, Number of training points (interior):,24998, VRAM allocated:,93068288, VRAM reserved:,29100081152
Epoch:,96100,Training Loss:,1.2454765653672102e+19, Learning rate:,0.0028507718749999993, Number of training points (boundary):,3498, Number of training points (interior):,24998, VRAM allocated:,93068288, VRAM reserved:,29100081152
Epoch:,96200,Training Loss:,4.886604377444614e+16, Learning rate:,0.0028507718749999993, Number of training points (boundary):,3498, Number of training points (interior):,24998, VRAM allocated:,93068288, VRAM reserved:,29100081152
Epoch:,96300,Training Loss:,1.364522549330387e+30, Learning rate:,0.0028507718749999993, Number of training points (boundary):,3498, Number of training points (interior):,24998, VRAM allocated:,93068288, VRAM reserved:,29100081152
Epoch:,96400,Training Loss:,2.612043771095582e+16, Learning rate:,0.0028507718749999993, Number of training points (boundary):,3498, Number of training points (interior):,24998, VRAM allocated:,93068288, VRAM reserved:,29100081152
Epoch:,96500,Training Loss:,15967887719503.287, Learning rate:,0.0028507718749999993, Number of training points (boundary):,3498, Number of training points (interior):,24998, VRAM allocated:,93068288, VRAM reserved:,29100081152
Epoch:,96600,Training Loss:,9119601573.775421, Learning rate:,0.0028507718749999993, Number of training points (boundary):,3498, Number of training points (interior):,24998, VRAM allocated:,93068288, VRAM reserved:,29100081152
Epoch:,96700,Training Loss:,101646452849206.86, Learning rate:,0.0028507718749999993, Number of training points (boundary):,3498, Number of training points (interior):,24998, VRAM allocated:,93068288, VRAM reserved:,29100081152
Epoch:,96800,Training Loss:,62736719588000.78, Learning rate:,0.0028507718749999993, Number of training points (boundary):,3498, Number of training points (interior):,24998, VRAM allocated:,93068288, VRAM reserved:,29100081152
Epoch:,96900,Training Loss:,1939739268.2874439, Learning rate:,0.0028507718749999993, Number of training points (boundary):,3498, Number of training points (interior):,24998, VRAM allocated:,93068288, VRAM reserved:,29100081152
Epoch:,97000,Training Loss:,566149787.5046022, Learning rate:,0.0028507718749999993, Number of training points (boundary):,3498, Number of training points (interior):,24998, VRAM allocated:,93068288, VRAM reserved:,29100081152
Epoch:,97100,Training Loss:,10164201099.919102, Learning rate:,0.0028507718749999993, Number of training points (boundary):,3498, Number of training points (interior):,24998, VRAM allocated:,93068288, VRAM reserved:,29100081152
Epoch:,97200,Training Loss:,8.2193087610082e+16, Learning rate:,0.0028507718749999993, Number of training points (boundary):,3498, Number of training points (interior):,24998, VRAM allocated:,93068288, VRAM reserved:,29100081152
Epoch:,97300,Training Loss:,871416633922971.9, Learning rate:,0.0028507718749999993, Number of training points (boundary):,3498, Number of training points (interior):,24998, VRAM allocated:,93068288, VRAM reserved:,29100081152
Epoch:,97400,Training Loss:,3.063561602565314e+23, Learning rate:,0.0028507718749999993, Number of training points (boundary):,3498, Number of training points (interior):,24998, VRAM allocated:,93068288, VRAM reserved:,29100081152
Epoch:,97500,Training Loss:,26449609927202.867, Learning rate:,0.0028507718749999993, Number of training points (boundary):,3498, Number of training points (interior):,24998, VRAM allocated:,93068288, VRAM reserved:,29100081152
Epoch:,97600,Training Loss:,68250068092.97932, Learning rate:,0.0028507718749999993, Number of training points (boundary):,3498, Number of training points (interior):,24998, VRAM allocated:,93068288, VRAM reserved:,29100081152
Epoch:,97700,Training Loss:,32167525.800167408, Learning rate:,0.0028507718749999993, Number of training points (boundary):,3498, Number of training points (interior):,24998, VRAM allocated:,93068288, VRAM reserved:,29100081152
Epoch:,97800,Training Loss:,2460163.2183469916, Learning rate:,0.0028507718749999993, Number of training points (boundary):,3498, Number of training points (interior):,24998, VRAM allocated:,93068288, VRAM reserved:,29100081152
Epoch:,97900,Training Loss:,3520610.6656803587, Learning rate:,0.0028507718749999993, Number of training points (boundary):,3498, Number of training points (interior):,24998, VRAM allocated:,93068288, VRAM reserved:,29100081152
Epoch:,98000,Training Loss:,535418408586305.1, Learning rate:,0.0028507718749999993, Number of training points (boundary):,3498, Number of training points (interior):,24998, VRAM allocated:,93068288, VRAM reserved:,29100081152
Epoch:,98100,Training Loss:,1079014458180817.2, Learning rate:,0.0028507718749999993, Number of training points (boundary):,3498, Number of training points (interior):,24998, VRAM allocated:,93068288, VRAM reserved:,29100081152
Epoch:,98200,Training Loss:,8430624425937.767, Learning rate:,0.0028507718749999993, Number of training points (boundary):,3498, Number of training points (interior):,24998, VRAM allocated:,93068288, VRAM reserved:,29100081152
Epoch:,98300,Training Loss:,1604897043538.0608, Learning rate:,0.0028507718749999993, Number of training points (boundary):,3498, Number of training points (interior):,24998, VRAM allocated:,93068288, VRAM reserved:,29100081152
Epoch:,98400,Training Loss:,319612160.63697207, Learning rate:,0.0028507718749999993, Number of training points (boundary):,3498, Number of training points (interior):,24998, VRAM allocated:,93068288, VRAM reserved:,29100081152
Epoch:,98500,Training Loss:,148505574209.9916, Learning rate:,0.0028507718749999993, Number of training points (boundary):,3498, Number of training points (interior):,24998, VRAM allocated:,93068288, VRAM reserved:,29100081152
Epoch:,98600,Training Loss:,77062981020.63156, Learning rate:,0.0028507718749999993, Number of training points (boundary):,3498, Number of training points (interior):,24998, VRAM allocated:,93068288, VRAM reserved:,29100081152
Epoch:,98700,Training Loss:,12837574392.835346, Learning rate:,0.0028507718749999993, Number of training points (boundary):,3498, Number of training points (interior):,24998, VRAM allocated:,93068288, VRAM reserved:,29100081152
Epoch:,98800,Training Loss:,2200953413.464627, Learning rate:,0.0028507718749999993, Number of training points (boundary):,3498, Number of training points (interior):,24998, VRAM allocated:,93068288, VRAM reserved:,29100081152
Epoch:,98900,Training Loss:,59560239.49591955, Learning rate:,0.0028507718749999993, Number of training points (boundary):,3498, Number of training points (interior):,24998, VRAM allocated:,93068288, VRAM reserved:,29100081152
Epoch:,99000,Training Loss:,19292209914.879375, Learning rate:,0.0028507718749999993, Number of training points (boundary):,3498, Number of training points (interior):,24998, VRAM allocated:,93068288, VRAM reserved:,29100081152
Epoch:,99100,Training Loss:,362833127434249.0, Learning rate:,0.0028507718749999993, Number of training points (boundary):,3498, Number of training points (interior):,24998, VRAM allocated:,93068288, VRAM reserved:,29100081152
Epoch:,99200,Training Loss:,5020185071.398326, Learning rate:,0.0028507718749999993, Number of training points (boundary):,3498, Number of training points (interior):,24998, VRAM allocated:,93068288, VRAM reserved:,29100081152
Epoch:,99300,Training Loss:,2764118385.402675, Learning rate:,0.0028507718749999993, Number of training points (boundary):,3498, Number of training points (interior):,24998, VRAM allocated:,93068288, VRAM reserved:,29100081152
Epoch:,99400,Training Loss:,275176461433276.88, Learning rate:,0.0028507718749999993, Number of training points (boundary):,3498, Number of training points (interior):,24998, VRAM allocated:,93068288, VRAM reserved:,29100081152
Epoch:,99500,Training Loss:,1.2086812746100672e+16, Learning rate:,0.0028507718749999993, Number of training points (boundary):,3498, Number of training points (interior):,24998, VRAM allocated:,93068288, VRAM reserved:,29100081152
Epoch:,99600,Training Loss:,1.1545511013162942e+31, Learning rate:,0.0028507718749999993, Number of training points (boundary):,3498, Number of training points (interior):,24998, VRAM allocated:,93068288, VRAM reserved:,29100081152
Epoch:,99700,Training Loss:,607564248814.0756, Learning rate:,0.0028507718749999993, Number of training points (boundary):,3498, Number of training points (interior):,24998, VRAM allocated:,93068288, VRAM reserved:,29100081152
Epoch:,99800,Training Loss:,28081894254174.793, Learning rate:,0.0028507718749999993, Number of training points (boundary):,3498, Number of training points (interior):,24998, VRAM allocated:,93068288, VRAM reserved:,29100081152
Epoch:,99900,Training Loss:,9744879499182.33, Learning rate:,0.0028507718749999993, Number of training points (boundary):,3498, Number of training points (interior):,24998, VRAM allocated:,93068288, VRAM reserved:,29100081152
Epoch:,100000,Training Loss:,38696838065.39473, Learning rate:,0.0028507718749999993, Number of training points (boundary):,3498, Number of training points (interior):,24998, VRAM allocated:,93068288, VRAM reserved:,29100081152
Epoch:,100100,Training Loss:,127399919033585.55, Learning rate:,0.0028507718749999993, Number of training points (boundary):,3498, Number of training points (interior):,24998, VRAM allocated:,93068288, VRAM reserved:,29100081152
Epoch:,100200,Training Loss:,6.809098844349212e+16, Learning rate:,0.0028507718749999993, Number of training points (boundary):,3498, Number of training points (interior):,24998, VRAM allocated:,93068288, VRAM reserved:,29100081152
Epoch:,100300,Training Loss:,1.9097988812722977e+18, Learning rate:,0.0028507718749999993, Number of training points (boundary):,3498, Number of training points (interior):,24998, VRAM allocated:,93068288, VRAM reserved:,29100081152
Epoch:,100400,Training Loss:,4188893795971.2295, Learning rate:,0.0028507718749999993, Number of training points (boundary):,3498, Number of training points (interior):,24998, VRAM allocated:,93068288, VRAM reserved:,29100081152
Epoch:,100500,Training Loss:,10647810214903.826, Learning rate:,0.0028507718749999993, Number of training points (boundary):,3498, Number of training points (interior):,24998, VRAM allocated:,93068288, VRAM reserved:,29100081152
Epoch:,100600,Training Loss:,343456697.8268468, Learning rate:,0.0028507718749999993, Number of training points (boundary):,3498, Number of training points (interior):,24998, VRAM allocated:,93068288, VRAM reserved:,29100081152
Epoch:,100700,Training Loss:,3672596753.3064027, Learning rate:,0.0028507718749999993, Number of training points (boundary):,3498, Number of training points (interior):,24998, VRAM allocated:,93068288, VRAM reserved:,29100081152
Epoch:,100800,Training Loss:,18317233835268.734, Learning rate:,0.0028507718749999993, Number of training points (boundary):,3498, Number of training points (interior):,24998, VRAM allocated:,93068288, VRAM reserved:,29100081152
Epoch:,100900,Training Loss:,4.097747998407549e+19, Learning rate:,0.0028507718749999993, Number of training points (boundary):,3498, Number of training points (interior):,24998, VRAM allocated:,93068288, VRAM reserved:,29100081152
Epoch:,101000,Training Loss:,32573184150452.953, Learning rate:,0.0028507718749999993, Number of training points (boundary):,3498, Number of training points (interior):,24998, VRAM allocated:,93068288, VRAM reserved:,29100081152
Epoch:,101100,Training Loss:,3316642729.0745025, Learning rate:,0.0028507718749999993, Number of training points (boundary):,3498, Number of training points (interior):,24998, VRAM allocated:,93068288, VRAM reserved:,29100081152
Epoch:,101200,Training Loss:,2.546399706288393e+19, Learning rate:,0.0028507718749999993, Number of training points (boundary):,3498, Number of training points (interior):,24998, VRAM allocated:,93068288, VRAM reserved:,29100081152
Epoch:,101300,Training Loss:,244803283.12760377, Learning rate:,0.0028507718749999993, Number of training points (boundary):,3498, Number of training points (interior):,24998, VRAM allocated:,93068288, VRAM reserved:,29100081152
Epoch:,101400,Training Loss:,2294863354.8098884, Learning rate:,0.0028507718749999993, Number of training points (boundary):,3498, Number of training points (interior):,24998, VRAM allocated:,93068288, VRAM reserved:,29100081152
Epoch:,101500,Training Loss:,746370255615498.5, Learning rate:,0.0028507718749999993, Number of training points (boundary):,3498, Number of training points (interior):,24998, VRAM allocated:,93068288, VRAM reserved:,29100081152
Epoch:,101600,Training Loss:,8389453474390788.0, Learning rate:,0.0028507718749999993, Number of training points (boundary):,3498, Number of training points (interior):,24998, VRAM allocated:,93068288, VRAM reserved:,29100081152
Epoch:,101700,Training Loss:,334039064311.0131, Learning rate:,0.0028507718749999993, Number of training points (boundary):,3498, Number of training points (interior):,24998, VRAM allocated:,93068288, VRAM reserved:,29100081152
Epoch:,101800,Training Loss:,1199430050465992.5, Learning rate:,0.0028507718749999993, Number of training points (boundary):,3498, Number of training points (interior):,24998, VRAM allocated:,93068288, VRAM reserved:,29100081152
Epoch:,101900,Training Loss:,2648628020263977.0, Learning rate:,0.0028507718749999993, Number of training points (boundary):,3498, Number of training points (interior):,24998, VRAM allocated:,93068288, VRAM reserved:,29100081152
Epoch:,102000,Training Loss:,1.9298808113050655e+20, Learning rate:,0.0028507718749999993, Number of training points (boundary):,3498, Number of training points (interior):,24998, VRAM allocated:,93068288, VRAM reserved:,29100081152
Epoch:,102100,Training Loss:,1.435275143511801e+19, Learning rate:,0.0028507718749999993, Number of training points (boundary):,3498, Number of training points (interior):,24998, VRAM allocated:,93068288, VRAM reserved:,29100081152
Epoch:,102200,Training Loss:,16959506671.27092, Learning rate:,0.0028507718749999993, Number of training points (boundary):,3498, Number of training points (interior):,24998, VRAM allocated:,93068288, VRAM reserved:,29100081152
Epoch:,102300,Training Loss:,430225551.341978, Learning rate:,0.0028507718749999993, Number of training points (boundary):,3498, Number of training points (interior):,24998, VRAM allocated:,93068288, VRAM reserved:,29100081152
Epoch:,102400,Training Loss:,710603177192.994, Learning rate:,0.0028507718749999993, Number of training points (boundary):,3498, Number of training points (interior):,24998, VRAM allocated:,93068288, VRAM reserved:,29100081152
Epoch:,102500,Training Loss:,1.1896681968711694e+17, Learning rate:,0.0028507718749999993, Number of training points (boundary):,3498, Number of training points (interior):,24998, VRAM allocated:,93068288, VRAM reserved:,29100081152
Epoch:,102600,Training Loss:,1492405916.8678951, Learning rate:,0.0028507718749999993, Number of training points (boundary):,3498, Number of training points (interior):,24998, VRAM allocated:,93068288, VRAM reserved:,29100081152
Epoch:,102700,Training Loss:,11183668.070613096, Learning rate:,0.0028507718749999993, Number of training points (boundary):,3498, Number of training points (interior):,24998, VRAM allocated:,93068288, VRAM reserved:,29100081152
Epoch:,102800,Training Loss:,5206783.6542810425, Learning rate:,0.0028507718749999993, Number of training points (boundary):,3498, Number of training points (interior):,24998, VRAM allocated:,93068288, VRAM reserved:,29100081152
Epoch:,102900,Training Loss:,9989093736.79541, Learning rate:,0.0028507718749999993, Number of training points (boundary):,3498, Number of training points (interior):,24998, VRAM allocated:,93068288, VRAM reserved:,29100081152
Epoch:,103000,Training Loss:,5887298.064308714, Learning rate:,0.0028507718749999993, Number of training points (boundary):,3498, Number of training points (interior):,24998, VRAM allocated:,93068288, VRAM reserved:,29100081152
Epoch:,103100,Training Loss:,9285088688396660.0, Learning rate:,0.0028507718749999993, Number of training points (boundary):,3498, Number of training points (interior):,24998, VRAM allocated:,93068288, VRAM reserved:,29100081152
Epoch:,103200,Training Loss:,146299739.32682148, Learning rate:,0.0028507718749999993, Number of training points (boundary):,3498, Number of training points (interior):,24998, VRAM allocated:,93068288, VRAM reserved:,29100081152
Epoch:,103300,Training Loss:,83907990.49588366, Learning rate:,0.0028507718749999993, Number of training points (boundary):,3498, Number of training points (interior):,24998, VRAM allocated:,93068288, VRAM reserved:,29100081152
Epoch:,103400,Training Loss:,18361408176.804382, Learning rate:,0.0028507718749999993, Number of training points (boundary):,3498, Number of training points (interior):,24998, VRAM allocated:,93068288, VRAM reserved:,29100081152
Epoch:,103500,Training Loss:,3008419827.183226, Learning rate:,0.0028507718749999993, Number of training points (boundary):,3498, Number of training points (interior):,24998, VRAM allocated:,93068288, VRAM reserved:,29100081152
Epoch:,103600,Training Loss:,43611448.28494966, Learning rate:,0.0028507718749999993, Number of training points (boundary):,3498, Number of training points (interior):,24998, VRAM allocated:,93068288, VRAM reserved:,29100081152
Epoch:,103700,Training Loss:,266172686.5290483, Learning rate:,0.0028507718749999993, Number of training points (boundary):,3498, Number of training points (interior):,24998, VRAM allocated:,93068288, VRAM reserved:,29100081152
Epoch:,103800,Training Loss:,5.280713918589353e+18, Learning rate:,0.0028507718749999993, Number of training points (boundary):,3498, Number of training points (interior):,24998, VRAM allocated:,93068288, VRAM reserved:,29100081152
Epoch:,103900,Training Loss:,4.689997847584963e+18, Learning rate:,0.0028507718749999993, Number of training points (boundary):,3498, Number of training points (interior):,24998, VRAM allocated:,93068288, VRAM reserved:,29100081152
Epoch:,104000,Training Loss:,2.007771143983219e+23, Learning rate:,0.0028507718749999993, Number of training points (boundary):,3498, Number of training points (interior):,24998, VRAM allocated:,93068288, VRAM reserved:,29100081152
Epoch:,104100,Training Loss:,1.4306528983839419e+22, Learning rate:,0.0028507718749999993, Number of training points (boundary):,3498, Number of training points (interior):,24998, VRAM allocated:,93068288, VRAM reserved:,29100081152
Epoch:,104200,Training Loss:,2.224598406913278e+23, Learning rate:,0.0028507718749999993, Number of training points (boundary):,3498, Number of training points (interior):,24998, VRAM allocated:,93068288, VRAM reserved:,29100081152
Epoch:,104300,Training Loss:,8.130406673934584e+26, Learning rate:,0.0028507718749999993, Number of training points (boundary):,3498, Number of training points (interior):,24998, VRAM allocated:,93068288, VRAM reserved:,29100081152
Epoch:,104400,Training Loss:,3250910050842.754, Learning rate:,0.0028507718749999993, Number of training points (boundary):,3498, Number of training points (interior):,24998, VRAM allocated:,93068288, VRAM reserved:,29100081152
Epoch:,104500,Training Loss:,15692801122.05224, Learning rate:,0.0028507718749999993, Number of training points (boundary):,3498, Number of training points (interior):,24998, VRAM allocated:,93068288, VRAM reserved:,29100081152
Epoch:,104600,Training Loss:,5092021481083.093, Learning rate:,0.0028507718749999993, Number of training points (boundary):,3498, Number of training points (interior):,24998, VRAM allocated:,93068288, VRAM reserved:,29100081152
Epoch:,104700,Training Loss:,1.8804178856190738e+18, Learning rate:,0.0028507718749999993, Number of training points (boundary):,3498, Number of training points (interior):,24998, VRAM allocated:,93068288, VRAM reserved:,29100081152
Epoch:,104800,Training Loss:,349218852.0200029, Learning rate:,0.0028507718749999993, Number of training points (boundary):,3498, Number of training points (interior):,24998, VRAM allocated:,93068288, VRAM reserved:,29100081152
Epoch:,104900,Training Loss:,2479304321.976127, Learning rate:,0.0028507718749999993, Number of training points (boundary):,3498, Number of training points (interior):,24998, VRAM allocated:,93068288, VRAM reserved:,29100081152
Epoch:,105000,Training Loss:,27754721.77921841, Learning rate:,0.0028507718749999993, Number of training points (boundary):,3498, Number of training points (interior):,24998, VRAM allocated:,93068288, VRAM reserved:,29100081152
Epoch:,105100,Training Loss:,661556778058990.9, Learning rate:,0.0028507718749999993, Number of training points (boundary):,3498, Number of training points (interior):,24998, VRAM allocated:,93068288, VRAM reserved:,29100081152
Epoch:,105200,Training Loss:,41362271129.04433, Learning rate:,0.0028507718749999993, Number of training points (boundary):,3498, Number of training points (interior):,24998, VRAM allocated:,93068288, VRAM reserved:,29100081152
Epoch:,105300,Training Loss:,44772311234400.0, Learning rate:,0.0028507718749999993, Number of training points (boundary):,3498, Number of training points (interior):,24998, VRAM allocated:,93068288, VRAM reserved:,29100081152
Epoch:,105400,Training Loss:,10809435.941468751, Learning rate:,0.0028507718749999993, Number of training points (boundary):,3498, Number of training points (interior):,24998, VRAM allocated:,93068288, VRAM reserved:,29100081152
Epoch:,105500,Training Loss:,11263694933.692436, Learning rate:,0.0028507718749999993, Number of training points (boundary):,3498, Number of training points (interior):,24998, VRAM allocated:,93068288, VRAM reserved:,29100081152
Epoch:,105600,Training Loss:,56548524186922.875, Learning rate:,0.0028507718749999993, Number of training points (boundary):,3498, Number of training points (interior):,24998, VRAM allocated:,93068288, VRAM reserved:,29100081152
Epoch:,105700,Training Loss:,52915062411.91974, Learning rate:,0.0028507718749999993, Number of training points (boundary):,3498, Number of training points (interior):,24998, VRAM allocated:,93068288, VRAM reserved:,29100081152
Epoch:,105800,Training Loss:,663767.787862121, Learning rate:,0.0028507718749999993, Number of training points (boundary):,3498, Number of training points (interior):,24998, VRAM allocated:,93068288, VRAM reserved:,29100081152
Epoch:,105900,Training Loss:,688542.5537705692, Learning rate:,0.0028507718749999993, Number of training points (boundary):,3498, Number of training points (interior):,24998, VRAM allocated:,93068288, VRAM reserved:,29100081152
Epoch:,106000,Training Loss:,38189566.89366228, Learning rate:,0.0028507718749999993, Number of training points (boundary):,3498, Number of training points (interior):,24998, VRAM allocated:,93068288, VRAM reserved:,29100081152
Epoch:,106100,Training Loss:,565544933106822.9, Learning rate:,0.0028507718749999993, Number of training points (boundary):,3498, Number of training points (interior):,24998, VRAM allocated:,93068288, VRAM reserved:,29100081152
Epoch:,106200,Training Loss:,125167788.92417346, Learning rate:,0.0028507718749999993, Number of training points (boundary):,3498, Number of training points (interior):,24998, VRAM allocated:,93068288, VRAM reserved:,29100081152
Epoch:,106300,Training Loss:,941554337.5425813, Learning rate:,0.0028507718749999993, Number of training points (boundary):,3498, Number of training points (interior):,24998, VRAM allocated:,93068288, VRAM reserved:,29100081152
Epoch:,106400,Training Loss:,31658844.7736165, Learning rate:,0.0028507718749999993, Number of training points (boundary):,3498, Number of training points (interior):,24998, VRAM allocated:,93068288, VRAM reserved:,29100081152
Epoch:,106500,Training Loss:,2.6550745345180144e+19, Learning rate:,0.0028507718749999993, Number of training points (boundary):,3498, Number of training points (interior):,24998, VRAM allocated:,93068288, VRAM reserved:,29100081152
Epoch:,106600,Training Loss:,325173399.1036386, Learning rate:,0.0028507718749999993, Number of training points (boundary):,3498, Number of training points (interior):,24998, VRAM allocated:,93068288, VRAM reserved:,29100081152
Epoch:,106700,Training Loss:,1479614084.636675, Learning rate:,0.0028507718749999993, Number of training points (boundary):,3498, Number of training points (interior):,24998, VRAM allocated:,93068288, VRAM reserved:,29100081152
Epoch:,106800,Training Loss:,90287446285.18156, Learning rate:,0.0028507718749999993, Number of training points (boundary):,3498, Number of training points (interior):,24998, VRAM allocated:,93068288, VRAM reserved:,29100081152
Epoch:,106900,Training Loss:,75516429339.61404, Learning rate:,0.0028507718749999993, Number of training points (boundary):,3498, Number of training points (interior):,24998, VRAM allocated:,93068288, VRAM reserved:,29100081152
Epoch:,107000,Training Loss:,1127169598332.349, Learning rate:,0.0028507718749999993, Number of training points (boundary):,3498, Number of training points (interior):,24998, VRAM allocated:,93068288, VRAM reserved:,29100081152
Epoch:,107100,Training Loss:,45749814032399.09, Learning rate:,0.0028507718749999993, Number of training points (boundary):,3498, Number of training points (interior):,24998, VRAM allocated:,93068288, VRAM reserved:,29100081152
Epoch:,107200,Training Loss:,1.8606344452712344e+16, Learning rate:,0.0028507718749999993, Number of training points (boundary):,3498, Number of training points (interior):,24998, VRAM allocated:,93068288, VRAM reserved:,29100081152
Epoch:,107300,Training Loss:,1.9786019417293242e+24, Learning rate:,0.0028507718749999993, Number of training points (boundary):,3498, Number of training points (interior):,24998, VRAM allocated:,93068288, VRAM reserved:,29100081152
Epoch:,107400,Training Loss:,4.648885822259059e+17, Learning rate:,0.0028507718749999993, Number of training points (boundary):,3498, Number of training points (interior):,24998, VRAM allocated:,93068288, VRAM reserved:,29100081152
Epoch:,107500,Training Loss:,1.339391579857382e+25, Learning rate:,0.0028507718749999993, Number of training points (boundary):,3498, Number of training points (interior):,24998, VRAM allocated:,93068288, VRAM reserved:,29100081152
Epoch:,107600,Training Loss:,3299757279353.0483, Learning rate:,0.0028507718749999993, Number of training points (boundary):,3498, Number of training points (interior):,24998, VRAM allocated:,93068288, VRAM reserved:,29100081152
Epoch:,107700,Training Loss:,819735738449.2002, Learning rate:,0.0028507718749999993, Number of training points (boundary):,3498, Number of training points (interior):,24998, VRAM allocated:,93068288, VRAM reserved:,29100081152
Epoch:,107800,Training Loss:,18030082322.907124, Learning rate:,0.0028507718749999993, Number of training points (boundary):,3498, Number of training points (interior):,24998, VRAM allocated:,93068288, VRAM reserved:,29100081152
Epoch:,107900,Training Loss:,759705662.4467008, Learning rate:,0.0028507718749999993, Number of training points (boundary):,3498, Number of training points (interior):,24998, VRAM allocated:,93068288, VRAM reserved:,29100081152
Epoch:,108000,Training Loss:,675533269.1188582, Learning rate:,0.0028507718749999993, Number of training points (boundary):,3498, Number of training points (interior):,24998, VRAM allocated:,93068288, VRAM reserved:,29100081152
Epoch:,108100,Training Loss:,6.854256515684449e+24, Learning rate:,0.0028507718749999993, Number of training points (boundary):,3498, Number of training points (interior):,24998, VRAM allocated:,93068288, VRAM reserved:,29100081152
Epoch:,108200,Training Loss:,1352636693.2677212, Learning rate:,0.0028507718749999993, Number of training points (boundary):,3498, Number of training points (interior):,24998, VRAM allocated:,93068288, VRAM reserved:,29100081152
Epoch:,108300,Training Loss:,7433428402.955296, Learning rate:,0.0028507718749999993, Number of training points (boundary):,3498, Number of training points (interior):,24998, VRAM allocated:,93068288, VRAM reserved:,29100081152
Epoch:,108400,Training Loss:,1151642039682.367, Learning rate:,0.0028507718749999993, Number of training points (boundary):,3498, Number of training points (interior):,24998, VRAM allocated:,93068288, VRAM reserved:,29100081152
Epoch:,108500,Training Loss:,3.232833392213596e+18, Learning rate:,0.0028507718749999993, Number of training points (boundary):,3498, Number of training points (interior):,24998, VRAM allocated:,93068288, VRAM reserved:,29100081152
Epoch:,108600,Training Loss:,2105485543016975.5, Learning rate:,0.0028507718749999993, Number of training points (boundary):,3498, Number of training points (interior):,24998, VRAM allocated:,93068288, VRAM reserved:,29100081152
Epoch:,108700,Training Loss:,466002859554.0476, Learning rate:,0.0028507718749999993, Number of training points (boundary):,3498, Number of training points (interior):,24998, VRAM allocated:,93068288, VRAM reserved:,29100081152
Epoch:,108800,Training Loss:,121819504715.91258, Learning rate:,0.0028507718749999993, Number of training points (boundary):,3498, Number of training points (interior):,24998, VRAM allocated:,93068288, VRAM reserved:,29100081152
Epoch:,108900,Training Loss:,13166179714.772518, Learning rate:,0.0028507718749999993, Number of training points (boundary):,3498, Number of training points (interior):,24998, VRAM allocated:,93068288, VRAM reserved:,29100081152
Epoch:,109000,Training Loss:,26807456925.05485, Learning rate:,0.0028507718749999993, Number of training points (boundary):,3498, Number of training points (interior):,24998, VRAM allocated:,93068288, VRAM reserved:,29100081152
Epoch:,109100,Training Loss:,65033946.15918395, Learning rate:,0.0028507718749999993, Number of training points (boundary):,3498, Number of training points (interior):,24998, VRAM allocated:,93068288, VRAM reserved:,29100081152
Epoch:,109200,Training Loss:,178048299.46744898, Learning rate:,0.0028507718749999993, Number of training points (boundary):,3498, Number of training points (interior):,24998, VRAM allocated:,93068288, VRAM reserved:,29100081152
Epoch:,109300,Training Loss:,318199386.22670805, Learning rate:,0.0028507718749999993, Number of training points (boundary):,3498, Number of training points (interior):,24998, VRAM allocated:,93068288, VRAM reserved:,29100081152
Epoch:,109400,Training Loss:,130379346186937.77, Learning rate:,0.0028507718749999993, Number of training points (boundary):,3498, Number of training points (interior):,24998, VRAM allocated:,93068288, VRAM reserved:,29100081152
Epoch:,109500,Training Loss:,5.3748507379878125e+28, Learning rate:,0.0028507718749999993, Number of training points (boundary):,3498, Number of training points (interior):,24998, VRAM allocated:,93068288, VRAM reserved:,29100081152
Epoch:,109600,Training Loss:,1753352051706.3037, Learning rate:,0.0028507718749999993, Number of training points (boundary):,3498, Number of training points (interior):,24998, VRAM allocated:,93068288, VRAM reserved:,29100081152
Epoch:,109700,Training Loss:,22289248624.203583, Learning rate:,0.0028507718749999993, Number of training points (boundary):,3498, Number of training points (interior):,24998, VRAM allocated:,93068288, VRAM reserved:,29100081152
Epoch:,109800,Training Loss:,741587001670.1393, Learning rate:,0.0028507718749999993, Number of training points (boundary):,3498, Number of training points (interior):,24998, VRAM allocated:,93068288, VRAM reserved:,29100081152
Epoch:,109900,Training Loss:,1009053846798.6451, Learning rate:,0.0028507718749999993, Number of training points (boundary):,3498, Number of training points (interior):,24998, VRAM allocated:,93068288, VRAM reserved:,29100081152
Epoch:,110000,Training Loss:,10865217539062.447, Learning rate:,0.0028507718749999993, Number of training points (boundary):,3498, Number of training points (interior):,24998, VRAM allocated:,93068288, VRAM reserved:,29100081152
Epoch:,110100,Training Loss:,787293657150726.6, Learning rate:,0.0028507718749999993, Number of training points (boundary):,3498, Number of training points (interior):,24998, VRAM allocated:,93068288, VRAM reserved:,29100081152
Epoch:,110200,Training Loss:,400672865742.20526, Learning rate:,0.0028507718749999993, Number of training points (boundary):,3498, Number of training points (interior):,24998, VRAM allocated:,93068288, VRAM reserved:,29100081152
Epoch:,110300,Training Loss:,1.458812736466689e+20, Learning rate:,0.0028507718749999993, Number of training points (boundary):,3498, Number of training points (interior):,24998, VRAM allocated:,93068288, VRAM reserved:,29100081152
Epoch:,110400,Training Loss:,163387663179304.56, Learning rate:,0.0028507718749999993, Number of training points (boundary):,3498, Number of training points (interior):,24998, VRAM allocated:,93068288, VRAM reserved:,29100081152
Epoch:,110500,Training Loss:,1.5775688644254406e+17, Learning rate:,0.0028507718749999993, Number of training points (boundary):,3498, Number of training points (interior):,24998, VRAM allocated:,93068288, VRAM reserved:,29100081152
Epoch:,110600,Training Loss:,6331877672.628636, Learning rate:,0.0028507718749999993, Number of training points (boundary):,3498, Number of training points (interior):,24998, VRAM allocated:,93068288, VRAM reserved:,29100081152
Epoch:,110700,Training Loss:,1.9109386646575996e+21, Learning rate:,0.0028507718749999993, Number of training points (boundary):,3498, Number of training points (interior):,24998, VRAM allocated:,93068288, VRAM reserved:,29100081152
Epoch:,110800,Training Loss:,2.2360807671171673e+24, Learning rate:,0.0028507718749999993, Number of training points (boundary):,3498, Number of training points (interior):,24998, VRAM allocated:,93068288, VRAM reserved:,29100081152
Epoch:,110900,Training Loss:,1.452306349911455e+22, Learning rate:,0.0028507718749999993, Number of training points (boundary):,3498, Number of training points (interior):,24998, VRAM allocated:,93068288, VRAM reserved:,29100081152
Epoch:,111000,Training Loss:,7.935377737224729e+24, Learning rate:,0.0028507718749999993, Number of training points (boundary):,3498, Number of training points (interior):,24998, VRAM allocated:,93068288, VRAM reserved:,29100081152
Epoch:,111100,Training Loss:,153117216198826.22, Learning rate:,0.0028507718749999993, Number of training points (boundary):,3498, Number of training points (interior):,24998, VRAM allocated:,93068288, VRAM reserved:,29100081152
Epoch:,111200,Training Loss:,3517638641426.1743, Learning rate:,0.0028507718749999993, Number of training points (boundary):,3498, Number of training points (interior):,24998, VRAM allocated:,93068288, VRAM reserved:,29100081152
Epoch:,111300,Training Loss:,11317809145723.488, Learning rate:,0.0028507718749999993, Number of training points (boundary):,3498, Number of training points (interior):,24998, VRAM allocated:,93068288, VRAM reserved:,29100081152
Epoch:,111400,Training Loss:,10133703608641.516, Learning rate:,0.0028507718749999993, Number of training points (boundary):,3498, Number of training points (interior):,24998, VRAM allocated:,93068288, VRAM reserved:,29100081152
Epoch:,111500,Training Loss:,2.074307787064731e+18, Learning rate:,0.0028507718749999993, Number of training points (boundary):,3498, Number of training points (interior):,24998, VRAM allocated:,93068288, VRAM reserved:,29100081152
Epoch:,111600,Training Loss:,1.469487740942215e+18, Learning rate:,0.0028507718749999993, Number of training points (boundary):,3498, Number of training points (interior):,24998, VRAM allocated:,93068288, VRAM reserved:,29100081152
Epoch:,111700,Training Loss:,21419504876150.23, Learning rate:,0.0028507718749999993, Number of training points (boundary):,3498, Number of training points (interior):,24998, VRAM allocated:,93068288, VRAM reserved:,29100081152
Epoch:,111800,Training Loss:,1.7974617293136305e+18, Learning rate:,0.0028507718749999993, Number of training points (boundary):,3498, Number of training points (interior):,24998, VRAM allocated:,93068288, VRAM reserved:,29100081152
Epoch:,111900,Training Loss:,8.38986064443689e+23, Learning rate:,0.0028507718749999993, Number of training points (boundary):,3498, Number of training points (interior):,24998, VRAM allocated:,93068288, VRAM reserved:,29100081152
Epoch:,112000,Training Loss:,4016977865141.727, Learning rate:,0.0028507718749999993, Number of training points (boundary):,3498, Number of training points (interior):,24998, VRAM allocated:,93068288, VRAM reserved:,29100081152
Epoch:,112100,Training Loss:,2701608011578880.5, Learning rate:,0.0028507718749999993, Number of training points (boundary):,3498, Number of training points (interior):,24998, VRAM allocated:,93068288, VRAM reserved:,29100081152
Epoch:,112200,Training Loss:,25424432529.146206, Learning rate:,0.0028507718749999993, Number of training points (boundary):,3498, Number of training points (interior):,24998, VRAM allocated:,93068288, VRAM reserved:,29100081152
Epoch:,112300,Training Loss:,32094744655.975273, Learning rate:,0.0028507718749999993, Number of training points (boundary):,3498, Number of training points (interior):,24998, VRAM allocated:,93068288, VRAM reserved:,29100081152
Epoch:,112400,Training Loss:,2.751393609328105e+24, Learning rate:,0.0028507718749999993, Number of training points (boundary):,3498, Number of training points (interior):,24998, VRAM allocated:,93068288, VRAM reserved:,29100081152
Epoch:,112500,Training Loss:,3.135618575161189e+30, Learning rate:,0.0028507718749999993, Number of training points (boundary):,3498, Number of training points (interior):,24998, VRAM allocated:,93068288, VRAM reserved:,29100081152
Epoch:,112600,Training Loss:,138553635630188.52, Learning rate:,0.0028507718749999993, Number of training points (boundary):,3498, Number of training points (interior):,24998, VRAM allocated:,93068288, VRAM reserved:,29100081152
Epoch:,112700,Training Loss:,2.7706709527371866e+31, Learning rate:,0.0028507718749999993, Number of training points (boundary):,3498, Number of training points (interior):,24998, VRAM allocated:,93068288, VRAM reserved:,29100081152
Epoch:,112800,Training Loss:,355758773631343.9, Learning rate:,0.0028507718749999993, Number of training points (boundary):,3498, Number of training points (interior):,24998, VRAM allocated:,93068288, VRAM reserved:,29100081152
Epoch:,112900,Training Loss:,1900309961702971.0, Learning rate:,0.0028507718749999993, Number of training points (boundary):,3498, Number of training points (interior):,24998, VRAM allocated:,93068288, VRAM reserved:,29100081152
Epoch:,113000,Training Loss:,8.83076355557946e+18, Learning rate:,0.0028507718749999993, Number of training points (boundary):,3498, Number of training points (interior):,24998, VRAM allocated:,93068288, VRAM reserved:,29100081152
Epoch:,113100,Training Loss:,2.955903796744909e+18, Learning rate:,0.0028507718749999993, Number of training points (boundary):,3498, Number of training points (interior):,24998, VRAM allocated:,93068288, VRAM reserved:,29100081152
Epoch:,113200,Training Loss:,1.1701894865480688e+19, Learning rate:,0.0028507718749999993, Number of training points (boundary):,3498, Number of training points (interior):,24998, VRAM allocated:,93068288, VRAM reserved:,29100081152
Epoch:,113300,Training Loss:,1.2693488407746835e+22, Learning rate:,0.0028507718749999993, Number of training points (boundary):,3498, Number of training points (interior):,24998, VRAM allocated:,93068288, VRAM reserved:,29100081152
Epoch:,113400,Training Loss:,2.5155487644142188e+16, Learning rate:,0.0028507718749999993, Number of training points (boundary):,3498, Number of training points (interior):,24998, VRAM allocated:,93068288, VRAM reserved:,29100081152
Epoch:,113500,Training Loss:,464257419017.70337, Learning rate:,0.0028507718749999993, Number of training points (boundary):,3498, Number of training points (interior):,24998, VRAM allocated:,93068288, VRAM reserved:,29100081152
Epoch:,113600,Training Loss:,21451156800.887066, Learning rate:,0.0028507718749999993, Number of training points (boundary):,3498, Number of training points (interior):,24998, VRAM allocated:,93068288, VRAM reserved:,29100081152
Epoch:,113700,Training Loss:,31406283269509.688, Learning rate:,0.0028507718749999993, Number of training points (boundary):,3498, Number of training points (interior):,24998, VRAM allocated:,93068288, VRAM reserved:,29100081152
Epoch:,113800,Training Loss:,3489040165268762.5, Learning rate:,0.0028507718749999993, Number of training points (boundary):,3498, Number of training points (interior):,24998, VRAM allocated:,93068288, VRAM reserved:,29100081152
Epoch:,113900,Training Loss:,2.272907944595071e+18, Learning rate:,0.0028507718749999993, Number of training points (boundary):,3498, Number of training points (interior):,24998, VRAM allocated:,93068288, VRAM reserved:,29100081152
Epoch:,114000,Training Loss:,9.561816067588676e+25, Learning rate:,0.0028507718749999993, Number of training points (boundary):,3498, Number of training points (interior):,24998, VRAM allocated:,93068288, VRAM reserved:,29100081152
Epoch:,114100,Training Loss:,3.2018690593347895e+24, Learning rate:,0.0028507718749999993, Number of training points (boundary):,3498, Number of training points (interior):,24998, VRAM allocated:,93068288, VRAM reserved:,29100081152
Epoch:,114200,Training Loss:,8.335832597815389e+18, Learning rate:,0.0028507718749999993, Number of training points (boundary):,3498, Number of training points (interior):,24998, VRAM allocated:,93068288, VRAM reserved:,29100081152
Epoch:,114300,Training Loss:,3.4141000539295536e+16, Learning rate:,0.0028507718749999993, Number of training points (boundary):,3498, Number of training points (interior):,24998, VRAM allocated:,93068288, VRAM reserved:,29100081152
Epoch:,114400,Training Loss:,2588726160.338324, Learning rate:,0.0028507718749999993, Number of training points (boundary):,3498, Number of training points (interior):,24998, VRAM allocated:,93068288, VRAM reserved:,29100081152
Epoch:,114500,Training Loss:,1.5731316898150118e+20, Learning rate:,0.0028507718749999993, Number of training points (boundary):,3498, Number of training points (interior):,24998, VRAM allocated:,93068288, VRAM reserved:,29100081152
Epoch:,114600,Training Loss:,7.75059838108238e+16, Learning rate:,0.0028507718749999993, Number of training points (boundary):,3498, Number of training points (interior):,24998, VRAM allocated:,93068288, VRAM reserved:,29100081152
Epoch:,114700,Training Loss:,3.585119527496762e+16, Learning rate:,0.0028507718749999993, Number of training points (boundary):,3498, Number of training points (interior):,24998, VRAM allocated:,93068288, VRAM reserved:,29100081152
Epoch:,114800,Training Loss:,5835086978481626.0, Learning rate:,0.0028507718749999993, Number of training points (boundary):,3498, Number of training points (interior):,24998, VRAM allocated:,93068288, VRAM reserved:,29100081152
Epoch:,114900,Training Loss:,2.828854992461086e+21, Learning rate:,0.0028507718749999993, Number of training points (boundary):,3498, Number of training points (interior):,24998, VRAM allocated:,93068288, VRAM reserved:,29100081152
Epoch:,115000,Training Loss:,236434678505.6083, Learning rate:,0.0028507718749999993, Number of training points (boundary):,3498, Number of training points (interior):,24998, VRAM allocated:,93068288, VRAM reserved:,29100081152
Epoch:,115100,Training Loss:,188406041672891.38, Learning rate:,0.0028507718749999993, Number of training points (boundary):,3498, Number of training points (interior):,24998, VRAM allocated:,93068288, VRAM reserved:,29100081152
Epoch:,115200,Training Loss:,7.295263638230974e+16, Learning rate:,0.0028507718749999993, Number of training points (boundary):,3498, Number of training points (interior):,24998, VRAM allocated:,93068288, VRAM reserved:,29100081152
Epoch:,115300,Training Loss:,1.1132856836664766e+26, Learning rate:,0.0028507718749999993, Number of training points (boundary):,3498, Number of training points (interior):,24998, VRAM allocated:,93068288, VRAM reserved:,29100081152
Epoch:,115400,Training Loss:,8.005356730133473e+22, Learning rate:,0.0028507718749999993, Number of training points (boundary):,3498, Number of training points (interior):,24998, VRAM allocated:,93068288, VRAM reserved:,29100081152
Epoch:,115500,Training Loss:,1175247207.1358855, Learning rate:,0.0028507718749999993, Number of training points (boundary):,3498, Number of training points (interior):,24998, VRAM allocated:,93068288, VRAM reserved:,29100081152
Epoch:,115600,Training Loss:,2.1126516959934083e+17, Learning rate:,0.0028507718749999993, Number of training points (boundary):,3498, Number of training points (interior):,24998, VRAM allocated:,93068288, VRAM reserved:,29100081152
Epoch:,115700,Training Loss:,3736191244.098045, Learning rate:,0.0028507718749999993, Number of training points (boundary):,3498, Number of training points (interior):,24998, VRAM allocated:,93068288, VRAM reserved:,29100081152
Epoch:,115800,Training Loss:,107152235431.95772, Learning rate:,0.0028507718749999993, Number of training points (boundary):,3498, Number of training points (interior):,24998, VRAM allocated:,93068288, VRAM reserved:,29100081152
Epoch:,115900,Training Loss:,16498907512.267515, Learning rate:,0.0028507718749999993, Number of training points (boundary):,3498, Number of training points (interior):,24998, VRAM allocated:,93068288, VRAM reserved:,29100081152
Epoch:,116000,Training Loss:,1.1201959390562838e+41, Learning rate:,0.0028507718749999993, Number of training points (boundary):,3498, Number of training points (interior):,24998, VRAM allocated:,93068288, VRAM reserved:,29100081152
Epoch:,116100,Training Loss:,12239176726.71559, Learning rate:,0.0028507718749999993, Number of training points (boundary):,3498, Number of training points (interior):,24998, VRAM allocated:,93068288, VRAM reserved:,29100081152
Epoch:,116200,Training Loss:,1.362017684775849e+28, Learning rate:,0.0028507718749999993, Number of training points (boundary):,3498, Number of training points (interior):,24998, VRAM allocated:,93068288, VRAM reserved:,29100081152
Epoch:,116300,Training Loss:,41437996948.83699, Learning rate:,0.0028507718749999993, Number of training points (boundary):,3498, Number of training points (interior):,24998, VRAM allocated:,93068288, VRAM reserved:,29100081152
Epoch:,116400,Training Loss:,3828891907117522.5, Learning rate:,0.0028507718749999993, Number of training points (boundary):,3498, Number of training points (interior):,24998, VRAM allocated:,93068288, VRAM reserved:,29100081152
Epoch:,116500,Training Loss:,2.765387926080637e+18, Learning rate:,0.0028507718749999993, Number of training points (boundary):,3498, Number of training points (interior):,24998, VRAM allocated:,93068288, VRAM reserved:,29100081152
Epoch:,116600,Training Loss:,3.406270492868368e+20, Learning rate:,0.0028507718749999993, Number of training points (boundary):,3498, Number of training points (interior):,24998, VRAM allocated:,93068288, VRAM reserved:,29100081152
Epoch:,116700,Training Loss:,36196968377.83679, Learning rate:,0.0028507718749999993, Number of training points (boundary):,3498, Number of training points (interior):,24998, VRAM allocated:,93068288, VRAM reserved:,29100081152
Epoch:,116800,Training Loss:,3298048307821.5913, Learning rate:,0.0028507718749999993, Number of training points (boundary):,3498, Number of training points (interior):,24998, VRAM allocated:,93068288, VRAM reserved:,29100081152
Epoch:,116900,Training Loss:,5534527304514255.0, Learning rate:,0.0028507718749999993, Number of training points (boundary):,3498, Number of training points (interior):,24998, VRAM allocated:,93068288, VRAM reserved:,29100081152
Epoch:,117000,Training Loss:,1.972427722686184e+18, Learning rate:,0.0028507718749999993, Number of training points (boundary):,3498, Number of training points (interior):,24998, VRAM allocated:,93068288, VRAM reserved:,29100081152
Epoch:,117100,Training Loss:,1.2182800413635623e+21, Learning rate:,0.0028507718749999993, Number of training points (boundary):,3498, Number of training points (interior):,24998, VRAM allocated:,93068288, VRAM reserved:,29100081152
Epoch:,117200,Training Loss:,5.012343692302885e+23, Learning rate:,0.0028507718749999993, Number of training points (boundary):,3498, Number of training points (interior):,24998, VRAM allocated:,93068288, VRAM reserved:,29100081152
Epoch:,117300,Training Loss:,63402582012016.74, Learning rate:,0.0028507718749999993, Number of training points (boundary):,3498, Number of training points (interior):,24998, VRAM allocated:,93068288, VRAM reserved:,29100081152
Epoch:,117400,Training Loss:,2575102235516.7847, Learning rate:,0.0028507718749999993, Number of training points (boundary):,3498, Number of training points (interior):,24998, VRAM allocated:,93068288, VRAM reserved:,29100081152
Epoch:,117500,Training Loss:,3.7651261803635757e+17, Learning rate:,0.0028507718749999993, Number of training points (boundary):,3498, Number of training points (interior):,24998, VRAM allocated:,93068288, VRAM reserved:,29100081152
Epoch:,117600,Training Loss:,4151021057189114.0, Learning rate:,0.0028507718749999993, Number of training points (boundary):,3498, Number of training points (interior):,24998, VRAM allocated:,93068288, VRAM reserved:,29100081152
Epoch:,117700,Training Loss:,1.5137550477376976e+17, Learning rate:,0.0028507718749999993, Number of training points (boundary):,3498, Number of training points (interior):,24998, VRAM allocated:,93068288, VRAM reserved:,29100081152
Epoch:,117800,Training Loss:,2.313461424276961e+18, Learning rate:,0.0028507718749999993, Number of training points (boundary):,3498, Number of training points (interior):,24998, VRAM allocated:,93068288, VRAM reserved:,29100081152
Epoch:,117900,Training Loss:,8.637266178766186e+32, Learning rate:,0.0028507718749999993, Number of training points (boundary):,3498, Number of training points (interior):,24998, VRAM allocated:,93068288, VRAM reserved:,29100081152
Epoch:,118000,Training Loss:,1.0757108200402389e+17, Learning rate:,0.0028507718749999993, Number of training points (boundary):,3498, Number of training points (interior):,24998, VRAM allocated:,93068288, VRAM reserved:,29100081152
Epoch:,118100,Training Loss:,7631045450198723.0, Learning rate:,0.0028507718749999993, Number of training points (boundary):,3498, Number of training points (interior):,24998, VRAM allocated:,93068288, VRAM reserved:,29100081152
Epoch:,118200,Training Loss:,1082851056338370.0, Learning rate:,0.0028507718749999993, Number of training points (boundary):,3498, Number of training points (interior):,24998, VRAM allocated:,93068288, VRAM reserved:,29100081152
Epoch:,118300,Training Loss:,632763711428.2476, Learning rate:,0.0028507718749999993, Number of training points (boundary):,3498, Number of training points (interior):,24998, VRAM allocated:,93068288, VRAM reserved:,29100081152
Epoch:,118400,Training Loss:,72629504926.7164, Learning rate:,0.0028507718749999993, Number of training points (boundary):,3498, Number of training points (interior):,24998, VRAM allocated:,93068288, VRAM reserved:,29100081152
Epoch:,118500,Training Loss:,2420711351.2231607, Learning rate:,0.0028507718749999993, Number of training points (boundary):,3498, Number of training points (interior):,24998, VRAM allocated:,93068288, VRAM reserved:,29100081152
Epoch:,118600,Training Loss:,1963284852831.3096, Learning rate:,0.0028507718749999993, Number of training points (boundary):,3498, Number of training points (interior):,24998, VRAM allocated:,93068288, VRAM reserved:,29100081152
Epoch:,118700,Training Loss:,66800586134544.91, Learning rate:,0.0028507718749999993, Number of training points (boundary):,3498, Number of training points (interior):,24998, VRAM allocated:,93068288, VRAM reserved:,29100081152
Epoch:,118800,Training Loss:,608589623783.149, Learning rate:,0.0028507718749999993, Number of training points (boundary):,3498, Number of training points (interior):,24998, VRAM allocated:,93068288, VRAM reserved:,29100081152
Epoch:,118900,Training Loss:,3.6769115294484274e+23, Learning rate:,0.0028507718749999993, Number of training points (boundary):,3498, Number of training points (interior):,24998, VRAM allocated:,93068288, VRAM reserved:,29100081152
Epoch:,119000,Training Loss:,275940764672237.03, Learning rate:,0.0028507718749999993, Number of training points (boundary):,3498, Number of training points (interior):,24998, VRAM allocated:,93068288, VRAM reserved:,29100081152
Epoch:,119100,Training Loss:,115995656352.05592, Learning rate:,0.0028507718749999993, Number of training points (boundary):,3498, Number of training points (interior):,24998, VRAM allocated:,93068288, VRAM reserved:,29100081152
Epoch:,119200,Training Loss:,464154129368.1961, Learning rate:,0.0028507718749999993, Number of training points (boundary):,3498, Number of training points (interior):,24998, VRAM allocated:,93068288, VRAM reserved:,29100081152
Epoch:,119300,Training Loss:,17691378471682.715, Learning rate:,0.0028507718749999993, Number of training points (boundary):,3498, Number of training points (interior):,24998, VRAM allocated:,93068288, VRAM reserved:,29100081152
Epoch:,119400,Training Loss:,5.531159032743163e+16, Learning rate:,0.0028507718749999993, Number of training points (boundary):,3498, Number of training points (interior):,24998, VRAM allocated:,93068288, VRAM reserved:,29100081152
Epoch:,119500,Training Loss:,4.5094034303817446e+18, Learning rate:,0.0028507718749999993, Number of training points (boundary):,3498, Number of training points (interior):,24998, VRAM allocated:,93068288, VRAM reserved:,29100081152
Epoch:,119600,Training Loss:,2.910122116933377e+21, Learning rate:,0.0028507718749999993, Number of training points (boundary):,3498, Number of training points (interior):,24998, VRAM allocated:,93068288, VRAM reserved:,29100081152
Epoch:,119700,Training Loss:,83750240605464.89, Learning rate:,0.0028507718749999993, Number of training points (boundary):,3498, Number of training points (interior):,24998, VRAM allocated:,93068288, VRAM reserved:,29100081152
Epoch:,119800,Training Loss:,1161856299542.4434, Learning rate:,0.0028507718749999993, Number of training points (boundary):,3498, Number of training points (interior):,24998, VRAM allocated:,93068288, VRAM reserved:,29100081152
Epoch:,119900,Training Loss:,2328285342289.789, Learning rate:,0.0028507718749999993, Number of training points (boundary):,3498, Number of training points (interior):,24998, VRAM allocated:,93068288, VRAM reserved:,29100081152
Epoch:,120000,Training Loss:,197885337847799.25, Learning rate:,0.0028507718749999993, Number of training points (boundary):,3498, Number of training points (interior):,24998, VRAM allocated:,93068288, VRAM reserved:,29100081152
Epoch:,120100,Training Loss:,2.503624607080364e+22, Learning rate:,0.0028507718749999993, Number of training points (boundary):,3498, Number of training points (interior):,24998, VRAM allocated:,93068288, VRAM reserved:,29100081152
Epoch:,120200,Training Loss:,240618055416.65637, Learning rate:,0.0028507718749999993, Number of training points (boundary):,3498, Number of training points (interior):,24998, VRAM allocated:,93068288, VRAM reserved:,29100081152
Epoch:,120300,Training Loss:,9.475538168189804e+29, Learning rate:,0.0028507718749999993, Number of training points (boundary):,3498, Number of training points (interior):,24998, VRAM allocated:,93068288, VRAM reserved:,29100081152
Epoch:,120400,Training Loss:,3844535702906.112, Learning rate:,0.0028507718749999993, Number of training points (boundary):,3498, Number of training points (interior):,24998, VRAM allocated:,93068288, VRAM reserved:,29100081152
Epoch:,120500,Training Loss:,1520697290642.9768, Learning rate:,0.0028507718749999993, Number of training points (boundary):,3498, Number of training points (interior):,24998, VRAM allocated:,93068288, VRAM reserved:,29100081152
Epoch:,120600,Training Loss:,3305636779655691.0, Learning rate:,0.0028507718749999993, Number of training points (boundary):,3498, Number of training points (interior):,24998, VRAM allocated:,93068288, VRAM reserved:,29100081152
Epoch:,120700,Training Loss:,139358600617.36267, Learning rate:,0.0028507718749999993, Number of training points (boundary):,3498, Number of training points (interior):,24998, VRAM allocated:,93068288, VRAM reserved:,29100081152
Epoch:,120800,Training Loss:,2.4062936341550895e+21, Learning rate:,0.0028507718749999993, Number of training points (boundary):,3498, Number of training points (interior):,24998, VRAM allocated:,93068288, VRAM reserved:,29100081152
Epoch:,120900,Training Loss:,1325866155136.436, Learning rate:,0.0028507718749999993, Number of training points (boundary):,3498, Number of training points (interior):,24998, VRAM allocated:,93068288, VRAM reserved:,29100081152
Epoch:,121000,Training Loss:,1.269187555229801e+18, Learning rate:,0.0028507718749999993, Number of training points (boundary):,3498, Number of training points (interior):,24998, VRAM allocated:,93068288, VRAM reserved:,29100081152
Epoch:,121100,Training Loss:,827104122394375.0, Learning rate:,0.0028507718749999993, Number of training points (boundary):,3498, Number of training points (interior):,24998, VRAM allocated:,93068288, VRAM reserved:,29100081152
Epoch:,121200,Training Loss:,4.101625352221849e+19, Learning rate:,0.0028507718749999993, Number of training points (boundary):,3498, Number of training points (interior):,24998, VRAM allocated:,93068288, VRAM reserved:,29100081152
Epoch:,121300,Training Loss:,1.3090666011006602e+29, Learning rate:,0.0028507718749999993, Number of training points (boundary):,3498, Number of training points (interior):,24998, VRAM allocated:,93068288, VRAM reserved:,29100081152
Epoch:,121400,Training Loss:,6.579664557374606e+20, Learning rate:,0.0028507718749999993, Number of training points (boundary):,3498, Number of training points (interior):,24998, VRAM allocated:,93068288, VRAM reserved:,29100081152
Epoch:,121500,Training Loss:,4905476613726216.0, Learning rate:,0.0028507718749999993, Number of training points (boundary):,3498, Number of training points (interior):,24998, VRAM allocated:,93068288, VRAM reserved:,29100081152
Epoch:,121600,Training Loss:,10080474.319718836, Learning rate:,0.0028507718749999993, Number of training points (boundary):,3498, Number of training points (interior):,24998, VRAM allocated:,93068288, VRAM reserved:,29100081152
Epoch:,121700,Training Loss:,5.559942018856386e+24, Learning rate:,0.0028507718749999993, Number of training points (boundary):,3498, Number of training points (interior):,24998, VRAM allocated:,93068288, VRAM reserved:,29100081152
Epoch:,121800,Training Loss:,3.988723429319605e+19, Learning rate:,0.0028507718749999993, Number of training points (boundary):,3498, Number of training points (interior):,24998, VRAM allocated:,93068288, VRAM reserved:,29100081152
Epoch:,121900,Training Loss:,6.383664792286372e+23, Learning rate:,0.0028507718749999993, Number of training points (boundary):,3498, Number of training points (interior):,24998, VRAM allocated:,93068288, VRAM reserved:,29100081152
Epoch:,122000,Training Loss:,79818617327.7864, Learning rate:,0.0028507718749999993, Number of training points (boundary):,3498, Number of training points (interior):,24998, VRAM allocated:,93068288, VRAM reserved:,29100081152
Epoch:,122100,Training Loss:,5.994732270830572e+16, Learning rate:,0.0028507718749999993, Number of training points (boundary):,3498, Number of training points (interior):,24998, VRAM allocated:,93068288, VRAM reserved:,29100081152
Epoch:,122200,Training Loss:,170523828585.38187, Learning rate:,0.0028507718749999993, Number of training points (boundary):,3498, Number of training points (interior):,24998, VRAM allocated:,93068288, VRAM reserved:,29100081152
Epoch:,122300,Training Loss:,1465767594.3240845, Learning rate:,0.0028507718749999993, Number of training points (boundary):,3498, Number of training points (interior):,24998, VRAM allocated:,93068288, VRAM reserved:,29100081152
Epoch:,122400,Training Loss:,9729957697119.168, Learning rate:,0.0028507718749999993, Number of training points (boundary):,3498, Number of training points (interior):,24998, VRAM allocated:,93068288, VRAM reserved:,29100081152
Epoch:,122500,Training Loss:,3646830435920.7075, Learning rate:,0.0028507718749999993, Number of training points (boundary):,3498, Number of training points (interior):,24998, VRAM allocated:,93068288, VRAM reserved:,29100081152
Epoch:,122600,Training Loss:,3566485480050.7246, Learning rate:,0.0028507718749999993, Number of training points (boundary):,3498, Number of training points (interior):,24998, VRAM allocated:,93068288, VRAM reserved:,29100081152
Epoch:,122700,Training Loss:,2362910.383402663, Learning rate:,0.0028507718749999993, Number of training points (boundary):,3498, Number of training points (interior):,24998, VRAM allocated:,93068288, VRAM reserved:,29100081152
Epoch:,122800,Training Loss:,7302143.638887918, Learning rate:,0.0028507718749999993, Number of training points (boundary):,3498, Number of training points (interior):,24998, VRAM allocated:,93068288, VRAM reserved:,29100081152
Epoch:,122900,Training Loss:,1.4623618854768842e+17, Learning rate:,0.0028507718749999993, Number of training points (boundary):,3498, Number of training points (interior):,24998, VRAM allocated:,93068288, VRAM reserved:,29100081152
Epoch:,123000,Training Loss:,3.6928195051355826e+20, Learning rate:,0.0028507718749999993, Number of training points (boundary):,3498, Number of training points (interior):,24998, VRAM allocated:,93068288, VRAM reserved:,29100081152
Epoch:,123100,Training Loss:,103866053497.35042, Learning rate:,0.0028507718749999993, Number of training points (boundary):,3498, Number of training points (interior):,24998, VRAM allocated:,93068288, VRAM reserved:,29100081152
Epoch:,123200,Training Loss:,4688765.282624688, Learning rate:,0.0028507718749999993, Number of training points (boundary):,3498, Number of training points (interior):,24998, VRAM allocated:,93068288, VRAM reserved:,29100081152
Epoch:,123300,Training Loss:,1.1332078261245105e+28, Learning rate:,0.0028507718749999993, Number of training points (boundary):,3498, Number of training points (interior):,24998, VRAM allocated:,93068288, VRAM reserved:,29100081152
Epoch:,123400,Training Loss:,131745911481.18103, Learning rate:,0.0028507718749999993, Number of training points (boundary):,3498, Number of training points (interior):,24998, VRAM allocated:,93068288, VRAM reserved:,29100081152
Epoch:,123500,Training Loss:,5611939308.972149, Learning rate:,0.0028507718749999993, Number of training points (boundary):,3498, Number of training points (interior):,24998, VRAM allocated:,93068288, VRAM reserved:,29100081152
Epoch:,123600,Training Loss:,4074573087634.967, Learning rate:,0.0028507718749999993, Number of training points (boundary):,3498, Number of training points (interior):,24998, VRAM allocated:,93068288, VRAM reserved:,29100081152
Epoch:,123700,Training Loss:,2.8393075335227535e+18, Learning rate:,0.0028507718749999993, Number of training points (boundary):,3498, Number of training points (interior):,24998, VRAM allocated:,93068288, VRAM reserved:,29100081152
Epoch:,123800,Training Loss:,33642460294.437317, Learning rate:,0.0028507718749999993, Number of training points (boundary):,3498, Number of training points (interior):,24998, VRAM allocated:,93068288, VRAM reserved:,29100081152
Epoch:,123900,Training Loss:,40556651.38508065, Learning rate:,0.0028507718749999993, Number of training points (boundary):,3498, Number of training points (interior):,24998, VRAM allocated:,93068288, VRAM reserved:,29100081152
Epoch:,124000,Training Loss:,1.3985048840318118e+19, Learning rate:,0.0028507718749999993, Number of training points (boundary):,3498, Number of training points (interior):,24998, VRAM allocated:,93068288, VRAM reserved:,29100081152
Epoch:,124100,Training Loss:,3809030169818.519, Learning rate:,0.0028507718749999993, Number of training points (boundary):,3498, Number of training points (interior):,24998, VRAM allocated:,93068288, VRAM reserved:,29100081152
Epoch:,124200,Training Loss:,189166298.4705124, Learning rate:,0.0028507718749999993, Number of training points (boundary):,3498, Number of training points (interior):,24998, VRAM allocated:,93068288, VRAM reserved:,29100081152
Epoch:,124300,Training Loss:,63848264653131.66, Learning rate:,0.0028507718749999993, Number of training points (boundary):,3498, Number of training points (interior):,24998, VRAM allocated:,93068288, VRAM reserved:,29100081152
Epoch:,124400,Training Loss:,1.4341143636371294e+16, Learning rate:,0.0028507718749999993, Number of training points (boundary):,3498, Number of training points (interior):,24998, VRAM allocated:,93068288, VRAM reserved:,29100081152
Epoch:,124500,Training Loss:,3.2427292722018927e+19, Learning rate:,0.0028507718749999993, Number of training points (boundary):,3498, Number of training points (interior):,24998, VRAM allocated:,93068288, VRAM reserved:,29100081152
Epoch:,124600,Training Loss:,2218983680527.363, Learning rate:,0.0028507718749999993, Number of training points (boundary):,3498, Number of training points (interior):,24998, VRAM allocated:,93068288, VRAM reserved:,29100081152
Epoch:,124700,Training Loss:,344889859810516.25, Learning rate:,0.0028507718749999993, Number of training points (boundary):,3498, Number of training points (interior):,24998, VRAM allocated:,93068288, VRAM reserved:,29100081152
Epoch:,124800,Training Loss:,6.613038441364962e+18, Learning rate:,0.0028507718749999993, Number of training points (boundary):,3498, Number of training points (interior):,24998, VRAM allocated:,93068288, VRAM reserved:,29100081152
Epoch:,124900,Training Loss:,3.7151535531314166e+18, Learning rate:,0.0028507718749999993, Number of training points (boundary):,3498, Number of training points (interior):,24998, VRAM allocated:,93068288, VRAM reserved:,29100081152
Epoch:,125000,Training Loss:,3550155206197780.0, Learning rate:,0.0028507718749999993, Number of training points (boundary):,3498, Number of training points (interior):,24998, VRAM allocated:,93068288, VRAM reserved:,29100081152
Epoch:,125100,Training Loss:,1.8372569933627645e+17, Learning rate:,0.0028507718749999993, Number of training points (boundary):,3498, Number of training points (interior):,24998, VRAM allocated:,93068288, VRAM reserved:,29100081152
Epoch:,125200,Training Loss:,21943240196336.22, Learning rate:,0.0028507718749999993, Number of training points (boundary):,3498, Number of training points (interior):,24998, VRAM allocated:,93068288, VRAM reserved:,29100081152
Epoch:,125300,Training Loss:,2.5678104013130634e+18, Learning rate:,0.0028507718749999993, Number of training points (boundary):,3498, Number of training points (interior):,24998, VRAM allocated:,93068288, VRAM reserved:,29100081152
Epoch:,125400,Training Loss:,32998910.536004405, Learning rate:,0.0028507718749999993, Number of training points (boundary):,3498, Number of training points (interior):,24998, VRAM allocated:,93068288, VRAM reserved:,29100081152
Epoch:,125500,Training Loss:,17922148745.925392, Learning rate:,0.0028507718749999993, Number of training points (boundary):,3498, Number of training points (interior):,24998, VRAM allocated:,93068288, VRAM reserved:,29100081152
Epoch:,125600,Training Loss:,55497791.19857045, Learning rate:,0.0028507718749999993, Number of training points (boundary):,3498, Number of training points (interior):,24998, VRAM allocated:,93068288, VRAM reserved:,29100081152
Epoch:,125700,Training Loss:,1437127748387.0374, Learning rate:,0.0028507718749999993, Number of training points (boundary):,3498, Number of training points (interior):,24998, VRAM allocated:,93068288, VRAM reserved:,29100081152
Epoch:,125800,Training Loss:,1.7114634613362908e+18, Learning rate:,0.0028507718749999993, Number of training points (boundary):,3498, Number of training points (interior):,24998, VRAM allocated:,93068288, VRAM reserved:,29100081152
Epoch:,125900,Training Loss:,2473203907397.686, Learning rate:,0.0028507718749999993, Number of training points (boundary):,3498, Number of training points (interior):,24998, VRAM allocated:,93068288, VRAM reserved:,29100081152
Epoch:,126000,Training Loss:,228452064.39144674, Learning rate:,0.0028507718749999993, Number of training points (boundary):,3498, Number of training points (interior):,24998, VRAM allocated:,93068288, VRAM reserved:,29100081152
Epoch:,126100,Training Loss:,5562195603.409634, Learning rate:,0.0028507718749999993, Number of training points (boundary):,3498, Number of training points (interior):,24998, VRAM allocated:,93068288, VRAM reserved:,29100081152
Epoch:,126200,Training Loss:,4.278627216835807e+17, Learning rate:,0.0028507718749999993, Number of training points (boundary):,3498, Number of training points (interior):,24998, VRAM allocated:,93068288, VRAM reserved:,29100081152
Epoch:,126300,Training Loss:,1.8773150710036529e+18, Learning rate:,0.0028507718749999993, Number of training points (boundary):,3498, Number of training points (interior):,24998, VRAM allocated:,93068288, VRAM reserved:,29100081152
Epoch:,126400,Training Loss:,1.5277425180944468e+24, Learning rate:,0.0028507718749999993, Number of training points (boundary):,3498, Number of training points (interior):,24998, VRAM allocated:,93068288, VRAM reserved:,29100081152
Epoch:,126500,Training Loss:,9.50894535293622e+38, Learning rate:,0.0028507718749999993, Number of training points (boundary):,3498, Number of training points (interior):,24998, VRAM allocated:,93068288, VRAM reserved:,29100081152
Epoch:,126600,Training Loss:,78158990896.89946, Learning rate:,0.0028507718749999993, Number of training points (boundary):,3498, Number of training points (interior):,24998, VRAM allocated:,93068288, VRAM reserved:,29100081152
Epoch:,126700,Training Loss:,436900179738.38727, Learning rate:,0.0028507718749999993, Number of training points (boundary):,3498, Number of training points (interior):,24998, VRAM allocated:,93068288, VRAM reserved:,29100081152
Epoch:,126800,Training Loss:,5.505521115677002e+23, Learning rate:,0.0028507718749999993, Number of training points (boundary):,3498, Number of training points (interior):,24998, VRAM allocated:,93068288, VRAM reserved:,29100081152
Epoch:,126900,Training Loss:,11956837448670.2, Learning rate:,0.0028507718749999993, Number of training points (boundary):,3498, Number of training points (interior):,24998, VRAM allocated:,93068288, VRAM reserved:,29100081152
Epoch:,127000,Training Loss:,12045140668.976917, Learning rate:,0.0028507718749999993, Number of training points (boundary):,3498, Number of training points (interior):,24998, VRAM allocated:,93068288, VRAM reserved:,29100081152
Epoch:,127100,Training Loss:,79761.73287608768, Learning rate:,0.0028507718749999993, Number of training points (boundary):,3498, Number of training points (interior):,24998, VRAM allocated:,93068288, VRAM reserved:,29100081152
Epoch:,127200,Training Loss:,300992.4718955569, Learning rate:,0.0028507718749999993, Number of training points (boundary):,3498, Number of training points (interior):,24998, VRAM allocated:,93068288, VRAM reserved:,29100081152
Epoch:,127300,Training Loss:,262596576.0886588, Learning rate:,0.0028507718749999993, Number of training points (boundary):,3498, Number of training points (interior):,24998, VRAM allocated:,93068288, VRAM reserved:,29100081152
Epoch:,127400,Training Loss:,867889.3738576195, Learning rate:,0.0028507718749999993, Number of training points (boundary):,3498, Number of training points (interior):,24998, VRAM allocated:,93068288, VRAM reserved:,29100081152
Epoch:,127500,Training Loss:,2033371126068276.0, Learning rate:,0.0028507718749999993, Number of training points (boundary):,3498, Number of training points (interior):,24998, VRAM allocated:,93068288, VRAM reserved:,29100081152
Epoch:,127600,Training Loss:,763014302693.301, Learning rate:,0.0028507718749999993, Number of training points (boundary):,3498, Number of training points (interior):,24998, VRAM allocated:,93068288, VRAM reserved:,29100081152
Epoch:,127700,Training Loss:,22758794935372.984, Learning rate:,0.0028507718749999993, Number of training points (boundary):,3498, Number of training points (interior):,24998, VRAM allocated:,93068288, VRAM reserved:,29100081152
Epoch:,127800,Training Loss:,1017520702.5470842, Learning rate:,0.0028507718749999993, Number of training points (boundary):,3498, Number of training points (interior):,24998, VRAM allocated:,93068288, VRAM reserved:,29100081152
Epoch:,127900,Training Loss:,376115.37491156475, Learning rate:,0.0028507718749999993, Number of training points (boundary):,3498, Number of training points (interior):,24998, VRAM allocated:,93068288, VRAM reserved:,29100081152
Epoch:,128000,Training Loss:,79854570014.40623, Learning rate:,0.0028507718749999993, Number of training points (boundary):,3498, Number of training points (interior):,24998, VRAM allocated:,93068288, VRAM reserved:,29100081152
Epoch:,128100,Training Loss:,394098.6895181184, Learning rate:,0.0028507718749999993, Number of training points (boundary):,3498, Number of training points (interior):,24998, VRAM allocated:,93068288, VRAM reserved:,29100081152
Epoch:,128200,Training Loss:,2030662.635511361, Learning rate:,0.0028507718749999993, Number of training points (boundary):,3498, Number of training points (interior):,24998, VRAM allocated:,93068288, VRAM reserved:,29100081152
Epoch:,128300,Training Loss:,756969.6191698979, Learning rate:,0.0028507718749999993, Number of training points (boundary):,3498, Number of training points (interior):,24998, VRAM allocated:,93068288, VRAM reserved:,29100081152
Epoch:,128400,Training Loss:,148885711274.40408, Learning rate:,0.0028507718749999993, Number of training points (boundary):,3498, Number of training points (interior):,24998, VRAM allocated:,93068288, VRAM reserved:,29100081152
Epoch:,128500,Training Loss:,202108352699626.78, Learning rate:,0.0028507718749999993, Number of training points (boundary):,3498, Number of training points (interior):,24998, VRAM allocated:,93068288, VRAM reserved:,29100081152
Epoch:,128600,Training Loss:,22084877.72466033, Learning rate:,0.0028507718749999993, Number of training points (boundary):,3498, Number of training points (interior):,24998, VRAM allocated:,93068288, VRAM reserved:,29100081152
Epoch:,128700,Training Loss:,109686549.58950752, Learning rate:,0.0028507718749999993, Number of training points (boundary):,3498, Number of training points (interior):,24998, VRAM allocated:,93068288, VRAM reserved:,29100081152
Epoch:,128800,Training Loss:,2.6556189070716006e+17, Learning rate:,0.0028507718749999993, Number of training points (boundary):,3498, Number of training points (interior):,24998, VRAM allocated:,93068288, VRAM reserved:,29100081152
Epoch:,128900,Training Loss:,30472629917.287155, Learning rate:,0.0028507718749999993, Number of training points (boundary):,3498, Number of training points (interior):,24998, VRAM allocated:,93068288, VRAM reserved:,29100081152
Epoch:,129000,Training Loss:,4.5959597900894696e+16, Learning rate:,0.0028507718749999993, Number of training points (boundary):,3498, Number of training points (interior):,24998, VRAM allocated:,93068288, VRAM reserved:,29100081152
Epoch:,129100,Training Loss:,2.8062174721895316e+16, Learning rate:,0.0028507718749999993, Number of training points (boundary):,3498, Number of training points (interior):,24998, VRAM allocated:,93068288, VRAM reserved:,29100081152
Epoch:,129200,Training Loss:,57467822079.481636, Learning rate:,0.0028507718749999993, Number of training points (boundary):,3498, Number of training points (interior):,24998, VRAM allocated:,93068288, VRAM reserved:,29100081152
Epoch:,129300,Training Loss:,1.7315057019521804e+16, Learning rate:,0.0028507718749999993, Number of training points (boundary):,3498, Number of training points (interior):,24998, VRAM allocated:,93068288, VRAM reserved:,29100081152
Epoch:,129400,Training Loss:,1.2910020107277942e+34, Learning rate:,0.0028507718749999993, Number of training points (boundary):,3498, Number of training points (interior):,24998, VRAM allocated:,93068288, VRAM reserved:,29100081152
Epoch:,129500,Training Loss:,1239835116459.4395, Learning rate:,0.0028507718749999993, Number of training points (boundary):,3498, Number of training points (interior):,24998, VRAM allocated:,93068288, VRAM reserved:,29100081152
Epoch:,129600,Training Loss:,240262725010533.84, Learning rate:,0.0028507718749999993, Number of training points (boundary):,3498, Number of training points (interior):,24998, VRAM allocated:,93068288, VRAM reserved:,29100081152
Epoch:,129700,Training Loss:,955979573.1447715, Learning rate:,0.0028507718749999993, Number of training points (boundary):,3498, Number of training points (interior):,24998, VRAM allocated:,93068288, VRAM reserved:,29100081152
Epoch:,129800,Training Loss:,126140260275.90533, Learning rate:,0.0028507718749999993, Number of training points (boundary):,3498, Number of training points (interior):,24998, VRAM allocated:,93068288, VRAM reserved:,29100081152
Epoch:,129900,Training Loss:,475948427.07334524, Learning rate:,0.0028507718749999993, Number of training points (boundary):,3498, Number of training points (interior):,24998, VRAM allocated:,93068288, VRAM reserved:,29100081152
Epoch:,130000,Training Loss:,102363530862.95024, Learning rate:,0.0028507718749999993, Number of training points (boundary):,3498, Number of training points (interior):,24998, VRAM allocated:,93068288, VRAM reserved:,29100081152
Epoch:,130100,Training Loss:,6067886761.737069, Learning rate:,0.0028507718749999993, Number of training points (boundary):,3498, Number of training points (interior):,24998, VRAM allocated:,93068288, VRAM reserved:,29100081152
Epoch:,130200,Training Loss:,214339332.4587421, Learning rate:,0.0028507718749999993, Number of training points (boundary):,3498, Number of training points (interior):,24998, VRAM allocated:,93068288, VRAM reserved:,29100081152
Epoch:,130300,Training Loss:,5.728627240222979e+16, Learning rate:,0.0028507718749999993, Number of training points (boundary):,3498, Number of training points (interior):,24998, VRAM allocated:,93068288, VRAM reserved:,29100081152
Epoch:,130400,Training Loss:,228023637866.73193, Learning rate:,0.0028507718749999993, Number of training points (boundary):,3498, Number of training points (interior):,24998, VRAM allocated:,93068288, VRAM reserved:,29100081152
Epoch:,130500,Training Loss:,2999267314631.006, Learning rate:,0.0028507718749999993, Number of training points (boundary):,3498, Number of training points (interior):,24998, VRAM allocated:,93068288, VRAM reserved:,29100081152
Epoch:,130600,Training Loss:,1920101.9111209472, Learning rate:,0.0028507718749999993, Number of training points (boundary):,3498, Number of training points (interior):,24998, VRAM allocated:,93068288, VRAM reserved:,29100081152
Epoch:,130700,Training Loss:,4950860.360035937, Learning rate:,0.0028507718749999993, Number of training points (boundary):,3498, Number of training points (interior):,24998, VRAM allocated:,93068288, VRAM reserved:,29100081152
Epoch:,130800,Training Loss:,20749834.928683933, Learning rate:,0.0028507718749999993, Number of training points (boundary):,3498, Number of training points (interior):,24998, VRAM allocated:,93068288, VRAM reserved:,29100081152
Epoch:,130900,Training Loss:,40663787.40623514, Learning rate:,0.0028507718749999993, Number of training points (boundary):,3498, Number of training points (interior):,24998, VRAM allocated:,93068288, VRAM reserved:,29100081152
Epoch:,131000,Training Loss:,5154393.470807933, Learning rate:,0.0028507718749999993, Number of training points (boundary):,3498, Number of training points (interior):,24998, VRAM allocated:,93068288, VRAM reserved:,29100081152
Epoch:,131100,Training Loss:,88075567.68329148, Learning rate:,0.0028507718749999993, Number of training points (boundary):,3498, Number of training points (interior):,24998, VRAM allocated:,93068288, VRAM reserved:,29100081152
Epoch:,131200,Training Loss:,259357862020026.8, Learning rate:,0.0028507718749999993, Number of training points (boundary):,3498, Number of training points (interior):,24998, VRAM allocated:,93068288, VRAM reserved:,29100081152
Epoch:,131300,Training Loss:,4640902416903.357, Learning rate:,0.0028507718749999993, Number of training points (boundary):,3498, Number of training points (interior):,24998, VRAM allocated:,93068288, VRAM reserved:,29100081152
Epoch:,131400,Training Loss:,1688659779.6757762, Learning rate:,0.0028507718749999993, Number of training points (boundary):,3498, Number of training points (interior):,24998, VRAM allocated:,93068288, VRAM reserved:,29100081152
Epoch:,131500,Training Loss:,242654013406160.8, Learning rate:,0.0028507718749999993, Number of training points (boundary):,3498, Number of training points (interior):,24998, VRAM allocated:,93068288, VRAM reserved:,29100081152
Epoch:,131600,Training Loss:,7367459530357.867, Learning rate:,0.0028507718749999993, Number of training points (boundary):,3498, Number of training points (interior):,24998, VRAM allocated:,93068288, VRAM reserved:,29100081152
Epoch:,131700,Training Loss:,1851502824842.2046, Learning rate:,0.0028507718749999993, Number of training points (boundary):,3498, Number of training points (interior):,24998, VRAM allocated:,93068288, VRAM reserved:,29100081152
Epoch:,131800,Training Loss:,5.039341314251556e+21, Learning rate:,0.0028507718749999993, Number of training points (boundary):,3498, Number of training points (interior):,24998, VRAM allocated:,93068288, VRAM reserved:,29100081152
Epoch:,131900,Training Loss:,200723120097445.53, Learning rate:,0.0028507718749999993, Number of training points (boundary):,3498, Number of training points (interior):,24998, VRAM allocated:,93068288, VRAM reserved:,29100081152
Epoch:,132000,Training Loss:,2.0030450757707581e+18, Learning rate:,0.0028507718749999993, Number of training points (boundary):,3498, Number of training points (interior):,24998, VRAM allocated:,93068288, VRAM reserved:,29100081152
Epoch:,132100,Training Loss:,48092809242491.81, Learning rate:,0.0028507718749999993, Number of training points (boundary):,3498, Number of training points (interior):,24998, VRAM allocated:,93068288, VRAM reserved:,29100081152
Epoch:,132200,Training Loss:,547745078063.68225, Learning rate:,0.0028507718749999993, Number of training points (boundary):,3498, Number of training points (interior):,24998, VRAM allocated:,93068288, VRAM reserved:,29100081152
Epoch:,132300,Training Loss:,1.2687220787407915e+22, Learning rate:,0.0028507718749999993, Number of training points (boundary):,3498, Number of training points (interior):,24998, VRAM allocated:,93068288, VRAM reserved:,29100081152
Epoch:,132400,Training Loss:,1585239.5057046895, Learning rate:,0.0028507718749999993, Number of training points (boundary):,3498, Number of training points (interior):,24998, VRAM allocated:,93068288, VRAM reserved:,29100081152
Epoch:,132500,Training Loss:,92035370.16887999, Learning rate:,0.0028507718749999993, Number of training points (boundary):,3498, Number of training points (interior):,24998, VRAM allocated:,93068288, VRAM reserved:,29100081152
Epoch:,132600,Training Loss:,1045956130.9912361, Learning rate:,0.0028507718749999993, Number of training points (boundary):,3498, Number of training points (interior):,24998, VRAM allocated:,93068288, VRAM reserved:,29100081152
Epoch:,132700,Training Loss:,1.6784141282447624e+18, Learning rate:,0.0028507718749999993, Number of training points (boundary):,3498, Number of training points (interior):,24998, VRAM allocated:,93068288, VRAM reserved:,29100081152
Epoch:,132800,Training Loss:,6330456.196386391, Learning rate:,0.0028507718749999993, Number of training points (boundary):,3498, Number of training points (interior):,24998, VRAM allocated:,93068288, VRAM reserved:,29100081152
Epoch:,132900,Training Loss:,24496606.88423435, Learning rate:,0.0028507718749999993, Number of training points (boundary):,3498, Number of training points (interior):,24998, VRAM allocated:,93068288, VRAM reserved:,29100081152
Epoch:,133000,Training Loss:,194133199.89067987, Learning rate:,0.0028507718749999993, Number of training points (boundary):,3498, Number of training points (interior):,24998, VRAM allocated:,93068288, VRAM reserved:,29100081152
Epoch:,133100,Training Loss:,295480116696.66223, Learning rate:,0.0028507718749999993, Number of training points (boundary):,3498, Number of training points (interior):,24998, VRAM allocated:,93068288, VRAM reserved:,29100081152
Epoch:,133200,Training Loss:,9699089582449.238, Learning rate:,0.0028507718749999993, Number of training points (boundary):,3498, Number of training points (interior):,24998, VRAM allocated:,93068288, VRAM reserved:,29100081152
Epoch:,133300,Training Loss:,2247266650130.319, Learning rate:,0.0028507718749999993, Number of training points (boundary):,3498, Number of training points (interior):,24998, VRAM allocated:,93068288, VRAM reserved:,29100081152
Epoch:,133400,Training Loss:,84631377246.83522, Learning rate:,0.0028507718749999993, Number of training points (boundary):,3498, Number of training points (interior):,24998, VRAM allocated:,93068288, VRAM reserved:,29100081152
Epoch:,133500,Training Loss:,2028698857703.5962, Learning rate:,0.0028507718749999993, Number of training points (boundary):,3498, Number of training points (interior):,24998, VRAM allocated:,93068288, VRAM reserved:,29100081152
Epoch:,133600,Training Loss:,1.7338294430747688e+21, Learning rate:,0.0028507718749999993, Number of training points (boundary):,3498, Number of training points (interior):,24998, VRAM allocated:,93068288, VRAM reserved:,29100081152
Epoch:,133700,Training Loss:,505024246196.2375, Learning rate:,0.0028507718749999993, Number of training points (boundary):,3498, Number of training points (interior):,24998, VRAM allocated:,93068288, VRAM reserved:,29100081152
Epoch:,133800,Training Loss:,4.202030203529004e+19, Learning rate:,0.0028507718749999993, Number of training points (boundary):,3498, Number of training points (interior):,24998, VRAM allocated:,93068288, VRAM reserved:,29100081152
Epoch:,133900,Training Loss:,199004143.424373, Learning rate:,0.0028507718749999993, Number of training points (boundary):,3498, Number of training points (interior):,24998, VRAM allocated:,93068288, VRAM reserved:,29100081152
Epoch:,134000,Training Loss:,4041531287119.5356, Learning rate:,0.0028507718749999993, Number of training points (boundary):,3498, Number of training points (interior):,24998, VRAM allocated:,93068288, VRAM reserved:,29100081152
Epoch:,134100,Training Loss:,4127449280.0117636, Learning rate:,0.0028507718749999993, Number of training points (boundary):,3498, Number of training points (interior):,24998, VRAM allocated:,93068288, VRAM reserved:,29100081152
Epoch:,134200,Training Loss:,70061310344274.42, Learning rate:,0.0028507718749999993, Number of training points (boundary):,3498, Number of training points (interior):,24998, VRAM allocated:,93068288, VRAM reserved:,29100081152
Epoch:,134300,Training Loss:,3.12858390871854e+22, Learning rate:,0.0028507718749999993, Number of training points (boundary):,3498, Number of training points (interior):,24998, VRAM allocated:,93068288, VRAM reserved:,29100081152
Epoch:,134400,Training Loss:,3639947841756.6577, Learning rate:,0.0028507718749999993, Number of training points (boundary):,3498, Number of training points (interior):,24998, VRAM allocated:,93068288, VRAM reserved:,29100081152
Epoch:,134500,Training Loss:,6812907767837.171, Learning rate:,0.0028507718749999993, Number of training points (boundary):,3498, Number of training points (interior):,24998, VRAM allocated:,93068288, VRAM reserved:,29100081152
Epoch:,134600,Training Loss:,3.459536519523077e+18, Learning rate:,0.0028507718749999993, Number of training points (boundary):,3498, Number of training points (interior):,24998, VRAM allocated:,93068288, VRAM reserved:,29100081152
Epoch:,134700,Training Loss:,2.8811628659615125e+20, Learning rate:,0.0028507718749999993, Number of training points (boundary):,3498, Number of training points (interior):,24998, VRAM allocated:,93068288, VRAM reserved:,29100081152
Epoch:,134800,Training Loss:,2.1285673102606656e+17, Learning rate:,0.0028507718749999993, Number of training points (boundary):,3498, Number of training points (interior):,24998, VRAM allocated:,93068288, VRAM reserved:,29100081152
Epoch:,134900,Training Loss:,6105325819044.895, Learning rate:,0.0028507718749999993, Number of training points (boundary):,3498, Number of training points (interior):,24998, VRAM allocated:,93068288, VRAM reserved:,29100081152
Epoch:,135000,Training Loss:,216406603751656.2, Learning rate:,0.0028507718749999993, Number of training points (boundary):,3498, Number of training points (interior):,24998, VRAM allocated:,93068288, VRAM reserved:,29100081152
Epoch:,135100,Training Loss:,397275698308392.5, Learning rate:,0.0028507718749999993, Number of training points (boundary):,3498, Number of training points (interior):,24998, VRAM allocated:,93068288, VRAM reserved:,29100081152
Epoch:,135200,Training Loss:,8.310707411092415e+18, Learning rate:,0.0028507718749999993, Number of training points (boundary):,3498, Number of training points (interior):,24998, VRAM allocated:,93068288, VRAM reserved:,29100081152
Epoch:,135300,Training Loss:,84196195214.65599, Learning rate:,0.0028507718749999993, Number of training points (boundary):,3498, Number of training points (interior):,24998, VRAM allocated:,93068288, VRAM reserved:,29100081152
Epoch:,135400,Training Loss:,2873685672441.5337, Learning rate:,0.0028507718749999993, Number of training points (boundary):,3498, Number of training points (interior):,24998, VRAM allocated:,93068288, VRAM reserved:,29100081152
Epoch:,135500,Training Loss:,5.867571956045067e+18, Learning rate:,0.0028507718749999993, Number of training points (boundary):,3498, Number of training points (interior):,24998, VRAM allocated:,93068288, VRAM reserved:,29100081152
Epoch:,135600,Training Loss:,161681855216.1944, Learning rate:,0.0028507718749999993, Number of training points (boundary):,3498, Number of training points (interior):,24998, VRAM allocated:,93068288, VRAM reserved:,29100081152
Epoch:,135700,Training Loss:,18447205712.2951, Learning rate:,0.0028507718749999993, Number of training points (boundary):,3498, Number of training points (interior):,24998, VRAM allocated:,93068288, VRAM reserved:,29100081152
Epoch:,135800,Training Loss:,2.171077187837499e+19, Learning rate:,0.0028507718749999993, Number of training points (boundary):,3498, Number of training points (interior):,24998, VRAM allocated:,93068288, VRAM reserved:,29100081152
Epoch:,135900,Training Loss:,5.459957219902808e+21, Learning rate:,0.0028507718749999993, Number of training points (boundary):,3498, Number of training points (interior):,24998, VRAM allocated:,93068288, VRAM reserved:,29100081152
Epoch:,136000,Training Loss:,825247406656555.9, Learning rate:,0.0028507718749999993, Number of training points (boundary):,3498, Number of training points (interior):,24998, VRAM allocated:,93068288, VRAM reserved:,29100081152
Epoch:,136100,Training Loss:,951639166.0638714, Learning rate:,0.0028507718749999993, Number of training points (boundary):,3498, Number of training points (interior):,24998, VRAM allocated:,93068288, VRAM reserved:,29100081152
Epoch:,136200,Training Loss:,6666880.198201354, Learning rate:,0.0028507718749999993, Number of training points (boundary):,3498, Number of training points (interior):,24998, VRAM allocated:,93068288, VRAM reserved:,29100081152
Epoch:,136300,Training Loss:,568336048925184.6, Learning rate:,0.0028507718749999993, Number of training points (boundary):,3498, Number of training points (interior):,24998, VRAM allocated:,93068288, VRAM reserved:,29100081152
Epoch:,136400,Training Loss:,3.231231019279304e+17, Learning rate:,0.0028507718749999993, Number of training points (boundary):,3498, Number of training points (interior):,24998, VRAM allocated:,93068288, VRAM reserved:,29100081152
Epoch:,136500,Training Loss:,8.022521750414876e+17, Learning rate:,0.0028507718749999993, Number of training points (boundary):,3498, Number of training points (interior):,24998, VRAM allocated:,93068288, VRAM reserved:,29100081152
Epoch:,136600,Training Loss:,3822233210.3537865, Learning rate:,0.0028507718749999993, Number of training points (boundary):,3498, Number of training points (interior):,24998, VRAM allocated:,93068288, VRAM reserved:,29100081152
Epoch:,136700,Training Loss:,2.0089559373181684e+16, Learning rate:,0.0028507718749999993, Number of training points (boundary):,3498, Number of training points (interior):,24998, VRAM allocated:,93068288, VRAM reserved:,29100081152
Epoch:,136800,Training Loss:,1.8820975429968852e+30, Learning rate:,0.0028507718749999993, Number of training points (boundary):,3498, Number of training points (interior):,24998, VRAM allocated:,93068288, VRAM reserved:,29100081152
Epoch:,136900,Training Loss:,1.2764073983685632e+25, Learning rate:,0.0028507718749999993, Number of training points (boundary):,3498, Number of training points (interior):,24998, VRAM allocated:,93068288, VRAM reserved:,29100081152
Epoch:,137000,Training Loss:,7466407867893652.0, Learning rate:,0.0028507718749999993, Number of training points (boundary):,3498, Number of training points (interior):,24998, VRAM allocated:,93068288, VRAM reserved:,29100081152
Epoch:,137100,Training Loss:,4.1747313486395656e+16, Learning rate:,0.0028507718749999993, Number of training points (boundary):,3498, Number of training points (interior):,24998, VRAM allocated:,93068288, VRAM reserved:,29100081152
Epoch:,137200,Training Loss:,1761039760371863.0, Learning rate:,0.0028507718749999993, Number of training points (boundary):,3498, Number of training points (interior):,24998, VRAM allocated:,93068288, VRAM reserved:,29100081152
Epoch:,137300,Training Loss:,1.4271244322599614e+19, Learning rate:,0.0028507718749999993, Number of training points (boundary):,3498, Number of training points (interior):,24998, VRAM allocated:,93068288, VRAM reserved:,29100081152
Epoch:,137400,Training Loss:,937131083162424.5, Learning rate:,0.0028507718749999993, Number of training points (boundary):,3498, Number of training points (interior):,24998, VRAM allocated:,93068288, VRAM reserved:,29100081152
Epoch:,137500,Training Loss:,2.5853356083999506e+23, Learning rate:,0.0028507718749999993, Number of training points (boundary):,3498, Number of training points (interior):,24998, VRAM allocated:,93068288, VRAM reserved:,29100081152
Epoch:,137600,Training Loss:,797747477842.3602, Learning rate:,0.0028507718749999993, Number of training points (boundary):,3498, Number of training points (interior):,24998, VRAM allocated:,93068288, VRAM reserved:,29100081152
Epoch:,137700,Training Loss:,3720010778295.2993, Learning rate:,0.0028507718749999993, Number of training points (boundary):,3498, Number of training points (interior):,24998, VRAM allocated:,93068288, VRAM reserved:,29100081152
Epoch:,137800,Training Loss:,9382032166032.252, Learning rate:,0.0028507718749999993, Number of training points (boundary):,3498, Number of training points (interior):,24998, VRAM allocated:,93068288, VRAM reserved:,29100081152
Epoch:,137900,Training Loss:,1.174141107965974e+20, Learning rate:,0.0028507718749999993, Number of training points (boundary):,3498, Number of training points (interior):,24998, VRAM allocated:,93068288, VRAM reserved:,29100081152
Epoch:,138000,Training Loss:,58565267740273.37, Learning rate:,0.0028507718749999993, Number of training points (boundary):,3498, Number of training points (interior):,24998, VRAM allocated:,93068288, VRAM reserved:,29100081152
Epoch:,138100,Training Loss:,55134893181367.56, Learning rate:,0.0028507718749999993, Number of training points (boundary):,3498, Number of training points (interior):,24998, VRAM allocated:,93068288, VRAM reserved:,29100081152
Epoch:,138200,Training Loss:,233535981897278.66, Learning rate:,0.0028507718749999993, Number of training points (boundary):,3498, Number of training points (interior):,24998, VRAM allocated:,93068288, VRAM reserved:,29100081152
Epoch:,138300,Training Loss:,432165408216292.75, Learning rate:,0.0028507718749999993, Number of training points (boundary):,3498, Number of training points (interior):,24998, VRAM allocated:,93068288, VRAM reserved:,29100081152
Epoch:,138400,Training Loss:,447296919085908.2, Learning rate:,0.0028507718749999993, Number of training points (boundary):,3498, Number of training points (interior):,24998, VRAM allocated:,93068288, VRAM reserved:,29100081152
Epoch:,138500,Training Loss:,405944991121519.94, Learning rate:,0.0028507718749999993, Number of training points (boundary):,3498, Number of training points (interior):,24998, VRAM allocated:,93068288, VRAM reserved:,29100081152
Epoch:,138600,Training Loss:,333353846213051.4, Learning rate:,0.0028507718749999993, Number of training points (boundary):,3498, Number of training points (interior):,24998, VRAM allocated:,93068288, VRAM reserved:,29100081152
Epoch:,138700,Training Loss:,228871040793464.25, Learning rate:,0.0028507718749999993, Number of training points (boundary):,3498, Number of training points (interior):,24998, VRAM allocated:,93068288, VRAM reserved:,29100081152
Epoch:,138800,Training Loss:,140365897773684.53, Learning rate:,0.0028507718749999993, Number of training points (boundary):,3498, Number of training points (interior):,24998, VRAM allocated:,93068288, VRAM reserved:,29100081152
Epoch:,138900,Training Loss:,80327579889666.17, Learning rate:,0.0028507718749999993, Number of training points (boundary):,3498, Number of training points (interior):,24998, VRAM allocated:,93068288, VRAM reserved:,29100081152
Epoch:,139000,Training Loss:,2.381632747230457e+17, Learning rate:,0.0028507718749999993, Number of training points (boundary):,3498, Number of training points (interior):,24998, VRAM allocated:,93068288, VRAM reserved:,29100081152
Epoch:,139100,Training Loss:,35342226779992.07, Learning rate:,0.0028507718749999993, Number of training points (boundary):,3498, Number of training points (interior):,24998, VRAM allocated:,93068288, VRAM reserved:,29100081152
Epoch:,139200,Training Loss:,1.2874071234997886e+16, Learning rate:,0.0028507718749999993, Number of training points (boundary):,3498, Number of training points (interior):,24998, VRAM allocated:,93068288, VRAM reserved:,29100081152
Epoch:,139300,Training Loss:,75796032945944.86, Learning rate:,0.0028507718749999993, Number of training points (boundary):,3498, Number of training points (interior):,24998, VRAM allocated:,93068288, VRAM reserved:,29100081152
Epoch:,139400,Training Loss:,5.924386009118404e+17, Learning rate:,0.0028507718749999993, Number of training points (boundary):,3498, Number of training points (interior):,24998, VRAM allocated:,93068288, VRAM reserved:,29100081152
Epoch:,139500,Training Loss:,2.349114962510123e+31, Learning rate:,0.0028507718749999993, Number of training points (boundary):,3498, Number of training points (interior):,24998, VRAM allocated:,93068288, VRAM reserved:,29100081152
Epoch:,139600,Training Loss:,52977150284974.49, Learning rate:,0.0028507718749999993, Number of training points (boundary):,3498, Number of training points (interior):,24998, VRAM allocated:,93068288, VRAM reserved:,29100081152
Epoch:,139700,Training Loss:,65824701587589.68, Learning rate:,0.0028507718749999993, Number of training points (boundary):,3498, Number of training points (interior):,24998, VRAM allocated:,93068288, VRAM reserved:,29100081152
Epoch:,139800,Training Loss:,62624101535983.32, Learning rate:,0.0028507718749999993, Number of training points (boundary):,3498, Number of training points (interior):,24998, VRAM allocated:,93068288, VRAM reserved:,29100081152
Epoch:,139900,Training Loss:,9.409342188806035e+18, Learning rate:,0.0028507718749999993, Number of training points (boundary):,3498, Number of training points (interior):,24998, VRAM allocated:,93068288, VRAM reserved:,29100081152
Epoch:,140000,Training Loss:,5.063091996435398e+19, Learning rate:,0.0028507718749999993, Number of training points (boundary):,3498, Number of training points (interior):,24998, VRAM allocated:,93068288, VRAM reserved:,29100081152
Epoch:,140100,Training Loss:,5736182377217712.0, Learning rate:,0.0028507718749999993, Number of training points (boundary):,3498, Number of training points (interior):,24998, VRAM allocated:,93068288, VRAM reserved:,29100081152
Epoch:,140200,Training Loss:,1794034144789712.0, Learning rate:,0.0028507718749999993, Number of training points (boundary):,3498, Number of training points (interior):,24998, VRAM allocated:,93068288, VRAM reserved:,29100081152
Epoch:,140300,Training Loss:,8.019262430661952e+16, Learning rate:,0.0028507718749999993, Number of training points (boundary):,3498, Number of training points (interior):,24998, VRAM allocated:,93068288, VRAM reserved:,29100081152
Epoch:,140400,Training Loss:,31347070069065.105, Learning rate:,0.0028507718749999993, Number of training points (boundary):,3498, Number of training points (interior):,24998, VRAM allocated:,93068288, VRAM reserved:,29100081152
Epoch:,140500,Training Loss:,24316719251783.082, Learning rate:,0.0028507718749999993, Number of training points (boundary):,3498, Number of training points (interior):,24998, VRAM allocated:,93068288, VRAM reserved:,29100081152
Epoch:,140600,Training Loss:,21076113588605.773, Learning rate:,0.0028507718749999993, Number of training points (boundary):,3498, Number of training points (interior):,24998, VRAM allocated:,93068288, VRAM reserved:,29100081152
Epoch:,140700,Training Loss:,32112541580238.4, Learning rate:,0.0028507718749999993, Number of training points (boundary):,3498, Number of training points (interior):,24998, VRAM allocated:,93068288, VRAM reserved:,29100081152
Epoch:,140800,Training Loss:,5997379968185385.0, Learning rate:,0.0028507718749999993, Number of training points (boundary):,3498, Number of training points (interior):,24998, VRAM allocated:,93068288, VRAM reserved:,29100081152
Epoch:,140900,Training Loss:,1.5430370297682098e+16, Learning rate:,0.0028507718749999993, Number of training points (boundary):,3498, Number of training points (interior):,24998, VRAM allocated:,93068288, VRAM reserved:,29100081152
Epoch:,141000,Training Loss:,1.0640840176373158e+16, Learning rate:,0.0028507718749999993, Number of training points (boundary):,3498, Number of training points (interior):,24998, VRAM allocated:,93068288, VRAM reserved:,29100081152
Epoch:,141100,Training Loss:,2.3145982803087904e+17, Learning rate:,0.0028507718749999993, Number of training points (boundary):,3498, Number of training points (interior):,24998, VRAM allocated:,93068288, VRAM reserved:,29100081152
Epoch:,141200,Training Loss:,248127321867246.6, Learning rate:,0.0028507718749999993, Number of training points (boundary):,3498, Number of training points (interior):,24998, VRAM allocated:,93068288, VRAM reserved:,29100081152
Epoch:,141300,Training Loss:,5.945097397363053e+16, Learning rate:,0.0028507718749999993, Number of training points (boundary):,3498, Number of training points (interior):,24998, VRAM allocated:,93068288, VRAM reserved:,29100081152
Epoch:,141400,Training Loss:,1.276859814557419e+18, Learning rate:,0.0028507718749999993, Number of training points (boundary):,3498, Number of training points (interior):,24998, VRAM allocated:,93068288, VRAM reserved:,29100081152
Epoch:,141500,Training Loss:,7.881730735472011e+21, Learning rate:,0.0028507718749999993, Number of training points (boundary):,3498, Number of training points (interior):,24998, VRAM allocated:,93068288, VRAM reserved:,29100081152
Epoch:,141600,Training Loss:,3.599400542185274e+20, Learning rate:,0.0028507718749999993, Number of training points (boundary):,3498, Number of training points (interior):,24998, VRAM allocated:,93068288, VRAM reserved:,29100081152
Epoch:,141700,Training Loss:,3.5443662614372184e+19, Learning rate:,0.0028507718749999993, Number of training points (boundary):,3498, Number of training points (interior):,24998, VRAM allocated:,93068288, VRAM reserved:,29100081152
Epoch:,141800,Training Loss:,19896646905679.734, Learning rate:,0.0028507718749999993, Number of training points (boundary):,3498, Number of training points (interior):,24998, VRAM allocated:,93068288, VRAM reserved:,29100081152
Epoch:,141900,Training Loss:,14300465572270.055, Learning rate:,0.0028507718749999993, Number of training points (boundary):,3498, Number of training points (interior):,24998, VRAM allocated:,93068288, VRAM reserved:,29100081152
Epoch:,142000,Training Loss:,7447561217417.065, Learning rate:,0.0028507718749999993, Number of training points (boundary):,3498, Number of training points (interior):,24998, VRAM allocated:,93068288, VRAM reserved:,29100081152
Epoch:,142100,Training Loss:,393934633675572.6, Learning rate:,0.0028507718749999993, Number of training points (boundary):,3498, Number of training points (interior):,24998, VRAM allocated:,93068288, VRAM reserved:,29100081152
Epoch:,142200,Training Loss:,7382833727854.602, Learning rate:,0.0028507718749999993, Number of training points (boundary):,3498, Number of training points (interior):,24998, VRAM allocated:,93068288, VRAM reserved:,29100081152
Epoch:,142300,Training Loss:,8025506052795.719, Learning rate:,0.0028507718749999993, Number of training points (boundary):,3498, Number of training points (interior):,24998, VRAM allocated:,93068288, VRAM reserved:,29100081152
Epoch:,142400,Training Loss:,7651828783808.997, Learning rate:,0.0028507718749999993, Number of training points (boundary):,3498, Number of training points (interior):,24998, VRAM allocated:,93068288, VRAM reserved:,29100081152
Epoch:,142500,Training Loss:,394861762476374.44, Learning rate:,0.0028507718749999993, Number of training points (boundary):,3498, Number of training points (interior):,24998, VRAM allocated:,93068288, VRAM reserved:,29100081152
Epoch:,142600,Training Loss:,10129313815487.95, Learning rate:,0.0028507718749999993, Number of training points (boundary):,3498, Number of training points (interior):,24998, VRAM allocated:,93068288, VRAM reserved:,29100081152
Epoch:,142700,Training Loss:,8229869366550.322, Learning rate:,0.0028507718749999993, Number of training points (boundary):,3498, Number of training points (interior):,24998, VRAM allocated:,93068288, VRAM reserved:,29100081152
Epoch:,142800,Training Loss:,2931036730473190.5, Learning rate:,0.0028507718749999993, Number of training points (boundary):,3498, Number of training points (interior):,24998, VRAM allocated:,93068288, VRAM reserved:,29100081152
Epoch:,142900,Training Loss:,8692165012691.557, Learning rate:,0.0028507718749999993, Number of training points (boundary):,3498, Number of training points (interior):,24998, VRAM allocated:,93068288, VRAM reserved:,29100081152
Epoch:,143000,Training Loss:,520128184269527.06, Learning rate:,0.0028507718749999993, Number of training points (boundary):,3498, Number of training points (interior):,24998, VRAM allocated:,93068288, VRAM reserved:,29100081152
Epoch:,143100,Training Loss:,9421415419488.002, Learning rate:,0.0028507718749999993, Number of training points (boundary):,3498, Number of training points (interior):,24998, VRAM allocated:,93068288, VRAM reserved:,29100081152
Epoch:,143200,Training Loss:,9489847822864.984, Learning rate:,0.0028507718749999993, Number of training points (boundary):,3498, Number of training points (interior):,24998, VRAM allocated:,93068288, VRAM reserved:,29100081152
Epoch:,143300,Training Loss:,9746000514047.275, Learning rate:,0.0028507718749999993, Number of training points (boundary):,3498, Number of training points (interior):,24998, VRAM allocated:,93068288, VRAM reserved:,29100081152
Epoch:,143400,Training Loss:,13163501184357.924, Learning rate:,0.0028507718749999993, Number of training points (boundary):,3498, Number of training points (interior):,24998, VRAM allocated:,93068288, VRAM reserved:,29100081152
Epoch:,143500,Training Loss:,4.038419179505178e+16, Learning rate:,0.0028507718749999993, Number of training points (boundary):,3498, Number of training points (interior):,24998, VRAM allocated:,93068288, VRAM reserved:,29100081152
Epoch:,143600,Training Loss:,5.815975869764368e+35, Learning rate:,0.0028507718749999993, Number of training points (boundary):,3498, Number of training points (interior):,24998, VRAM allocated:,93068288, VRAM reserved:,29100081152
Epoch:,143700,Training Loss:,3.986958003828469e+16, Learning rate:,0.0028507718749999993, Number of training points (boundary):,3498, Number of training points (interior):,24998, VRAM allocated:,93068288, VRAM reserved:,29100081152
Epoch:,143800,Training Loss:,97426653236811.23, Learning rate:,0.0028507718749999993, Number of training points (boundary):,3498, Number of training points (interior):,24998, VRAM allocated:,93068288, VRAM reserved:,29100081152
Epoch:,143900,Training Loss:,3736322650299.067, Learning rate:,0.0028507718749999993, Number of training points (boundary):,3498, Number of training points (interior):,24998, VRAM allocated:,93068288, VRAM reserved:,29100081152
Epoch:,144000,Training Loss:,3783914869549.714, Learning rate:,0.0028507718749999993, Number of training points (boundary):,3498, Number of training points (interior):,24998, VRAM allocated:,93068288, VRAM reserved:,29100081152
Epoch:,144100,Training Loss:,3840952470574.72, Learning rate:,0.0028507718749999993, Number of training points (boundary):,3498, Number of training points (interior):,24998, VRAM allocated:,93068288, VRAM reserved:,29100081152
Epoch:,144200,Training Loss:,3902750902046.336, Learning rate:,0.0028507718749999993, Number of training points (boundary):,3498, Number of training points (interior):,24998, VRAM allocated:,93068288, VRAM reserved:,29100081152
Epoch:,144300,Training Loss:,4116931802058.7153, Learning rate:,0.0028507718749999993, Number of training points (boundary):,3498, Number of training points (interior):,24998, VRAM allocated:,93068288, VRAM reserved:,29100081152
Epoch:,144400,Training Loss:,8256439133906.205, Learning rate:,0.0028507718749999993, Number of training points (boundary):,3498, Number of training points (interior):,24998, VRAM allocated:,93068288, VRAM reserved:,29100081152
Epoch:,144500,Training Loss:,638673829595831.4, Learning rate:,0.0028507718749999993, Number of training points (boundary):,3498, Number of training points (interior):,24998, VRAM allocated:,93068288, VRAM reserved:,29100081152
Epoch:,144600,Training Loss:,1.4530183274347024e+19, Learning rate:,0.0028507718749999993, Number of training points (boundary):,3498, Number of training points (interior):,24998, VRAM allocated:,93068288, VRAM reserved:,29100081152
Epoch:,144700,Training Loss:,1.2657380821856416e+30, Learning rate:,0.0028507718749999993, Number of training points (boundary):,3498, Number of training points (interior):,24998, VRAM allocated:,93068288, VRAM reserved:,29100081152
Epoch:,144800,Training Loss:,5823226833514.475, Learning rate:,0.0028507718749999993, Number of training points (boundary):,3498, Number of training points (interior):,24998, VRAM allocated:,93068288, VRAM reserved:,29100081152
Epoch:,144900,Training Loss:,6261126679919.424, Learning rate:,0.0028507718749999993, Number of training points (boundary):,3498, Number of training points (interior):,24998, VRAM allocated:,93068288, VRAM reserved:,29100081152
Epoch:,145000,Training Loss:,9348035952706.846, Learning rate:,0.0028507718749999993, Number of training points (boundary):,3498, Number of training points (interior):,24998, VRAM allocated:,93068288, VRAM reserved:,29100081152
Epoch:,145100,Training Loss:,9.76846417350009e+23, Learning rate:,0.0028507718749999993, Number of training points (boundary):,3498, Number of training points (interior):,24998, VRAM allocated:,93068288, VRAM reserved:,29100081152
Epoch:,145200,Training Loss:,15618744481102.83, Learning rate:,0.0028507718749999993, Number of training points (boundary):,3498, Number of training points (interior):,24998, VRAM allocated:,93068288, VRAM reserved:,29100081152
Epoch:,145300,Training Loss:,5262713295029.451, Learning rate:,0.0028507718749999993, Number of training points (boundary):,3498, Number of training points (interior):,24998, VRAM allocated:,93068288, VRAM reserved:,29100081152
Epoch:,145400,Training Loss:,4.971281393047121e+28, Learning rate:,0.0028507718749999993, Number of training points (boundary):,3498, Number of training points (interior):,24998, VRAM allocated:,93068288, VRAM reserved:,29100081152
Epoch:,145500,Training Loss:,20820026132951.26, Learning rate:,0.0028507718749999993, Number of training points (boundary):,3498, Number of training points (interior):,24998, VRAM allocated:,93068288, VRAM reserved:,29100081152
Epoch:,145600,Training Loss:,126044613838377.25, Learning rate:,0.0028507718749999993, Number of training points (boundary):,3498, Number of training points (interior):,24998, VRAM allocated:,93068288, VRAM reserved:,29100081152
Epoch:,145700,Training Loss:,300403322947400.0, Learning rate:,0.0028507718749999993, Number of training points (boundary):,3498, Number of training points (interior):,24998, VRAM allocated:,93068288, VRAM reserved:,29100081152
Epoch:,145800,Training Loss:,303286361312717.94, Learning rate:,0.0028507718749999993, Number of training points (boundary):,3498, Number of training points (interior):,24998, VRAM allocated:,93068288, VRAM reserved:,29100081152
Epoch:,145900,Training Loss:,193603138787924.97, Learning rate:,0.0028507718749999993, Number of training points (boundary):,3498, Number of training points (interior):,24998, VRAM allocated:,93068288, VRAM reserved:,29100081152
Epoch:,146000,Training Loss:,113880226245584.84, Learning rate:,0.0028507718749999993, Number of training points (boundary):,3498, Number of training points (interior):,24998, VRAM allocated:,93068288, VRAM reserved:,29100081152
Epoch:,146100,Training Loss:,88544443481718.7, Learning rate:,0.0028507718749999993, Number of training points (boundary):,3498, Number of training points (interior):,24998, VRAM allocated:,93068288, VRAM reserved:,29100081152
Epoch:,146200,Training Loss:,84540470057528.64, Learning rate:,0.0028507718749999993, Number of training points (boundary):,3498, Number of training points (interior):,24998, VRAM allocated:,93068288, VRAM reserved:,29100081152
Epoch:,146300,Training Loss:,138744549669159.84, Learning rate:,0.0028507718749999993, Number of training points (boundary):,3498, Number of training points (interior):,24998, VRAM allocated:,93068288, VRAM reserved:,29100081152
Epoch:,146400,Training Loss:,1.9739115042249136e+32, Learning rate:,0.0028507718749999993, Number of training points (boundary):,3498, Number of training points (interior):,24998, VRAM allocated:,93068288, VRAM reserved:,29100081152
Epoch:,146500,Training Loss:,6565984332069717.0, Learning rate:,0.0028507718749999993, Number of training points (boundary):,3498, Number of training points (interior):,24998, VRAM allocated:,93068288, VRAM reserved:,29100081152
Epoch:,146600,Training Loss:,49364932419758.88, Learning rate:,0.0028507718749999993, Number of training points (boundary):,3498, Number of training points (interior):,24998, VRAM allocated:,93068288, VRAM reserved:,29100081152
Epoch:,146700,Training Loss:,188243433078212.44, Learning rate:,0.0028507718749999993, Number of training points (boundary):,3498, Number of training points (interior):,24998, VRAM allocated:,93068288, VRAM reserved:,29100081152
Epoch:,146800,Training Loss:,574621132784270.5, Learning rate:,0.0028507718749999993, Number of training points (boundary):,3498, Number of training points (interior):,24998, VRAM allocated:,93068288, VRAM reserved:,29100081152
Epoch:,146900,Training Loss:,1804268110447586.0, Learning rate:,0.0028507718749999993, Number of training points (boundary):,3498, Number of training points (interior):,24998, VRAM allocated:,93068288, VRAM reserved:,29100081152
Epoch:,147000,Training Loss:,6823320393100966.0, Learning rate:,0.0028507718749999993, Number of training points (boundary):,3498, Number of training points (interior):,24998, VRAM allocated:,93068288, VRAM reserved:,29100081152
Epoch:,147100,Training Loss:,2.1056567732899e+25, Learning rate:,0.0028507718749999993, Number of training points (boundary):,3498, Number of training points (interior):,24998, VRAM allocated:,93068288, VRAM reserved:,29100081152
Epoch:,147200,Training Loss:,1.5053975667059039e+18, Learning rate:,0.0028507718749999993, Number of training points (boundary):,3498, Number of training points (interior):,24998, VRAM allocated:,93068288, VRAM reserved:,29100081152
Epoch:,147300,Training Loss:,4.9124056121716785e+19, Learning rate:,0.0028507718749999993, Number of training points (boundary):,3498, Number of training points (interior):,24998, VRAM allocated:,93068288, VRAM reserved:,29100081152
Epoch:,147400,Training Loss:,6.3329533271451506e+25, Learning rate:,0.0028507718749999993, Number of training points (boundary):,3498, Number of training points (interior):,24998, VRAM allocated:,93068288, VRAM reserved:,29100081152
Epoch:,147500,Training Loss:,1.9370339964082254e+25, Learning rate:,0.0028507718749999993, Number of training points (boundary):,3498, Number of training points (interior):,24998, VRAM allocated:,93068288, VRAM reserved:,29100081152
Epoch:,147600,Training Loss:,3.6263860406360297e+24, Learning rate:,0.0028507718749999993, Number of training points (boundary):,3498, Number of training points (interior):,24998, VRAM allocated:,93068288, VRAM reserved:,29100081152
Epoch:,147700,Training Loss:,2.547574852899537e+28, Learning rate:,0.0028507718749999993, Number of training points (boundary):,3498, Number of training points (interior):,24998, VRAM allocated:,93068288, VRAM reserved:,29100081152
Epoch:,147800,Training Loss:,3336455689165305.5, Learning rate:,0.0028507718749999993, Number of training points (boundary):,3498, Number of training points (interior):,24998, VRAM allocated:,93068288, VRAM reserved:,29100081152
Epoch:,147900,Training Loss:,167661479908.05774, Learning rate:,0.0028507718749999993, Number of training points (boundary):,3498, Number of training points (interior):,24998, VRAM allocated:,93068288, VRAM reserved:,29100081152
Epoch:,148000,Training Loss:,1749783544117398.8, Learning rate:,0.0028507718749999993, Number of training points (boundary):,3498, Number of training points (interior):,24998, VRAM allocated:,93068288, VRAM reserved:,29100081152
Epoch:,148100,Training Loss:,641255578363083.9, Learning rate:,0.0028507718749999993, Number of training points (boundary):,3498, Number of training points (interior):,24998, VRAM allocated:,93068288, VRAM reserved:,29100081152
Epoch:,148200,Training Loss:,3.6049604162331244e+18, Learning rate:,0.0028507718749999993, Number of training points (boundary):,3498, Number of training points (interior):,24998, VRAM allocated:,93068288, VRAM reserved:,29100081152
Epoch:,148300,Training Loss:,1.4945941213443875e+19, Learning rate:,0.0028507718749999993, Number of training points (boundary):,3498, Number of training points (interior):,24998, VRAM allocated:,93068288, VRAM reserved:,29100081152
Epoch:,148400,Training Loss:,1281823667853562.2, Learning rate:,0.0028507718749999993, Number of training points (boundary):,3498, Number of training points (interior):,24998, VRAM allocated:,93068288, VRAM reserved:,29100081152
Epoch:,148500,Training Loss:,8.228997412450917e+17, Learning rate:,0.0028507718749999993, Number of training points (boundary):,3498, Number of training points (interior):,24998, VRAM allocated:,93068288, VRAM reserved:,29100081152
Epoch:,148600,Training Loss:,65288443967759.31, Learning rate:,0.0028507718749999993, Number of training points (boundary):,3498, Number of training points (interior):,24998, VRAM allocated:,93068288, VRAM reserved:,29100081152
Epoch:,148700,Training Loss:,8050.668394390264, Learning rate:,0.0028507718749999993, Number of training points (boundary):,3498, Number of training points (interior):,24998, VRAM allocated:,93068288, VRAM reserved:,29100081152
Epoch:,148800,Training Loss:,92006.42837841029, Learning rate:,0.0028507718749999993, Number of training points (boundary):,3498, Number of training points (interior):,24998, VRAM allocated:,93068288, VRAM reserved:,29100081152
Epoch:,148900,Training Loss:,66854.55384725603, Learning rate:,0.0028507718749999993, Number of training points (boundary):,3498, Number of training points (interior):,24998, VRAM allocated:,93068288, VRAM reserved:,29100081152
Epoch:,149000,Training Loss:,1.1741436342995558e+19, Learning rate:,0.0028507718749999993, Number of training points (boundary):,3498, Number of training points (interior):,24998, VRAM allocated:,93068288, VRAM reserved:,29100081152
Epoch:,149100,Training Loss:,1162054.960736613, Learning rate:,0.0028507718749999993, Number of training points (boundary):,3498, Number of training points (interior):,24998, VRAM allocated:,93068288, VRAM reserved:,29100081152
Epoch:,149200,Training Loss:,38444198.85974078, Learning rate:,0.0028507718749999993, Number of training points (boundary):,3498, Number of training points (interior):,24998, VRAM allocated:,93068288, VRAM reserved:,29100081152
Epoch:,149300,Training Loss:,914288.1849242832, Learning rate:,0.0028507718749999993, Number of training points (boundary):,3498, Number of training points (interior):,24998, VRAM allocated:,93068288, VRAM reserved:,29100081152
Epoch:,149400,Training Loss:,639182739.0196382, Learning rate:,0.0028507718749999993, Number of training points (boundary):,3498, Number of training points (interior):,24998, VRAM allocated:,93068288, VRAM reserved:,29100081152
Epoch:,149500,Training Loss:,617492.6830997703, Learning rate:,0.0028507718749999993, Number of training points (boundary):,3498, Number of training points (interior):,24998, VRAM allocated:,93068288, VRAM reserved:,29100081152
Epoch:,149600,Training Loss:,1504.5965880625808, Learning rate:,0.0028507718749999993, Number of training points (boundary):,3498, Number of training points (interior):,24998, VRAM allocated:,93068288, VRAM reserved:,29100081152
Epoch:,149700,Training Loss:,38178.871597699865, Learning rate:,0.0028507718749999993, Number of training points (boundary):,3498, Number of training points (interior):,24998, VRAM allocated:,93068288, VRAM reserved:,29100081152
Epoch:,149800,Training Loss:,201.04756649956937, Learning rate:,0.0028507718749999993, Number of training points (boundary):,3498, Number of training points (interior):,24998, VRAM allocated:,93068288, VRAM reserved:,29100081152
Epoch:,149900,Training Loss:,2166.9748872301793, Learning rate:,0.0028507718749999993, Number of training points (boundary):,3498, Number of training points (interior):,24998, VRAM allocated:,93068288, VRAM reserved:,29100081152
Epoch:,150000,Training Loss:,8139.495226852118, Learning rate:,0.0028507718749999993, Number of training points (boundary):,3498, Number of training points (interior):,24998, VRAM allocated:,93068288, VRAM reserved:,29100081152
Epoch:,150100,Training Loss:,3340045.963330982, Learning rate:,0.0028507718749999993, Number of training points (boundary):,3498, Number of training points (interior):,24998, VRAM allocated:,93068288, VRAM reserved:,29100081152
Epoch:,150200,Training Loss:,7.770409316952439e+22, Learning rate:,0.0028507718749999993, Number of training points (boundary):,3498, Number of training points (interior):,24998, VRAM allocated:,93068288, VRAM reserved:,29100081152
Epoch:,150300,Training Loss:,244.2994763263207, Learning rate:,0.0028507718749999993, Number of training points (boundary):,3498, Number of training points (interior):,24998, VRAM allocated:,93068288, VRAM reserved:,29100081152
Epoch:,150400,Training Loss:,828.4164703898961, Learning rate:,0.0028507718749999993, Number of training points (boundary):,3498, Number of training points (interior):,24998, VRAM allocated:,93068288, VRAM reserved:,29100081152
Epoch:,150500,Training Loss:,1541.2368961381994, Learning rate:,0.0028507718749999993, Number of training points (boundary):,3498, Number of training points (interior):,24998, VRAM allocated:,93068288, VRAM reserved:,29100081152
Epoch:,150600,Training Loss:,5451.859911670506, Learning rate:,0.0028507718749999993, Number of training points (boundary):,3498, Number of training points (interior):,24998, VRAM allocated:,93068288, VRAM reserved:,29100081152
Epoch:,150700,Training Loss:,2921.296580201829, Learning rate:,0.0028507718749999993, Number of training points (boundary):,3498, Number of training points (interior):,24998, VRAM allocated:,93068288, VRAM reserved:,29100081152
Epoch:,150800,Training Loss:,6.750374518877073e+16, Learning rate:,0.0028507718749999993, Number of training points (boundary):,3498, Number of training points (interior):,24998, VRAM allocated:,93068288, VRAM reserved:,29100081152
Epoch:,150900,Training Loss:,7560.3908428839, Learning rate:,0.0028507718749999993, Number of training points (boundary):,3498, Number of training points (interior):,24998, VRAM allocated:,93068288, VRAM reserved:,29100081152
Epoch:,151000,Training Loss:,2375.212644345524, Learning rate:,0.0028507718749999993, Number of training points (boundary):,3498, Number of training points (interior):,24998, VRAM allocated:,93068288, VRAM reserved:,29100081152
Epoch:,151100,Training Loss:,5334728.709441018, Learning rate:,0.0028507718749999993, Number of training points (boundary):,3498, Number of training points (interior):,24998, VRAM allocated:,93068288, VRAM reserved:,29100081152
Epoch:,151200,Training Loss:,1391.475411815426, Learning rate:,0.0028507718749999993, Number of training points (boundary):,3498, Number of training points (interior):,24998, VRAM allocated:,93068288, VRAM reserved:,29100081152
Epoch:,151300,Training Loss:,24277.304299228043, Learning rate:,0.0028507718749999993, Number of training points (boundary):,3498, Number of training points (interior):,24998, VRAM allocated:,93068288, VRAM reserved:,29100081152
Epoch:,151400,Training Loss:,1.4270105586198338e+19, Learning rate:,0.0028507718749999993, Number of training points (boundary):,3498, Number of training points (interior):,24998, VRAM allocated:,93068288, VRAM reserved:,29100081152
Epoch:,151500,Training Loss:,33096.17724935098, Learning rate:,0.0028507718749999993, Number of training points (boundary):,3498, Number of training points (interior):,24998, VRAM allocated:,93068288, VRAM reserved:,29100081152
Epoch:,151600,Training Loss:,14121.204941079048, Learning rate:,0.0028507718749999993, Number of training points (boundary):,3498, Number of training points (interior):,24998, VRAM allocated:,93068288, VRAM reserved:,29100081152
Epoch:,151700,Training Loss:,1594953.3567109068, Learning rate:,0.0028507718749999993, Number of training points (boundary):,3498, Number of training points (interior):,24998, VRAM allocated:,93068288, VRAM reserved:,29100081152
Epoch:,151800,Training Loss:,3.2369588026968776e+16, Learning rate:,0.0028507718749999993, Number of training points (boundary):,3498, Number of training points (interior):,24998, VRAM allocated:,93068288, VRAM reserved:,29100081152
Epoch:,151900,Training Loss:,3953700.572891269, Learning rate:,0.0028507718749999993, Number of training points (boundary):,3498, Number of training points (interior):,24998, VRAM allocated:,93068288, VRAM reserved:,29100081152
Epoch:,152000,Training Loss:,15811.050433824377, Learning rate:,0.0028507718749999993, Number of training points (boundary):,3498, Number of training points (interior):,24998, VRAM allocated:,93068288, VRAM reserved:,29100081152
Epoch:,152100,Training Loss:,122283.5064332115, Learning rate:,0.0028507718749999993, Number of training points (boundary):,3498, Number of training points (interior):,24998, VRAM allocated:,93068288, VRAM reserved:,29100081152
Epoch:,152200,Training Loss:,437532.05600016844, Learning rate:,0.0028507718749999993, Number of training points (boundary):,3498, Number of training points (interior):,24998, VRAM allocated:,93068288, VRAM reserved:,29100081152
Epoch:,152300,Training Loss:,2345219.530758065, Learning rate:,0.0028507718749999993, Number of training points (boundary):,3498, Number of training points (interior):,24998, VRAM allocated:,93068288, VRAM reserved:,29100081152
Epoch:,152400,Training Loss:,7569740822.232823, Learning rate:,0.0028507718749999993, Number of training points (boundary):,3498, Number of training points (interior):,24998, VRAM allocated:,93068288, VRAM reserved:,29100081152
Epoch:,152500,Training Loss:,8977035.606716348, Learning rate:,0.0028507718749999993, Number of training points (boundary):,3498, Number of training points (interior):,24998, VRAM allocated:,93068288, VRAM reserved:,29100081152
Epoch:,152600,Training Loss:,3745504839.4606166, Learning rate:,0.0028507718749999993, Number of training points (boundary):,3498, Number of training points (interior):,24998, VRAM allocated:,93068288, VRAM reserved:,29100081152
Epoch:,152700,Training Loss:,353308464.43518573, Learning rate:,0.0028507718749999993, Number of training points (boundary):,3498, Number of training points (interior):,24998, VRAM allocated:,93068288, VRAM reserved:,29100081152
Epoch:,152800,Training Loss:,33217720.06666613, Learning rate:,0.0028507718749999993, Number of training points (boundary):,3498, Number of training points (interior):,24998, VRAM allocated:,93068288, VRAM reserved:,29100081152
Epoch:,152900,Training Loss:,21199058071243.61, Learning rate:,0.0028507718749999993, Number of training points (boundary):,3498, Number of training points (interior):,24998, VRAM allocated:,93068288, VRAM reserved:,29100081152
Epoch:,153000,Training Loss:,18498437.3532599, Learning rate:,0.0028507718749999993, Number of training points (boundary):,3498, Number of training points (interior):,24998, VRAM allocated:,93068288, VRAM reserved:,29100081152
Epoch:,153100,Training Loss:,9045090.21341973, Learning rate:,0.0028507718749999993, Number of training points (boundary):,3498, Number of training points (interior):,24998, VRAM allocated:,93068288, VRAM reserved:,29100081152
Epoch:,153200,Training Loss:,3927620.8241335056, Learning rate:,0.0028507718749999993, Number of training points (boundary):,3498, Number of training points (interior):,24998, VRAM allocated:,93068288, VRAM reserved:,29100081152
Epoch:,153300,Training Loss:,1802110.1094446902, Learning rate:,0.0028507718749999993, Number of training points (boundary):,3498, Number of training points (interior):,24998, VRAM allocated:,93068288, VRAM reserved:,29100081152
Epoch:,153400,Training Loss:,238127845951.7523, Learning rate:,0.0028507718749999993, Number of training points (boundary):,3498, Number of training points (interior):,24998, VRAM allocated:,93068288, VRAM reserved:,29100081152
Epoch:,153500,Training Loss:,96589.58814722407, Learning rate:,0.0028507718749999993, Number of training points (boundary):,3498, Number of training points (interior):,24998, VRAM allocated:,93068288, VRAM reserved:,29100081152
Epoch:,153600,Training Loss:,3627.528991290879, Learning rate:,0.0028507718749999993, Number of training points (boundary):,3498, Number of training points (interior):,24998, VRAM allocated:,93068288, VRAM reserved:,29100081152
Epoch:,153700,Training Loss:,533.0897829897201, Learning rate:,0.0028507718749999993, Number of training points (boundary):,3498, Number of training points (interior):,24998, VRAM allocated:,93068288, VRAM reserved:,29100081152
Epoch:,153800,Training Loss:,529.3332493807129, Learning rate:,0.0028507718749999993, Number of training points (boundary):,3498, Number of training points (interior):,24998, VRAM allocated:,93068288, VRAM reserved:,29100081152
Epoch:,153900,Training Loss:,160477787.47132787, Learning rate:,0.0028507718749999993, Number of training points (boundary):,3498, Number of training points (interior):,24998, VRAM allocated:,93068288, VRAM reserved:,29100081152
Epoch:,154000,Training Loss:,6541970.145744754, Learning rate:,0.0028507718749999993, Number of training points (boundary):,3498, Number of training points (interior):,24998, VRAM allocated:,93068288, VRAM reserved:,29100081152
Epoch:,154100,Training Loss:,6.66139600765528e+18, Learning rate:,0.0028507718749999993, Number of training points (boundary):,3498, Number of training points (interior):,24998, VRAM allocated:,93068288, VRAM reserved:,29100081152
Epoch:,154200,Training Loss:,4430096.774530033, Learning rate:,0.0028507718749999993, Number of training points (boundary):,3498, Number of training points (interior):,24998, VRAM allocated:,93068288, VRAM reserved:,29100081152
Epoch:,154300,Training Loss:,324971.5938461226, Learning rate:,0.0028507718749999993, Number of training points (boundary):,3498, Number of training points (interior):,24998, VRAM allocated:,93068288, VRAM reserved:,29100081152
Epoch:,154400,Training Loss:,533.0131749754136, Learning rate:,0.0028507718749999993, Number of training points (boundary):,3498, Number of training points (interior):,24998, VRAM allocated:,93068288, VRAM reserved:,29100081152
Epoch:,154500,Training Loss:,8421317.983597515, Learning rate:,0.0028507718749999993, Number of training points (boundary):,3498, Number of training points (interior):,24998, VRAM allocated:,93068288, VRAM reserved:,29100081152
Epoch:,154600,Training Loss:,2750.2037098433443, Learning rate:,0.0028507718749999993, Number of training points (boundary):,3498, Number of training points (interior):,24998, VRAM allocated:,93068288, VRAM reserved:,29100081152
Epoch:,154700,Training Loss:,241.91882592014778, Learning rate:,0.0028507718749999993, Number of training points (boundary):,3498, Number of training points (interior):,24998, VRAM allocated:,93068288, VRAM reserved:,29100081152
Epoch:,154800,Training Loss:,1824.991032767485, Learning rate:,0.0028507718749999993, Number of training points (boundary):,3498, Number of training points (interior):,24998, VRAM allocated:,93068288, VRAM reserved:,29100081152
Epoch:,154900,Training Loss:,93444992.85389039, Learning rate:,0.0028507718749999993, Number of training points (boundary):,3498, Number of training points (interior):,24998, VRAM allocated:,93068288, VRAM reserved:,29100081152
Epoch:,155000,Training Loss:,5781.609694751004, Learning rate:,0.0028507718749999993, Number of training points (boundary):,3498, Number of training points (interior):,24998, VRAM allocated:,93068288, VRAM reserved:,29100081152
Epoch:,155100,Training Loss:,9693.758317026777, Learning rate:,0.0028507718749999993, Number of training points (boundary):,3498, Number of training points (interior):,24998, VRAM allocated:,93068288, VRAM reserved:,29100081152
Epoch:,155200,Training Loss:,3086824.4834975223, Learning rate:,0.0028507718749999993, Number of training points (boundary):,3498, Number of training points (interior):,24998, VRAM allocated:,93068288, VRAM reserved:,29100081152
Epoch:,155300,Training Loss:,141652295776.73053, Learning rate:,0.0028507718749999993, Number of training points (boundary):,3498, Number of training points (interior):,24998, VRAM allocated:,93068288, VRAM reserved:,29100081152
Epoch:,155400,Training Loss:,10343996134.967352, Learning rate:,0.0028507718749999993, Number of training points (boundary):,3498, Number of training points (interior):,24998, VRAM allocated:,93068288, VRAM reserved:,29100081152
Epoch:,155500,Training Loss:,20370653342.44152, Learning rate:,0.0028507718749999993, Number of training points (boundary):,3498, Number of training points (interior):,24998, VRAM allocated:,93068288, VRAM reserved:,29100081152
Epoch:,155600,Training Loss:,2261120.1915191063, Learning rate:,0.0028507718749999993, Number of training points (boundary):,3498, Number of training points (interior):,24998, VRAM allocated:,93068288, VRAM reserved:,29100081152
Epoch:,155700,Training Loss:,1006115.2152699238, Learning rate:,0.0028507718749999993, Number of training points (boundary):,3498, Number of training points (interior):,24998, VRAM allocated:,93068288, VRAM reserved:,29100081152
Epoch:,155800,Training Loss:,21360799.00123557, Learning rate:,0.0028507718749999993, Number of training points (boundary):,3498, Number of training points (interior):,24998, VRAM allocated:,93068288, VRAM reserved:,29100081152
Epoch:,155900,Training Loss:,534059485.44261134, Learning rate:,0.0028507718749999993, Number of training points (boundary):,3498, Number of training points (interior):,24998, VRAM allocated:,93068288, VRAM reserved:,29100081152
Epoch:,156000,Training Loss:,72974142558.57042, Learning rate:,0.0028507718749999993, Number of training points (boundary):,3498, Number of training points (interior):,24998, VRAM allocated:,93068288, VRAM reserved:,29100081152
Epoch:,156100,Training Loss:,1.266962299977472e+16, Learning rate:,0.0028507718749999993, Number of training points (boundary):,3498, Number of training points (interior):,24998, VRAM allocated:,93068288, VRAM reserved:,29100081152
Epoch:,156200,Training Loss:,63032369588819.195, Learning rate:,0.0028507718749999993, Number of training points (boundary):,3498, Number of training points (interior):,24998, VRAM allocated:,93068288, VRAM reserved:,29100081152
Epoch:,156300,Training Loss:,2049921548.5341353, Learning rate:,0.0028507718749999993, Number of training points (boundary):,3498, Number of training points (interior):,24998, VRAM allocated:,93068288, VRAM reserved:,29100081152
Epoch:,156400,Training Loss:,1.8992474695511268e+18, Learning rate:,0.0028507718749999993, Number of training points (boundary):,3498, Number of training points (interior):,24998, VRAM allocated:,93068288, VRAM reserved:,29100081152
Epoch:,156500,Training Loss:,72185.25273801353, Learning rate:,0.0028507718749999993, Number of training points (boundary):,3498, Number of training points (interior):,24998, VRAM allocated:,93068288, VRAM reserved:,29100081152
Epoch:,156600,Training Loss:,483.603745487839, Learning rate:,0.0028507718749999993, Number of training points (boundary):,3498, Number of training points (interior):,24998, VRAM allocated:,93068288, VRAM reserved:,29100081152
Epoch:,156700,Training Loss:,55547824273.56789, Learning rate:,0.0028507718749999993, Number of training points (boundary):,3498, Number of training points (interior):,24998, VRAM allocated:,93068288, VRAM reserved:,29100081152
Epoch:,156800,Training Loss:,17295.442600709186, Learning rate:,0.0028507718749999993, Number of training points (boundary):,3498, Number of training points (interior):,24998, VRAM allocated:,93068288, VRAM reserved:,29100081152
Epoch:,156900,Training Loss:,376637394799.8175, Learning rate:,0.0028507718749999993, Number of training points (boundary):,3498, Number of training points (interior):,24998, VRAM allocated:,93068288, VRAM reserved:,29100081152
Epoch:,157000,Training Loss:,2318616755825177.0, Learning rate:,0.0028507718749999993, Number of training points (boundary):,3498, Number of training points (interior):,24998, VRAM allocated:,93068288, VRAM reserved:,29100081152
Epoch:,157100,Training Loss:,24635.782788676264, Learning rate:,0.0028507718749999993, Number of training points (boundary):,3498, Number of training points (interior):,24998, VRAM allocated:,93068288, VRAM reserved:,29100081152
Epoch:,157200,Training Loss:,83395240405.06453, Learning rate:,0.0028507718749999993, Number of training points (boundary):,3498, Number of training points (interior):,24998, VRAM allocated:,93068288, VRAM reserved:,29100081152
Epoch:,157300,Training Loss:,112587392539456.02, Learning rate:,0.0028507718749999993, Number of training points (boundary):,3498, Number of training points (interior):,24998, VRAM allocated:,93068288, VRAM reserved:,29100081152
Epoch:,157400,Training Loss:,1.521244293510018e+19, Learning rate:,0.0028507718749999993, Number of training points (boundary):,3498, Number of training points (interior):,24998, VRAM allocated:,93068288, VRAM reserved:,29100081152
Epoch:,157500,Training Loss:,693595.7407486162, Learning rate:,0.0028507718749999993, Number of training points (boundary):,3498, Number of training points (interior):,24998, VRAM allocated:,93068288, VRAM reserved:,29100081152
Epoch:,157600,Training Loss:,32040.949480531435, Learning rate:,0.0028507718749999993, Number of training points (boundary):,3498, Number of training points (interior):,24998, VRAM allocated:,93068288, VRAM reserved:,29100081152
Epoch:,157700,Training Loss:,84010213450.75467, Learning rate:,0.0028507718749999993, Number of training points (boundary):,3498, Number of training points (interior):,24998, VRAM allocated:,93068288, VRAM reserved:,29100081152
Epoch:,157800,Training Loss:,8675.754473354707, Learning rate:,0.0028507718749999993, Number of training points (boundary):,3498, Number of training points (interior):,24998, VRAM allocated:,93068288, VRAM reserved:,29100081152
Epoch:,157900,Training Loss:,254250221653274.75, Learning rate:,0.0028507718749999993, Number of training points (boundary):,3498, Number of training points (interior):,24998, VRAM allocated:,93068288, VRAM reserved:,29100081152
Epoch:,158000,Training Loss:,102367028.01448606, Learning rate:,0.0028507718749999993, Number of training points (boundary):,3498, Number of training points (interior):,24998, VRAM allocated:,93068288, VRAM reserved:,29100081152
Epoch:,158100,Training Loss:,371458.7057186959, Learning rate:,0.0028507718749999993, Number of training points (boundary):,3498, Number of training points (interior):,24998, VRAM allocated:,93068288, VRAM reserved:,29100081152
Epoch:,158200,Training Loss:,615739245460.6326, Learning rate:,0.0028507718749999993, Number of training points (boundary):,3498, Number of training points (interior):,24998, VRAM allocated:,93068288, VRAM reserved:,29100081152
Epoch:,158300,Training Loss:,28400030.49112892, Learning rate:,0.0028507718749999993, Number of training points (boundary):,3498, Number of training points (interior):,24998, VRAM allocated:,93068288, VRAM reserved:,29100081152
Epoch:,158400,Training Loss:,82216794263.85437, Learning rate:,0.0028507718749999993, Number of training points (boundary):,3498, Number of training points (interior):,24998, VRAM allocated:,93068288, VRAM reserved:,29100081152
Epoch:,158500,Training Loss:,23703559.387173526, Learning rate:,0.0028507718749999993, Number of training points (boundary):,3498, Number of training points (interior):,24998, VRAM allocated:,93068288, VRAM reserved:,29100081152
Epoch:,158600,Training Loss:,958170.6987926754, Learning rate:,0.0028507718749999993, Number of training points (boundary):,3498, Number of training points (interior):,24998, VRAM allocated:,93068288, VRAM reserved:,29100081152
Epoch:,158700,Training Loss:,28248931898.490692, Learning rate:,0.0028507718749999993, Number of training points (boundary):,3498, Number of training points (interior):,24998, VRAM allocated:,93068288, VRAM reserved:,29100081152
Epoch:,158800,Training Loss:,219714408658.2937, Learning rate:,0.0028507718749999993, Number of training points (boundary):,3498, Number of training points (interior):,24998, VRAM allocated:,93068288, VRAM reserved:,29100081152
Epoch:,158900,Training Loss:,587615152149.1683, Learning rate:,0.0028507718749999993, Number of training points (boundary):,3498, Number of training points (interior):,24998, VRAM allocated:,93068288, VRAM reserved:,29100081152
Epoch:,159000,Training Loss:,10838200621.968376, Learning rate:,0.0028507718749999993, Number of training points (boundary):,3498, Number of training points (interior):,24998, VRAM allocated:,93068288, VRAM reserved:,29100081152
Epoch:,159100,Training Loss:,645162002972308.2, Learning rate:,0.0028507718749999993, Number of training points (boundary):,3498, Number of training points (interior):,24998, VRAM allocated:,93068288, VRAM reserved:,29100081152
Epoch:,159200,Training Loss:,5.7287947797010534e+20, Learning rate:,0.0028507718749999993, Number of training points (boundary):,3498, Number of training points (interior):,24998, VRAM allocated:,93068288, VRAM reserved:,29100081152
Epoch:,159300,Training Loss:,8491410014780.862, Learning rate:,0.0028507718749999993, Number of training points (boundary):,3498, Number of training points (interior):,24998, VRAM allocated:,93068288, VRAM reserved:,29100081152
Epoch:,159400,Training Loss:,18308604452.047684, Learning rate:,0.0028507718749999993, Number of training points (boundary):,3498, Number of training points (interior):,24998, VRAM allocated:,93068288, VRAM reserved:,29100081152
Epoch:,159500,Training Loss:,591948040.2565912, Learning rate:,0.0028507718749999993, Number of training points (boundary):,3498, Number of training points (interior):,24998, VRAM allocated:,93068288, VRAM reserved:,29100081152
Epoch:,159600,Training Loss:,5003180274298.353, Learning rate:,0.0028507718749999993, Number of training points (boundary):,3498, Number of training points (interior):,24998, VRAM allocated:,93068288, VRAM reserved:,29100081152
Epoch:,159700,Training Loss:,6557383.5520723155, Learning rate:,0.0028507718749999993, Number of training points (boundary):,3498, Number of training points (interior):,24998, VRAM allocated:,93068288, VRAM reserved:,29100081152
Epoch:,159800,Training Loss:,11641708.827582518, Learning rate:,0.0028507718749999993, Number of training points (boundary):,3498, Number of training points (interior):,24998, VRAM allocated:,93068288, VRAM reserved:,29100081152
Epoch:,159900,Training Loss:,5.378289394902034e+16, Learning rate:,0.0028507718749999993, Number of training points (boundary):,3498, Number of training points (interior):,24998, VRAM allocated:,93068288, VRAM reserved:,29100081152
Epoch:,160000,Training Loss:,1535006160204641.5, Learning rate:,0.0028507718749999993, Number of training points (boundary):,3498, Number of training points (interior):,24998, VRAM allocated:,93068288, VRAM reserved:,29100081152
Epoch:,160100,Training Loss:,2228262.1431933725, Learning rate:,0.0028507718749999993, Number of training points (boundary):,3498, Number of training points (interior):,24998, VRAM allocated:,93068288, VRAM reserved:,29100081152
Epoch:,160200,Training Loss:,320097.83059105667, Learning rate:,0.0028507718749999993, Number of training points (boundary):,3498, Number of training points (interior):,24998, VRAM allocated:,93068288, VRAM reserved:,29100081152
Epoch:,160300,Training Loss:,4972.460205308868, Learning rate:,0.0028507718749999993, Number of training points (boundary):,3498, Number of training points (interior):,24998, VRAM allocated:,93068288, VRAM reserved:,29100081152
Epoch:,160400,Training Loss:,21630747.081464022, Learning rate:,0.0028507718749999993, Number of training points (boundary):,3498, Number of training points (interior):,24998, VRAM allocated:,93068288, VRAM reserved:,29100081152
Epoch:,160500,Training Loss:,96551257738.18663, Learning rate:,0.0028507718749999993, Number of training points (boundary):,3498, Number of training points (interior):,24998, VRAM allocated:,93068288, VRAM reserved:,29100081152
Epoch:,160600,Training Loss:,1959204778656.709, Learning rate:,0.0028507718749999993, Number of training points (boundary):,3498, Number of training points (interior):,24998, VRAM allocated:,93068288, VRAM reserved:,29100081152
Epoch:,160700,Training Loss:,240509730046.4933, Learning rate:,0.0028507718749999993, Number of training points (boundary):,3498, Number of training points (interior):,24998, VRAM allocated:,93068288, VRAM reserved:,29100081152
Epoch:,160800,Training Loss:,171088108.4052848, Learning rate:,0.0028507718749999993, Number of training points (boundary):,3498, Number of training points (interior):,24998, VRAM allocated:,93068288, VRAM reserved:,29100081152
Epoch:,160900,Training Loss:,1.4871083324082378e+18, Learning rate:,0.0028507718749999993, Number of training points (boundary):,3498, Number of training points (interior):,24998, VRAM allocated:,93068288, VRAM reserved:,29100081152
Epoch:,161000,Training Loss:,135104765.43782645, Learning rate:,0.0028507718749999993, Number of training points (boundary):,3498, Number of training points (interior):,24998, VRAM allocated:,93068288, VRAM reserved:,29100081152
Epoch:,161100,Training Loss:,183423.37559213451, Learning rate:,0.0028507718749999993, Number of training points (boundary):,3498, Number of training points (interior):,24998, VRAM allocated:,93068288, VRAM reserved:,29100081152
Epoch:,161200,Training Loss:,471743503.3535928, Learning rate:,0.0028507718749999993, Number of training points (boundary):,3498, Number of training points (interior):,24998, VRAM allocated:,93068288, VRAM reserved:,29100081152
Epoch:,161300,Training Loss:,4004829198057.1206, Learning rate:,0.0028507718749999993, Number of training points (boundary):,3498, Number of training points (interior):,24998, VRAM allocated:,93068288, VRAM reserved:,29100081152
Epoch:,161400,Training Loss:,3622524563184.5483, Learning rate:,0.0028507718749999993, Number of training points (boundary):,3498, Number of training points (interior):,24998, VRAM allocated:,93068288, VRAM reserved:,29100081152
Epoch:,161500,Training Loss:,233922116090.0301, Learning rate:,0.0028507718749999993, Number of training points (boundary):,3498, Number of training points (interior):,24998, VRAM allocated:,93068288, VRAM reserved:,29100081152
Epoch:,161600,Training Loss:,10616.45856637732, Learning rate:,0.0028507718749999993, Number of training points (boundary):,3498, Number of training points (interior):,24998, VRAM allocated:,93068288, VRAM reserved:,29100081152
Epoch:,161700,Training Loss:,525918.3165619439, Learning rate:,0.0028507718749999993, Number of training points (boundary):,3498, Number of training points (interior):,24998, VRAM allocated:,93068288, VRAM reserved:,29100081152
Epoch:,161800,Training Loss:,102047.49750375166, Learning rate:,0.0028507718749999993, Number of training points (boundary):,3498, Number of training points (interior):,24998, VRAM allocated:,93068288, VRAM reserved:,29100081152
Epoch:,161900,Training Loss:,8530925267.739816, Learning rate:,0.0028507718749999993, Number of training points (boundary):,3498, Number of training points (interior):,24998, VRAM allocated:,93068288, VRAM reserved:,29100081152
Epoch:,162000,Training Loss:,65409789.401565224, Learning rate:,0.0028507718749999993, Number of training points (boundary):,3498, Number of training points (interior):,24998, VRAM allocated:,93068288, VRAM reserved:,29100081152
Epoch:,162100,Training Loss:,43245.74987418999, Learning rate:,0.0028507718749999993, Number of training points (boundary):,3498, Number of training points (interior):,24998, VRAM allocated:,93068288, VRAM reserved:,29100081152
Epoch:,162200,Training Loss:,640465653.1300217, Learning rate:,0.0028507718749999993, Number of training points (boundary):,3498, Number of training points (interior):,24998, VRAM allocated:,93068288, VRAM reserved:,29100081152
Epoch:,162300,Training Loss:,88991070202.43361, Learning rate:,0.0028507718749999993, Number of training points (boundary):,3498, Number of training points (interior):,24998, VRAM allocated:,93068288, VRAM reserved:,29100081152
Epoch:,162400,Training Loss:,345379544.2559639, Learning rate:,0.0028507718749999993, Number of training points (boundary):,3498, Number of training points (interior):,24998, VRAM allocated:,93068288, VRAM reserved:,29100081152
Epoch:,162500,Training Loss:,2.511204140266394e+19, Learning rate:,0.0028507718749999993, Number of training points (boundary):,3498, Number of training points (interior):,24998, VRAM allocated:,93068288, VRAM reserved:,29100081152
Epoch:,162600,Training Loss:,1642667029.5081587, Learning rate:,0.0028507718749999993, Number of training points (boundary):,3498, Number of training points (interior):,24998, VRAM allocated:,93068288, VRAM reserved:,29100081152
Epoch:,162700,Training Loss:,97612046496.56012, Learning rate:,0.0028507718749999993, Number of training points (boundary):,3498, Number of training points (interior):,24998, VRAM allocated:,93068288, VRAM reserved:,29100081152
Epoch:,162800,Training Loss:,2724437035.8752356, Learning rate:,0.0028507718749999993, Number of training points (boundary):,3498, Number of training points (interior):,24998, VRAM allocated:,93068288, VRAM reserved:,29100081152
Epoch:,162900,Training Loss:,826608.1573882344, Learning rate:,0.0028507718749999993, Number of training points (boundary):,3498, Number of training points (interior):,24998, VRAM allocated:,93068288, VRAM reserved:,29100081152
Epoch:,163000,Training Loss:,170539.750629118, Learning rate:,0.0028507718749999993, Number of training points (boundary):,3498, Number of training points (interior):,24998, VRAM allocated:,93068288, VRAM reserved:,29100081152
Epoch:,163100,Training Loss:,26266.170695320678, Learning rate:,0.0028507718749999993, Number of training points (boundary):,3498, Number of training points (interior):,24998, VRAM allocated:,93068288, VRAM reserved:,29100081152
Epoch:,163200,Training Loss:,4013.894202531933, Learning rate:,0.0028507718749999993, Number of training points (boundary):,3498, Number of training points (interior):,24998, VRAM allocated:,93068288, VRAM reserved:,29100081152
Epoch:,163300,Training Loss:,552.4709378022708, Learning rate:,0.0028507718749999993, Number of training points (boundary):,3498, Number of training points (interior):,24998, VRAM allocated:,93068288, VRAM reserved:,29100081152
Epoch:,163400,Training Loss:,394.73772727476705, Learning rate:,0.0028507718749999993, Number of training points (boundary):,3498, Number of training points (interior):,24998, VRAM allocated:,93068288, VRAM reserved:,29100081152
Epoch:,163500,Training Loss:,213.5034775674552, Learning rate:,0.0028507718749999993, Number of training points (boundary):,3498, Number of training points (interior):,24998, VRAM allocated:,93068288, VRAM reserved:,29100081152
Epoch:,163600,Training Loss:,2053.97665098136, Learning rate:,0.0028507718749999993, Number of training points (boundary):,3498, Number of training points (interior):,24998, VRAM allocated:,93068288, VRAM reserved:,29100081152
Epoch:,163700,Training Loss:,28626.499948820896, Learning rate:,0.0028507718749999993, Number of training points (boundary):,3498, Number of training points (interior):,24998, VRAM allocated:,93068288, VRAM reserved:,29100081152
Epoch:,163800,Training Loss:,430398.4900970939, Learning rate:,0.0028507718749999993, Number of training points (boundary):,3498, Number of training points (interior):,24998, VRAM allocated:,93068288, VRAM reserved:,29100081152
Epoch:,163900,Training Loss:,1109985015636284.0, Learning rate:,0.0028507718749999993, Number of training points (boundary):,3498, Number of training points (interior):,24998, VRAM allocated:,93068288, VRAM reserved:,29100081152
Epoch:,164000,Training Loss:,653034973232.4626, Learning rate:,0.0028507718749999993, Number of training points (boundary):,3498, Number of training points (interior):,24998, VRAM allocated:,93068288, VRAM reserved:,29100081152
Epoch:,164100,Training Loss:,2286186850.2834783, Learning rate:,0.0028507718749999993, Number of training points (boundary):,3498, Number of training points (interior):,24998, VRAM allocated:,93068288, VRAM reserved:,29100081152
Epoch:,164200,Training Loss:,61442794.012907624, Learning rate:,0.0028507718749999993, Number of training points (boundary):,3498, Number of training points (interior):,24998, VRAM allocated:,93068288, VRAM reserved:,29100081152
Epoch:,164300,Training Loss:,326143607049.05676, Learning rate:,0.0028507718749999993, Number of training points (boundary):,3498, Number of training points (interior):,24998, VRAM allocated:,93068288, VRAM reserved:,29100081152
Epoch:,164400,Training Loss:,32549379.023876347, Learning rate:,0.0028507718749999993, Number of training points (boundary):,3498, Number of training points (interior):,24998, VRAM allocated:,93068288, VRAM reserved:,29100081152
Epoch:,164500,Training Loss:,41244455798.32793, Learning rate:,0.0028507718749999993, Number of training points (boundary):,3498, Number of training points (interior):,24998, VRAM allocated:,93068288, VRAM reserved:,29100081152
Epoch:,164600,Training Loss:,63985.39828530636, Learning rate:,0.0028507718749999993, Number of training points (boundary):,3498, Number of training points (interior):,24998, VRAM allocated:,93068288, VRAM reserved:,29100081152
Epoch:,164700,Training Loss:,11325.270067398527, Learning rate:,0.0028507718749999993, Number of training points (boundary):,3498, Number of training points (interior):,24998, VRAM allocated:,93068288, VRAM reserved:,29100081152
Epoch:,164800,Training Loss:,3272.0713401109674, Learning rate:,0.0028507718749999993, Number of training points (boundary):,3498, Number of training points (interior):,24998, VRAM allocated:,93068288, VRAM reserved:,29100081152
Epoch:,164900,Training Loss:,224571908.0480123, Learning rate:,0.0028507718749999993, Number of training points (boundary):,3498, Number of training points (interior):,24998, VRAM allocated:,93068288, VRAM reserved:,29100081152
Epoch:,165000,Training Loss:,30648.10547809122, Learning rate:,0.0028507718749999993, Number of training points (boundary):,3498, Number of training points (interior):,24998, VRAM allocated:,93068288, VRAM reserved:,29100081152
Epoch:,165100,Training Loss:,185358.08822056718, Learning rate:,0.0028507718749999993, Number of training points (boundary):,3498, Number of training points (interior):,24998, VRAM allocated:,93068288, VRAM reserved:,29100081152
Epoch:,165200,Training Loss:,1241370.38785592, Learning rate:,0.0028507718749999993, Number of training points (boundary):,3498, Number of training points (interior):,24998, VRAM allocated:,93068288, VRAM reserved:,29100081152
Epoch:,165300,Training Loss:,16444778.924866626, Learning rate:,0.0028507718749999993, Number of training points (boundary):,3498, Number of training points (interior):,24998, VRAM allocated:,93068288, VRAM reserved:,29100081152
Epoch:,165400,Training Loss:,864112069709.5498, Learning rate:,0.0028507718749999993, Number of training points (boundary):,3498, Number of training points (interior):,24998, VRAM allocated:,93068288, VRAM reserved:,29100081152
Epoch:,165500,Training Loss:,22163457794354.49, Learning rate:,0.0028507718749999993, Number of training points (boundary):,3498, Number of training points (interior):,24998, VRAM allocated:,93068288, VRAM reserved:,29100081152
Epoch:,165600,Training Loss:,160758854725.53592, Learning rate:,0.0028507718749999993, Number of training points (boundary):,3498, Number of training points (interior):,24998, VRAM allocated:,93068288, VRAM reserved:,29100081152
Epoch:,165700,Training Loss:,8727969131588673.0, Learning rate:,0.0028507718749999993, Number of training points (boundary):,3498, Number of training points (interior):,24998, VRAM allocated:,93068288, VRAM reserved:,29100081152
Epoch:,165800,Training Loss:,804732328.9501725, Learning rate:,0.0028507718749999993, Number of training points (boundary):,3498, Number of training points (interior):,24998, VRAM allocated:,93068288, VRAM reserved:,29100081152
Epoch:,165900,Training Loss:,1.341213889118666e+27, Learning rate:,0.0028507718749999993, Number of training points (boundary):,3498, Number of training points (interior):,24998, VRAM allocated:,93068288, VRAM reserved:,29100081152
Epoch:,166000,Training Loss:,620455715.1198913, Learning rate:,0.0028507718749999993, Number of training points (boundary):,3498, Number of training points (interior):,24998, VRAM allocated:,93068288, VRAM reserved:,29100081152
Epoch:,166100,Training Loss:,2607258.6138835475, Learning rate:,0.0028507718749999993, Number of training points (boundary):,3498, Number of training points (interior):,24998, VRAM allocated:,93068288, VRAM reserved:,29100081152
Epoch:,166200,Training Loss:,34988.96236949819, Learning rate:,0.0028507718749999993, Number of training points (boundary):,3498, Number of training points (interior):,24998, VRAM allocated:,93068288, VRAM reserved:,29100081152
Epoch:,166300,Training Loss:,21256074.110598806, Learning rate:,0.0028507718749999993, Number of training points (boundary):,3498, Number of training points (interior):,24998, VRAM allocated:,93068288, VRAM reserved:,29100081152
Epoch:,166400,Training Loss:,44242.56574227493, Learning rate:,0.0028507718749999993, Number of training points (boundary):,3498, Number of training points (interior):,24998, VRAM allocated:,93068288, VRAM reserved:,29100081152
Epoch:,166500,Training Loss:,2518428.5377379516, Learning rate:,0.0028507718749999993, Number of training points (boundary):,3498, Number of training points (interior):,24998, VRAM allocated:,93068288, VRAM reserved:,29100081152
Epoch:,166600,Training Loss:,746406.6982821228, Learning rate:,0.0028507718749999993, Number of training points (boundary):,3498, Number of training points (interior):,24998, VRAM allocated:,93068288, VRAM reserved:,29100081152
Epoch:,166700,Training Loss:,295295812452.4632, Learning rate:,0.0028507718749999993, Number of training points (boundary):,3498, Number of training points (interior):,24998, VRAM allocated:,93068288, VRAM reserved:,29100081152
Epoch:,166800,Training Loss:,198903.38046537052, Learning rate:,0.0028507718749999993, Number of training points (boundary):,3498, Number of training points (interior):,24998, VRAM allocated:,93068288, VRAM reserved:,29100081152
Epoch:,166900,Training Loss:,735766816.1090739, Learning rate:,0.0028507718749999993, Number of training points (boundary):,3498, Number of training points (interior):,24998, VRAM allocated:,93068288, VRAM reserved:,29100081152
Epoch:,167000,Training Loss:,2908392360.3247094, Learning rate:,0.0028507718749999993, Number of training points (boundary):,3498, Number of training points (interior):,24998, VRAM allocated:,93068288, VRAM reserved:,29100081152
Epoch:,167100,Training Loss:,695292106.6077591, Learning rate:,0.0028507718749999993, Number of training points (boundary):,3498, Number of training points (interior):,24998, VRAM allocated:,93068288, VRAM reserved:,29100081152
Epoch:,167200,Training Loss:,31139946030.542683, Learning rate:,0.0028507718749999993, Number of training points (boundary):,3498, Number of training points (interior):,24998, VRAM allocated:,93068288, VRAM reserved:,29100081152
Epoch:,167300,Training Loss:,315949702538208.06, Learning rate:,0.0028507718749999993, Number of training points (boundary):,3498, Number of training points (interior):,24998, VRAM allocated:,93068288, VRAM reserved:,29100081152
Epoch:,167400,Training Loss:,88291624744300.61, Learning rate:,0.0028507718749999993, Number of training points (boundary):,3498, Number of training points (interior):,24998, VRAM allocated:,93068288, VRAM reserved:,29100081152
Epoch:,167500,Training Loss:,684285931823.2008, Learning rate:,0.0028507718749999993, Number of training points (boundary):,3498, Number of training points (interior):,24998, VRAM allocated:,93068288, VRAM reserved:,29100081152
Epoch:,167600,Training Loss:,160384.324428329, Learning rate:,0.0028507718749999993, Number of training points (boundary):,3498, Number of training points (interior):,24998, VRAM allocated:,93068288, VRAM reserved:,29100081152
Epoch:,167700,Training Loss:,3746118.209998928, Learning rate:,0.0028507718749999993, Number of training points (boundary):,3498, Number of training points (interior):,24998, VRAM allocated:,93068288, VRAM reserved:,29100081152
Epoch:,167800,Training Loss:,5.168079141591945e+17, Learning rate:,0.0028507718749999993, Number of training points (boundary):,3498, Number of training points (interior):,24998, VRAM allocated:,93068288, VRAM reserved:,29100081152
Epoch:,167900,Training Loss:,146330189.3820219, Learning rate:,0.0028507718749999993, Number of training points (boundary):,3498, Number of training points (interior):,24998, VRAM allocated:,93068288, VRAM reserved:,29100081152
Epoch:,168000,Training Loss:,65271970405902.13, Learning rate:,0.0028507718749999993, Number of training points (boundary):,3498, Number of training points (interior):,24998, VRAM allocated:,93068288, VRAM reserved:,29100081152
Epoch:,168100,Training Loss:,9749174632.70754, Learning rate:,0.0028507718749999993, Number of training points (boundary):,3498, Number of training points (interior):,24998, VRAM allocated:,93068288, VRAM reserved:,29100081152
Epoch:,168200,Training Loss:,1739544206779.5889, Learning rate:,0.0028507718749999993, Number of training points (boundary):,3498, Number of training points (interior):,24998, VRAM allocated:,93068288, VRAM reserved:,29100081152
Epoch:,168300,Training Loss:,25197.908193346982, Learning rate:,0.0028507718749999993, Number of training points (boundary):,3498, Number of training points (interior):,24998, VRAM allocated:,93068288, VRAM reserved:,29100081152
Epoch:,168400,Training Loss:,996.861159669438, Learning rate:,0.0028507718749999993, Number of training points (boundary):,3498, Number of training points (interior):,24998, VRAM allocated:,93068288, VRAM reserved:,29100081152
Epoch:,168500,Training Loss:,332.5102510848009, Learning rate:,0.0028507718749999993, Number of training points (boundary):,3498, Number of training points (interior):,24998, VRAM allocated:,93068288, VRAM reserved:,29100081152
Epoch:,168600,Training Loss:,2193.1340168128645, Learning rate:,0.0028507718749999993, Number of training points (boundary):,3498, Number of training points (interior):,24998, VRAM allocated:,93068288, VRAM reserved:,29100081152
Epoch:,168700,Training Loss:,67489158.95076855, Learning rate:,0.0028507718749999993, Number of training points (boundary):,3498, Number of training points (interior):,24998, VRAM allocated:,93068288, VRAM reserved:,29100081152
Epoch:,168800,Training Loss:,1380315155125.676, Learning rate:,0.0028507718749999993, Number of training points (boundary):,3498, Number of training points (interior):,24998, VRAM allocated:,93068288, VRAM reserved:,29100081152
Epoch:,168900,Training Loss:,2497832.3508141874, Learning rate:,0.0028507718749999993, Number of training points (boundary):,3498, Number of training points (interior):,24998, VRAM allocated:,93068288, VRAM reserved:,29100081152
Epoch:,169000,Training Loss:,35676.843700575, Learning rate:,0.0028507718749999993, Number of training points (boundary):,3498, Number of training points (interior):,24998, VRAM allocated:,93068288, VRAM reserved:,29100081152
Epoch:,169100,Training Loss:,2983.7155672167155, Learning rate:,0.0028507718749999993, Number of training points (boundary):,3498, Number of training points (interior):,24998, VRAM allocated:,93068288, VRAM reserved:,29100081152
Epoch:,169200,Training Loss:,4727.589940610207, Learning rate:,0.0028507718749999993, Number of training points (boundary):,3498, Number of training points (interior):,24998, VRAM allocated:,93068288, VRAM reserved:,29100081152
Epoch:,169300,Training Loss:,214245.20366149832, Learning rate:,0.0028507718749999993, Number of training points (boundary):,3498, Number of training points (interior):,24998, VRAM allocated:,93068288, VRAM reserved:,29100081152
Epoch:,169400,Training Loss:,134134658425.48076, Learning rate:,0.0028507718749999993, Number of training points (boundary):,3498, Number of training points (interior):,24998, VRAM allocated:,93068288, VRAM reserved:,29100081152
Epoch:,169500,Training Loss:,87100711.91613036, Learning rate:,0.0028507718749999993, Number of training points (boundary):,3498, Number of training points (interior):,24998, VRAM allocated:,93068288, VRAM reserved:,29100081152
Epoch:,169600,Training Loss:,2898581.7761066216, Learning rate:,0.0028507718749999993, Number of training points (boundary):,3498, Number of training points (interior):,24998, VRAM allocated:,93068288, VRAM reserved:,29100081152
Epoch:,169700,Training Loss:,101722645.78613126, Learning rate:,0.0028507718749999993, Number of training points (boundary):,3498, Number of training points (interior):,24998, VRAM allocated:,93068288, VRAM reserved:,29100081152
Epoch:,169800,Training Loss:,41764455930617.58, Learning rate:,0.0028507718749999993, Number of training points (boundary):,3498, Number of training points (interior):,24998, VRAM allocated:,93068288, VRAM reserved:,29100081152
Epoch:,169900,Training Loss:,9.98056341949824e+22, Learning rate:,0.0028507718749999993, Number of training points (boundary):,3498, Number of training points (interior):,24998, VRAM allocated:,93068288, VRAM reserved:,29100081152
Epoch:,170000,Training Loss:,5.4981998106192486e+23, Learning rate:,0.0028507718749999993, Number of training points (boundary):,3498, Number of training points (interior):,24998, VRAM allocated:,93068288, VRAM reserved:,29100081152
Epoch:,170100,Training Loss:,5300659773805.966, Learning rate:,0.0028507718749999993, Number of training points (boundary):,3498, Number of training points (interior):,24998, VRAM allocated:,93068288, VRAM reserved:,29100081152
Epoch:,170200,Training Loss:,1.7051046898132746e+19, Learning rate:,0.0028507718749999993, Number of training points (boundary):,3498, Number of training points (interior):,24998, VRAM allocated:,93068288, VRAM reserved:,29100081152
Epoch:,170300,Training Loss:,3213201509.3945456, Learning rate:,0.0028507718749999993, Number of training points (boundary):,3498, Number of training points (interior):,24998, VRAM allocated:,93068288, VRAM reserved:,29100081152
Epoch:,170400,Training Loss:,33799.49246274037, Learning rate:,0.0028507718749999993, Number of training points (boundary):,3498, Number of training points (interior):,24998, VRAM allocated:,93068288, VRAM reserved:,29100081152
Epoch:,170500,Training Loss:,6953063030191061.0, Learning rate:,0.0028507718749999993, Number of training points (boundary):,3498, Number of training points (interior):,24998, VRAM allocated:,93068288, VRAM reserved:,29100081152
Epoch:,170600,Training Loss:,364941.02350845776, Learning rate:,0.0028507718749999993, Number of training points (boundary):,3498, Number of training points (interior):,24998, VRAM allocated:,93068288, VRAM reserved:,29100081152
Epoch:,170700,Training Loss:,2019.8408832097873, Learning rate:,0.0028507718749999993, Number of training points (boundary):,3498, Number of training points (interior):,24998, VRAM allocated:,93068288, VRAM reserved:,29100081152
Epoch:,170800,Training Loss:,69869.75615467537, Learning rate:,0.0028507718749999993, Number of training points (boundary):,3498, Number of training points (interior):,24998, VRAM allocated:,93068288, VRAM reserved:,29100081152
Epoch:,170900,Training Loss:,40746581583150.91, Learning rate:,0.0028507718749999993, Number of training points (boundary):,3498, Number of training points (interior):,24998, VRAM allocated:,93068288, VRAM reserved:,29100081152
Epoch:,171000,Training Loss:,3130767761.3206787, Learning rate:,0.0028507718749999993, Number of training points (boundary):,3498, Number of training points (interior):,24998, VRAM allocated:,93068288, VRAM reserved:,29100081152
Epoch:,171100,Training Loss:,1258123021.4877038, Learning rate:,0.0028507718749999993, Number of training points (boundary):,3498, Number of training points (interior):,24998, VRAM allocated:,93068288, VRAM reserved:,29100081152
Epoch:,171200,Training Loss:,109299109.7439765, Learning rate:,0.0028507718749999993, Number of training points (boundary):,3498, Number of training points (interior):,24998, VRAM allocated:,93068288, VRAM reserved:,29100081152
Epoch:,171300,Training Loss:,9.440158060164342e+20, Learning rate:,0.0028507718749999993, Number of training points (boundary):,3498, Number of training points (interior):,24998, VRAM allocated:,93068288, VRAM reserved:,29100081152
Epoch:,171400,Training Loss:,4546825555.305711, Learning rate:,0.0028507718749999993, Number of training points (boundary):,3498, Number of training points (interior):,24998, VRAM allocated:,93068288, VRAM reserved:,29100081152
Epoch:,171500,Training Loss:,2819971759.765264, Learning rate:,0.0028507718749999993, Number of training points (boundary):,3498, Number of training points (interior):,24998, VRAM allocated:,93068288, VRAM reserved:,29100081152
Epoch:,171600,Training Loss:,17501159466572.434, Learning rate:,0.0028507718749999993, Number of training points (boundary):,3498, Number of training points (interior):,24998, VRAM allocated:,93068288, VRAM reserved:,29100081152
Epoch:,171700,Training Loss:,9694641524.400652, Learning rate:,0.0028507718749999993, Number of training points (boundary):,3498, Number of training points (interior):,24998, VRAM allocated:,93068288, VRAM reserved:,29100081152
Epoch:,171800,Training Loss:,23201214372.25857, Learning rate:,0.0028507718749999993, Number of training points (boundary):,3498, Number of training points (interior):,24998, VRAM allocated:,93068288, VRAM reserved:,29100081152
Epoch:,171900,Training Loss:,224978952331340.97, Learning rate:,0.0028507718749999993, Number of training points (boundary):,3498, Number of training points (interior):,24998, VRAM allocated:,93068288, VRAM reserved:,29100081152
Epoch:,172000,Training Loss:,63855655823.52315, Learning rate:,0.0028507718749999993, Number of training points (boundary):,3498, Number of training points (interior):,24998, VRAM allocated:,93068288, VRAM reserved:,29100081152
Epoch:,172100,Training Loss:,595258991738.2312, Learning rate:,0.0028507718749999993, Number of training points (boundary):,3498, Number of training points (interior):,24998, VRAM allocated:,93068288, VRAM reserved:,29100081152
Epoch:,172200,Training Loss:,578379.6731366456, Learning rate:,0.0028507718749999993, Number of training points (boundary):,3498, Number of training points (interior):,24998, VRAM allocated:,93068288, VRAM reserved:,29100081152
Epoch:,172300,Training Loss:,626029139.0841107, Learning rate:,0.0028507718749999993, Number of training points (boundary):,3498, Number of training points (interior):,24998, VRAM allocated:,93068288, VRAM reserved:,29100081152
Epoch:,172400,Training Loss:,407166.7503084016, Learning rate:,0.0028507718749999993, Number of training points (boundary):,3498, Number of training points (interior):,24998, VRAM allocated:,93068288, VRAM reserved:,29100081152
Epoch:,172500,Training Loss:,102755.07399131893, Learning rate:,0.0028507718749999993, Number of training points (boundary):,3498, Number of training points (interior):,24998, VRAM allocated:,93068288, VRAM reserved:,29100081152
Epoch:,172600,Training Loss:,14804.357980397923, Learning rate:,0.0028507718749999993, Number of training points (boundary):,3498, Number of training points (interior):,24998, VRAM allocated:,93068288, VRAM reserved:,29100081152
Epoch:,172700,Training Loss:,2.35712292387009e+23, Learning rate:,0.0028507718749999993, Number of training points (boundary):,3498, Number of training points (interior):,24998, VRAM allocated:,93068288, VRAM reserved:,29100081152
Epoch:,172800,Training Loss:,1587761848956630.8, Learning rate:,0.0028507718749999993, Number of training points (boundary):,3498, Number of training points (interior):,24998, VRAM allocated:,93068288, VRAM reserved:,29100081152
Epoch:,172900,Training Loss:,23900088.385961253, Learning rate:,0.0028507718749999993, Number of training points (boundary):,3498, Number of training points (interior):,24998, VRAM allocated:,93068288, VRAM reserved:,29100081152
Epoch:,173000,Training Loss:,1732308.4084398968, Learning rate:,0.0028507718749999993, Number of training points (boundary):,3498, Number of training points (interior):,24998, VRAM allocated:,93068288, VRAM reserved:,29100081152
Epoch:,173100,Training Loss:,1.941205405272769e+17, Learning rate:,0.0028507718749999993, Number of training points (boundary):,3498, Number of training points (interior):,24998, VRAM allocated:,93068288, VRAM reserved:,29100081152
Epoch:,173200,Training Loss:,3485665057313.02, Learning rate:,0.0028507718749999993, Number of training points (boundary):,3498, Number of training points (interior):,24998, VRAM allocated:,93068288, VRAM reserved:,29100081152
Epoch:,173300,Training Loss:,280041857.95137393, Learning rate:,0.0028507718749999993, Number of training points (boundary):,3498, Number of training points (interior):,24998, VRAM allocated:,93068288, VRAM reserved:,29100081152
Epoch:,173400,Training Loss:,15975711581.516125, Learning rate:,0.0028507718749999993, Number of training points (boundary):,3498, Number of training points (interior):,24998, VRAM allocated:,93068288, VRAM reserved:,29100081152
Epoch:,173500,Training Loss:,348539371119073.6, Learning rate:,0.0028507718749999993, Number of training points (boundary):,3498, Number of training points (interior):,24998, VRAM allocated:,93068288, VRAM reserved:,29100081152
Epoch:,173600,Training Loss:,1.2936553373613324e+16, Learning rate:,0.0028507718749999993, Number of training points (boundary):,3498, Number of training points (interior):,24998, VRAM allocated:,93068288, VRAM reserved:,29100081152
Epoch:,173700,Training Loss:,7.172493597798914e+19, Learning rate:,0.0028507718749999993, Number of training points (boundary):,3498, Number of training points (interior):,24998, VRAM allocated:,93068288, VRAM reserved:,29100081152
Epoch:,173800,Training Loss:,1021233683694.9006, Learning rate:,0.0028507718749999993, Number of training points (boundary):,3498, Number of training points (interior):,24998, VRAM allocated:,93068288, VRAM reserved:,29100081152
Epoch:,173900,Training Loss:,1.194073888098828e+17, Learning rate:,0.0028507718749999993, Number of training points (boundary):,3498, Number of training points (interior):,24998, VRAM allocated:,93068288, VRAM reserved:,29100081152
Epoch:,174000,Training Loss:,29483412.555381075, Learning rate:,0.0028507718749999993, Number of training points (boundary):,3498, Number of training points (interior):,24998, VRAM allocated:,93068288, VRAM reserved:,29100081152
Epoch:,174100,Training Loss:,854190.8418741877, Learning rate:,0.0028507718749999993, Number of training points (boundary):,3498, Number of training points (interior):,24998, VRAM allocated:,93068288, VRAM reserved:,29100081152
Epoch:,174200,Training Loss:,50175651850827.945, Learning rate:,0.0028507718749999993, Number of training points (boundary):,3498, Number of training points (interior):,24998, VRAM allocated:,93068288, VRAM reserved:,29100081152
Epoch:,174300,Training Loss:,585644652.4672128, Learning rate:,0.0028507718749999993, Number of training points (boundary):,3498, Number of training points (interior):,24998, VRAM allocated:,93068288, VRAM reserved:,29100081152
Epoch:,174400,Training Loss:,10341958985230.412, Learning rate:,0.0028507718749999993, Number of training points (boundary):,3498, Number of training points (interior):,24998, VRAM allocated:,93068288, VRAM reserved:,29100081152
Epoch:,174500,Training Loss:,880089.7336283692, Learning rate:,0.0028507718749999993, Number of training points (boundary):,3498, Number of training points (interior):,24998, VRAM allocated:,93068288, VRAM reserved:,29100081152
Epoch:,174600,Training Loss:,18007.46850773275, Learning rate:,0.0028507718749999993, Number of training points (boundary):,3498, Number of training points (interior):,24998, VRAM allocated:,93068288, VRAM reserved:,29100081152
Epoch:,174700,Training Loss:,6936579.895234235, Learning rate:,0.0028507718749999993, Number of training points (boundary):,3498, Number of training points (interior):,24998, VRAM allocated:,93068288, VRAM reserved:,29100081152
Epoch:,174800,Training Loss:,5.539401451136148e+19, Learning rate:,0.0028507718749999993, Number of training points (boundary):,3498, Number of training points (interior):,24998, VRAM allocated:,93068288, VRAM reserved:,29100081152
Epoch:,174900,Training Loss:,1.0294824482629748e+20, Learning rate:,0.0028507718749999993, Number of training points (boundary):,3498, Number of training points (interior):,24998, VRAM allocated:,93068288, VRAM reserved:,29100081152
Epoch:,175000,Training Loss:,9847605.544872833, Learning rate:,0.0028507718749999993, Number of training points (boundary):,3498, Number of training points (interior):,24998, VRAM allocated:,93068288, VRAM reserved:,29100081152
Epoch:,175100,Training Loss:,246759.62332949077, Learning rate:,0.0028507718749999993, Number of training points (boundary):,3498, Number of training points (interior):,24998, VRAM allocated:,93068288, VRAM reserved:,29100081152
Epoch:,175200,Training Loss:,313187.29373273347, Learning rate:,0.0028507718749999993, Number of training points (boundary):,3498, Number of training points (interior):,24998, VRAM allocated:,93068288, VRAM reserved:,29100081152
Epoch:,175300,Training Loss:,157024313336.44495, Learning rate:,0.0028507718749999993, Number of training points (boundary):,3498, Number of training points (interior):,24998, VRAM allocated:,93068288, VRAM reserved:,29100081152
Epoch:,175400,Training Loss:,1621315518478.1748, Learning rate:,0.0028507718749999993, Number of training points (boundary):,3498, Number of training points (interior):,24998, VRAM allocated:,93068288, VRAM reserved:,29100081152
Epoch:,175500,Training Loss:,42174336.69161971, Learning rate:,0.0028507718749999993, Number of training points (boundary):,3498, Number of training points (interior):,24998, VRAM allocated:,93068288, VRAM reserved:,29100081152
Epoch:,175600,Training Loss:,581392337607.9823, Learning rate:,0.0028507718749999993, Number of training points (boundary):,3498, Number of training points (interior):,24998, VRAM allocated:,93068288, VRAM reserved:,29100081152
Epoch:,175700,Training Loss:,32771.15837061334, Learning rate:,0.0028507718749999993, Number of training points (boundary):,3498, Number of training points (interior):,24998, VRAM allocated:,93068288, VRAM reserved:,29100081152
Epoch:,175800,Training Loss:,5808692.645363374, Learning rate:,0.0028507718749999993, Number of training points (boundary):,3498, Number of training points (interior):,24998, VRAM allocated:,93068288, VRAM reserved:,29100081152
Epoch:,175900,Training Loss:,1308168107007.8262, Learning rate:,0.0028507718749999993, Number of training points (boundary):,3498, Number of training points (interior):,24998, VRAM allocated:,93068288, VRAM reserved:,29100081152
Epoch:,176000,Training Loss:,5021351717504.85, Learning rate:,0.0028507718749999993, Number of training points (boundary):,3498, Number of training points (interior):,24998, VRAM allocated:,93068288, VRAM reserved:,29100081152
Epoch:,176100,Training Loss:,7.391958150850797e+20, Learning rate:,0.0028507718749999993, Number of training points (boundary):,3498, Number of training points (interior):,24998, VRAM allocated:,93068288, VRAM reserved:,29100081152
Epoch:,176200,Training Loss:,196463522.4416874, Learning rate:,0.0028507718749999993, Number of training points (boundary):,3498, Number of training points (interior):,24998, VRAM allocated:,93068288, VRAM reserved:,29100081152
Epoch:,176300,Training Loss:,2895292.899318538, Learning rate:,0.0028507718749999993, Number of training points (boundary):,3498, Number of training points (interior):,24998, VRAM allocated:,93068288, VRAM reserved:,29100081152
Epoch:,176400,Training Loss:,44717004636382.91, Learning rate:,0.0028507718749999993, Number of training points (boundary):,3498, Number of training points (interior):,24998, VRAM allocated:,93068288, VRAM reserved:,29100081152
Epoch:,176500,Training Loss:,1948353678.2621033, Learning rate:,0.0028507718749999993, Number of training points (boundary):,3498, Number of training points (interior):,24998, VRAM allocated:,93068288, VRAM reserved:,29100081152
Epoch:,176600,Training Loss:,3111283124425.4062, Learning rate:,0.0028507718749999993, Number of training points (boundary):,3498, Number of training points (interior):,24998, VRAM allocated:,93068288, VRAM reserved:,29100081152
Epoch:,176700,Training Loss:,2845101149868748.0, Learning rate:,0.0028507718749999993, Number of training points (boundary):,3498, Number of training points (interior):,24998, VRAM allocated:,93068288, VRAM reserved:,29100081152
Epoch:,176800,Training Loss:,34861079.01094252, Learning rate:,0.0028507718749999993, Number of training points (boundary):,3498, Number of training points (interior):,24998, VRAM allocated:,93068288, VRAM reserved:,29100081152
Epoch:,176900,Training Loss:,9.910079832913198e+16, Learning rate:,0.0028507718749999993, Number of training points (boundary):,3498, Number of training points (interior):,24998, VRAM allocated:,93068288, VRAM reserved:,29100081152
Epoch:,177000,Training Loss:,7554672942.051075, Learning rate:,0.0028507718749999993, Number of training points (boundary):,3498, Number of training points (interior):,24998, VRAM allocated:,93068288, VRAM reserved:,29100081152
Epoch:,177100,Training Loss:,1.75241963917566e+17, Learning rate:,0.0028507718749999993, Number of training points (boundary):,3498, Number of training points (interior):,24998, VRAM allocated:,93068288, VRAM reserved:,29100081152
Epoch:,177200,Training Loss:,128071739.58943708, Learning rate:,0.0028507718749999993, Number of training points (boundary):,3498, Number of training points (interior):,24998, VRAM allocated:,93068288, VRAM reserved:,29100081152
Epoch:,177300,Training Loss:,6.132635665235688e+23, Learning rate:,0.0028507718749999993, Number of training points (boundary):,3498, Number of training points (interior):,24998, VRAM allocated:,93068288, VRAM reserved:,29100081152
Epoch:,177400,Training Loss:,69495.22943276296, Learning rate:,0.0028507718749999993, Number of training points (boundary):,3498, Number of training points (interior):,24998, VRAM allocated:,93068288, VRAM reserved:,29100081152
Epoch:,177500,Training Loss:,459318.6507236999, Learning rate:,0.0028507718749999993, Number of training points (boundary):,3498, Number of training points (interior):,24998, VRAM allocated:,93068288, VRAM reserved:,29100081152
Epoch:,177600,Training Loss:,20271563.469030127, Learning rate:,0.0028507718749999993, Number of training points (boundary):,3498, Number of training points (interior):,24998, VRAM allocated:,93068288, VRAM reserved:,29100081152
Epoch:,177700,Training Loss:,27615934.883981355, Learning rate:,0.0028507718749999993, Number of training points (boundary):,3498, Number of training points (interior):,24998, VRAM allocated:,93068288, VRAM reserved:,29100081152
Epoch:,177800,Training Loss:,166083660.32103553, Learning rate:,0.0028507718749999993, Number of training points (boundary):,3498, Number of training points (interior):,24998, VRAM allocated:,93068288, VRAM reserved:,29100081152
Epoch:,177900,Training Loss:,1645844449.3022308, Learning rate:,0.0028507718749999993, Number of training points (boundary):,3498, Number of training points (interior):,24998, VRAM allocated:,93068288, VRAM reserved:,29100081152
Epoch:,178000,Training Loss:,7988516.014803915, Learning rate:,0.0028507718749999993, Number of training points (boundary):,3498, Number of training points (interior):,24998, VRAM allocated:,93068288, VRAM reserved:,29100081152
Epoch:,178100,Training Loss:,7.31270113026051e+18, Learning rate:,0.0028507718749999993, Number of training points (boundary):,3498, Number of training points (interior):,24998, VRAM allocated:,93068288, VRAM reserved:,29100081152
Epoch:,178200,Training Loss:,614450988264.8096, Learning rate:,0.0028507718749999993, Number of training points (boundary):,3498, Number of training points (interior):,24998, VRAM allocated:,93068288, VRAM reserved:,29100081152
Epoch:,178300,Training Loss:,6183168478.469072, Learning rate:,0.0028507718749999993, Number of training points (boundary):,3498, Number of training points (interior):,24998, VRAM allocated:,93068288, VRAM reserved:,29100081152
Epoch:,178400,Training Loss:,5.144620141887565e+25, Learning rate:,0.0028507718749999993, Number of training points (boundary):,3498, Number of training points (interior):,24998, VRAM allocated:,93068288, VRAM reserved:,29100081152
Epoch:,178500,Training Loss:,7455892286678.872, Learning rate:,0.0028507718749999993, Number of training points (boundary):,3498, Number of training points (interior):,24998, VRAM allocated:,93068288, VRAM reserved:,29100081152
Epoch:,178600,Training Loss:,131120299.4789966, Learning rate:,0.0028507718749999993, Number of training points (boundary):,3498, Number of training points (interior):,24998, VRAM allocated:,93068288, VRAM reserved:,29100081152
Epoch:,178700,Training Loss:,513537894.83155763, Learning rate:,0.0028507718749999993, Number of training points (boundary):,3498, Number of training points (interior):,24998, VRAM allocated:,93068288, VRAM reserved:,29100081152
Epoch:,178800,Training Loss:,93889.53371582968, Learning rate:,0.0028507718749999993, Number of training points (boundary):,3498, Number of training points (interior):,24998, VRAM allocated:,93068288, VRAM reserved:,29100081152
Epoch:,178900,Training Loss:,6290.929995375685, Learning rate:,0.0028507718749999993, Number of training points (boundary):,3498, Number of training points (interior):,24998, VRAM allocated:,93068288, VRAM reserved:,29100081152
Epoch:,179000,Training Loss:,91.11202835891723, Learning rate:,0.0028507718749999993, Number of training points (boundary):,3498, Number of training points (interior):,24998, VRAM allocated:,93068288, VRAM reserved:,29100081152
Epoch:,179100,Training Loss:,68.94360736816337, Learning rate:,0.0028507718749999993, Number of training points (boundary):,3498, Number of training points (interior):,24998, VRAM allocated:,93068288, VRAM reserved:,29100081152
Epoch:,179200,Training Loss:,2960.8292141685747, Learning rate:,0.0028507718749999993, Number of training points (boundary):,3498, Number of training points (interior):,24998, VRAM allocated:,93068288, VRAM reserved:,29100081152
Epoch:,179300,Training Loss:,16046.30095435845, Learning rate:,0.0028507718749999993, Number of training points (boundary):,3498, Number of training points (interior):,24998, VRAM allocated:,93068288, VRAM reserved:,29100081152
Epoch:,179400,Training Loss:,8.000196173761076e+20, Learning rate:,0.0028507718749999993, Number of training points (boundary):,3498, Number of training points (interior):,24998, VRAM allocated:,93068288, VRAM reserved:,29100081152
Epoch:,179500,Training Loss:,9.478674023955883e+16, Learning rate:,0.0028507718749999993, Number of training points (boundary):,3498, Number of training points (interior):,24998, VRAM allocated:,93068288, VRAM reserved:,29100081152
Epoch:,179600,Training Loss:,5720473913.885881, Learning rate:,0.0028507718749999993, Number of training points (boundary):,3498, Number of training points (interior):,24998, VRAM allocated:,93068288, VRAM reserved:,29100081152
Epoch:,179700,Training Loss:,20654745.92633831, Learning rate:,0.0028507718749999993, Number of training points (boundary):,3498, Number of training points (interior):,24998, VRAM allocated:,93068288, VRAM reserved:,29100081152
Epoch:,179800,Training Loss:,5279034777749.892, Learning rate:,0.0028507718749999993, Number of training points (boundary):,3498, Number of training points (interior):,24998, VRAM allocated:,93068288, VRAM reserved:,29100081152
Epoch:,179900,Training Loss:,193934943534.8762, Learning rate:,0.0028507718749999993, Number of training points (boundary):,3498, Number of training points (interior):,24998, VRAM allocated:,93068288, VRAM reserved:,29100081152
Epoch:,180000,Training Loss:,4603045.174370986, Learning rate:,0.0028507718749999993, Number of training points (boundary):,3498, Number of training points (interior):,24998, VRAM allocated:,93068288, VRAM reserved:,29100081152
Epoch:,180100,Training Loss:,56277508795348.54, Learning rate:,0.0028507718749999993, Number of training points (boundary):,3498, Number of training points (interior):,24998, VRAM allocated:,93068288, VRAM reserved:,29100081152
Epoch:,180200,Training Loss:,1360881617.5553522, Learning rate:,0.0028507718749999993, Number of training points (boundary):,3498, Number of training points (interior):,24998, VRAM allocated:,93068288, VRAM reserved:,29100081152
Epoch:,180300,Training Loss:,2.2301101601636646e+18, Learning rate:,0.0028507718749999993, Number of training points (boundary):,3498, Number of training points (interior):,24998, VRAM allocated:,93068288, VRAM reserved:,29100081152
Epoch:,180400,Training Loss:,160844977265.5133, Learning rate:,0.0028507718749999993, Number of training points (boundary):,3498, Number of training points (interior):,24998, VRAM allocated:,93068288, VRAM reserved:,29100081152
Epoch:,180500,Training Loss:,9435.560470406524, Learning rate:,0.0028507718749999993, Number of training points (boundary):,3498, Number of training points (interior):,24998, VRAM allocated:,93068288, VRAM reserved:,29100081152
Epoch:,180600,Training Loss:,19629.424307971847, Learning rate:,0.0028507718749999993, Number of training points (boundary):,3498, Number of training points (interior):,24998, VRAM allocated:,93068288, VRAM reserved:,29100081152
Epoch:,180700,Training Loss:,7601365809093.205, Learning rate:,0.0028507718749999993, Number of training points (boundary):,3498, Number of training points (interior):,24998, VRAM allocated:,93068288, VRAM reserved:,29100081152
Epoch:,180800,Training Loss:,5092447675.677969, Learning rate:,0.0028507718749999993, Number of training points (boundary):,3498, Number of training points (interior):,24998, VRAM allocated:,93068288, VRAM reserved:,29100081152
Epoch:,180900,Training Loss:,2657709865.5842905, Learning rate:,0.0028507718749999993, Number of training points (boundary):,3498, Number of training points (interior):,24998, VRAM allocated:,93068288, VRAM reserved:,29100081152
Epoch:,181000,Training Loss:,9.75060436757151e+21, Learning rate:,0.0028507718749999993, Number of training points (boundary):,3498, Number of training points (interior):,24998, VRAM allocated:,93068288, VRAM reserved:,29100081152
Epoch:,181100,Training Loss:,9569515764628264.0, Learning rate:,0.0028507718749999993, Number of training points (boundary):,3498, Number of training points (interior):,24998, VRAM allocated:,93068288, VRAM reserved:,29100081152
Epoch:,181200,Training Loss:,5322457.907287464, Learning rate:,0.0028507718749999993, Number of training points (boundary):,3498, Number of training points (interior):,24998, VRAM allocated:,93068288, VRAM reserved:,29100081152
Epoch:,181300,Training Loss:,6266286.845883544, Learning rate:,0.0028507718749999993, Number of training points (boundary):,3498, Number of training points (interior):,24998, VRAM allocated:,93068288, VRAM reserved:,29100081152
Epoch:,181400,Training Loss:,2819886622.2662354, Learning rate:,0.0028507718749999993, Number of training points (boundary):,3498, Number of training points (interior):,24998, VRAM allocated:,93068288, VRAM reserved:,29100081152
Epoch:,181500,Training Loss:,1.4053220949292572e+21, Learning rate:,0.0028507718749999993, Number of training points (boundary):,3498, Number of training points (interior):,24998, VRAM allocated:,93068288, VRAM reserved:,29100081152
Epoch:,181600,Training Loss:,1.8361846166217708e+18, Learning rate:,0.0028507718749999993, Number of training points (boundary):,3498, Number of training points (interior):,24998, VRAM allocated:,93068288, VRAM reserved:,29100081152
Epoch:,181700,Training Loss:,3906580355.289755, Learning rate:,0.0028507718749999993, Number of training points (boundary):,3498, Number of training points (interior):,24998, VRAM allocated:,93068288, VRAM reserved:,29100081152
Epoch:,181800,Training Loss:,41095597309308.01, Learning rate:,0.0028507718749999993, Number of training points (boundary):,3498, Number of training points (interior):,24998, VRAM allocated:,93068288, VRAM reserved:,29100081152
Epoch:,181900,Training Loss:,3614826176.6849823, Learning rate:,0.0028507718749999993, Number of training points (boundary):,3498, Number of training points (interior):,24998, VRAM allocated:,93068288, VRAM reserved:,29100081152
Epoch:,182000,Training Loss:,5435563665520.351, Learning rate:,0.0028507718749999993, Number of training points (boundary):,3498, Number of training points (interior):,24998, VRAM allocated:,93068288, VRAM reserved:,29100081152
Epoch:,182100,Training Loss:,6.939551558316659e+18, Learning rate:,0.0028507718749999993, Number of training points (boundary):,3498, Number of training points (interior):,24998, VRAM allocated:,93068288, VRAM reserved:,29100081152
Epoch:,182200,Training Loss:,60046042.62804488, Learning rate:,0.0028507718749999993, Number of training points (boundary):,3498, Number of training points (interior):,24998, VRAM allocated:,93068288, VRAM reserved:,29100081152
Epoch:,182300,Training Loss:,197951513912.2991, Learning rate:,0.0028507718749999993, Number of training points (boundary):,3498, Number of training points (interior):,24998, VRAM allocated:,93068288, VRAM reserved:,29100081152
Epoch:,182400,Training Loss:,1.4605689860339027e+17, Learning rate:,0.0028507718749999993, Number of training points (boundary):,3498, Number of training points (interior):,24998, VRAM allocated:,93068288, VRAM reserved:,29100081152
Epoch:,182500,Training Loss:,1.02353282915502e+23, Learning rate:,0.0028507718749999993, Number of training points (boundary):,3498, Number of training points (interior):,24998, VRAM allocated:,93068288, VRAM reserved:,29100081152
Epoch:,182600,Training Loss:,2.0550834729410388e+18, Learning rate:,0.0028507718749999993, Number of training points (boundary):,3498, Number of training points (interior):,24998, VRAM allocated:,93068288, VRAM reserved:,29100081152
Epoch:,182700,Training Loss:,3920174169343.613, Learning rate:,0.0028507718749999993, Number of training points (boundary):,3498, Number of training points (interior):,24998, VRAM allocated:,93068288, VRAM reserved:,29100081152
Epoch:,182800,Training Loss:,131717241790398.36, Learning rate:,0.0028507718749999993, Number of training points (boundary):,3498, Number of training points (interior):,24998, VRAM allocated:,93068288, VRAM reserved:,29100081152
Epoch:,182900,Training Loss:,21772459408.32068, Learning rate:,0.0028507718749999993, Number of training points (boundary):,3498, Number of training points (interior):,24998, VRAM allocated:,93068288, VRAM reserved:,29100081152
Epoch:,183000,Training Loss:,3403326786609024.0, Learning rate:,0.0028507718749999993, Number of training points (boundary):,3498, Number of training points (interior):,24998, VRAM allocated:,93068288, VRAM reserved:,29100081152
Epoch:,183100,Training Loss:,17755174658.342037, Learning rate:,0.0028507718749999993, Number of training points (boundary):,3498, Number of training points (interior):,24998, VRAM allocated:,93068288, VRAM reserved:,29100081152
Epoch:,183200,Training Loss:,6353316.529780707, Learning rate:,0.0028507718749999993, Number of training points (boundary):,3498, Number of training points (interior):,24998, VRAM allocated:,93068288, VRAM reserved:,29100081152
Epoch:,183300,Training Loss:,1925289293.2802958, Learning rate:,0.0028507718749999993, Number of training points (boundary):,3498, Number of training points (interior):,24998, VRAM allocated:,93068288, VRAM reserved:,29100081152
Epoch:,183400,Training Loss:,95523196814.3532, Learning rate:,0.0028507718749999993, Number of training points (boundary):,3498, Number of training points (interior):,24998, VRAM allocated:,93068288, VRAM reserved:,29100081152
Epoch:,183500,Training Loss:,22258972998407.156, Learning rate:,0.0028507718749999993, Number of training points (boundary):,3498, Number of training points (interior):,24998, VRAM allocated:,93068288, VRAM reserved:,29100081152
Epoch:,183600,Training Loss:,207229377939.29144, Learning rate:,0.0028507718749999993, Number of training points (boundary):,3498, Number of training points (interior):,24998, VRAM allocated:,93068288, VRAM reserved:,29100081152
Epoch:,183700,Training Loss:,24690813563368.047, Learning rate:,0.0028507718749999993, Number of training points (boundary):,3498, Number of training points (interior):,24998, VRAM allocated:,93068288, VRAM reserved:,29100081152
Epoch:,183800,Training Loss:,56378225089.12821, Learning rate:,0.0028507718749999993, Number of training points (boundary):,3498, Number of training points (interior):,24998, VRAM allocated:,93068288, VRAM reserved:,29100081152
Epoch:,183900,Training Loss:,80859.7092078166, Learning rate:,0.0028507718749999993, Number of training points (boundary):,3498, Number of training points (interior):,24998, VRAM allocated:,93068288, VRAM reserved:,29100081152
Epoch:,184000,Training Loss:,4939263.381226413, Learning rate:,0.0028507718749999993, Number of training points (boundary):,3498, Number of training points (interior):,24998, VRAM allocated:,93068288, VRAM reserved:,29100081152
Epoch:,184100,Training Loss:,18886440.253248733, Learning rate:,0.0028507718749999993, Number of training points (boundary):,3498, Number of training points (interior):,24998, VRAM allocated:,93068288, VRAM reserved:,29100081152
Epoch:,184200,Training Loss:,118663043604053.67, Learning rate:,0.0028507718749999993, Number of training points (boundary):,3498, Number of training points (interior):,24998, VRAM allocated:,93068288, VRAM reserved:,29100081152
Epoch:,184300,Training Loss:,1442375019.7990203, Learning rate:,0.0028507718749999993, Number of training points (boundary):,3498, Number of training points (interior):,24998, VRAM allocated:,93068288, VRAM reserved:,29100081152
Epoch:,184400,Training Loss:,17767349121604.926, Learning rate:,0.0028507718749999993, Number of training points (boundary):,3498, Number of training points (interior):,24998, VRAM allocated:,93068288, VRAM reserved:,29100081152
Epoch:,184500,Training Loss:,4428759155.4162, Learning rate:,0.0028507718749999993, Number of training points (boundary):,3498, Number of training points (interior):,24998, VRAM allocated:,93068288, VRAM reserved:,29100081152
Epoch:,184600,Training Loss:,805982733.6300446, Learning rate:,0.0028507718749999993, Number of training points (boundary):,3498, Number of training points (interior):,24998, VRAM allocated:,93068288, VRAM reserved:,29100081152
Epoch:,184700,Training Loss:,1.2771770048007148e+26, Learning rate:,0.0028507718749999993, Number of training points (boundary):,3498, Number of training points (interior):,24998, VRAM allocated:,93068288, VRAM reserved:,29100081152
Epoch:,184800,Training Loss:,225796822426.44183, Learning rate:,0.0028507718749999993, Number of training points (boundary):,3498, Number of training points (interior):,24998, VRAM allocated:,93068288, VRAM reserved:,29100081152
Epoch:,184900,Training Loss:,125758502.33145921, Learning rate:,0.0028507718749999993, Number of training points (boundary):,3498, Number of training points (interior):,24998, VRAM allocated:,93068288, VRAM reserved:,29100081152
Epoch:,185000,Training Loss:,38432274639.79, Learning rate:,0.0028507718749999993, Number of training points (boundary):,3498, Number of training points (interior):,24998, VRAM allocated:,93068288, VRAM reserved:,29100081152
Epoch:,185100,Training Loss:,3.3883668516915085e+20, Learning rate:,0.0028507718749999993, Number of training points (boundary):,3498, Number of training points (interior):,24998, VRAM allocated:,93068288, VRAM reserved:,29100081152
Epoch:,185200,Training Loss:,1.5644419677627328e+16, Learning rate:,0.0028507718749999993, Number of training points (boundary):,3498, Number of training points (interior):,24998, VRAM allocated:,93068288, VRAM reserved:,29100081152
Epoch:,185300,Training Loss:,34134296695.37498, Learning rate:,0.0028507718749999993, Number of training points (boundary):,3498, Number of training points (interior):,24998, VRAM allocated:,93068288, VRAM reserved:,29100081152
Epoch:,185400,Training Loss:,631960248.7556492, Learning rate:,0.0028507718749999993, Number of training points (boundary):,3498, Number of training points (interior):,24998, VRAM allocated:,93068288, VRAM reserved:,29100081152
Epoch:,185500,Training Loss:,60714165.91635866, Learning rate:,0.0028507718749999993, Number of training points (boundary):,3498, Number of training points (interior):,24998, VRAM allocated:,93068288, VRAM reserved:,29100081152
Epoch:,185600,Training Loss:,1956293099068.24, Learning rate:,0.0028507718749999993, Number of training points (boundary):,3498, Number of training points (interior):,24998, VRAM allocated:,93068288, VRAM reserved:,29100081152
Epoch:,185700,Training Loss:,105799882911.5363, Learning rate:,0.0028507718749999993, Number of training points (boundary):,3498, Number of training points (interior):,24998, VRAM allocated:,93068288, VRAM reserved:,29100081152
Epoch:,185800,Training Loss:,19817066066.527805, Learning rate:,0.0028507718749999993, Number of training points (boundary):,3498, Number of training points (interior):,24998, VRAM allocated:,93068288, VRAM reserved:,29100081152
Epoch:,185900,Training Loss:,30993433.240951717, Learning rate:,0.0028507718749999993, Number of training points (boundary):,3498, Number of training points (interior):,24998, VRAM allocated:,93068288, VRAM reserved:,29100081152
Epoch:,186000,Training Loss:,39971917.41476819, Learning rate:,0.0028507718749999993, Number of training points (boundary):,3498, Number of training points (interior):,24998, VRAM allocated:,93068288, VRAM reserved:,29100081152
Epoch:,186100,Training Loss:,5318.280769795657, Learning rate:,0.0028507718749999993, Number of training points (boundary):,3498, Number of training points (interior):,24998, VRAM allocated:,93068288, VRAM reserved:,29100081152
Epoch:,186200,Training Loss:,1320902.3601224008, Learning rate:,0.0028507718749999993, Number of training points (boundary):,3498, Number of training points (interior):,24998, VRAM allocated:,93068288, VRAM reserved:,29100081152
Epoch:,186300,Training Loss:,1326034441085.4656, Learning rate:,0.0028507718749999993, Number of training points (boundary):,3498, Number of training points (interior):,24998, VRAM allocated:,93068288, VRAM reserved:,29100081152
Epoch:,186400,Training Loss:,5406228.059805528, Learning rate:,0.0028507718749999993, Number of training points (boundary):,3498, Number of training points (interior):,24998, VRAM allocated:,93068288, VRAM reserved:,29100081152
Epoch:,186500,Training Loss:,26554823089343.387, Learning rate:,0.0028507718749999993, Number of training points (boundary):,3498, Number of training points (interior):,24998, VRAM allocated:,93068288, VRAM reserved:,29100081152
Epoch:,186600,Training Loss:,140679462624913.16, Learning rate:,0.0028507718749999993, Number of training points (boundary):,3498, Number of training points (interior):,24998, VRAM allocated:,93068288, VRAM reserved:,29100081152
Epoch:,186700,Training Loss:,47173286008.76007, Learning rate:,0.0028507718749999993, Number of training points (boundary):,3498, Number of training points (interior):,24998, VRAM allocated:,93068288, VRAM reserved:,29100081152
Epoch:,186800,Training Loss:,146389577500.1887, Learning rate:,0.0028507718749999993, Number of training points (boundary):,3498, Number of training points (interior):,24998, VRAM allocated:,93068288, VRAM reserved:,29100081152
Epoch:,186900,Training Loss:,361442.533737725, Learning rate:,0.0028507718749999993, Number of training points (boundary):,3498, Number of training points (interior):,24998, VRAM allocated:,93068288, VRAM reserved:,29100081152
Epoch:,187000,Training Loss:,37599034.12324867, Learning rate:,0.0028507718749999993, Number of training points (boundary):,3498, Number of training points (interior):,24998, VRAM allocated:,93068288, VRAM reserved:,29100081152
Epoch:,187100,Training Loss:,172130034.12856966, Learning rate:,0.0028507718749999993, Number of training points (boundary):,3498, Number of training points (interior):,24998, VRAM allocated:,93068288, VRAM reserved:,29100081152
Epoch:,187200,Training Loss:,1275469690.548619, Learning rate:,0.0028507718749999993, Number of training points (boundary):,3498, Number of training points (interior):,24998, VRAM allocated:,93068288, VRAM reserved:,29100081152
Epoch:,187300,Training Loss:,2704558035740.1216, Learning rate:,0.0028507718749999993, Number of training points (boundary):,3498, Number of training points (interior):,24998, VRAM allocated:,93068288, VRAM reserved:,29100081152
Epoch:,187400,Training Loss:,197468664.40924478, Learning rate:,0.0028507718749999993, Number of training points (boundary):,3498, Number of training points (interior):,24998, VRAM allocated:,93068288, VRAM reserved:,29100081152
Epoch:,187500,Training Loss:,4222419731562.497, Learning rate:,0.0028507718749999993, Number of training points (boundary):,3498, Number of training points (interior):,24998, VRAM allocated:,93068288, VRAM reserved:,29100081152
Epoch:,187600,Training Loss:,188959.2176336209, Learning rate:,0.0028507718749999993, Number of training points (boundary):,3498, Number of training points (interior):,24998, VRAM allocated:,93068288, VRAM reserved:,29100081152
Epoch:,187700,Training Loss:,47548735320.91988, Learning rate:,0.0028507718749999993, Number of training points (boundary):,3498, Number of training points (interior):,24998, VRAM allocated:,93068288, VRAM reserved:,29100081152
Epoch:,187800,Training Loss:,650881688080684.9, Learning rate:,0.0028507718749999993, Number of training points (boundary):,3498, Number of training points (interior):,24998, VRAM allocated:,93068288, VRAM reserved:,29100081152
Epoch:,187900,Training Loss:,11788475.55758749, Learning rate:,0.0028507718749999993, Number of training points (boundary):,3498, Number of training points (interior):,24998, VRAM allocated:,93068288, VRAM reserved:,29100081152
Epoch:,188000,Training Loss:,3.411111195533862e+20, Learning rate:,0.0028507718749999993, Number of training points (boundary):,3498, Number of training points (interior):,24998, VRAM allocated:,93068288, VRAM reserved:,29100081152
Epoch:,188100,Training Loss:,690506749.6908196, Learning rate:,0.0028507718749999993, Number of training points (boundary):,3498, Number of training points (interior):,24998, VRAM allocated:,93068288, VRAM reserved:,29100081152
Epoch:,188200,Training Loss:,97765519243.94334, Learning rate:,0.0028507718749999993, Number of training points (boundary):,3498, Number of training points (interior):,24998, VRAM allocated:,93068288, VRAM reserved:,29100081152
Epoch:,188300,Training Loss:,7725890.198493189, Learning rate:,0.0028507718749999993, Number of training points (boundary):,3498, Number of training points (interior):,24998, VRAM allocated:,93068288, VRAM reserved:,29100081152
Epoch:,188400,Training Loss:,3.175629754075585e+41, Learning rate:,0.0028507718749999993, Number of training points (boundary):,3498, Number of training points (interior):,24998, VRAM allocated:,93068288, VRAM reserved:,29100081152
Epoch:,188500,Training Loss:,1743168705053.066, Learning rate:,0.0028507718749999993, Number of training points (boundary):,3498, Number of training points (interior):,24998, VRAM allocated:,93068288, VRAM reserved:,29100081152
Epoch:,188600,Training Loss:,11528932350759.277, Learning rate:,0.0028507718749999993, Number of training points (boundary):,3498, Number of training points (interior):,24998, VRAM allocated:,93068288, VRAM reserved:,29100081152
Epoch:,188700,Training Loss:,9.634522482469875e+25, Learning rate:,0.0028507718749999993, Number of training points (boundary):,3498, Number of training points (interior):,24998, VRAM allocated:,93068288, VRAM reserved:,29100081152
Epoch:,188800,Training Loss:,7.691784767088369e+36, Learning rate:,0.0028507718749999993, Number of training points (boundary):,3498, Number of training points (interior):,24998, VRAM allocated:,93068288, VRAM reserved:,29100081152
Epoch:,188900,Training Loss:,4457168.467544064, Learning rate:,0.0028507718749999993, Number of training points (boundary):,3498, Number of training points (interior):,24998, VRAM allocated:,93068288, VRAM reserved:,29100081152
Epoch:,189000,Training Loss:,55863716.637968406, Learning rate:,0.0028507718749999993, Number of training points (boundary):,3498, Number of training points (interior):,24998, VRAM allocated:,93068288, VRAM reserved:,29100081152
Epoch:,189100,Training Loss:,4.562326794479163e+32, Learning rate:,0.0028507718749999993, Number of training points (boundary):,3498, Number of training points (interior):,24998, VRAM allocated:,93068288, VRAM reserved:,29100081152
Epoch:,189200,Training Loss:,26963795.57166976, Learning rate:,0.0028507718749999993, Number of training points (boundary):,3498, Number of training points (interior):,24998, VRAM allocated:,93068288, VRAM reserved:,29100081152
Epoch:,189300,Training Loss:,2134082178024575.2, Learning rate:,0.0028507718749999993, Number of training points (boundary):,3498, Number of training points (interior):,24998, VRAM allocated:,93068288, VRAM reserved:,29100081152
Epoch:,189400,Training Loss:,549797622324.4897, Learning rate:,0.0028507718749999993, Number of training points (boundary):,3498, Number of training points (interior):,24998, VRAM allocated:,93068288, VRAM reserved:,29100081152
Epoch:,189500,Training Loss:,14831679.736490935, Learning rate:,0.0028507718749999993, Number of training points (boundary):,3498, Number of training points (interior):,24998, VRAM allocated:,93068288, VRAM reserved:,29100081152
Epoch:,189600,Training Loss:,1361046.9452729488, Learning rate:,0.0028507718749999993, Number of training points (boundary):,3498, Number of training points (interior):,24998, VRAM allocated:,93068288, VRAM reserved:,29100081152
Epoch:,189700,Training Loss:,2558365307.3752065, Learning rate:,0.0028507718749999993, Number of training points (boundary):,3498, Number of training points (interior):,24998, VRAM allocated:,93068288, VRAM reserved:,29100081152
Epoch:,189800,Training Loss:,1818357996.3917491, Learning rate:,0.0028507718749999993, Number of training points (boundary):,3498, Number of training points (interior):,24998, VRAM allocated:,93068288, VRAM reserved:,29100081152
Epoch:,189900,Training Loss:,5894952.31426147, Learning rate:,0.0028507718749999993, Number of training points (boundary):,3498, Number of training points (interior):,24998, VRAM allocated:,93068288, VRAM reserved:,29100081152
Epoch:,190000,Training Loss:,15799258.820809625, Learning rate:,0.0028507718749999993, Number of training points (boundary):,3498, Number of training points (interior):,24998, VRAM allocated:,93068288, VRAM reserved:,29100081152
Epoch:,190100,Training Loss:,37848054.318396, Learning rate:,0.0028507718749999993, Number of training points (boundary):,3498, Number of training points (interior):,24998, VRAM allocated:,93068288, VRAM reserved:,29100081152
Epoch:,190200,Training Loss:,871724091132.233, Learning rate:,0.0028507718749999993, Number of training points (boundary):,3498, Number of training points (interior):,24998, VRAM allocated:,93068288, VRAM reserved:,29100081152
Epoch:,190300,Training Loss:,276053.69031811634, Learning rate:,0.0028507718749999993, Number of training points (boundary):,3498, Number of training points (interior):,24998, VRAM allocated:,93068288, VRAM reserved:,29100081152
Epoch:,190400,Training Loss:,595792378013.2385, Learning rate:,0.0028507718749999993, Number of training points (boundary):,3498, Number of training points (interior):,24998, VRAM allocated:,93068288, VRAM reserved:,29100081152
Epoch:,190500,Training Loss:,1.925815789792757e+16, Learning rate:,0.0028507718749999993, Number of training points (boundary):,3498, Number of training points (interior):,24998, VRAM allocated:,93068288, VRAM reserved:,29100081152
Epoch:,190600,Training Loss:,26531961.912924394, Learning rate:,0.0028507718749999993, Number of training points (boundary):,3498, Number of training points (interior):,24998, VRAM allocated:,93068288, VRAM reserved:,29100081152
Epoch:,190700,Training Loss:,54232234596.24901, Learning rate:,0.0028507718749999993, Number of training points (boundary):,3498, Number of training points (interior):,24998, VRAM allocated:,93068288, VRAM reserved:,29100081152
Epoch:,190800,Training Loss:,6760414498366.815, Learning rate:,0.0028507718749999993, Number of training points (boundary):,3498, Number of training points (interior):,24998, VRAM allocated:,93068288, VRAM reserved:,29100081152
Epoch:,190900,Training Loss:,4.944437236951882e+18, Learning rate:,0.0028507718749999993, Number of training points (boundary):,3498, Number of training points (interior):,24998, VRAM allocated:,93068288, VRAM reserved:,29100081152
Epoch:,191000,Training Loss:,5.620061655016288e+19, Learning rate:,0.0028507718749999993, Number of training points (boundary):,3498, Number of training points (interior):,24998, VRAM allocated:,93068288, VRAM reserved:,29100081152
Epoch:,191100,Training Loss:,4.848208332436329e+19, Learning rate:,0.0028507718749999993, Number of training points (boundary):,3498, Number of training points (interior):,24998, VRAM allocated:,93068288, VRAM reserved:,29100081152
Epoch:,191200,Training Loss:,142873526392480.25, Learning rate:,0.0028507718749999993, Number of training points (boundary):,3498, Number of training points (interior):,24998, VRAM allocated:,93068288, VRAM reserved:,29100081152
Epoch:,191300,Training Loss:,29222354757892.54, Learning rate:,0.0028507718749999993, Number of training points (boundary):,3498, Number of training points (interior):,24998, VRAM allocated:,93068288, VRAM reserved:,29100081152
Epoch:,191400,Training Loss:,4.530595868969302e+16, Learning rate:,0.0028507718749999993, Number of training points (boundary):,3498, Number of training points (interior):,24998, VRAM allocated:,93068288, VRAM reserved:,29100081152
Epoch:,191500,Training Loss:,3.123068444890037e+17, Learning rate:,0.0028507718749999993, Number of training points (boundary):,3498, Number of training points (interior):,24998, VRAM allocated:,93068288, VRAM reserved:,29100081152
Epoch:,191600,Training Loss:,4.115001363441589e+16, Learning rate:,0.0028507718749999993, Number of training points (boundary):,3498, Number of training points (interior):,24998, VRAM allocated:,93068288, VRAM reserved:,29100081152
Epoch:,191700,Training Loss:,8.013176368121662e+18, Learning rate:,0.0028507718749999993, Number of training points (boundary):,3498, Number of training points (interior):,24998, VRAM allocated:,93068288, VRAM reserved:,29100081152
Epoch:,191800,Training Loss:,113.76762143422357, Learning rate:,0.0028507718749999993, Number of training points (boundary):,3498, Number of training points (interior):,24998, VRAM allocated:,93068288, VRAM reserved:,29100081152
Epoch:,191900,Training Loss:,1628.5747042151547, Learning rate:,0.0028507718749999993, Number of training points (boundary):,3498, Number of training points (interior):,24998, VRAM allocated:,93068288, VRAM reserved:,29100081152
Epoch:,192000,Training Loss:,258.51134486653626, Learning rate:,0.0028507718749999993, Number of training points (boundary):,3498, Number of training points (interior):,24998, VRAM allocated:,93068288, VRAM reserved:,29100081152
Epoch:,192100,Training Loss:,111.99259108402059, Learning rate:,0.0028507718749999993, Number of training points (boundary):,3498, Number of training points (interior):,24998, VRAM allocated:,93068288, VRAM reserved:,29100081152
Epoch:,192200,Training Loss:,112.07329228802918, Learning rate:,0.0028507718749999993, Number of training points (boundary):,3498, Number of training points (interior):,24998, VRAM allocated:,93068288, VRAM reserved:,29100081152
Epoch:,192300,Training Loss:,4944725.4635681985, Learning rate:,0.0028507718749999993, Number of training points (boundary):,3498, Number of training points (interior):,24998, VRAM allocated:,93068288, VRAM reserved:,29100081152
Epoch:,192400,Training Loss:,110.42340219172034, Learning rate:,0.0028507718749999993, Number of training points (boundary):,3498, Number of training points (interior):,24998, VRAM allocated:,93068288, VRAM reserved:,29100081152
Epoch:,192500,Training Loss:,109.94147529054356, Learning rate:,0.0028507718749999993, Number of training points (boundary):,3498, Number of training points (interior):,24998, VRAM allocated:,93068288, VRAM reserved:,29100081152
Epoch:,192600,Training Loss:,187794.60433330704, Learning rate:,0.0028507718749999993, Number of training points (boundary):,3498, Number of training points (interior):,24998, VRAM allocated:,93068288, VRAM reserved:,29100081152
Epoch:,192700,Training Loss:,108.82158996415627, Learning rate:,0.0028507718749999993, Number of training points (boundary):,3498, Number of training points (interior):,24998, VRAM allocated:,93068288, VRAM reserved:,29100081152
Epoch:,192800,Training Loss:,5163511.974276281, Learning rate:,0.0028507718749999993, Number of training points (boundary):,3498, Number of training points (interior):,24998, VRAM allocated:,93068288, VRAM reserved:,29100081152
Epoch:,192900,Training Loss:,107.77760758641264, Learning rate:,0.0028507718749999993, Number of training points (boundary):,3498, Number of training points (interior):,24998, VRAM allocated:,93068288, VRAM reserved:,29100081152
Epoch:,193000,Training Loss:,156.682485323705, Learning rate:,0.0028507718749999993, Number of training points (boundary):,3498, Number of training points (interior):,24998, VRAM allocated:,93068288, VRAM reserved:,29100081152
Epoch:,193100,Training Loss:,106.70301522854001, Learning rate:,0.0028507718749999993, Number of training points (boundary):,3498, Number of training points (interior):,24998, VRAM allocated:,93068288, VRAM reserved:,29100081152
Epoch:,193200,Training Loss:,106.0724558878065, Learning rate:,0.0028507718749999993, Number of training points (boundary):,3498, Number of training points (interior):,24998, VRAM allocated:,93068288, VRAM reserved:,29100081152
Epoch:,193300,Training Loss:,105.49604957696539, Learning rate:,0.0028507718749999993, Number of training points (boundary):,3498, Number of training points (interior):,24998, VRAM allocated:,93068288, VRAM reserved:,29100081152
Epoch:,193400,Training Loss:,104.94130362381213, Learning rate:,0.0028507718749999993, Number of training points (boundary):,3498, Number of training points (interior):,24998, VRAM allocated:,93068288, VRAM reserved:,29100081152
Epoch:,193500,Training Loss:,104.40629378783953, Learning rate:,0.0028507718749999993, Number of training points (boundary):,3498, Number of training points (interior):,24998, VRAM allocated:,93068288, VRAM reserved:,29100081152
Epoch:,193600,Training Loss:,103.846038900374, Learning rate:,0.0028507718749999993, Number of training points (boundary):,3498, Number of training points (interior):,24998, VRAM allocated:,93068288, VRAM reserved:,29100081152
Epoch:,193700,Training Loss:,103.2955744126948, Learning rate:,0.0028507718749999993, Number of training points (boundary):,3498, Number of training points (interior):,24998, VRAM allocated:,93068288, VRAM reserved:,29100081152
Epoch:,193800,Training Loss:,128.30069818133376, Learning rate:,0.0028507718749999993, Number of training points (boundary):,3498, Number of training points (interior):,24998, VRAM allocated:,93068288, VRAM reserved:,29100081152
Epoch:,193900,Training Loss:,16866479227.057144, Learning rate:,0.0028507718749999993, Number of training points (boundary):,3498, Number of training points (interior):,24998, VRAM allocated:,93068288, VRAM reserved:,29100081152
Epoch:,194000,Training Loss:,2132.8826009366917, Learning rate:,0.0028507718749999993, Number of training points (boundary):,3498, Number of training points (interior):,24998, VRAM allocated:,93068288, VRAM reserved:,29100081152
Epoch:,194100,Training Loss:,101.31301093590861, Learning rate:,0.0028507718749999993, Number of training points (boundary):,3498, Number of training points (interior):,24998, VRAM allocated:,93068288, VRAM reserved:,29100081152
Epoch:,194200,Training Loss:,100.71352420286703, Learning rate:,0.0028507718749999993, Number of training points (boundary):,3498, Number of training points (interior):,24998, VRAM allocated:,93068288, VRAM reserved:,29100081152
Epoch:,194300,Training Loss:,100.19526870574613, Learning rate:,0.0028507718749999993, Number of training points (boundary):,3498, Number of training points (interior):,24998, VRAM allocated:,93068288, VRAM reserved:,29100081152
Epoch:,194400,Training Loss:,99.76894038309634, Learning rate:,0.0028507718749999993, Number of training points (boundary):,3498, Number of training points (interior):,24998, VRAM allocated:,93068288, VRAM reserved:,29100081152
Epoch:,194500,Training Loss:,99.2359904253811, Learning rate:,0.0028507718749999993, Number of training points (boundary):,3498, Number of training points (interior):,24998, VRAM allocated:,93068288, VRAM reserved:,29100081152
Epoch:,194600,Training Loss:,98.71998690762416, Learning rate:,0.0028507718749999993, Number of training points (boundary):,3498, Number of training points (interior):,24998, VRAM allocated:,93068288, VRAM reserved:,29100081152
Epoch:,194700,Training Loss:,102.50729399114103, Learning rate:,0.0028507718749999993, Number of training points (boundary):,3498, Number of training points (interior):,24998, VRAM allocated:,93068288, VRAM reserved:,29100081152
Epoch:,194800,Training Loss:,1133754228831.5364, Learning rate:,0.0028507718749999993, Number of training points (boundary):,3498, Number of training points (interior):,24998, VRAM allocated:,93068288, VRAM reserved:,29100081152
Epoch:,194900,Training Loss:,177.3566227570503, Learning rate:,0.0028507718749999993, Number of training points (boundary):,3498, Number of training points (interior):,24998, VRAM allocated:,93068288, VRAM reserved:,29100081152
Epoch:,195000,Training Loss:,96.68323954386567, Learning rate:,0.0028507718749999993, Number of training points (boundary):,3498, Number of training points (interior):,24998, VRAM allocated:,93068288, VRAM reserved:,29100081152
Epoch:,195100,Training Loss:,96.17957935872067, Learning rate:,0.0028507718749999993, Number of training points (boundary):,3498, Number of training points (interior):,24998, VRAM allocated:,93068288, VRAM reserved:,29100081152
Epoch:,195200,Training Loss:,95.70237915795403, Learning rate:,0.0028507718749999993, Number of training points (boundary):,3498, Number of training points (interior):,24998, VRAM allocated:,93068288, VRAM reserved:,29100081152
Epoch:,195300,Training Loss:,95.1989027804853, Learning rate:,0.0028507718749999993, Number of training points (boundary):,3498, Number of training points (interior):,24998, VRAM allocated:,93068288, VRAM reserved:,29100081152
Epoch:,195400,Training Loss:,12183618.764862394, Learning rate:,0.0028507718749999993, Number of training points (boundary):,3498, Number of training points (interior):,24998, VRAM allocated:,93068288, VRAM reserved:,29100081152
Epoch:,195500,Training Loss:,94.22787729598275, Learning rate:,0.0028507718749999993, Number of training points (boundary):,3498, Number of training points (interior):,24998, VRAM allocated:,93068288, VRAM reserved:,29100081152
Epoch:,195600,Training Loss:,93.87534926331429, Learning rate:,0.0028507718749999993, Number of training points (boundary):,3498, Number of training points (interior):,24998, VRAM allocated:,93068288, VRAM reserved:,29100081152
Epoch:,195700,Training Loss:,931123.0383385321, Learning rate:,0.0028507718749999993, Number of training points (boundary):,3498, Number of training points (interior):,24998, VRAM allocated:,93068288, VRAM reserved:,29100081152
Epoch:,195800,Training Loss:,533.5154271601116, Learning rate:,0.0028507718749999993, Number of training points (boundary):,3498, Number of training points (interior):,24998, VRAM allocated:,93068288, VRAM reserved:,29100081152
Epoch:,195900,Training Loss:,217214.86806559475, Learning rate:,0.0028507718749999993, Number of training points (boundary):,3498, Number of training points (interior):,24998, VRAM allocated:,93068288, VRAM reserved:,29100081152
Epoch:,196000,Training Loss:,1.7438139735147875e+17, Learning rate:,0.0028507718749999993, Number of training points (boundary):,3498, Number of training points (interior):,24998, VRAM allocated:,93068288, VRAM reserved:,29100081152
Epoch:,196100,Training Loss:,4308720.0584476385, Learning rate:,0.0028507718749999993, Number of training points (boundary):,3498, Number of training points (interior):,24998, VRAM allocated:,93068288, VRAM reserved:,29100081152
Epoch:,196200,Training Loss:,98419.15533741287, Learning rate:,0.0028507718749999993, Number of training points (boundary):,3498, Number of training points (interior):,24998, VRAM allocated:,93068288, VRAM reserved:,29100081152
Epoch:,196300,Training Loss:,14359122.816569906, Learning rate:,0.0028507718749999993, Number of training points (boundary):,3498, Number of training points (interior):,24998, VRAM allocated:,93068288, VRAM reserved:,29100081152
Epoch:,196400,Training Loss:,15477123.717399282, Learning rate:,0.0028507718749999993, Number of training points (boundary):,3498, Number of training points (interior):,24998, VRAM allocated:,93068288, VRAM reserved:,29100081152
Epoch:,196500,Training Loss:,8743309.489707656, Learning rate:,0.0028507718749999993, Number of training points (boundary):,3498, Number of training points (interior):,24998, VRAM allocated:,93068288, VRAM reserved:,29100081152
Epoch:,196600,Training Loss:,10322168.998066409, Learning rate:,0.0028507718749999993, Number of training points (boundary):,3498, Number of training points (interior):,24998, VRAM allocated:,93068288, VRAM reserved:,29100081152
Epoch:,196700,Training Loss:,16251744.533751085, Learning rate:,0.0028507718749999993, Number of training points (boundary):,3498, Number of training points (interior):,24998, VRAM allocated:,93068288, VRAM reserved:,29100081152
Epoch:,196800,Training Loss:,1362942.289166389, Learning rate:,0.0028507718749999993, Number of training points (boundary):,3498, Number of training points (interior):,24998, VRAM allocated:,93068288, VRAM reserved:,29100081152
Epoch:,196900,Training Loss:,1617397.67293433, Learning rate:,0.0028507718749999993, Number of training points (boundary):,3498, Number of training points (interior):,24998, VRAM allocated:,93068288, VRAM reserved:,29100081152
Epoch:,197000,Training Loss:,627192037.2594849, Learning rate:,0.0028507718749999993, Number of training points (boundary):,3498, Number of training points (interior):,24998, VRAM allocated:,93068288, VRAM reserved:,29100081152
Epoch:,197100,Training Loss:,63561179.92213486, Learning rate:,0.0028507718749999993, Number of training points (boundary):,3498, Number of training points (interior):,24998, VRAM allocated:,93068288, VRAM reserved:,29100081152
Epoch:,197200,Training Loss:,149180.22551767362, Learning rate:,0.0028507718749999993, Number of training points (boundary):,3498, Number of training points (interior):,24998, VRAM allocated:,93068288, VRAM reserved:,29100081152
Epoch:,197300,Training Loss:,24588.927847741623, Learning rate:,0.0028507718749999993, Number of training points (boundary):,3498, Number of training points (interior):,24998, VRAM allocated:,93068288, VRAM reserved:,29100081152
Epoch:,197400,Training Loss:,241.16107878270637, Learning rate:,0.0028507718749999993, Number of training points (boundary):,3498, Number of training points (interior):,24998, VRAM allocated:,93068288, VRAM reserved:,29100081152
Epoch:,197500,Training Loss:,334720.60576176393, Learning rate:,0.0028507718749999993, Number of training points (boundary):,3498, Number of training points (interior):,24998, VRAM allocated:,93068288, VRAM reserved:,29100081152
Epoch:,197600,Training Loss:,84.69516464235201, Learning rate:,0.0028507718749999993, Number of training points (boundary):,3498, Number of training points (interior):,24998, VRAM allocated:,93068288, VRAM reserved:,29100081152
Epoch:,197700,Training Loss:,84.26892008753381, Learning rate:,0.0028507718749999993, Number of training points (boundary):,3498, Number of training points (interior):,24998, VRAM allocated:,93068288, VRAM reserved:,29100081152
Epoch:,197800,Training Loss:,1229.6924726286707, Learning rate:,0.0028507718749999993, Number of training points (boundary):,3498, Number of training points (interior):,24998, VRAM allocated:,93068288, VRAM reserved:,29100081152
Epoch:,197900,Training Loss:,83.44262453437855, Learning rate:,0.0028507718749999993, Number of training points (boundary):,3498, Number of training points (interior):,24998, VRAM allocated:,93068288, VRAM reserved:,29100081152
Epoch:,198000,Training Loss:,6392167680.558661, Learning rate:,0.0028507718749999993, Number of training points (boundary):,3498, Number of training points (interior):,24998, VRAM allocated:,93068288, VRAM reserved:,29100081152
Epoch:,198100,Training Loss:,82.50437316764257, Learning rate:,0.0028507718749999993, Number of training points (boundary):,3498, Number of training points (interior):,24998, VRAM allocated:,93068288, VRAM reserved:,29100081152
Epoch:,198200,Training Loss:,380341.10891127563, Learning rate:,0.0028507718749999993, Number of training points (boundary):,3498, Number of training points (interior):,24998, VRAM allocated:,93068288, VRAM reserved:,29100081152
Epoch:,198300,Training Loss:,24285.479195550546, Learning rate:,0.0028507718749999993, Number of training points (boundary):,3498, Number of training points (interior):,24998, VRAM allocated:,93068288, VRAM reserved:,29100081152
Epoch:,198400,Training Loss:,1435.6635033248708, Learning rate:,0.0028507718749999993, Number of training points (boundary):,3498, Number of training points (interior):,24998, VRAM allocated:,93068288, VRAM reserved:,29100081152
Epoch:,198500,Training Loss:,175.7086890527163, Learning rate:,0.0028507718749999993, Number of training points (boundary):,3498, Number of training points (interior):,24998, VRAM allocated:,93068288, VRAM reserved:,29100081152
Epoch:,198600,Training Loss:,80.42244475458138, Learning rate:,0.0028507718749999993, Number of training points (boundary):,3498, Number of training points (interior):,24998, VRAM allocated:,93068288, VRAM reserved:,29100081152
Epoch:,198700,Training Loss:,80.01707273476391, Learning rate:,0.0028507718749999993, Number of training points (boundary):,3498, Number of training points (interior):,24998, VRAM allocated:,93068288, VRAM reserved:,29100081152
Epoch:,198800,Training Loss:,9687.68641174543, Learning rate:,0.0028507718749999993, Number of training points (boundary):,3498, Number of training points (interior):,24998, VRAM allocated:,93068288, VRAM reserved:,29100081152
Epoch:,198900,Training Loss:,894082.5777752242, Learning rate:,0.0028507718749999993, Number of training points (boundary):,3498, Number of training points (interior):,24998, VRAM allocated:,93068288, VRAM reserved:,29100081152
Epoch:,199000,Training Loss:,1555.605312330507, Learning rate:,0.0028507718749999993, Number of training points (boundary):,3498, Number of training points (interior):,24998, VRAM allocated:,93068288, VRAM reserved:,29100081152
Epoch:,199100,Training Loss:,4481341891.962835, Learning rate:,0.0028507718749999993, Number of training points (boundary):,3498, Number of training points (interior):,24998, VRAM allocated:,93068288, VRAM reserved:,29100081152
Epoch:,199200,Training Loss:,2570282.583149277, Learning rate:,0.0028507718749999993, Number of training points (boundary):,3498, Number of training points (interior):,24998, VRAM allocated:,93068288, VRAM reserved:,29100081152
Epoch:,199300,Training Loss:,97622.12512874472, Learning rate:,0.0028507718749999993, Number of training points (boundary):,3498, Number of training points (interior):,24998, VRAM allocated:,93068288, VRAM reserved:,29100081152
Epoch:,199400,Training Loss:,141975532319357.97, Learning rate:,0.0028507718749999993, Number of training points (boundary):,3498, Number of training points (interior):,24998, VRAM allocated:,93068288, VRAM reserved:,29100081152
Epoch:,199500,Training Loss:,9291.967322115865, Learning rate:,0.0028507718749999993, Number of training points (boundary):,3498, Number of training points (interior):,24998, VRAM allocated:,93068288, VRAM reserved:,29100081152
Epoch:,199600,Training Loss:,655.1918008848461, Learning rate:,0.0028507718749999993, Number of training points (boundary):,3498, Number of training points (interior):,24998, VRAM allocated:,93068288, VRAM reserved:,29100081152
Epoch:,199700,Training Loss:,408.8101781109801, Learning rate:,0.0028507718749999993, Number of training points (boundary):,3498, Number of training points (interior):,24998, VRAM allocated:,93068288, VRAM reserved:,29100081152
Epoch:,199800,Training Loss:,48394.15175170692, Learning rate:,0.0028507718749999993, Number of training points (boundary):,3498, Number of training points (interior):,24998, VRAM allocated:,93068288, VRAM reserved:,29100081152
Epoch:,199900,Training Loss:,75.87241272611432, Learning rate:,0.0028507718749999993, Number of training points (boundary):,3498, Number of training points (interior):,24998, VRAM allocated:,93068288, VRAM reserved:,29100081152
Epoch:,200000,Training Loss:,75.08862724516914, Learning rate:,0.0028507718749999993, Number of training points (boundary):,3498, Number of training points (interior):,24998, VRAM allocated:,93068288, VRAM reserved:,29100081152
Epoch:,200100,Training Loss:,76.93585841537488, Learning rate:,0.0028507718749999993, Number of training points (boundary):,3498, Number of training points (interior):,24998, VRAM allocated:,93068288, VRAM reserved:,29100081152
Epoch:,200200,Training Loss:,3105.7819627873314, Learning rate:,0.0028507718749999993, Number of training points (boundary):,3498, Number of training points (interior):,24998, VRAM allocated:,93068288, VRAM reserved:,29100081152
Epoch:,200300,Training Loss:,156427613003.91022, Learning rate:,0.0028507718749999993, Number of training points (boundary):,3498, Number of training points (interior):,24998, VRAM allocated:,93068288, VRAM reserved:,29100081152
Epoch:,200400,Training Loss:,2546.0218982271663, Learning rate:,0.0028507718749999993, Number of training points (boundary):,3498, Number of training points (interior):,24998, VRAM allocated:,93068288, VRAM reserved:,29100081152
Epoch:,200500,Training Loss:,2.0999656182016952e+18, Learning rate:,0.0028507718749999993, Number of training points (boundary):,3498, Number of training points (interior):,24998, VRAM allocated:,93068288, VRAM reserved:,29100081152
Epoch:,200600,Training Loss:,151.65129902745662, Learning rate:,0.0028507718749999993, Number of training points (boundary):,3498, Number of training points (interior):,24998, VRAM allocated:,93068288, VRAM reserved:,29100081152
Epoch:,200700,Training Loss:,72.42954716960931, Learning rate:,0.0028507718749999993, Number of training points (boundary):,3498, Number of training points (interior):,24998, VRAM allocated:,93068288, VRAM reserved:,29100081152
Epoch:,200800,Training Loss:,72.06419460397422, Learning rate:,0.0028507718749999993, Number of training points (boundary):,3498, Number of training points (interior):,24998, VRAM allocated:,93068288, VRAM reserved:,29100081152
Epoch:,200900,Training Loss:,71.70759056186043, Learning rate:,0.0028507718749999993, Number of training points (boundary):,3498, Number of training points (interior):,24998, VRAM allocated:,93068288, VRAM reserved:,29100081152
Epoch:,201000,Training Loss:,71.43005871290781, Learning rate:,0.0028507718749999993, Number of training points (boundary):,3498, Number of training points (interior):,24998, VRAM allocated:,93068288, VRAM reserved:,29100081152
Epoch:,201100,Training Loss:,71.16340135412649, Learning rate:,0.0028507718749999993, Number of training points (boundary):,3498, Number of training points (interior):,24998, VRAM allocated:,93068288, VRAM reserved:,29100081152
Epoch:,201200,Training Loss:,16914649.31057667, Learning rate:,0.0028507718749999993, Number of training points (boundary):,3498, Number of training points (interior):,24998, VRAM allocated:,93068288, VRAM reserved:,29100081152
Epoch:,201300,Training Loss:,70.39285114897729, Learning rate:,0.0028507718749999993, Number of training points (boundary):,3498, Number of training points (interior):,24998, VRAM allocated:,93068288, VRAM reserved:,29100081152
Epoch:,201400,Training Loss:,70.04224840699229, Learning rate:,0.0028507718749999993, Number of training points (boundary):,3498, Number of training points (interior):,24998, VRAM allocated:,93068288, VRAM reserved:,29100081152
Epoch:,201500,Training Loss:,69.69048957538368, Learning rate:,0.0028507718749999993, Number of training points (boundary):,3498, Number of training points (interior):,24998, VRAM allocated:,93068288, VRAM reserved:,29100081152
Epoch:,201600,Training Loss:,69.34407397991758, Learning rate:,0.0028507718749999993, Number of training points (boundary):,3498, Number of training points (interior):,24998, VRAM allocated:,93068288, VRAM reserved:,29100081152
Epoch:,201700,Training Loss:,69.84055204028031, Learning rate:,0.0028507718749999993, Number of training points (boundary):,3498, Number of training points (interior):,24998, VRAM allocated:,93068288, VRAM reserved:,29100081152
Epoch:,201800,Training Loss:,287079.4095772717, Learning rate:,0.0028507718749999993, Number of training points (boundary):,3498, Number of training points (interior):,24998, VRAM allocated:,93068288, VRAM reserved:,29100081152
Epoch:,201900,Training Loss:,147.96440783830457, Learning rate:,0.0028507718749999993, Number of training points (boundary):,3498, Number of training points (interior):,24998, VRAM allocated:,93068288, VRAM reserved:,29100081152
Epoch:,202000,Training Loss:,1184883.8604645445, Learning rate:,0.0028507718749999993, Number of training points (boundary):,3498, Number of training points (interior):,24998, VRAM allocated:,93068288, VRAM reserved:,29100081152
Epoch:,202100,Training Loss:,117485374.99034564, Learning rate:,0.0028507718749999993, Number of training points (boundary):,3498, Number of training points (interior):,24998, VRAM allocated:,93068288, VRAM reserved:,29100081152
Epoch:,202200,Training Loss:,15540.381744411668, Learning rate:,0.0028507718749999993, Number of training points (boundary):,3498, Number of training points (interior):,24998, VRAM allocated:,93068288, VRAM reserved:,29100081152
Epoch:,202300,Training Loss:,15136.38040765472, Learning rate:,0.0028507718749999993, Number of training points (boundary):,3498, Number of training points (interior):,24998, VRAM allocated:,93068288, VRAM reserved:,29100081152
Epoch:,202400,Training Loss:,367.3713302217679, Learning rate:,0.0028507718749999993, Number of training points (boundary):,3498, Number of training points (interior):,24998, VRAM allocated:,93068288, VRAM reserved:,29100081152
Epoch:,202500,Training Loss:,66.36250804398516, Learning rate:,0.0028507718749999993, Number of training points (boundary):,3498, Number of training points (interior):,24998, VRAM allocated:,93068288, VRAM reserved:,29100081152
Epoch:,202600,Training Loss:,186380.25900893184, Learning rate:,0.0028507718749999993, Number of training points (boundary):,3498, Number of training points (interior):,24998, VRAM allocated:,93068288, VRAM reserved:,29100081152
Epoch:,202700,Training Loss:,586603.0542843033, Learning rate:,0.0028507718749999993, Number of training points (boundary):,3498, Number of training points (interior):,24998, VRAM allocated:,93068288, VRAM reserved:,29100081152
Epoch:,202800,Training Loss:,461194.7215039367, Learning rate:,0.0028507718749999993, Number of training points (boundary):,3498, Number of training points (interior):,24998, VRAM allocated:,93068288, VRAM reserved:,29100081152
Epoch:,202900,Training Loss:,2564862.436103533, Learning rate:,0.0028507718749999993, Number of training points (boundary):,3498, Number of training points (interior):,24998, VRAM allocated:,93068288, VRAM reserved:,29100081152
Epoch:,203000,Training Loss:,395443.67155764776, Learning rate:,0.0028507718749999993, Number of training points (boundary):,3498, Number of training points (interior):,24998, VRAM allocated:,93068288, VRAM reserved:,29100081152
Epoch:,203100,Training Loss:,642777.7389217594, Learning rate:,0.0028507718749999993, Number of training points (boundary):,3498, Number of training points (interior):,24998, VRAM allocated:,93068288, VRAM reserved:,29100081152
Epoch:,203200,Training Loss:,2170742.4072094364, Learning rate:,0.0028507718749999993, Number of training points (boundary):,3498, Number of training points (interior):,24998, VRAM allocated:,93068288, VRAM reserved:,29100081152
Epoch:,203300,Training Loss:,384.96913449468695, Learning rate:,0.0028507718749999993, Number of training points (boundary):,3498, Number of training points (interior):,24998, VRAM allocated:,93068288, VRAM reserved:,29100081152
Epoch:,203400,Training Loss:,1137.6116386172653, Learning rate:,0.0028507718749999993, Number of training points (boundary):,3498, Number of training points (interior):,24998, VRAM allocated:,93068288, VRAM reserved:,29100081152
Epoch:,203500,Training Loss:,2236015.7850414882, Learning rate:,0.0028507718749999993, Number of training points (boundary):,3498, Number of training points (interior):,24998, VRAM allocated:,93068288, VRAM reserved:,29100081152
Epoch:,203600,Training Loss:,5378.4316660906015, Learning rate:,0.0028507718749999993, Number of training points (boundary):,3498, Number of training points (interior):,24998, VRAM allocated:,93068288, VRAM reserved:,29100081152
Epoch:,203700,Training Loss:,4698.749867219045, Learning rate:,0.0028507718749999993, Number of training points (boundary):,3498, Number of training points (interior):,24998, VRAM allocated:,93068288, VRAM reserved:,29100081152
Epoch:,203800,Training Loss:,59402.97449603179, Learning rate:,0.0028507718749999993, Number of training points (boundary):,3498, Number of training points (interior):,24998, VRAM allocated:,93068288, VRAM reserved:,29100081152
Epoch:,203900,Training Loss:,147651.6196719138, Learning rate:,0.0028507718749999993, Number of training points (boundary):,3498, Number of training points (interior):,24998, VRAM allocated:,93068288, VRAM reserved:,29100081152
Epoch:,204000,Training Loss:,5960.8717263136605, Learning rate:,0.0028507718749999993, Number of training points (boundary):,3498, Number of training points (interior):,24998, VRAM allocated:,93068288, VRAM reserved:,29100081152
Epoch:,204100,Training Loss:,435333066.2223374, Learning rate:,0.0028507718749999993, Number of training points (boundary):,3498, Number of training points (interior):,24998, VRAM allocated:,93068288, VRAM reserved:,29100081152
Epoch:,204200,Training Loss:,209687.81293396122, Learning rate:,0.0028507718749999993, Number of training points (boundary):,3498, Number of training points (interior):,24998, VRAM allocated:,93068288, VRAM reserved:,29100081152
Epoch:,204300,Training Loss:,702625.882367969, Learning rate:,0.0028507718749999993, Number of training points (boundary):,3498, Number of training points (interior):,24998, VRAM allocated:,93068288, VRAM reserved:,29100081152
Epoch:,204400,Training Loss:,16829.20437920469, Learning rate:,0.0028507718749999993, Number of training points (boundary):,3498, Number of training points (interior):,24998, VRAM allocated:,93068288, VRAM reserved:,29100081152
Epoch:,204500,Training Loss:,149013.54881373432, Learning rate:,0.0028507718749999993, Number of training points (boundary):,3498, Number of training points (interior):,24998, VRAM allocated:,93068288, VRAM reserved:,29100081152
Epoch:,204600,Training Loss:,67102.14767527753, Learning rate:,0.0028507718749999993, Number of training points (boundary):,3498, Number of training points (interior):,24998, VRAM allocated:,93068288, VRAM reserved:,29100081152
Epoch:,204700,Training Loss:,248599.2940736085, Learning rate:,0.0028507718749999993, Number of training points (boundary):,3498, Number of training points (interior):,24998, VRAM allocated:,93068288, VRAM reserved:,29100081152
Epoch:,204800,Training Loss:,514193.28169057576, Learning rate:,0.0028507718749999993, Number of training points (boundary):,3498, Number of training points (interior):,24998, VRAM allocated:,93068288, VRAM reserved:,29100081152
Epoch:,204900,Training Loss:,105746.99502541321, Learning rate:,0.0028507718749999993, Number of training points (boundary):,3498, Number of training points (interior):,24998, VRAM allocated:,93068288, VRAM reserved:,29100081152
Epoch:,205000,Training Loss:,61.4365781880702, Learning rate:,0.0028507718749999993, Number of training points (boundary):,3498, Number of training points (interior):,24998, VRAM allocated:,93068288, VRAM reserved:,29100081152
Epoch:,205100,Training Loss:,272.91637899047663, Learning rate:,0.0028507718749999993, Number of training points (boundary):,3498, Number of training points (interior):,24998, VRAM allocated:,93068288, VRAM reserved:,29100081152
Epoch:,205200,Training Loss:,58243029.39586049, Learning rate:,0.0028507718749999993, Number of training points (boundary):,3498, Number of training points (interior):,24998, VRAM allocated:,93068288, VRAM reserved:,29100081152
Epoch:,205300,Training Loss:,278274.3089614406, Learning rate:,0.0028507718749999993, Number of training points (boundary):,3498, Number of training points (interior):,24998, VRAM allocated:,93068288, VRAM reserved:,29100081152
Epoch:,205400,Training Loss:,328410.60274279077, Learning rate:,0.0028507718749999993, Number of training points (boundary):,3498, Number of training points (interior):,24998, VRAM allocated:,93068288, VRAM reserved:,29100081152
Epoch:,205500,Training Loss:,86084.91897927049, Learning rate:,0.0028507718749999993, Number of training points (boundary):,3498, Number of training points (interior):,24998, VRAM allocated:,93068288, VRAM reserved:,29100081152
Epoch:,205600,Training Loss:,582318.8755336081, Learning rate:,0.0028507718749999993, Number of training points (boundary):,3498, Number of training points (interior):,24998, VRAM allocated:,93068288, VRAM reserved:,29100081152
Epoch:,205700,Training Loss:,1713.7770983151863, Learning rate:,0.0028507718749999993, Number of training points (boundary):,3498, Number of training points (interior):,24998, VRAM allocated:,93068288, VRAM reserved:,29100081152
Epoch:,205800,Training Loss:,22259769942914.43, Learning rate:,0.0028507718749999993, Number of training points (boundary):,3498, Number of training points (interior):,24998, VRAM allocated:,93068288, VRAM reserved:,29100081152
Epoch:,205900,Training Loss:,56.47137433234423, Learning rate:,0.0028507718749999993, Number of training points (boundary):,3498, Number of training points (interior):,24998, VRAM allocated:,93068288, VRAM reserved:,29100081152
Epoch:,206000,Training Loss:,74.05935622965103, Learning rate:,0.0028507718749999993, Number of training points (boundary):,3498, Number of training points (interior):,24998, VRAM allocated:,93068288, VRAM reserved:,29100081152
Epoch:,206100,Training Loss:,17887.67632508767, Learning rate:,0.0028507718749999993, Number of training points (boundary):,3498, Number of training points (interior):,24998, VRAM allocated:,93068288, VRAM reserved:,29100081152
Epoch:,206200,Training Loss:,65321754476213.22, Learning rate:,0.0028507718749999993, Number of training points (boundary):,3498, Number of training points (interior):,24998, VRAM allocated:,93068288, VRAM reserved:,29100081152
Epoch:,206300,Training Loss:,818.6021902922922, Learning rate:,0.0028507718749999993, Number of training points (boundary):,3498, Number of training points (interior):,24998, VRAM allocated:,93068288, VRAM reserved:,29100081152
Epoch:,206400,Training Loss:,72.92365975014914, Learning rate:,0.0028507718749999993, Number of training points (boundary):,3498, Number of training points (interior):,24998, VRAM allocated:,93068288, VRAM reserved:,29100081152
Epoch:,206500,Training Loss:,750.6240948226547, Learning rate:,0.0028507718749999993, Number of training points (boundary):,3498, Number of training points (interior):,24998, VRAM allocated:,93068288, VRAM reserved:,29100081152
Epoch:,206600,Training Loss:,81.09664553325192, Learning rate:,0.0028507718749999993, Number of training points (boundary):,3498, Number of training points (interior):,24998, VRAM allocated:,93068288, VRAM reserved:,29100081152
Epoch:,206700,Training Loss:,289572002233718.4, Learning rate:,0.0028507718749999993, Number of training points (boundary):,3498, Number of training points (interior):,24998, VRAM allocated:,93068288, VRAM reserved:,29100081152
Epoch:,206800,Training Loss:,3.973415386344041e+18, Learning rate:,0.0028507718749999993, Number of training points (boundary):,3498, Number of training points (interior):,24998, VRAM allocated:,93068288, VRAM reserved:,29100081152
Epoch:,206900,Training Loss:,53.74426192359159, Learning rate:,0.0028507718749999993, Number of training points (boundary):,3498, Number of training points (interior):,24998, VRAM allocated:,93068288, VRAM reserved:,29100081152
Epoch:,207000,Training Loss:,60.10862015072968, Learning rate:,0.0028507718749999993, Number of training points (boundary):,3498, Number of training points (interior):,24998, VRAM allocated:,93068288, VRAM reserved:,29100081152
Epoch:,207100,Training Loss:,1.154319216704427e+24, Learning rate:,0.0028507718749999993, Number of training points (boundary):,3498, Number of training points (interior):,24998, VRAM allocated:,93068288, VRAM reserved:,29100081152
Epoch:,207200,Training Loss:,51846829430504.44, Learning rate:,0.0028507718749999993, Number of training points (boundary):,3498, Number of training points (interior):,24998, VRAM allocated:,93068288, VRAM reserved:,29100081152
Epoch:,207300,Training Loss:,22596.874259427437, Learning rate:,0.0028507718749999993, Number of training points (boundary):,3498, Number of training points (interior):,24998, VRAM allocated:,93068288, VRAM reserved:,29100081152
Epoch:,207400,Training Loss:,2.997860066361048e+20, Learning rate:,0.0028507718749999993, Number of training points (boundary):,3498, Number of training points (interior):,24998, VRAM allocated:,93068288, VRAM reserved:,29100081152
Epoch:,207500,Training Loss:,131105.75784056052, Learning rate:,0.0028507718749999993, Number of training points (boundary):,3498, Number of training points (interior):,24998, VRAM allocated:,93068288, VRAM reserved:,29100081152
Epoch:,207600,Training Loss:,320812.2417681048, Learning rate:,0.0028507718749999993, Number of training points (boundary):,3498, Number of training points (interior):,24998, VRAM allocated:,93068288, VRAM reserved:,29100081152
Epoch:,207700,Training Loss:,624221.3977058869, Learning rate:,0.0028507718749999993, Number of training points (boundary):,3498, Number of training points (interior):,24998, VRAM allocated:,93068288, VRAM reserved:,29100081152
Epoch:,207800,Training Loss:,878454833.7047939, Learning rate:,0.0028507718749999993, Number of training points (boundary):,3498, Number of training points (interior):,24998, VRAM allocated:,93068288, VRAM reserved:,29100081152
Epoch:,207900,Training Loss:,13587.880034804535, Learning rate:,0.0028507718749999993, Number of training points (boundary):,3498, Number of training points (interior):,24998, VRAM allocated:,93068288, VRAM reserved:,29100081152
Epoch:,208000,Training Loss:,89096.06352413454, Learning rate:,0.0028507718749999993, Number of training points (boundary):,3498, Number of training points (interior):,24998, VRAM allocated:,93068288, VRAM reserved:,29100081152
Epoch:,208100,Training Loss:,22043122.46888492, Learning rate:,0.0028507718749999993, Number of training points (boundary):,3498, Number of training points (interior):,24998, VRAM allocated:,93068288, VRAM reserved:,29100081152
Epoch:,208200,Training Loss:,17978.390129564745, Learning rate:,0.0028507718749999993, Number of training points (boundary):,3498, Number of training points (interior):,24998, VRAM allocated:,93068288, VRAM reserved:,29100081152
Epoch:,208300,Training Loss:,158067.4778026811, Learning rate:,0.0028507718749999993, Number of training points (boundary):,3498, Number of training points (interior):,24998, VRAM allocated:,93068288, VRAM reserved:,29100081152
Epoch:,208400,Training Loss:,3538336.292478323, Learning rate:,0.0028507718749999993, Number of training points (boundary):,3498, Number of training points (interior):,24998, VRAM allocated:,93068288, VRAM reserved:,29100081152
Epoch:,208500,Training Loss:,376522783.2978358, Learning rate:,0.0028507718749999993, Number of training points (boundary):,3498, Number of training points (interior):,24998, VRAM allocated:,93068288, VRAM reserved:,29100081152
Epoch:,208600,Training Loss:,625460.6570180596, Learning rate:,0.0028507718749999993, Number of training points (boundary):,3498, Number of training points (interior):,24998, VRAM allocated:,93068288, VRAM reserved:,29100081152
Epoch:,208700,Training Loss:,12791.12161278811, Learning rate:,0.0028507718749999993, Number of training points (boundary):,3498, Number of training points (interior):,24998, VRAM allocated:,93068288, VRAM reserved:,29100081152
Epoch:,208800,Training Loss:,55479195.708262496, Learning rate:,0.0028507718749999993, Number of training points (boundary):,3498, Number of training points (interior):,24998, VRAM allocated:,93068288, VRAM reserved:,29100081152
Epoch:,208900,Training Loss:,46951.19136545036, Learning rate:,0.0028507718749999993, Number of training points (boundary):,3498, Number of training points (interior):,24998, VRAM allocated:,93068288, VRAM reserved:,29100081152
Epoch:,209000,Training Loss:,211.8387035947706, Learning rate:,0.0028507718749999993, Number of training points (boundary):,3498, Number of training points (interior):,24998, VRAM allocated:,93068288, VRAM reserved:,29100081152
Epoch:,209100,Training Loss:,4469.497886862026, Learning rate:,0.0028507718749999993, Number of training points (boundary):,3498, Number of training points (interior):,24998, VRAM allocated:,93068288, VRAM reserved:,29100081152
Epoch:,209200,Training Loss:,30357.449060298142, Learning rate:,0.0028507718749999993, Number of training points (boundary):,3498, Number of training points (interior):,24998, VRAM allocated:,93068288, VRAM reserved:,29100081152
Epoch:,209300,Training Loss:,9.257329569052056e+19, Learning rate:,0.0028507718749999993, Number of training points (boundary):,3498, Number of training points (interior):,24998, VRAM allocated:,93068288, VRAM reserved:,29100081152
Epoch:,209400,Training Loss:,44949.39812622364, Learning rate:,0.0028507718749999993, Number of training points (boundary):,3498, Number of training points (interior):,24998, VRAM allocated:,93068288, VRAM reserved:,29100081152
Epoch:,209500,Training Loss:,16441824617.406416, Learning rate:,0.0028507718749999993, Number of training points (boundary):,3498, Number of training points (interior):,24998, VRAM allocated:,93068288, VRAM reserved:,29100081152
Epoch:,209600,Training Loss:,260784413.86939543, Learning rate:,0.0028507718749999993, Number of training points (boundary):,3498, Number of training points (interior):,24998, VRAM allocated:,93068288, VRAM reserved:,29100081152
Epoch:,209700,Training Loss:,31806.44637288771, Learning rate:,0.0028507718749999993, Number of training points (boundary):,3498, Number of training points (interior):,24998, VRAM allocated:,93068288, VRAM reserved:,29100081152
Epoch:,209800,Training Loss:,80545.89624790363, Learning rate:,0.0028507718749999993, Number of training points (boundary):,3498, Number of training points (interior):,24998, VRAM allocated:,93068288, VRAM reserved:,29100081152
Epoch:,209900,Training Loss:,64292.45197802907, Learning rate:,0.0028507718749999993, Number of training points (boundary):,3498, Number of training points (interior):,24998, VRAM allocated:,93068288, VRAM reserved:,29100081152
Epoch:,210000,Training Loss:,22823317944.514626, Learning rate:,0.0028507718749999993, Number of training points (boundary):,3498, Number of training points (interior):,24998, VRAM allocated:,93068288, VRAM reserved:,29100081152
Epoch:,210100,Training Loss:,2119149.8209569887, Learning rate:,0.0028507718749999993, Number of training points (boundary):,3498, Number of training points (interior):,24998, VRAM allocated:,93068288, VRAM reserved:,29100081152
Epoch:,210200,Training Loss:,21225429820372.992, Learning rate:,0.0028507718749999993, Number of training points (boundary):,3498, Number of training points (interior):,24998, VRAM allocated:,93068288, VRAM reserved:,29100081152
Epoch:,210300,Training Loss:,17097582528.089417, Learning rate:,0.0028507718749999993, Number of training points (boundary):,3498, Number of training points (interior):,24998, VRAM allocated:,93068288, VRAM reserved:,29100081152
Epoch:,210400,Training Loss:,10360958445.313978, Learning rate:,0.0028507718749999993, Number of training points (boundary):,3498, Number of training points (interior):,24998, VRAM allocated:,93068288, VRAM reserved:,29100081152
Epoch:,210500,Training Loss:,4621557.785198707, Learning rate:,0.0028507718749999993, Number of training points (boundary):,3498, Number of training points (interior):,24998, VRAM allocated:,93068288, VRAM reserved:,29100081152
Epoch:,210600,Training Loss:,352351732.6191445, Learning rate:,0.0028507718749999993, Number of training points (boundary):,3498, Number of training points (interior):,24998, VRAM allocated:,93068288, VRAM reserved:,29100081152
Epoch:,210700,Training Loss:,2183.9796193581133, Learning rate:,0.0028507718749999993, Number of training points (boundary):,3498, Number of training points (interior):,24998, VRAM allocated:,93068288, VRAM reserved:,29100081152
Epoch:,210800,Training Loss:,20317.708905449854, Learning rate:,0.0028507718749999993, Number of training points (boundary):,3498, Number of training points (interior):,24998, VRAM allocated:,93068288, VRAM reserved:,29100081152
Epoch:,210900,Training Loss:,45511612.91698532, Learning rate:,0.0028507718749999993, Number of training points (boundary):,3498, Number of training points (interior):,24998, VRAM allocated:,93068288, VRAM reserved:,29100081152
Epoch:,211000,Training Loss:,79510156809303.64, Learning rate:,0.0028507718749999993, Number of training points (boundary):,3498, Number of training points (interior):,24998, VRAM allocated:,93068288, VRAM reserved:,29100081152
Epoch:,211100,Training Loss:,329236608.02998656, Learning rate:,0.0028507718749999993, Number of training points (boundary):,3498, Number of training points (interior):,24998, VRAM allocated:,93068288, VRAM reserved:,29100081152
Epoch:,211200,Training Loss:,25330536.936925523, Learning rate:,0.0028507718749999993, Number of training points (boundary):,3498, Number of training points (interior):,24998, VRAM allocated:,93068288, VRAM reserved:,29100081152
Epoch:,211300,Training Loss:,46336.14874018981, Learning rate:,0.0028507718749999993, Number of training points (boundary):,3498, Number of training points (interior):,24998, VRAM allocated:,93068288, VRAM reserved:,29100081152
Epoch:,211400,Training Loss:,51420130438.00864, Learning rate:,0.0028507718749999993, Number of training points (boundary):,3498, Number of training points (interior):,24998, VRAM allocated:,93068288, VRAM reserved:,29100081152
Epoch:,211500,Training Loss:,6487.266972673531, Learning rate:,0.0028507718749999993, Number of training points (boundary):,3498, Number of training points (interior):,24998, VRAM allocated:,93068288, VRAM reserved:,29100081152
Epoch:,211600,Training Loss:,30054.361668752055, Learning rate:,0.0028507718749999993, Number of training points (boundary):,3498, Number of training points (interior):,24998, VRAM allocated:,93068288, VRAM reserved:,29100081152
Epoch:,211700,Training Loss:,64365937435.22376, Learning rate:,0.0028507718749999993, Number of training points (boundary):,3498, Number of training points (interior):,24998, VRAM allocated:,93068288, VRAM reserved:,29100081152
Epoch:,211800,Training Loss:,20101.965525425632, Learning rate:,0.0028507718749999993, Number of training points (boundary):,3498, Number of training points (interior):,24998, VRAM allocated:,93068288, VRAM reserved:,29100081152
Epoch:,211900,Training Loss:,21215.328587995697, Learning rate:,0.0028507718749999993, Number of training points (boundary):,3498, Number of training points (interior):,24998, VRAM allocated:,93068288, VRAM reserved:,29100081152
Epoch:,212000,Training Loss:,267861.2969904625, Learning rate:,0.0028507718749999993, Number of training points (boundary):,3498, Number of training points (interior):,24998, VRAM allocated:,93068288, VRAM reserved:,29100081152
Epoch:,212100,Training Loss:,2.4223312348300086e+17, Learning rate:,0.0028507718749999993, Number of training points (boundary):,3498, Number of training points (interior):,24998, VRAM allocated:,93068288, VRAM reserved:,29100081152
Epoch:,212200,Training Loss:,1.5820372552976006e+16, Learning rate:,0.0028507718749999993, Number of training points (boundary):,3498, Number of training points (interior):,24998, VRAM allocated:,93068288, VRAM reserved:,29100081152
Epoch:,212300,Training Loss:,4186.206862433789, Learning rate:,0.0028507718749999993, Number of training points (boundary):,3498, Number of training points (interior):,24998, VRAM allocated:,93068288, VRAM reserved:,29100081152
Epoch:,212400,Training Loss:,6658.909307098064, Learning rate:,0.0028507718749999993, Number of training points (boundary):,3498, Number of training points (interior):,24998, VRAM allocated:,93068288, VRAM reserved:,29100081152
Epoch:,212500,Training Loss:,165936783.1238985, Learning rate:,0.0028507718749999993, Number of training points (boundary):,3498, Number of training points (interior):,24998, VRAM allocated:,93068288, VRAM reserved:,29100081152
Epoch:,212600,Training Loss:,3456901908.2145796, Learning rate:,0.0028507718749999993, Number of training points (boundary):,3498, Number of training points (interior):,24998, VRAM allocated:,93068288, VRAM reserved:,29100081152
Epoch:,212700,Training Loss:,1851963205703.4407, Learning rate:,0.0028507718749999993, Number of training points (boundary):,3498, Number of training points (interior):,24998, VRAM allocated:,93068288, VRAM reserved:,29100081152
Epoch:,212800,Training Loss:,11042.118834140476, Learning rate:,0.0028507718749999993, Number of training points (boundary):,3498, Number of training points (interior):,24998, VRAM allocated:,93068288, VRAM reserved:,29100081152
Epoch:,212900,Training Loss:,6171.292743343118, Learning rate:,0.0028507718749999993, Number of training points (boundary):,3498, Number of training points (interior):,24998, VRAM allocated:,93068288, VRAM reserved:,29100081152
Epoch:,213000,Training Loss:,28706.719172598347, Learning rate:,0.0028507718749999993, Number of training points (boundary):,3498, Number of training points (interior):,24998, VRAM allocated:,93068288, VRAM reserved:,29100081152
Epoch:,213100,Training Loss:,58250.263631195434, Learning rate:,0.0028507718749999993, Number of training points (boundary):,3498, Number of training points (interior):,24998, VRAM allocated:,93068288, VRAM reserved:,29100081152
Epoch:,213200,Training Loss:,6830.401406445692, Learning rate:,0.0028507718749999993, Number of training points (boundary):,3498, Number of training points (interior):,24998, VRAM allocated:,93068288, VRAM reserved:,29100081152
Epoch:,213300,Training Loss:,281062.1640290433, Learning rate:,0.0028507718749999993, Number of training points (boundary):,3498, Number of training points (interior):,24998, VRAM allocated:,93068288, VRAM reserved:,29100081152
Epoch:,213400,Training Loss:,10666.70293104165, Learning rate:,0.0028507718749999993, Number of training points (boundary):,3498, Number of training points (interior):,24998, VRAM allocated:,93068288, VRAM reserved:,29100081152
Epoch:,213500,Training Loss:,29007344.175961643, Learning rate:,0.0028507718749999993, Number of training points (boundary):,3498, Number of training points (interior):,24998, VRAM allocated:,93068288, VRAM reserved:,29100081152
Epoch:,213600,Training Loss:,27807.363665210316, Learning rate:,0.0028507718749999993, Number of training points (boundary):,3498, Number of training points (interior):,24998, VRAM allocated:,93068288, VRAM reserved:,29100081152
Epoch:,213700,Training Loss:,56731.75934364438, Learning rate:,0.0028507718749999993, Number of training points (boundary):,3498, Number of training points (interior):,24998, VRAM allocated:,93068288, VRAM reserved:,29100081152
Epoch:,213800,Training Loss:,87238201.1592935, Learning rate:,0.0028507718749999993, Number of training points (boundary):,3498, Number of training points (interior):,24998, VRAM allocated:,93068288, VRAM reserved:,29100081152
Epoch:,213900,Training Loss:,28054000.1759073, Learning rate:,0.0028507718749999993, Number of training points (boundary):,3498, Number of training points (interior):,24998, VRAM allocated:,93068288, VRAM reserved:,29100081152
Epoch:,214000,Training Loss:,10957028.56181622, Learning rate:,0.0028507718749999993, Number of training points (boundary):,3498, Number of training points (interior):,24998, VRAM allocated:,93068288, VRAM reserved:,29100081152
Epoch:,214100,Training Loss:,12463554.181654446, Learning rate:,0.0028507718749999993, Number of training points (boundary):,3498, Number of training points (interior):,24998, VRAM allocated:,93068288, VRAM reserved:,29100081152
Epoch:,214200,Training Loss:,41538279.36264731, Learning rate:,0.0028507718749999993, Number of training points (boundary):,3498, Number of training points (interior):,24998, VRAM allocated:,93068288, VRAM reserved:,29100081152
Epoch:,214300,Training Loss:,237319175.3248576, Learning rate:,0.0028507718749999993, Number of training points (boundary):,3498, Number of training points (interior):,24998, VRAM allocated:,93068288, VRAM reserved:,29100081152
Epoch:,214400,Training Loss:,520253385.1141129, Learning rate:,0.0028507718749999993, Number of training points (boundary):,3498, Number of training points (interior):,24998, VRAM allocated:,93068288, VRAM reserved:,29100081152
Epoch:,214500,Training Loss:,80906659.59797224, Learning rate:,0.0028507718749999993, Number of training points (boundary):,3498, Number of training points (interior):,24998, VRAM allocated:,93068288, VRAM reserved:,29100081152
Epoch:,214600,Training Loss:,5200918530.852278, Learning rate:,0.0028507718749999993, Number of training points (boundary):,3498, Number of training points (interior):,24998, VRAM allocated:,93068288, VRAM reserved:,29100081152
Epoch:,214700,Training Loss:,446684786236.54047, Learning rate:,0.0028507718749999993, Number of training points (boundary):,3498, Number of training points (interior):,24998, VRAM allocated:,93068288, VRAM reserved:,29100081152
Epoch:,214800,Training Loss:,9381190345224776.0, Learning rate:,0.0028507718749999993, Number of training points (boundary):,3498, Number of training points (interior):,24998, VRAM allocated:,93068288, VRAM reserved:,29100081152
Epoch:,214900,Training Loss:,18410800874320.977, Learning rate:,0.0028507718749999993, Number of training points (boundary):,3498, Number of training points (interior):,24998, VRAM allocated:,93068288, VRAM reserved:,29100081152
Epoch:,215000,Training Loss:,1.148081243895246e+20, Learning rate:,0.0028507718749999993, Number of training points (boundary):,3498, Number of training points (interior):,24998, VRAM allocated:,93068288, VRAM reserved:,29100081152
Epoch:,215100,Training Loss:,938601.1576232695, Learning rate:,0.0028507718749999993, Number of training points (boundary):,3498, Number of training points (interior):,24998, VRAM allocated:,93068288, VRAM reserved:,29100081152
Epoch:,215200,Training Loss:,26196558.488228783, Learning rate:,0.0028507718749999993, Number of training points (boundary):,3498, Number of training points (interior):,24998, VRAM allocated:,93068288, VRAM reserved:,29100081152
Epoch:,215300,Training Loss:,1558924721698.4736, Learning rate:,0.0028507718749999993, Number of training points (boundary):,3498, Number of training points (interior):,24998, VRAM allocated:,93068288, VRAM reserved:,29100081152
Epoch:,215400,Training Loss:,144532358112796.16, Learning rate:,0.0028507718749999993, Number of training points (boundary):,3498, Number of training points (interior):,24998, VRAM allocated:,93068288, VRAM reserved:,29100081152
Epoch:,215500,Training Loss:,5142268198.289703, Learning rate:,0.0028507718749999993, Number of training points (boundary):,3498, Number of training points (interior):,24998, VRAM allocated:,93068288, VRAM reserved:,29100081152
Epoch:,215600,Training Loss:,4699375.139420815, Learning rate:,0.0028507718749999993, Number of training points (boundary):,3498, Number of training points (interior):,24998, VRAM allocated:,93068288, VRAM reserved:,29100081152
Epoch:,215700,Training Loss:,149499081.40763056, Learning rate:,0.0028507718749999993, Number of training points (boundary):,3498, Number of training points (interior):,24998, VRAM allocated:,93068288, VRAM reserved:,29100081152
Epoch:,215800,Training Loss:,88137270253111.25, Learning rate:,0.0028507718749999993, Number of training points (boundary):,3498, Number of training points (interior):,24998, VRAM allocated:,93068288, VRAM reserved:,29100081152
Epoch:,215900,Training Loss:,25789348741.312992, Learning rate:,0.0028507718749999993, Number of training points (boundary):,3498, Number of training points (interior):,24998, VRAM allocated:,93068288, VRAM reserved:,29100081152
Epoch:,216000,Training Loss:,56570796660030.79, Learning rate:,0.0028507718749999993, Number of training points (boundary):,3498, Number of training points (interior):,24998, VRAM allocated:,93068288, VRAM reserved:,29100081152
Epoch:,216100,Training Loss:,51476143955416.336, Learning rate:,0.0028507718749999993, Number of training points (boundary):,3498, Number of training points (interior):,24998, VRAM allocated:,93068288, VRAM reserved:,29100081152
Epoch:,216200,Training Loss:,1.866268527496797e+20, Learning rate:,0.0028507718749999993, Number of training points (boundary):,3498, Number of training points (interior):,24998, VRAM allocated:,93068288, VRAM reserved:,29100081152
Epoch:,216300,Training Loss:,378277112.3883515, Learning rate:,0.0028507718749999993, Number of training points (boundary):,3498, Number of training points (interior):,24998, VRAM allocated:,93068288, VRAM reserved:,29100081152
Epoch:,216400,Training Loss:,11386.982111771618, Learning rate:,0.0028507718749999993, Number of training points (boundary):,3498, Number of training points (interior):,24998, VRAM allocated:,93068288, VRAM reserved:,29100081152
Epoch:,216500,Training Loss:,2215525239007.2124, Learning rate:,0.0028507718749999993, Number of training points (boundary):,3498, Number of training points (interior):,24998, VRAM allocated:,93068288, VRAM reserved:,29100081152
Epoch:,216600,Training Loss:,101018441.69809905, Learning rate:,0.0028507718749999993, Number of training points (boundary):,3498, Number of training points (interior):,24998, VRAM allocated:,93068288, VRAM reserved:,29100081152
Epoch:,216700,Training Loss:,7353546930.118742, Learning rate:,0.0028507718749999993, Number of training points (boundary):,3498, Number of training points (interior):,24998, VRAM allocated:,93068288, VRAM reserved:,29100081152
Epoch:,216800,Training Loss:,5107139.981092911, Learning rate:,0.0028507718749999993, Number of training points (boundary):,3498, Number of training points (interior):,24998, VRAM allocated:,93068288, VRAM reserved:,29100081152
Epoch:,216900,Training Loss:,125308.51561688352, Learning rate:,0.0028507718749999993, Number of training points (boundary):,3498, Number of training points (interior):,24998, VRAM allocated:,93068288, VRAM reserved:,29100081152
Epoch:,217000,Training Loss:,19936510.961754393, Learning rate:,0.0028507718749999993, Number of training points (boundary):,3498, Number of training points (interior):,24998, VRAM allocated:,93068288, VRAM reserved:,29100081152
Epoch:,217100,Training Loss:,440207350.7379376, Learning rate:,0.0028507718749999993, Number of training points (boundary):,3498, Number of training points (interior):,24998, VRAM allocated:,93068288, VRAM reserved:,29100081152
Epoch:,217200,Training Loss:,8102603.746110294, Learning rate:,0.0028507718749999993, Number of training points (boundary):,3498, Number of training points (interior):,24998, VRAM allocated:,93068288, VRAM reserved:,29100081152
Epoch:,217300,Training Loss:,112995.32179519978, Learning rate:,0.0028507718749999993, Number of training points (boundary):,3498, Number of training points (interior):,24998, VRAM allocated:,93068288, VRAM reserved:,29100081152
Epoch:,217400,Training Loss:,3961771047480.2036, Learning rate:,0.0028507718749999993, Number of training points (boundary):,3498, Number of training points (interior):,24998, VRAM allocated:,93068288, VRAM reserved:,29100081152
Epoch:,217500,Training Loss:,76382.52748831293, Learning rate:,0.0028507718749999993, Number of training points (boundary):,3498, Number of training points (interior):,24998, VRAM allocated:,93068288, VRAM reserved:,29100081152
Epoch:,217600,Training Loss:,24861.69174160964, Learning rate:,0.0028507718749999993, Number of training points (boundary):,3498, Number of training points (interior):,24998, VRAM allocated:,93068288, VRAM reserved:,29100081152
Epoch:,217700,Training Loss:,5.41334645059099e+17, Learning rate:,0.0028507718749999993, Number of training points (boundary):,3498, Number of training points (interior):,24998, VRAM allocated:,93068288, VRAM reserved:,29100081152
Epoch:,217800,Training Loss:,1136689357572351.5, Learning rate:,0.0028507718749999993, Number of training points (boundary):,3498, Number of training points (interior):,24998, VRAM allocated:,93068288, VRAM reserved:,29100081152
Epoch:,217900,Training Loss:,1.0545399474533574e+16, Learning rate:,0.0028507718749999993, Number of training points (boundary):,3498, Number of training points (interior):,24998, VRAM allocated:,93068288, VRAM reserved:,29100081152
Epoch:,218000,Training Loss:,157431336303.05942, Learning rate:,0.0028507718749999993, Number of training points (boundary):,3498, Number of training points (interior):,24998, VRAM allocated:,93068288, VRAM reserved:,29100081152
Epoch:,218100,Training Loss:,396243920.61209697, Learning rate:,0.0028507718749999993, Number of training points (boundary):,3498, Number of training points (interior):,24998, VRAM allocated:,93068288, VRAM reserved:,29100081152
Epoch:,218200,Training Loss:,8.146980653159357e+21, Learning rate:,0.0028507718749999993, Number of training points (boundary):,3498, Number of training points (interior):,24998, VRAM allocated:,93068288, VRAM reserved:,29100081152
Epoch:,218300,Training Loss:,3.1566744618915644e+16, Learning rate:,0.0028507718749999993, Number of training points (boundary):,3498, Number of training points (interior):,24998, VRAM allocated:,93068288, VRAM reserved:,29100081152
Epoch:,218400,Training Loss:,3.605551614507013e+17, Learning rate:,0.0028507718749999993, Number of training points (boundary):,3498, Number of training points (interior):,24998, VRAM allocated:,93068288, VRAM reserved:,29100081152
Epoch:,218500,Training Loss:,9.271023871196868e+25, Learning rate:,0.0028507718749999993, Number of training points (boundary):,3498, Number of training points (interior):,24998, VRAM allocated:,93068288, VRAM reserved:,29100081152
Epoch:,218600,Training Loss:,8.767619791801597e+20, Learning rate:,0.0028507718749999993, Number of training points (boundary):,3498, Number of training points (interior):,24998, VRAM allocated:,93068288, VRAM reserved:,29100081152
Epoch:,218700,Training Loss:,2.7544062265307156e+22, Learning rate:,0.0028507718749999993, Number of training points (boundary):,3498, Number of training points (interior):,24998, VRAM allocated:,93068288, VRAM reserved:,29100081152
Epoch:,218800,Training Loss:,8.002279099434831e+17, Learning rate:,0.0028507718749999993, Number of training points (boundary):,3498, Number of training points (interior):,24998, VRAM allocated:,93068288, VRAM reserved:,29100081152
Epoch:,218900,Training Loss:,3.1938437068033695e+21, Learning rate:,0.0028507718749999993, Number of training points (boundary):,3498, Number of training points (interior):,24998, VRAM allocated:,93068288, VRAM reserved:,29100081152
Epoch:,219000,Training Loss:,1688990059429566.8, Learning rate:,0.0028507718749999993, Number of training points (boundary):,3498, Number of training points (interior):,24998, VRAM allocated:,93068288, VRAM reserved:,29100081152
Epoch:,219100,Training Loss:,3.9522037905797816e+27, Learning rate:,0.0028507718749999993, Number of training points (boundary):,3498, Number of training points (interior):,24998, VRAM allocated:,93068288, VRAM reserved:,29100081152
Epoch:,219200,Training Loss:,1.7481397864242204e+18, Learning rate:,0.0028507718749999993, Number of training points (boundary):,3498, Number of training points (interior):,24998, VRAM allocated:,93068288, VRAM reserved:,29100081152
Epoch:,219300,Training Loss:,1.2548509199934697e+25, Learning rate:,0.0028507718749999993, Number of training points (boundary):,3498, Number of training points (interior):,24998, VRAM allocated:,93068288, VRAM reserved:,29100081152
Epoch:,219400,Training Loss:,3.8661683195770583e+18, Learning rate:,0.0028507718749999993, Number of training points (boundary):,3498, Number of training points (interior):,24998, VRAM allocated:,93068288, VRAM reserved:,29100081152
Epoch:,219500,Training Loss:,1447314665010002.8, Learning rate:,0.0028507718749999993, Number of training points (boundary):,3498, Number of training points (interior):,24998, VRAM allocated:,93068288, VRAM reserved:,29100081152
Epoch:,219600,Training Loss:,8.677160366457722e+21, Learning rate:,0.0028507718749999993, Number of training points (boundary):,3498, Number of training points (interior):,24998, VRAM allocated:,93068288, VRAM reserved:,29100081152
Epoch:,219700,Training Loss:,65415033.883940935, Learning rate:,0.0028507718749999993, Number of training points (boundary):,3498, Number of training points (interior):,24998, VRAM allocated:,93068288, VRAM reserved:,29100081152
Epoch:,219800,Training Loss:,282812185540111.0, Learning rate:,0.0028507718749999993, Number of training points (boundary):,3498, Number of training points (interior):,24998, VRAM allocated:,93068288, VRAM reserved:,29100081152
Epoch:,219900,Training Loss:,4.2039869805545626e+17, Learning rate:,0.0028507718749999993, Number of training points (boundary):,3498, Number of training points (interior):,24998, VRAM allocated:,93068288, VRAM reserved:,29100081152
Epoch:,220000,Training Loss:,2.7248288524258673e+18, Learning rate:,0.0028507718749999993, Number of training points (boundary):,3498, Number of training points (interior):,24998, VRAM allocated:,93068288, VRAM reserved:,29100081152
Epoch:,220100,Training Loss:,1150912075399644.2, Learning rate:,0.0028507718749999993, Number of training points (boundary):,3498, Number of training points (interior):,24998, VRAM allocated:,93068288, VRAM reserved:,29100081152
Epoch:,220200,Training Loss:,6.023873153008871e+24, Learning rate:,0.0028507718749999993, Number of training points (boundary):,3498, Number of training points (interior):,24998, VRAM allocated:,93068288, VRAM reserved:,29100081152
Epoch:,220300,Training Loss:,7.91476408990285e+19, Learning rate:,0.0028507718749999993, Number of training points (boundary):,3498, Number of training points (interior):,24998, VRAM allocated:,93068288, VRAM reserved:,29100081152
Epoch:,220400,Training Loss:,5.566690941301479e+28, Learning rate:,0.0028507718749999993, Number of training points (boundary):,3498, Number of training points (interior):,24998, VRAM allocated:,93068288, VRAM reserved:,29100081152
Epoch:,220500,Training Loss:,2.3825850403659356e+22, Learning rate:,0.0028507718749999993, Number of training points (boundary):,3498, Number of training points (interior):,24998, VRAM allocated:,93068288, VRAM reserved:,29100081152
Epoch:,220600,Training Loss:,1.3133534366647206e+18, Learning rate:,0.0028507718749999993, Number of training points (boundary):,3498, Number of training points (interior):,24998, VRAM allocated:,93068288, VRAM reserved:,29100081152
Epoch:,220700,Training Loss:,11964354993808.193, Learning rate:,0.0028507718749999993, Number of training points (boundary):,3498, Number of training points (interior):,24998, VRAM allocated:,93068288, VRAM reserved:,29100081152
Epoch:,220800,Training Loss:,1.0025491123473783e+18, Learning rate:,0.0028507718749999993, Number of training points (boundary):,3498, Number of training points (interior):,24998, VRAM allocated:,93068288, VRAM reserved:,29100081152
Epoch:,220900,Training Loss:,3.5849721527045255e+23, Learning rate:,0.0028507718749999993, Number of training points (boundary):,3498, Number of training points (interior):,24998, VRAM allocated:,93068288, VRAM reserved:,29100081152
Epoch:,221000,Training Loss:,2428064823434.2065, Learning rate:,0.0028507718749999993, Number of training points (boundary):,3498, Number of training points (interior):,24998, VRAM allocated:,93068288, VRAM reserved:,29100081152
Epoch:,221100,Training Loss:,32625976187663.01, Learning rate:,0.0028507718749999993, Number of training points (boundary):,3498, Number of training points (interior):,24998, VRAM allocated:,93068288, VRAM reserved:,29100081152
Epoch:,221200,Training Loss:,1.600838782723695e+23, Learning rate:,0.0028507718749999993, Number of training points (boundary):,3498, Number of training points (interior):,24998, VRAM allocated:,93068288, VRAM reserved:,29100081152
Epoch:,221300,Training Loss:,5.1859459904018504e+16, Learning rate:,0.0028507718749999993, Number of training points (boundary):,3498, Number of training points (interior):,24998, VRAM allocated:,93068288, VRAM reserved:,29100081152
Epoch:,221400,Training Loss:,18962189899.605198, Learning rate:,0.0028507718749999993, Number of training points (boundary):,3498, Number of training points (interior):,24998, VRAM allocated:,93068288, VRAM reserved:,29100081152
Epoch:,221500,Training Loss:,546747690694.9825, Learning rate:,0.0028507718749999993, Number of training points (boundary):,3498, Number of training points (interior):,24998, VRAM allocated:,93068288, VRAM reserved:,29100081152
Epoch:,221600,Training Loss:,2.9288935035353857e+24, Learning rate:,0.0028507718749999993, Number of training points (boundary):,3498, Number of training points (interior):,24998, VRAM allocated:,93068288, VRAM reserved:,29100081152
Epoch:,221700,Training Loss:,37016931863.25938, Learning rate:,0.0028507718749999993, Number of training points (boundary):,3498, Number of training points (interior):,24998, VRAM allocated:,93068288, VRAM reserved:,29100081152
Epoch:,221800,Training Loss:,3.2010975391388784e+31, Learning rate:,0.0028507718749999993, Number of training points (boundary):,3498, Number of training points (interior):,24998, VRAM allocated:,93068288, VRAM reserved:,29100081152
Epoch:,221900,Training Loss:,3.423353313370721e+17, Learning rate:,0.0028507718749999993, Number of training points (boundary):,3498, Number of training points (interior):,24998, VRAM allocated:,93068288, VRAM reserved:,29100081152
Epoch:,222000,Training Loss:,3.77176899617481e+17, Learning rate:,0.0028507718749999993, Number of training points (boundary):,3498, Number of training points (interior):,24998, VRAM allocated:,93068288, VRAM reserved:,29100081152
Epoch:,222100,Training Loss:,3221891297091450.0, Learning rate:,0.0028507718749999993, Number of training points (boundary):,3498, Number of training points (interior):,24998, VRAM allocated:,93068288, VRAM reserved:,29100081152
Epoch:,222200,Training Loss:,8.379980956367556e+36, Learning rate:,0.0028507718749999993, Number of training points (boundary):,3498, Number of training points (interior):,24998, VRAM allocated:,93068288, VRAM reserved:,29100081152
Epoch:,222300,Training Loss:,5.200534447854228e+18, Learning rate:,0.0028507718749999993, Number of training points (boundary):,3498, Number of training points (interior):,24998, VRAM allocated:,93068288, VRAM reserved:,29100081152
Epoch:,222400,Training Loss:,2.2825906784425224e+20, Learning rate:,0.0028507718749999993, Number of training points (boundary):,3498, Number of training points (interior):,24998, VRAM allocated:,93068288, VRAM reserved:,29100081152
Epoch:,222500,Training Loss:,5.52084834626455e+20, Learning rate:,0.0028507718749999993, Number of training points (boundary):,3498, Number of training points (interior):,24998, VRAM allocated:,93068288, VRAM reserved:,29100081152
Epoch:,222600,Training Loss:,1.1422488739539765e+17, Learning rate:,0.0028507718749999993, Number of training points (boundary):,3498, Number of training points (interior):,24998, VRAM allocated:,93068288, VRAM reserved:,29100081152
Epoch:,222700,Training Loss:,3282422714837068.5, Learning rate:,0.0028507718749999993, Number of training points (boundary):,3498, Number of training points (interior):,24998, VRAM allocated:,93068288, VRAM reserved:,29100081152
Epoch:,222800,Training Loss:,18658543406463.887, Learning rate:,0.0028507718749999993, Number of training points (boundary):,3498, Number of training points (interior):,24998, VRAM allocated:,93068288, VRAM reserved:,29100081152
Epoch:,222900,Training Loss:,8582945430825909.0, Learning rate:,0.0028507718749999993, Number of training points (boundary):,3498, Number of training points (interior):,24998, VRAM allocated:,93068288, VRAM reserved:,29100081152
Epoch:,223000,Training Loss:,8.893468509214944e+17, Learning rate:,0.0028507718749999993, Number of training points (boundary):,3498, Number of training points (interior):,24998, VRAM allocated:,93068288, VRAM reserved:,29100081152
Epoch:,223100,Training Loss:,1.074027046485747e+21, Learning rate:,0.0028507718749999993, Number of training points (boundary):,3498, Number of training points (interior):,24998, VRAM allocated:,93068288, VRAM reserved:,29100081152
Epoch:,223200,Training Loss:,8.37305509143096e+31, Learning rate:,0.0028507718749999993, Number of training points (boundary):,3498, Number of training points (interior):,24998, VRAM allocated:,93068288, VRAM reserved:,29100081152
Epoch:,223300,Training Loss:,126849566124207.17, Learning rate:,0.0028507718749999993, Number of training points (boundary):,3498, Number of training points (interior):,24998, VRAM allocated:,93068288, VRAM reserved:,29100081152
Epoch:,223400,Training Loss:,1382613473470.334, Learning rate:,0.0028507718749999993, Number of training points (boundary):,3498, Number of training points (interior):,24998, VRAM allocated:,93068288, VRAM reserved:,29100081152
Epoch:,223500,Training Loss:,3264553026265.147, Learning rate:,0.0028507718749999993, Number of training points (boundary):,3498, Number of training points (interior):,24998, VRAM allocated:,93068288, VRAM reserved:,29100081152
Epoch:,223600,Training Loss:,22474335705251.906, Learning rate:,0.0028507718749999993, Number of training points (boundary):,3498, Number of training points (interior):,24998, VRAM allocated:,93068288, VRAM reserved:,29100081152
Epoch:,223700,Training Loss:,2.2508441386028893e+17, Learning rate:,0.0028507718749999993, Number of training points (boundary):,3498, Number of training points (interior):,24998, VRAM allocated:,93068288, VRAM reserved:,29100081152
Epoch:,223800,Training Loss:,2.580369091394868e+19, Learning rate:,0.0028507718749999993, Number of training points (boundary):,3498, Number of training points (interior):,24998, VRAM allocated:,93068288, VRAM reserved:,29100081152
Epoch:,223900,Training Loss:,1.0880759969495644e+30, Learning rate:,0.0028507718749999993, Number of training points (boundary):,3498, Number of training points (interior):,24998, VRAM allocated:,93068288, VRAM reserved:,29100081152
Epoch:,224000,Training Loss:,2247140548643648.8, Learning rate:,0.0028507718749999993, Number of training points (boundary):,3498, Number of training points (interior):,24998, VRAM allocated:,93068288, VRAM reserved:,29100081152
Epoch:,224100,Training Loss:,1.4742447893371324e+20, Learning rate:,0.0028507718749999993, Number of training points (boundary):,3498, Number of training points (interior):,24998, VRAM allocated:,93068288, VRAM reserved:,29100081152
Epoch:,224200,Training Loss:,656672441075949.9, Learning rate:,0.0028507718749999993, Number of training points (boundary):,3498, Number of training points (interior):,24998, VRAM allocated:,93068288, VRAM reserved:,29100081152
Epoch:,224300,Training Loss:,15032966217800.475, Learning rate:,0.0028507718749999993, Number of training points (boundary):,3498, Number of training points (interior):,24998, VRAM allocated:,93068288, VRAM reserved:,29100081152
Epoch:,224400,Training Loss:,10135873174070.045, Learning rate:,0.0028507718749999993, Number of training points (boundary):,3498, Number of training points (interior):,24998, VRAM allocated:,93068288, VRAM reserved:,29100081152
Epoch:,224500,Training Loss:,7134786346524.005, Learning rate:,0.0028507718749999993, Number of training points (boundary):,3498, Number of training points (interior):,24998, VRAM allocated:,93068288, VRAM reserved:,29100081152
Epoch:,224600,Training Loss:,5265022526466.256, Learning rate:,0.0028507718749999993, Number of training points (boundary):,3498, Number of training points (interior):,24998, VRAM allocated:,93068288, VRAM reserved:,29100081152
Epoch:,224700,Training Loss:,75183099.80849706, Learning rate:,0.0028507718749999993, Number of training points (boundary):,3498, Number of training points (interior):,24998, VRAM allocated:,93068288, VRAM reserved:,29100081152
Epoch:,224800,Training Loss:,844824188.5377315, Learning rate:,0.0028507718749999993, Number of training points (boundary):,3498, Number of training points (interior):,24998, VRAM allocated:,93068288, VRAM reserved:,29100081152
Epoch:,224900,Training Loss:,5444.6521617681055, Learning rate:,0.0028507718749999993, Number of training points (boundary):,3498, Number of training points (interior):,24998, VRAM allocated:,93068288, VRAM reserved:,29100081152
Epoch:,225000,Training Loss:,34635736.80422982, Learning rate:,0.0028507718749999993, Number of training points (boundary):,3498, Number of training points (interior):,24998, VRAM allocated:,93068288, VRAM reserved:,29100081152
Epoch:,225100,Training Loss:,87956399.13388208, Learning rate:,0.0028507718749999993, Number of training points (boundary):,3498, Number of training points (interior):,24998, VRAM allocated:,93068288, VRAM reserved:,29100081152
Epoch:,225200,Training Loss:,13353268.29376194, Learning rate:,0.0028507718749999993, Number of training points (boundary):,3498, Number of training points (interior):,24998, VRAM allocated:,93068288, VRAM reserved:,29100081152
Epoch:,225300,Training Loss:,5.0497921946127706e+17, Learning rate:,0.0028507718749999993, Number of training points (boundary):,3498, Number of training points (interior):,24998, VRAM allocated:,93068288, VRAM reserved:,29100081152
Epoch:,225400,Training Loss:,2700738.423202551, Learning rate:,0.0028507718749999993, Number of training points (boundary):,3498, Number of training points (interior):,24998, VRAM allocated:,93068288, VRAM reserved:,29100081152
Epoch:,225500,Training Loss:,9664416220.205149, Learning rate:,0.0028507718749999993, Number of training points (boundary):,3498, Number of training points (interior):,24998, VRAM allocated:,93068288, VRAM reserved:,29100081152
Epoch:,225600,Training Loss:,295053401.8181038, Learning rate:,0.0028507718749999993, Number of training points (boundary):,3498, Number of training points (interior):,24998, VRAM allocated:,93068288, VRAM reserved:,29100081152
Epoch:,225700,Training Loss:,16240338984.751305, Learning rate:,0.0028507718749999993, Number of training points (boundary):,3498, Number of training points (interior):,24998, VRAM allocated:,93068288, VRAM reserved:,29100081152
Epoch:,225800,Training Loss:,8451643156022.389, Learning rate:,0.0028507718749999993, Number of training points (boundary):,3498, Number of training points (interior):,24998, VRAM allocated:,93068288, VRAM reserved:,29100081152
Epoch:,225900,Training Loss:,127034854341169.23, Learning rate:,0.0028507718749999993, Number of training points (boundary):,3498, Number of training points (interior):,24998, VRAM allocated:,93068288, VRAM reserved:,29100081152
Epoch:,226000,Training Loss:,23764720187.00941, Learning rate:,0.0028507718749999993, Number of training points (boundary):,3498, Number of training points (interior):,24998, VRAM allocated:,93068288, VRAM reserved:,29100081152
Epoch:,226100,Training Loss:,490813332946.3408, Learning rate:,0.0028507718749999993, Number of training points (boundary):,3498, Number of training points (interior):,24998, VRAM allocated:,93068288, VRAM reserved:,29100081152
Epoch:,226200,Training Loss:,740373447.8991796, Learning rate:,0.0028507718749999993, Number of training points (boundary):,3498, Number of training points (interior):,24998, VRAM allocated:,93068288, VRAM reserved:,29100081152
Epoch:,226300,Training Loss:,5.758548730770201e+27, Learning rate:,0.0028507718749999993, Number of training points (boundary):,3498, Number of training points (interior):,24998, VRAM allocated:,93068288, VRAM reserved:,29100081152
Epoch:,226400,Training Loss:,196225027912.53848, Learning rate:,0.0028507718749999993, Number of training points (boundary):,3498, Number of training points (interior):,24998, VRAM allocated:,93068288, VRAM reserved:,29100081152
Epoch:,226500,Training Loss:,8870306016907.104, Learning rate:,0.0028507718749999993, Number of training points (boundary):,3498, Number of training points (interior):,24998, VRAM allocated:,93068288, VRAM reserved:,29100081152
Epoch:,226600,Training Loss:,236544047580.43652, Learning rate:,0.0028507718749999993, Number of training points (boundary):,3498, Number of training points (interior):,24998, VRAM allocated:,93068288, VRAM reserved:,29100081152
Epoch:,226700,Training Loss:,5802748125.903506, Learning rate:,0.0028507718749999993, Number of training points (boundary):,3498, Number of training points (interior):,24998, VRAM allocated:,93068288, VRAM reserved:,29100081152
Epoch:,226800,Training Loss:,356096117604.3741, Learning rate:,0.0028507718749999993, Number of training points (boundary):,3498, Number of training points (interior):,24998, VRAM allocated:,93068288, VRAM reserved:,29100081152
Epoch:,226900,Training Loss:,66449661.58545562, Learning rate:,0.0028507718749999993, Number of training points (boundary):,3498, Number of training points (interior):,24998, VRAM allocated:,93068288, VRAM reserved:,29100081152
Epoch:,227000,Training Loss:,5502552794151622.0, Learning rate:,0.0028507718749999993, Number of training points (boundary):,3498, Number of training points (interior):,24998, VRAM allocated:,93068288, VRAM reserved:,29100081152
Epoch:,227100,Training Loss:,90031796948.44739, Learning rate:,0.0028507718749999993, Number of training points (boundary):,3498, Number of training points (interior):,24998, VRAM allocated:,93068288, VRAM reserved:,29100081152
Epoch:,227200,Training Loss:,203265152.2091735, Learning rate:,0.0028507718749999993, Number of training points (boundary):,3498, Number of training points (interior):,24998, VRAM allocated:,93068288, VRAM reserved:,29100081152
Epoch:,227300,Training Loss:,13821099355290.543, Learning rate:,0.0028507718749999993, Number of training points (boundary):,3498, Number of training points (interior):,24998, VRAM allocated:,93068288, VRAM reserved:,29100081152
Epoch:,227400,Training Loss:,3.2881972467576435e+30, Learning rate:,0.0028507718749999993, Number of training points (boundary):,3498, Number of training points (interior):,24998, VRAM allocated:,93068288, VRAM reserved:,29100081152
Epoch:,227500,Training Loss:,5.247885252987107e+17, Learning rate:,0.0028507718749999993, Number of training points (boundary):,3498, Number of training points (interior):,24998, VRAM allocated:,93068288, VRAM reserved:,29100081152
Epoch:,227600,Training Loss:,52367191.34373971, Learning rate:,0.0028507718749999993, Number of training points (boundary):,3498, Number of training points (interior):,24998, VRAM allocated:,93068288, VRAM reserved:,29100081152
Epoch:,227700,Training Loss:,28624881134004.707, Learning rate:,0.0028507718749999993, Number of training points (boundary):,3498, Number of training points (interior):,24998, VRAM allocated:,93068288, VRAM reserved:,29100081152
Epoch:,227800,Training Loss:,8282313.7232399, Learning rate:,0.0028507718749999993, Number of training points (boundary):,3498, Number of training points (interior):,24998, VRAM allocated:,93068288, VRAM reserved:,29100081152
Epoch:,227900,Training Loss:,50431098079966.17, Learning rate:,0.0028507718749999993, Number of training points (boundary):,3498, Number of training points (interior):,24998, VRAM allocated:,93068288, VRAM reserved:,29100081152
Epoch:,228000,Training Loss:,27788369167.715347, Learning rate:,0.0028507718749999993, Number of training points (boundary):,3498, Number of training points (interior):,24998, VRAM allocated:,93068288, VRAM reserved:,29100081152
Epoch:,228100,Training Loss:,5760933785.972617, Learning rate:,0.0028507718749999993, Number of training points (boundary):,3498, Number of training points (interior):,24998, VRAM allocated:,93068288, VRAM reserved:,29100081152
Epoch:,228200,Training Loss:,6.834896251766407e+18, Learning rate:,0.0028507718749999993, Number of training points (boundary):,3498, Number of training points (interior):,24998, VRAM allocated:,93068288, VRAM reserved:,29100081152
Epoch:,228300,Training Loss:,38201519850.476456, Learning rate:,0.0028507718749999993, Number of training points (boundary):,3498, Number of training points (interior):,24998, VRAM allocated:,93068288, VRAM reserved:,29100081152
Epoch:,228400,Training Loss:,510.24457235555525, Learning rate:,0.0028507718749999993, Number of training points (boundary):,3498, Number of training points (interior):,24998, VRAM allocated:,93068288, VRAM reserved:,29100081152
Epoch:,228500,Training Loss:,20288844.880022686, Learning rate:,0.0028507718749999993, Number of training points (boundary):,3498, Number of training points (interior):,24998, VRAM allocated:,93068288, VRAM reserved:,29100081152
Epoch:,228600,Training Loss:,897.1134783394214, Learning rate:,0.0028507718749999993, Number of training points (boundary):,3498, Number of training points (interior):,24998, VRAM allocated:,93068288, VRAM reserved:,29100081152
Epoch:,228700,Training Loss:,7674775710412916.0, Learning rate:,0.0028507718749999993, Number of training points (boundary):,3498, Number of training points (interior):,24998, VRAM allocated:,93068288, VRAM reserved:,29100081152
Epoch:,228800,Training Loss:,162841014.23518005, Learning rate:,0.0028507718749999993, Number of training points (boundary):,3498, Number of training points (interior):,24998, VRAM allocated:,93068288, VRAM reserved:,29100081152
Epoch:,228900,Training Loss:,22520.01314096853, Learning rate:,0.0028507718749999993, Number of training points (boundary):,3498, Number of training points (interior):,24998, VRAM allocated:,93068288, VRAM reserved:,29100081152
Epoch:,229000,Training Loss:,1984.228931874295, Learning rate:,0.0028507718749999993, Number of training points (boundary):,3498, Number of training points (interior):,24998, VRAM allocated:,93068288, VRAM reserved:,29100081152
Epoch:,229100,Training Loss:,2136.6264689369928, Learning rate:,0.0028507718749999993, Number of training points (boundary):,3498, Number of training points (interior):,24998, VRAM allocated:,93068288, VRAM reserved:,29100081152
Epoch:,229200,Training Loss:,1.9431505241282762e+17, Learning rate:,0.0028507718749999993, Number of training points (boundary):,3498, Number of training points (interior):,24998, VRAM allocated:,93068288, VRAM reserved:,29100081152
Epoch:,229300,Training Loss:,2212.027093607807, Learning rate:,0.0028507718749999993, Number of training points (boundary):,3498, Number of training points (interior):,24998, VRAM allocated:,93068288, VRAM reserved:,29100081152
Epoch:,229400,Training Loss:,1156068.0839845438, Learning rate:,0.0028507718749999993, Number of training points (boundary):,3498, Number of training points (interior):,24998, VRAM allocated:,93068288, VRAM reserved:,29100081152
Epoch:,229500,Training Loss:,102907.33964847474, Learning rate:,0.0028507718749999993, Number of training points (boundary):,3498, Number of training points (interior):,24998, VRAM allocated:,93068288, VRAM reserved:,29100081152
Epoch:,229600,Training Loss:,34662.11229260783, Learning rate:,0.0028507718749999993, Number of training points (boundary):,3498, Number of training points (interior):,24998, VRAM allocated:,93068288, VRAM reserved:,29100081152
Epoch:,229700,Training Loss:,321956724.3305749, Learning rate:,0.0028507718749999993, Number of training points (boundary):,3498, Number of training points (interior):,24998, VRAM allocated:,93068288, VRAM reserved:,29100081152
Epoch:,229800,Training Loss:,1998.7527529691943, Learning rate:,0.0028507718749999993, Number of training points (boundary):,3498, Number of training points (interior):,24998, VRAM allocated:,93068288, VRAM reserved:,29100081152
Epoch:,229900,Training Loss:,32731060813.490818, Learning rate:,0.0028507718749999993, Number of training points (boundary):,3498, Number of training points (interior):,24998, VRAM allocated:,93068288, VRAM reserved:,29100081152
Epoch:,230000,Training Loss:,710.402615151897, Learning rate:,0.0028507718749999993, Number of training points (boundary):,3498, Number of training points (interior):,24998, VRAM allocated:,93068288, VRAM reserved:,29100081152
Epoch:,230100,Training Loss:,20405.302296286573, Learning rate:,0.0028507718749999993, Number of training points (boundary):,3498, Number of training points (interior):,24998, VRAM allocated:,93068288, VRAM reserved:,29100081152
Epoch:,230200,Training Loss:,598285488.2566035, Learning rate:,0.0028507718749999993, Number of training points (boundary):,3498, Number of training points (interior):,24998, VRAM allocated:,93068288, VRAM reserved:,29100081152
Epoch:,230300,Training Loss:,89849.20245519126, Learning rate:,0.0028507718749999993, Number of training points (boundary):,3498, Number of training points (interior):,24998, VRAM allocated:,93068288, VRAM reserved:,29100081152
Epoch:,230400,Training Loss:,518190569282715.9, Learning rate:,0.0028507718749999993, Number of training points (boundary):,3498, Number of training points (interior):,24998, VRAM allocated:,93068288, VRAM reserved:,29100081152
Epoch:,230500,Training Loss:,10489991085.74615, Learning rate:,0.0028507718749999993, Number of training points (boundary):,3498, Number of training points (interior):,24998, VRAM allocated:,93068288, VRAM reserved:,29100081152
Epoch:,230600,Training Loss:,4328219942712.324, Learning rate:,0.0028507718749999993, Number of training points (boundary):,3498, Number of training points (interior):,24998, VRAM allocated:,93068288, VRAM reserved:,29100081152
Epoch:,230700,Training Loss:,3.100403988241012e+17, Learning rate:,0.0028507718749999993, Number of training points (boundary):,3498, Number of training points (interior):,24998, VRAM allocated:,93068288, VRAM reserved:,29100081152
Epoch:,230800,Training Loss:,2886.408822195575, Learning rate:,0.0028507718749999993, Number of training points (boundary):,3498, Number of training points (interior):,24998, VRAM allocated:,93068288, VRAM reserved:,29100081152
Epoch:,230900,Training Loss:,13451.311015256397, Learning rate:,0.0028507718749999993, Number of training points (boundary):,3498, Number of training points (interior):,24998, VRAM allocated:,93068288, VRAM reserved:,29100081152
Epoch:,231000,Training Loss:,1.4964056011012111e+23, Learning rate:,0.0028507718749999993, Number of training points (boundary):,3498, Number of training points (interior):,24998, VRAM allocated:,93068288, VRAM reserved:,29100081152
Epoch:,231100,Training Loss:,13018.09207801743, Learning rate:,0.0028507718749999993, Number of training points (boundary):,3498, Number of training points (interior):,24998, VRAM allocated:,93068288, VRAM reserved:,29100081152
Epoch:,231200,Training Loss:,2418.1814925612452, Learning rate:,0.0028507718749999993, Number of training points (boundary):,3498, Number of training points (interior):,24998, VRAM allocated:,93068288, VRAM reserved:,29100081152
Epoch:,231300,Training Loss:,20300.147395073534, Learning rate:,0.0028507718749999993, Number of training points (boundary):,3498, Number of training points (interior):,24998, VRAM allocated:,93068288, VRAM reserved:,29100081152
Epoch:,231400,Training Loss:,3719458918.9248095, Learning rate:,0.0028507718749999993, Number of training points (boundary):,3498, Number of training points (interior):,24998, VRAM allocated:,93068288, VRAM reserved:,29100081152
Epoch:,231500,Training Loss:,36414.027504076286, Learning rate:,0.0028507718749999993, Number of training points (boundary):,3498, Number of training points (interior):,24998, VRAM allocated:,93068288, VRAM reserved:,29100081152
Epoch:,231600,Training Loss:,4.358278216279857e+18, Learning rate:,0.0028507718749999993, Number of training points (boundary):,3498, Number of training points (interior):,24998, VRAM allocated:,93068288, VRAM reserved:,29100081152
Epoch:,231700,Training Loss:,16314.203850783275, Learning rate:,0.0028507718749999993, Number of training points (boundary):,3498, Number of training points (interior):,24998, VRAM allocated:,93068288, VRAM reserved:,29100081152
Epoch:,231800,Training Loss:,706850937241.2781, Learning rate:,0.0028507718749999993, Number of training points (boundary):,3498, Number of training points (interior):,24998, VRAM allocated:,93068288, VRAM reserved:,29100081152
Epoch:,231900,Training Loss:,14916615.582741784, Learning rate:,0.0028507718749999993, Number of training points (boundary):,3498, Number of training points (interior):,24998, VRAM allocated:,93068288, VRAM reserved:,29100081152
Epoch:,232000,Training Loss:,38790366.098587945, Learning rate:,0.0028507718749999993, Number of training points (boundary):,3498, Number of training points (interior):,24998, VRAM allocated:,93068288, VRAM reserved:,29100081152
Epoch:,232100,Training Loss:,15580.180087324681, Learning rate:,0.0028507718749999993, Number of training points (boundary):,3498, Number of training points (interior):,24998, VRAM allocated:,93068288, VRAM reserved:,29100081152
Epoch:,232200,Training Loss:,49930376.78279945, Learning rate:,0.0028507718749999993, Number of training points (boundary):,3498, Number of training points (interior):,24998, VRAM allocated:,93068288, VRAM reserved:,29100081152
Epoch:,232300,Training Loss:,28797.33505893025, Learning rate:,0.0028507718749999993, Number of training points (boundary):,3498, Number of training points (interior):,24998, VRAM allocated:,93068288, VRAM reserved:,29100081152
Epoch:,232400,Training Loss:,7596163.981315123, Learning rate:,0.0028507718749999993, Number of training points (boundary):,3498, Number of training points (interior):,24998, VRAM allocated:,93068288, VRAM reserved:,29100081152
Epoch:,232500,Training Loss:,9267.782648123906, Learning rate:,0.0028507718749999993, Number of training points (boundary):,3498, Number of training points (interior):,24998, VRAM allocated:,93068288, VRAM reserved:,29100081152
Epoch:,232600,Training Loss:,66542372.34523892, Learning rate:,0.0028507718749999993, Number of training points (boundary):,3498, Number of training points (interior):,24998, VRAM allocated:,93068288, VRAM reserved:,29100081152
Epoch:,232700,Training Loss:,1121732827150.1655, Learning rate:,0.0028507718749999993, Number of training points (boundary):,3498, Number of training points (interior):,24998, VRAM allocated:,93068288, VRAM reserved:,29100081152
Epoch:,232800,Training Loss:,1494219985.6113517, Learning rate:,0.0028507718749999993, Number of training points (boundary):,3498, Number of training points (interior):,24998, VRAM allocated:,93068288, VRAM reserved:,29100081152
Epoch:,232900,Training Loss:,630278207008.98, Learning rate:,0.0028507718749999993, Number of training points (boundary):,3498, Number of training points (interior):,24998, VRAM allocated:,93068288, VRAM reserved:,29100081152
Epoch:,233000,Training Loss:,5.122162647305831e+24, Learning rate:,0.0028507718749999993, Number of training points (boundary):,3498, Number of training points (interior):,24998, VRAM allocated:,93068288, VRAM reserved:,29100081152
Epoch:,233100,Training Loss:,95647406258.6385, Learning rate:,0.0028507718749999993, Number of training points (boundary):,3498, Number of training points (interior):,24998, VRAM allocated:,93068288, VRAM reserved:,29100081152
Epoch:,233200,Training Loss:,54824846810142.9, Learning rate:,0.0028507718749999993, Number of training points (boundary):,3498, Number of training points (interior):,24998, VRAM allocated:,93068288, VRAM reserved:,29100081152
Epoch:,233300,Training Loss:,180313549.52643874, Learning rate:,0.0028507718749999993, Number of training points (boundary):,3498, Number of training points (interior):,24998, VRAM allocated:,93068288, VRAM reserved:,29100081152
Epoch:,233400,Training Loss:,9316791191.326275, Learning rate:,0.0028507718749999993, Number of training points (boundary):,3498, Number of training points (interior):,24998, VRAM allocated:,93068288, VRAM reserved:,29100081152
Epoch:,233500,Training Loss:,21667023705868.31, Learning rate:,0.0028507718749999993, Number of training points (boundary):,3498, Number of training points (interior):,24998, VRAM allocated:,93068288, VRAM reserved:,29100081152
Epoch:,233600,Training Loss:,5.3954059575526816e+17, Learning rate:,0.0028507718749999993, Number of training points (boundary):,3498, Number of training points (interior):,24998, VRAM allocated:,93068288, VRAM reserved:,29100081152
Epoch:,233700,Training Loss:,10419892714.184114, Learning rate:,0.0028507718749999993, Number of training points (boundary):,3498, Number of training points (interior):,24998, VRAM allocated:,93068288, VRAM reserved:,29100081152
Epoch:,233800,Training Loss:,674105.7057961294, Learning rate:,0.0028507718749999993, Number of training points (boundary):,3498, Number of training points (interior):,24998, VRAM allocated:,93068288, VRAM reserved:,29100081152
Epoch:,233900,Training Loss:,1696912.0019880454, Learning rate:,0.0028507718749999993, Number of training points (boundary):,3498, Number of training points (interior):,24998, VRAM allocated:,93068288, VRAM reserved:,29100081152
Epoch:,234000,Training Loss:,48341491.77675085, Learning rate:,0.0028507718749999993, Number of training points (boundary):,3498, Number of training points (interior):,24998, VRAM allocated:,93068288, VRAM reserved:,29100081152
Epoch:,234100,Training Loss:,4.724289616334262e+16, Learning rate:,0.0028507718749999993, Number of training points (boundary):,3498, Number of training points (interior):,24998, VRAM allocated:,93068288, VRAM reserved:,29100081152
Epoch:,234200,Training Loss:,28717338418001.09, Learning rate:,0.0028507718749999993, Number of training points (boundary):,3498, Number of training points (interior):,24998, VRAM allocated:,93068288, VRAM reserved:,29100081152
Epoch:,234300,Training Loss:,18833188066.981743, Learning rate:,0.0028507718749999993, Number of training points (boundary):,3498, Number of training points (interior):,24998, VRAM allocated:,93068288, VRAM reserved:,29100081152
Epoch:,234400,Training Loss:,159254609.3278325, Learning rate:,0.0028507718749999993, Number of training points (boundary):,3498, Number of training points (interior):,24998, VRAM allocated:,93068288, VRAM reserved:,29100081152
Epoch:,234500,Training Loss:,12490690764.337433, Learning rate:,0.0028507718749999993, Number of training points (boundary):,3498, Number of training points (interior):,24998, VRAM allocated:,93068288, VRAM reserved:,29100081152
Epoch:,234600,Training Loss:,194353542888647.47, Learning rate:,0.0028507718749999993, Number of training points (boundary):,3498, Number of training points (interior):,24998, VRAM allocated:,93068288, VRAM reserved:,29100081152
Epoch:,234700,Training Loss:,1416.7083977534767, Learning rate:,0.0028507718749999993, Number of training points (boundary):,3498, Number of training points (interior):,24998, VRAM allocated:,93068288, VRAM reserved:,29100081152
Epoch:,234800,Training Loss:,1417.8849870638662, Learning rate:,0.0028507718749999993, Number of training points (boundary):,3498, Number of training points (interior):,24998, VRAM allocated:,93068288, VRAM reserved:,29100081152
Epoch:,234900,Training Loss:,1403.3930117224068, Learning rate:,0.0028507718749999993, Number of training points (boundary):,3498, Number of training points (interior):,24998, VRAM allocated:,93068288, VRAM reserved:,29100081152
Epoch:,235000,Training Loss:,1392.6567919990202, Learning rate:,0.0028507718749999993, Number of training points (boundary):,3498, Number of training points (interior):,24998, VRAM allocated:,93068288, VRAM reserved:,29100081152
Epoch:,235100,Training Loss:,1383.2997979559461, Learning rate:,0.0028507718749999993, Number of training points (boundary):,3498, Number of training points (interior):,24998, VRAM allocated:,93068288, VRAM reserved:,29100081152
Epoch:,235200,Training Loss:,1385.2294888892063, Learning rate:,0.0028507718749999993, Number of training points (boundary):,3498, Number of training points (interior):,24998, VRAM allocated:,93068288, VRAM reserved:,29100081152
Epoch:,235300,Training Loss:,1368.7520748583463, Learning rate:,0.0028507718749999993, Number of training points (boundary):,3498, Number of training points (interior):,24998, VRAM allocated:,93068288, VRAM reserved:,29100081152
Epoch:,235400,Training Loss:,1358.4197605403847, Learning rate:,0.0028507718749999993, Number of training points (boundary):,3498, Number of training points (interior):,24998, VRAM allocated:,93068288, VRAM reserved:,29100081152
Epoch:,235500,Training Loss:,1350.567880425988, Learning rate:,0.0028507718749999993, Number of training points (boundary):,3498, Number of training points (interior):,24998, VRAM allocated:,93068288, VRAM reserved:,29100081152
Epoch:,235600,Training Loss:,1349.733175698014, Learning rate:,0.0028507718749999993, Number of training points (boundary):,3498, Number of training points (interior):,24998, VRAM allocated:,93068288, VRAM reserved:,29100081152
Epoch:,235700,Training Loss:,1334.9800908305194, Learning rate:,0.0028507718749999993, Number of training points (boundary):,3498, Number of training points (interior):,24998, VRAM allocated:,93068288, VRAM reserved:,29100081152
Epoch:,235800,Training Loss:,54382670209.84743, Learning rate:,0.0028507718749999993, Number of training points (boundary):,3498, Number of training points (interior):,24998, VRAM allocated:,93068288, VRAM reserved:,29100081152
Epoch:,235900,Training Loss:,1320.227970086848, Learning rate:,0.0028507718749999993, Number of training points (boundary):,3498, Number of training points (interior):,24998, VRAM allocated:,93068288, VRAM reserved:,29100081152
Epoch:,236000,Training Loss:,1311.9691124063525, Learning rate:,0.0028507718749999993, Number of training points (boundary):,3498, Number of training points (interior):,24998, VRAM allocated:,93068288, VRAM reserved:,29100081152
Epoch:,236100,Training Loss:,1316.15069937409, Learning rate:,0.0028507718749999993, Number of training points (boundary):,3498, Number of training points (interior):,24998, VRAM allocated:,93068288, VRAM reserved:,29100081152
Epoch:,236200,Training Loss:,1297.2326542225178, Learning rate:,0.0028507718749999993, Number of training points (boundary):,3498, Number of training points (interior):,24998, VRAM allocated:,93068288, VRAM reserved:,29100081152
Epoch:,236300,Training Loss:,1289.6821883189748, Learning rate:,0.0028507718749999993, Number of training points (boundary):,3498, Number of training points (interior):,24998, VRAM allocated:,93068288, VRAM reserved:,29100081152
Epoch:,236400,Training Loss:,1281.965691387459, Learning rate:,0.0028507718749999993, Number of training points (boundary):,3498, Number of training points (interior):,24998, VRAM allocated:,93068288, VRAM reserved:,29100081152
Epoch:,236500,Training Loss:,1276.4423632897965, Learning rate:,0.0028507718749999993, Number of training points (boundary):,3498, Number of training points (interior):,24998, VRAM allocated:,93068288, VRAM reserved:,29100081152
Epoch:,236600,Training Loss:,1268.2857440427003, Learning rate:,0.0028507718749999993, Number of training points (boundary):,3498, Number of training points (interior):,24998, VRAM allocated:,93068288, VRAM reserved:,29100081152
Epoch:,236700,Training Loss:,63326.404844464756, Learning rate:,0.0028507718749999993, Number of training points (boundary):,3498, Number of training points (interior):,24998, VRAM allocated:,93068288, VRAM reserved:,29100081152
Epoch:,236800,Training Loss:,1254.0875638340633, Learning rate:,0.0028507718749999993, Number of training points (boundary):,3498, Number of training points (interior):,24998, VRAM allocated:,93068288, VRAM reserved:,29100081152
Epoch:,236900,Training Loss:,1246.6341977991397, Learning rate:,0.0028507718749999993, Number of training points (boundary):,3498, Number of training points (interior):,24998, VRAM allocated:,93068288, VRAM reserved:,29100081152
Epoch:,237000,Training Loss:,1239.32009302013, Learning rate:,0.0028507718749999993, Number of training points (boundary):,3498, Number of training points (interior):,24998, VRAM allocated:,93068288, VRAM reserved:,29100081152
Epoch:,237100,Training Loss:,1232.1669622630181, Learning rate:,0.0028507718749999993, Number of training points (boundary):,3498, Number of training points (interior):,24998, VRAM allocated:,93068288, VRAM reserved:,29100081152
Epoch:,237200,Training Loss:,1227.5580374386893, Learning rate:,0.0028507718749999993, Number of training points (boundary):,3498, Number of training points (interior):,24998, VRAM allocated:,93068288, VRAM reserved:,29100081152
Epoch:,237300,Training Loss:,1218.584280620779, Learning rate:,0.0028507718749999993, Number of training points (boundary):,3498, Number of training points (interior):,24998, VRAM allocated:,93068288, VRAM reserved:,29100081152
Epoch:,237400,Training Loss:,1227.658122652615, Learning rate:,0.0028507718749999993, Number of training points (boundary):,3498, Number of training points (interior):,24998, VRAM allocated:,93068288, VRAM reserved:,29100081152
Epoch:,237500,Training Loss:,3375.742915834784, Learning rate:,0.0028507718749999993, Number of training points (boundary):,3498, Number of training points (interior):,24998, VRAM allocated:,93068288, VRAM reserved:,29100081152
Epoch:,237600,Training Loss:,24682531232544.33, Learning rate:,0.0028507718749999993, Number of training points (boundary):,3498, Number of training points (interior):,24998, VRAM allocated:,93068288, VRAM reserved:,29100081152
Epoch:,237700,Training Loss:,2166.7558562290333, Learning rate:,0.0028507718749999993, Number of training points (boundary):,3498, Number of training points (interior):,24998, VRAM allocated:,93068288, VRAM reserved:,29100081152
Epoch:,237800,Training Loss:,1186.7184600001037, Learning rate:,0.0028507718749999993, Number of training points (boundary):,3498, Number of training points (interior):,24998, VRAM allocated:,93068288, VRAM reserved:,29100081152
Epoch:,237900,Training Loss:,1180.593723874046, Learning rate:,0.0028507718749999993, Number of training points (boundary):,3498, Number of training points (interior):,24998, VRAM allocated:,93068288, VRAM reserved:,29100081152
Epoch:,238000,Training Loss:,1171.6788889563027, Learning rate:,0.0028507718749999993, Number of training points (boundary):,3498, Number of training points (interior):,24998, VRAM allocated:,93068288, VRAM reserved:,29100081152
Epoch:,238100,Training Loss:,1165.5512303214844, Learning rate:,0.0028507718749999993, Number of training points (boundary):,3498, Number of training points (interior):,24998, VRAM allocated:,93068288, VRAM reserved:,29100081152
Epoch:,238200,Training Loss:,1158.1257898547162, Learning rate:,0.0028507718749999993, Number of training points (boundary):,3498, Number of training points (interior):,24998, VRAM allocated:,93068288, VRAM reserved:,29100081152
Epoch:,238300,Training Loss:,1209.841509970067, Learning rate:,0.0028507718749999993, Number of training points (boundary):,3498, Number of training points (interior):,24998, VRAM allocated:,93068288, VRAM reserved:,29100081152
Epoch:,238400,Training Loss:,1722.2579329338932, Learning rate:,0.0028507718749999993, Number of training points (boundary):,3498, Number of training points (interior):,24998, VRAM allocated:,93068288, VRAM reserved:,29100081152
Epoch:,238500,Training Loss:,1146.6607311147104, Learning rate:,0.0028507718749999993, Number of training points (boundary):,3498, Number of training points (interior):,24998, VRAM allocated:,93068288, VRAM reserved:,29100081152
Epoch:,238600,Training Loss:,65883.82566831226, Learning rate:,0.0028507718749999993, Number of training points (boundary):,3498, Number of training points (interior):,24998, VRAM allocated:,93068288, VRAM reserved:,29100081152
Epoch:,238700,Training Loss:,19527.985525050837, Learning rate:,0.0028507718749999993, Number of training points (boundary):,3498, Number of training points (interior):,24998, VRAM allocated:,93068288, VRAM reserved:,29100081152
Epoch:,238800,Training Loss:,201963811725.59467, Learning rate:,0.0028507718749999993, Number of training points (boundary):,3498, Number of training points (interior):,24998, VRAM allocated:,93068288, VRAM reserved:,29100081152
Epoch:,238900,Training Loss:,2095.204035204156, Learning rate:,0.0028507718749999993, Number of training points (boundary):,3498, Number of training points (interior):,24998, VRAM allocated:,93068288, VRAM reserved:,29100081152
Epoch:,239000,Training Loss:,1118.4108584434769, Learning rate:,0.0028507718749999993, Number of training points (boundary):,3498, Number of training points (interior):,24998, VRAM allocated:,93068288, VRAM reserved:,29100081152
Epoch:,239100,Training Loss:,1204.7295954026931, Learning rate:,0.0028507718749999993, Number of training points (boundary):,3498, Number of training points (interior):,24998, VRAM allocated:,93068288, VRAM reserved:,29100081152
Epoch:,239200,Training Loss:,1106.9760428953714, Learning rate:,0.0028507718749999993, Number of training points (boundary):,3498, Number of training points (interior):,24998, VRAM allocated:,93068288, VRAM reserved:,29100081152
Epoch:,239300,Training Loss:,1186.9088034325787, Learning rate:,0.0028507718749999993, Number of training points (boundary):,3498, Number of training points (interior):,24998, VRAM allocated:,93068288, VRAM reserved:,29100081152
Epoch:,239400,Training Loss:,27807.001022692086, Learning rate:,0.0028507718749999993, Number of training points (boundary):,3498, Number of training points (interior):,24998, VRAM allocated:,93068288, VRAM reserved:,29100081152
Epoch:,239500,Training Loss:,2402.763608214269, Learning rate:,0.0028507718749999993, Number of training points (boundary):,3498, Number of training points (interior):,24998, VRAM allocated:,93068288, VRAM reserved:,29100081152
Epoch:,239600,Training Loss:,1070.3458964301035, Learning rate:,0.0028507718749999993, Number of training points (boundary):,3498, Number of training points (interior):,24998, VRAM allocated:,93068288, VRAM reserved:,29100081152
Epoch:,239700,Training Loss:,4592280212.218187, Learning rate:,0.0028507718749999993, Number of training points (boundary):,3498, Number of training points (interior):,24998, VRAM allocated:,93068288, VRAM reserved:,29100081152
Epoch:,239800,Training Loss:,1074.316270783546, Learning rate:,0.0028507718749999993, Number of training points (boundary):,3498, Number of training points (interior):,24998, VRAM allocated:,93068288, VRAM reserved:,29100081152
Epoch:,239900,Training Loss:,1050.121251549087, Learning rate:,0.0028507718749999993, Number of training points (boundary):,3498, Number of training points (interior):,24998, VRAM allocated:,93068288, VRAM reserved:,29100081152
Epoch:,240000,Training Loss:,1043.6470841301061, Learning rate:,0.0028507718749999993, Number of training points (boundary):,3498, Number of training points (interior):,24998, VRAM allocated:,93068288, VRAM reserved:,29100081152
Epoch:,240100,Training Loss:,1037.514373886814, Learning rate:,0.0028507718749999993, Number of training points (boundary):,3498, Number of training points (interior):,24998, VRAM allocated:,93068288, VRAM reserved:,29100081152
Epoch:,240200,Training Loss:,1035.2113995838145, Learning rate:,0.0028507718749999993, Number of training points (boundary):,3498, Number of training points (interior):,24998, VRAM allocated:,93068288, VRAM reserved:,29100081152
Epoch:,240300,Training Loss:,1039.5112773041483, Learning rate:,0.0028507718749999993, Number of training points (boundary):,3498, Number of training points (interior):,24998, VRAM allocated:,93068288, VRAM reserved:,29100081152
Epoch:,240400,Training Loss:,1019.2087861763841, Learning rate:,0.0028507718749999993, Number of training points (boundary):,3498, Number of training points (interior):,24998, VRAM allocated:,93068288, VRAM reserved:,29100081152
Epoch:,240500,Training Loss:,1013.5066150464526, Learning rate:,0.0028507718749999993, Number of training points (boundary):,3498, Number of training points (interior):,24998, VRAM allocated:,93068288, VRAM reserved:,29100081152
Epoch:,240600,Training Loss:,1008.2249659044764, Learning rate:,0.0028507718749999993, Number of training points (boundary):,3498, Number of training points (interior):,24998, VRAM allocated:,93068288, VRAM reserved:,29100081152
Epoch:,240700,Training Loss:,1001.8010337317804, Learning rate:,0.0028507718749999993, Number of training points (boundary):,3498, Number of training points (interior):,24998, VRAM allocated:,93068288, VRAM reserved:,29100081152
Epoch:,240800,Training Loss:,44502070.031783506, Learning rate:,0.0028507718749999993, Number of training points (boundary):,3498, Number of training points (interior):,24998, VRAM allocated:,93068288, VRAM reserved:,29100081152
Epoch:,240900,Training Loss:,991.299517609638, Learning rate:,0.0028507718749999993, Number of training points (boundary):,3498, Number of training points (interior):,24998, VRAM allocated:,93068288, VRAM reserved:,29100081152
Epoch:,241000,Training Loss:,984.6020621493674, Learning rate:,0.0028507718749999993, Number of training points (boundary):,3498, Number of training points (interior):,24998, VRAM allocated:,93068288, VRAM reserved:,29100081152
Epoch:,241100,Training Loss:,980.4795891322894, Learning rate:,0.0028507718749999993, Number of training points (boundary):,3498, Number of training points (interior):,24998, VRAM allocated:,93068288, VRAM reserved:,29100081152
Epoch:,241200,Training Loss:,982.8578412119299, Learning rate:,0.0028507718749999993, Number of training points (boundary):,3498, Number of training points (interior):,24998, VRAM allocated:,93068288, VRAM reserved:,29100081152
Epoch:,241300,Training Loss:,977.3573792677706, Learning rate:,0.0028507718749999993, Number of training points (boundary):,3498, Number of training points (interior):,24998, VRAM allocated:,93068288, VRAM reserved:,29100081152
Epoch:,241400,Training Loss:,988.7955001752493, Learning rate:,0.0028507718749999993, Number of training points (boundary):,3498, Number of training points (interior):,24998, VRAM allocated:,93068288, VRAM reserved:,29100081152
Epoch:,241500,Training Loss:,956.6770086334042, Learning rate:,0.0028507718749999993, Number of training points (boundary):,3498, Number of training points (interior):,24998, VRAM allocated:,93068288, VRAM reserved:,29100081152
Epoch:,241600,Training Loss:,951.8218531735565, Learning rate:,0.0028507718749999993, Number of training points (boundary):,3498, Number of training points (interior):,24998, VRAM allocated:,93068288, VRAM reserved:,29100081152
Epoch:,241700,Training Loss:,94315621.96866085, Learning rate:,0.0028507718749999993, Number of training points (boundary):,3498, Number of training points (interior):,24998, VRAM allocated:,93068288, VRAM reserved:,29100081152
Epoch:,241800,Training Loss:,1003.514253454267, Learning rate:,0.0028507718749999993, Number of training points (boundary):,3498, Number of training points (interior):,24998, VRAM allocated:,93068288, VRAM reserved:,29100081152
Epoch:,241900,Training Loss:,942.3345474683287, Learning rate:,0.0028507718749999993, Number of training points (boundary):,3498, Number of training points (interior):,24998, VRAM allocated:,93068288, VRAM reserved:,29100081152
Epoch:,242000,Training Loss:,929.3383528998899, Learning rate:,0.0028507718749999993, Number of training points (boundary):,3498, Number of training points (interior):,24998, VRAM allocated:,93068288, VRAM reserved:,29100081152
Epoch:,242100,Training Loss:,11019.409582688433, Learning rate:,0.0028507718749999993, Number of training points (boundary):,3498, Number of training points (interior):,24998, VRAM allocated:,93068288, VRAM reserved:,29100081152
Epoch:,242200,Training Loss:,932.7915201452846, Learning rate:,0.0028507718749999993, Number of training points (boundary):,3498, Number of training points (interior):,24998, VRAM allocated:,93068288, VRAM reserved:,29100081152
Epoch:,242300,Training Loss:,63885.92820384196, Learning rate:,0.0028507718749999993, Number of training points (boundary):,3498, Number of training points (interior):,24998, VRAM allocated:,93068288, VRAM reserved:,29100081152
Epoch:,242400,Training Loss:,918.6049334027933, Learning rate:,0.0028507718749999993, Number of training points (boundary):,3498, Number of training points (interior):,24998, VRAM allocated:,93068288, VRAM reserved:,29100081152
Epoch:,242500,Training Loss:,912.2851684227413, Learning rate:,0.0028507718749999993, Number of training points (boundary):,3498, Number of training points (interior):,24998, VRAM allocated:,93068288, VRAM reserved:,29100081152
Epoch:,242600,Training Loss:,907.0021892288007, Learning rate:,0.0028507718749999993, Number of training points (boundary):,3498, Number of training points (interior):,24998, VRAM allocated:,93068288, VRAM reserved:,29100081152
Epoch:,242700,Training Loss:,920.9380203640798, Learning rate:,0.0028507718749999993, Number of training points (boundary):,3498, Number of training points (interior):,24998, VRAM allocated:,93068288, VRAM reserved:,29100081152
Epoch:,242800,Training Loss:,886.8384169670455, Learning rate:,0.0028507718749999993, Number of training points (boundary):,3498, Number of training points (interior):,24998, VRAM allocated:,93068288, VRAM reserved:,29100081152
Epoch:,242900,Training Loss:,880.8840310649567, Learning rate:,0.0028507718749999993, Number of training points (boundary):,3498, Number of training points (interior):,24998, VRAM allocated:,93068288, VRAM reserved:,29100081152
Epoch:,243000,Training Loss:,875.6929648880202, Learning rate:,0.0028507718749999993, Number of training points (boundary):,3498, Number of training points (interior):,24998, VRAM allocated:,93068288, VRAM reserved:,29100081152
Epoch:,243100,Training Loss:,872.5143289089724, Learning rate:,0.0028507718749999993, Number of training points (boundary):,3498, Number of training points (interior):,24998, VRAM allocated:,93068288, VRAM reserved:,29100081152
Epoch:,243200,Training Loss:,885.8792272431926, Learning rate:,0.0028507718749999993, Number of training points (boundary):,3498, Number of training points (interior):,24998, VRAM allocated:,93068288, VRAM reserved:,29100081152
Epoch:,243300,Training Loss:,868.3626629673737, Learning rate:,0.0028507718749999993, Number of training points (boundary):,3498, Number of training points (interior):,24998, VRAM allocated:,93068288, VRAM reserved:,29100081152
Epoch:,243400,Training Loss:,128366946.38583386, Learning rate:,0.0028507718749999993, Number of training points (boundary):,3498, Number of training points (interior):,24998, VRAM allocated:,93068288, VRAM reserved:,29100081152
Epoch:,243500,Training Loss:,888.3729201735433, Learning rate:,0.0028507718749999993, Number of training points (boundary):,3498, Number of training points (interior):,24998, VRAM allocated:,93068288, VRAM reserved:,29100081152
Epoch:,243600,Training Loss:,849.5636546865151, Learning rate:,0.0028507718749999993, Number of training points (boundary):,3498, Number of training points (interior):,24998, VRAM allocated:,93068288, VRAM reserved:,29100081152
Epoch:,243700,Training Loss:,840.82283153666, Learning rate:,0.0028507718749999993, Number of training points (boundary):,3498, Number of training points (interior):,24998, VRAM allocated:,93068288, VRAM reserved:,29100081152
Epoch:,243800,Training Loss:,837.1706148885094, Learning rate:,0.0028507718749999993, Number of training points (boundary):,3498, Number of training points (interior):,24998, VRAM allocated:,93068288, VRAM reserved:,29100081152
Epoch:,243900,Training Loss:,844.1520166328352, Learning rate:,0.0028507718749999993, Number of training points (boundary):,3498, Number of training points (interior):,24998, VRAM allocated:,93068288, VRAM reserved:,29100081152
Epoch:,244000,Training Loss:,826.8730430031254, Learning rate:,0.0028507718749999993, Number of training points (boundary):,3498, Number of training points (interior):,24998, VRAM allocated:,93068288, VRAM reserved:,29100081152
Epoch:,244100,Training Loss:,18719557652.264565, Learning rate:,0.0028507718749999993, Number of training points (boundary):,3498, Number of training points (interior):,24998, VRAM allocated:,93068288, VRAM reserved:,29100081152
Epoch:,244200,Training Loss:,816.2311783510339, Learning rate:,0.0028507718749999993, Number of training points (boundary):,3498, Number of training points (interior):,24998, VRAM allocated:,93068288, VRAM reserved:,29100081152
Epoch:,244300,Training Loss:,811.1366400567434, Learning rate:,0.0028507718749999993, Number of training points (boundary):,3498, Number of training points (interior):,24998, VRAM allocated:,93068288, VRAM reserved:,29100081152
Epoch:,244400,Training Loss:,6516.358237334364, Learning rate:,0.0028507718749999993, Number of training points (boundary):,3498, Number of training points (interior):,24998, VRAM allocated:,93068288, VRAM reserved:,29100081152
Epoch:,244500,Training Loss:,135605574.73093557, Learning rate:,0.0028507718749999993, Number of training points (boundary):,3498, Number of training points (interior):,24998, VRAM allocated:,93068288, VRAM reserved:,29100081152
Epoch:,244600,Training Loss:,797.2717991444299, Learning rate:,0.0028507718749999993, Number of training points (boundary):,3498, Number of training points (interior):,24998, VRAM allocated:,93068288, VRAM reserved:,29100081152
Epoch:,244700,Training Loss:,793.1798426622719, Learning rate:,0.0028507718749999993, Number of training points (boundary):,3498, Number of training points (interior):,24998, VRAM allocated:,93068288, VRAM reserved:,29100081152
Epoch:,244800,Training Loss:,884.4966991090151, Learning rate:,0.0028507718749999993, Number of training points (boundary):,3498, Number of training points (interior):,24998, VRAM allocated:,93068288, VRAM reserved:,29100081152
Epoch:,244900,Training Loss:,249922502.49444115, Learning rate:,0.0028507718749999993, Number of training points (boundary):,3498, Number of training points (interior):,24998, VRAM allocated:,93068288, VRAM reserved:,29100081152
Epoch:,245000,Training Loss:,779.1508931399919, Learning rate:,0.0028507718749999993, Number of training points (boundary):,3498, Number of training points (interior):,24998, VRAM allocated:,93068288, VRAM reserved:,29100081152
Epoch:,245100,Training Loss:,2489.7025633601215, Learning rate:,0.0028507718749999993, Number of training points (boundary):,3498, Number of training points (interior):,24998, VRAM allocated:,93068288, VRAM reserved:,29100081152
Epoch:,245200,Training Loss:,774.8129249330766, Learning rate:,0.0028507718749999993, Number of training points (boundary):,3498, Number of training points (interior):,24998, VRAM allocated:,93068288, VRAM reserved:,29100081152
Epoch:,245300,Training Loss:,765.3175044901865, Learning rate:,0.0028507718749999993, Number of training points (boundary):,3498, Number of training points (interior):,24998, VRAM allocated:,93068288, VRAM reserved:,29100081152
Epoch:,245400,Training Loss:,760.8829053291128, Learning rate:,0.0028507718749999993, Number of training points (boundary):,3498, Number of training points (interior):,24998, VRAM allocated:,93068288, VRAM reserved:,29100081152
Epoch:,245500,Training Loss:,756.4960898113828, Learning rate:,0.0028507718749999993, Number of training points (boundary):,3498, Number of training points (interior):,24998, VRAM allocated:,93068288, VRAM reserved:,29100081152
Epoch:,245600,Training Loss:,752.4309154745213, Learning rate:,0.0028507718749999993, Number of training points (boundary):,3498, Number of training points (interior):,24998, VRAM allocated:,93068288, VRAM reserved:,29100081152
Epoch:,245700,Training Loss:,747.8950099487961, Learning rate:,0.0028507718749999993, Number of training points (boundary):,3498, Number of training points (interior):,24998, VRAM allocated:,93068288, VRAM reserved:,29100081152
Epoch:,245800,Training Loss:,743.2260817032998, Learning rate:,0.0028507718749999993, Number of training points (boundary):,3498, Number of training points (interior):,24998, VRAM allocated:,93068288, VRAM reserved:,29100081152
Epoch:,245900,Training Loss:,739.5221200988956, Learning rate:,0.0028507718749999993, Number of training points (boundary):,3498, Number of training points (interior):,24998, VRAM allocated:,93068288, VRAM reserved:,29100081152
Epoch:,246000,Training Loss:,1578348.2378756271, Learning rate:,0.0028507718749999993, Number of training points (boundary):,3498, Number of training points (interior):,24998, VRAM allocated:,93068288, VRAM reserved:,29100081152
Epoch:,246100,Training Loss:,730.0543030560424, Learning rate:,0.0028507718749999993, Number of training points (boundary):,3498, Number of training points (interior):,24998, VRAM allocated:,93068288, VRAM reserved:,29100081152
Epoch:,246200,Training Loss:,726.454908770914, Learning rate:,0.0028507718749999993, Number of training points (boundary):,3498, Number of training points (interior):,24998, VRAM allocated:,93068288, VRAM reserved:,29100081152
Epoch:,246300,Training Loss:,723.1176614696988, Learning rate:,0.0028507718749999993, Number of training points (boundary):,3498, Number of training points (interior):,24998, VRAM allocated:,93068288, VRAM reserved:,29100081152
Epoch:,246400,Training Loss:,4165405.942387121, Learning rate:,0.0028507718749999993, Number of training points (boundary):,3498, Number of training points (interior):,24998, VRAM allocated:,93068288, VRAM reserved:,29100081152
Epoch:,246500,Training Loss:,717.4328615185127, Learning rate:,0.0028507718749999993, Number of training points (boundary):,3498, Number of training points (interior):,24998, VRAM allocated:,93068288, VRAM reserved:,29100081152
Epoch:,246600,Training Loss:,1297519989.140272, Learning rate:,0.0028507718749999993, Number of training points (boundary):,3498, Number of training points (interior):,24998, VRAM allocated:,93068288, VRAM reserved:,29100081152
Epoch:,246700,Training Loss:,667090611.6355962, Learning rate:,0.0028507718749999993, Number of training points (boundary):,3498, Number of training points (interior):,24998, VRAM allocated:,93068288, VRAM reserved:,29100081152
Epoch:,246800,Training Loss:,711.3531326251028, Learning rate:,0.0028507718749999993, Number of training points (boundary):,3498, Number of training points (interior):,24998, VRAM allocated:,93068288, VRAM reserved:,29100081152
Epoch:,246900,Training Loss:,721.075352928247, Learning rate:,0.0028507718749999993, Number of training points (boundary):,3498, Number of training points (interior):,24998, VRAM allocated:,93068288, VRAM reserved:,29100081152
Epoch:,247000,Training Loss:,994.2770605972478, Learning rate:,0.0028507718749999993, Number of training points (boundary):,3498, Number of training points (interior):,24998, VRAM allocated:,93068288, VRAM reserved:,29100081152
Epoch:,247100,Training Loss:,728.0585017110768, Learning rate:,0.0028507718749999993, Number of training points (boundary):,3498, Number of training points (interior):,24998, VRAM allocated:,93068288, VRAM reserved:,29100081152
Epoch:,247200,Training Loss:,699.6523122129828, Learning rate:,0.0028507718749999993, Number of training points (boundary):,3498, Number of training points (interior):,24998, VRAM allocated:,93068288, VRAM reserved:,29100081152
Epoch:,247300,Training Loss:,680.367693193881, Learning rate:,0.0028507718749999993, Number of training points (boundary):,3498, Number of training points (interior):,24998, VRAM allocated:,93068288, VRAM reserved:,29100081152
Epoch:,247400,Training Loss:,735.436175230193, Learning rate:,0.0028507718749999993, Number of training points (boundary):,3498, Number of training points (interior):,24998, VRAM allocated:,93068288, VRAM reserved:,29100081152
Epoch:,247500,Training Loss:,4227.198004288289, Learning rate:,0.0028507718749999993, Number of training points (boundary):,3498, Number of training points (interior):,24998, VRAM allocated:,93068288, VRAM reserved:,29100081152
Epoch:,247600,Training Loss:,668.4663827551038, Learning rate:,0.0028507718749999993, Number of training points (boundary):,3498, Number of training points (interior):,24998, VRAM allocated:,93068288, VRAM reserved:,29100081152
Epoch:,247700,Training Loss:,22256.361389034177, Learning rate:,0.0028507718749999993, Number of training points (boundary):,3498, Number of training points (interior):,24998, VRAM allocated:,93068288, VRAM reserved:,29100081152
Epoch:,247800,Training Loss:,731.4505790854589, Learning rate:,0.0028507718749999993, Number of training points (boundary):,3498, Number of training points (interior):,24998, VRAM allocated:,93068288, VRAM reserved:,29100081152
Epoch:,247900,Training Loss:,712.5461029502725, Learning rate:,0.0028507718749999993, Number of training points (boundary):,3498, Number of training points (interior):,24998, VRAM allocated:,93068288, VRAM reserved:,29100081152
Epoch:,248000,Training Loss:,653.4515517559109, Learning rate:,0.0028507718749999993, Number of training points (boundary):,3498, Number of training points (interior):,24998, VRAM allocated:,93068288, VRAM reserved:,29100081152
Epoch:,248100,Training Loss:,669.129409862513, Learning rate:,0.0028507718749999993, Number of training points (boundary):,3498, Number of training points (interior):,24998, VRAM allocated:,93068288, VRAM reserved:,29100081152
Epoch:,248200,Training Loss:,2052.3609685583506, Learning rate:,0.0028507718749999993, Number of training points (boundary):,3498, Number of training points (interior):,24998, VRAM allocated:,93068288, VRAM reserved:,29100081152
Epoch:,248300,Training Loss:,716.9472043351699, Learning rate:,0.0028507718749999993, Number of training points (boundary):,3498, Number of training points (interior):,24998, VRAM allocated:,93068288, VRAM reserved:,29100081152
Epoch:,248400,Training Loss:,642.4710707606639, Learning rate:,0.0028507718749999993, Number of training points (boundary):,3498, Number of training points (interior):,24998, VRAM allocated:,93068288, VRAM reserved:,29100081152
Epoch:,248500,Training Loss:,4359.308034366167, Learning rate:,0.0028507718749999993, Number of training points (boundary):,3498, Number of training points (interior):,24998, VRAM allocated:,93068288, VRAM reserved:,29100081152
Epoch:,248600,Training Loss:,1600.612303884985, Learning rate:,0.0028507718749999993, Number of training points (boundary):,3498, Number of training points (interior):,24998, VRAM allocated:,93068288, VRAM reserved:,29100081152
Epoch:,248700,Training Loss:,32325774248624.453, Learning rate:,0.0028507718749999993, Number of training points (boundary):,3498, Number of training points (interior):,24998, VRAM allocated:,93068288, VRAM reserved:,29100081152
Epoch:,248800,Training Loss:,624.2796107475968, Learning rate:,0.0028507718749999993, Number of training points (boundary):,3498, Number of training points (interior):,24998, VRAM allocated:,93068288, VRAM reserved:,29100081152
Epoch:,248900,Training Loss:,622.6620314559493, Learning rate:,0.0028507718749999993, Number of training points (boundary):,3498, Number of training points (interior):,24998, VRAM allocated:,93068288, VRAM reserved:,29100081152
Epoch:,249000,Training Loss:,670.6699313176523, Learning rate:,0.0028507718749999993, Number of training points (boundary):,3498, Number of training points (interior):,24998, VRAM allocated:,93068288, VRAM reserved:,29100081152
Epoch:,249100,Training Loss:,4275.257550773777, Learning rate:,0.0028507718749999993, Number of training points (boundary):,3498, Number of training points (interior):,24998, VRAM allocated:,93068288, VRAM reserved:,29100081152
Epoch:,249200,Training Loss:,34345239.97386762, Learning rate:,0.0028507718749999993, Number of training points (boundary):,3498, Number of training points (interior):,24998, VRAM allocated:,93068288, VRAM reserved:,29100081152
Epoch:,249300,Training Loss:,607.05181524824, Learning rate:,0.0028507718749999993, Number of training points (boundary):,3498, Number of training points (interior):,24998, VRAM allocated:,93068288, VRAM reserved:,29100081152
Epoch:,249400,Training Loss:,619.7772009877337, Learning rate:,0.0028507718749999993, Number of training points (boundary):,3498, Number of training points (interior):,24998, VRAM allocated:,93068288, VRAM reserved:,29100081152
Epoch:,249500,Training Loss:,748.5000825372288, Learning rate:,0.0028507718749999993, Number of training points (boundary):,3498, Number of training points (interior):,24998, VRAM allocated:,93068288, VRAM reserved:,29100081152
Epoch:,249600,Training Loss:,2158837548.006612, Learning rate:,0.0028507718749999993, Number of training points (boundary):,3498, Number of training points (interior):,24998, VRAM allocated:,93068288, VRAM reserved:,29100081152
Epoch:,249700,Training Loss:,1159046.6914793209, Learning rate:,0.0028507718749999993, Number of training points (boundary):,3498, Number of training points (interior):,24998, VRAM allocated:,93068288, VRAM reserved:,29100081152
Epoch:,249800,Training Loss:,746.1037059279663, Learning rate:,0.0028507718749999993, Number of training points (boundary):,3498, Number of training points (interior):,24998, VRAM allocated:,93068288, VRAM reserved:,29100081152
Epoch:,249900,Training Loss:,754.2012780589068, Learning rate:,0.0028507718749999993, Number of training points (boundary):,3498, Number of training points (interior):,24998, VRAM allocated:,93068288, VRAM reserved:,29100081152
Epoch:,250000,Training Loss:,600023162.4695046, Learning rate:,0.0028507718749999993, Number of training points (boundary):,3498, Number of training points (interior):,24998, VRAM allocated:,93068288, VRAM reserved:,29100081152
Epoch:,250100,Training Loss:,707.689167021172, Learning rate:,0.0028507718749999993, Number of training points (boundary):,3498, Number of training points (interior):,24998, VRAM allocated:,93068288, VRAM reserved:,29100081152
Epoch:,250200,Training Loss:,713.6764216101933, Learning rate:,0.0028507718749999993, Number of training points (boundary):,3498, Number of training points (interior):,24998, VRAM allocated:,93068288, VRAM reserved:,29100081152
Epoch:,250300,Training Loss:,8971.22922786316, Learning rate:,0.0028507718749999993, Number of training points (boundary):,3498, Number of training points (interior):,24998, VRAM allocated:,93068288, VRAM reserved:,29100081152
Epoch:,250400,Training Loss:,227382098.27519208, Learning rate:,0.0028507718749999993, Number of training points (boundary):,3498, Number of training points (interior):,24998, VRAM allocated:,93068288, VRAM reserved:,29100081152
Epoch:,250500,Training Loss:,637.6946920663182, Learning rate:,0.0028507718749999993, Number of training points (boundary):,3498, Number of training points (interior):,24998, VRAM allocated:,93068288, VRAM reserved:,29100081152
Epoch:,250600,Training Loss:,727.5576860853324, Learning rate:,0.0028507718749999993, Number of training points (boundary):,3498, Number of training points (interior):,24998, VRAM allocated:,93068288, VRAM reserved:,29100081152
Epoch:,250700,Training Loss:,623.4780511884893, Learning rate:,0.0028507718749999993, Number of training points (boundary):,3498, Number of training points (interior):,24998, VRAM allocated:,93068288, VRAM reserved:,29100081152
Epoch:,250800,Training Loss:,48415542026.783356, Learning rate:,0.0028507718749999993, Number of training points (boundary):,3498, Number of training points (interior):,24998, VRAM allocated:,93068288, VRAM reserved:,29100081152
Epoch:,250900,Training Loss:,634.1389944905253, Learning rate:,0.0028507718749999993, Number of training points (boundary):,3498, Number of training points (interior):,24998, VRAM allocated:,93068288, VRAM reserved:,29100081152
Epoch:,251000,Training Loss:,638.8433489195625, Learning rate:,0.0028507718749999993, Number of training points (boundary):,3498, Number of training points (interior):,24998, VRAM allocated:,93068288, VRAM reserved:,29100081152
Epoch:,251100,Training Loss:,54552922.60606315, Learning rate:,0.0028507718749999993, Number of training points (boundary):,3498, Number of training points (interior):,24998, VRAM allocated:,93068288, VRAM reserved:,29100081152
Epoch:,251200,Training Loss:,625.7022858600999, Learning rate:,0.0028507718749999993, Number of training points (boundary):,3498, Number of training points (interior):,24998, VRAM allocated:,93068288, VRAM reserved:,29100081152
Epoch:,251300,Training Loss:,618.905832513632, Learning rate:,0.0028507718749999993, Number of training points (boundary):,3498, Number of training points (interior):,24998, VRAM allocated:,93068288, VRAM reserved:,29100081152
Epoch:,251400,Training Loss:,599.4310694149289, Learning rate:,0.0028507718749999993, Number of training points (boundary):,3498, Number of training points (interior):,24998, VRAM allocated:,93068288, VRAM reserved:,29100081152
Epoch:,251500,Training Loss:,576.4984063821057, Learning rate:,0.0028507718749999993, Number of training points (boundary):,3498, Number of training points (interior):,24998, VRAM allocated:,93068288, VRAM reserved:,29100081152
Epoch:,251600,Training Loss:,564.4333922312779, Learning rate:,0.0028507718749999993, Number of training points (boundary):,3498, Number of training points (interior):,24998, VRAM allocated:,93068288, VRAM reserved:,29100081152
Epoch:,251700,Training Loss:,559.9912236894804, Learning rate:,0.0028507718749999993, Number of training points (boundary):,3498, Number of training points (interior):,24998, VRAM allocated:,93068288, VRAM reserved:,29100081152
Epoch:,251800,Training Loss:,91853.54455897641, Learning rate:,0.0028507718749999993, Number of training points (boundary):,3498, Number of training points (interior):,24998, VRAM allocated:,93068288, VRAM reserved:,29100081152
Epoch:,251900,Training Loss:,546.7140002121962, Learning rate:,0.0028507718749999993, Number of training points (boundary):,3498, Number of training points (interior):,24998, VRAM allocated:,93068288, VRAM reserved:,29100081152
Epoch:,252000,Training Loss:,90747185953.22198, Learning rate:,0.0028507718749999993, Number of training points (boundary):,3498, Number of training points (interior):,24998, VRAM allocated:,93068288, VRAM reserved:,29100081152
Epoch:,252100,Training Loss:,586.7072170806837, Learning rate:,0.0028507718749999993, Number of training points (boundary):,3498, Number of training points (interior):,24998, VRAM allocated:,93068288, VRAM reserved:,29100081152
Epoch:,252200,Training Loss:,528.2813668792984, Learning rate:,0.0028507718749999993, Number of training points (boundary):,3498, Number of training points (interior):,24998, VRAM allocated:,93068288, VRAM reserved:,29100081152
Epoch:,252300,Training Loss:,5512256.310907193, Learning rate:,0.0028507718749999993, Number of training points (boundary):,3498, Number of training points (interior):,24998, VRAM allocated:,93068288, VRAM reserved:,29100081152
Epoch:,252400,Training Loss:,521.1434921705518, Learning rate:,0.0028507718749999993, Number of training points (boundary):,3498, Number of training points (interior):,24998, VRAM allocated:,93068288, VRAM reserved:,29100081152
Epoch:,252500,Training Loss:,530.0081822038316, Learning rate:,0.0028507718749999993, Number of training points (boundary):,3498, Number of training points (interior):,24998, VRAM allocated:,93068288, VRAM reserved:,29100081152
Epoch:,252600,Training Loss:,38508653938.37718, Learning rate:,0.0028507718749999993, Number of training points (boundary):,3498, Number of training points (interior):,24998, VRAM allocated:,93068288, VRAM reserved:,29100081152
Epoch:,252700,Training Loss:,58271.09790444796, Learning rate:,0.0028507718749999993, Number of training points (boundary):,3498, Number of training points (interior):,24998, VRAM allocated:,93068288, VRAM reserved:,29100081152
Epoch:,252800,Training Loss:,540.2856326286945, Learning rate:,0.0028507718749999993, Number of training points (boundary):,3498, Number of training points (interior):,24998, VRAM allocated:,93068288, VRAM reserved:,29100081152
Epoch:,252900,Training Loss:,529.5084213368383, Learning rate:,0.0028507718749999993, Number of training points (boundary):,3498, Number of training points (interior):,24998, VRAM allocated:,93068288, VRAM reserved:,29100081152
Epoch:,253000,Training Loss:,535.5542117130544, Learning rate:,0.0028507718749999993, Number of training points (boundary):,3498, Number of training points (interior):,24998, VRAM allocated:,93068288, VRAM reserved:,29100081152
Epoch:,253100,Training Loss:,571.2945425028156, Learning rate:,0.0028507718749999993, Number of training points (boundary):,3498, Number of training points (interior):,24998, VRAM allocated:,93068288, VRAM reserved:,29100081152
Epoch:,253200,Training Loss:,5927235.692053756, Learning rate:,0.0028507718749999993, Number of training points (boundary):,3498, Number of training points (interior):,24998, VRAM allocated:,93068288, VRAM reserved:,29100081152
Epoch:,253300,Training Loss:,710.9308609351002, Learning rate:,0.0028507718749999993, Number of training points (boundary):,3498, Number of training points (interior):,24998, VRAM allocated:,93068288, VRAM reserved:,29100081152
Epoch:,253400,Training Loss:,522.7922409310976, Learning rate:,0.0028507718749999993, Number of training points (boundary):,3498, Number of training points (interior):,24998, VRAM allocated:,93068288, VRAM reserved:,29100081152
Epoch:,253500,Training Loss:,147407077052.15338, Learning rate:,0.0028507718749999993, Number of training points (boundary):,3498, Number of training points (interior):,24998, VRAM allocated:,93068288, VRAM reserved:,29100081152
Epoch:,253600,Training Loss:,555.5132811468452, Learning rate:,0.0028507718749999993, Number of training points (boundary):,3498, Number of training points (interior):,24998, VRAM allocated:,93068288, VRAM reserved:,29100081152
Epoch:,253700,Training Loss:,270674735.3877425, Learning rate:,0.0028507718749999993, Number of training points (boundary):,3498, Number of training points (interior):,24998, VRAM allocated:,93068288, VRAM reserved:,29100081152
Epoch:,253800,Training Loss:,15110482732.722582, Learning rate:,0.0028507718749999993, Number of training points (boundary):,3498, Number of training points (interior):,24998, VRAM allocated:,93068288, VRAM reserved:,29100081152
Epoch:,253900,Training Loss:,471.38739927395005, Learning rate:,0.0028507718749999993, Number of training points (boundary):,3498, Number of training points (interior):,24998, VRAM allocated:,93068288, VRAM reserved:,29100081152
Epoch:,254000,Training Loss:,472.9006385780974, Learning rate:,0.0028507718749999993, Number of training points (boundary):,3498, Number of training points (interior):,24998, VRAM allocated:,93068288, VRAM reserved:,29100081152
Epoch:,254100,Training Loss:,468.5711124200856, Learning rate:,0.0028507718749999993, Number of training points (boundary):,3498, Number of training points (interior):,24998, VRAM allocated:,93068288, VRAM reserved:,29100081152
Epoch:,254200,Training Loss:,469.7310936937251, Learning rate:,0.0028507718749999993, Number of training points (boundary):,3498, Number of training points (interior):,24998, VRAM allocated:,93068288, VRAM reserved:,29100081152
Epoch:,254300,Training Loss:,164419421.35356516, Learning rate:,0.0028507718749999993, Number of training points (boundary):,3498, Number of training points (interior):,24998, VRAM allocated:,93068288, VRAM reserved:,29100081152
Epoch:,254400,Training Loss:,3847.124918122682, Learning rate:,0.0028507718749999993, Number of training points (boundary):,3498, Number of training points (interior):,24998, VRAM allocated:,93068288, VRAM reserved:,29100081152
Epoch:,254500,Training Loss:,1158111.4386365018, Learning rate:,0.0028507718749999993, Number of training points (boundary):,3498, Number of training points (interior):,24998, VRAM allocated:,93068288, VRAM reserved:,29100081152
Epoch:,254600,Training Loss:,466.064258393785, Learning rate:,0.0028507718749999993, Number of training points (boundary):,3498, Number of training points (interior):,24998, VRAM allocated:,93068288, VRAM reserved:,29100081152
Epoch:,254700,Training Loss:,469.1119569496581, Learning rate:,0.0028507718749999993, Number of training points (boundary):,3498, Number of training points (interior):,24998, VRAM allocated:,93068288, VRAM reserved:,29100081152
Epoch:,254800,Training Loss:,1318624440968782.5, Learning rate:,0.0028507718749999993, Number of training points (boundary):,3498, Number of training points (interior):,24998, VRAM allocated:,93068288, VRAM reserved:,29100081152
Epoch:,254900,Training Loss:,480.21314050822957, Learning rate:,0.0028507718749999993, Number of training points (boundary):,3498, Number of training points (interior):,24998, VRAM allocated:,93068288, VRAM reserved:,29100081152
Epoch:,255000,Training Loss:,619469.22313153, Learning rate:,0.0028507718749999993, Number of training points (boundary):,3498, Number of training points (interior):,24998, VRAM allocated:,93068288, VRAM reserved:,29100081152
Epoch:,255100,Training Loss:,5533.696098435641, Learning rate:,0.0028507718749999993, Number of training points (boundary):,3498, Number of training points (interior):,24998, VRAM allocated:,93068288, VRAM reserved:,29100081152
Epoch:,255200,Training Loss:,477.399745448283, Learning rate:,0.0028507718749999993, Number of training points (boundary):,3498, Number of training points (interior):,24998, VRAM allocated:,93068288, VRAM reserved:,29100081152
Epoch:,255300,Training Loss:,1918131972504.3655, Learning rate:,0.0028507718749999993, Number of training points (boundary):,3498, Number of training points (interior):,24998, VRAM allocated:,93068288, VRAM reserved:,29100081152
Epoch:,255400,Training Loss:,1443997727252.823, Learning rate:,0.0028507718749999993, Number of training points (boundary):,3498, Number of training points (interior):,24998, VRAM allocated:,93068288, VRAM reserved:,29100081152
Epoch:,255500,Training Loss:,463.67733017470727, Learning rate:,0.0028507718749999993, Number of training points (boundary):,3498, Number of training points (interior):,24998, VRAM allocated:,93068288, VRAM reserved:,29100081152
Epoch:,255600,Training Loss:,442.49490664646044, Learning rate:,0.0028507718749999993, Number of training points (boundary):,3498, Number of training points (interior):,24998, VRAM allocated:,93068288, VRAM reserved:,29100081152
Epoch:,255700,Training Loss:,1276.120690216263, Learning rate:,0.0028507718749999993, Number of training points (boundary):,3498, Number of training points (interior):,24998, VRAM allocated:,93068288, VRAM reserved:,29100081152
Epoch:,255800,Training Loss:,8024448.110957532, Learning rate:,0.0028507718749999993, Number of training points (boundary):,3498, Number of training points (interior):,24998, VRAM allocated:,93068288, VRAM reserved:,29100081152
Epoch:,255900,Training Loss:,433.20142709584405, Learning rate:,0.0028507718749999993, Number of training points (boundary):,3498, Number of training points (interior):,24998, VRAM allocated:,93068288, VRAM reserved:,29100081152
Epoch:,256000,Training Loss:,431.9191115936271, Learning rate:,0.0028507718749999993, Number of training points (boundary):,3498, Number of training points (interior):,24998, VRAM allocated:,93068288, VRAM reserved:,29100081152
Epoch:,256100,Training Loss:,478.6628045389856, Learning rate:,0.0028507718749999993, Number of training points (boundary):,3498, Number of training points (interior):,24998, VRAM allocated:,93068288, VRAM reserved:,29100081152
Epoch:,256200,Training Loss:,2.3982471108245788e+16, Learning rate:,0.0028507718749999993, Number of training points (boundary):,3498, Number of training points (interior):,24998, VRAM allocated:,93068288, VRAM reserved:,29100081152
Epoch:,256300,Training Loss:,119940391153393.52, Learning rate:,0.0028507718749999993, Number of training points (boundary):,3498, Number of training points (interior):,24998, VRAM allocated:,93068288, VRAM reserved:,29100081152
Epoch:,256400,Training Loss:,461.4264998243105, Learning rate:,0.0028507718749999993, Number of training points (boundary):,3498, Number of training points (interior):,24998, VRAM allocated:,93068288, VRAM reserved:,29100081152
Epoch:,256500,Training Loss:,26977.241373229608, Learning rate:,0.0028507718749999993, Number of training points (boundary):,3498, Number of training points (interior):,24998, VRAM allocated:,93068288, VRAM reserved:,29100081152
Epoch:,256600,Training Loss:,1028607.1776649916, Learning rate:,0.0028507718749999993, Number of training points (boundary):,3498, Number of training points (interior):,24998, VRAM allocated:,93068288, VRAM reserved:,29100081152
Epoch:,256700,Training Loss:,491.4911043581653, Learning rate:,0.0028507718749999993, Number of training points (boundary):,3498, Number of training points (interior):,24998, VRAM allocated:,93068288, VRAM reserved:,29100081152
Epoch:,256800,Training Loss:,500.1821600506945, Learning rate:,0.0028507718749999993, Number of training points (boundary):,3498, Number of training points (interior):,24998, VRAM allocated:,93068288, VRAM reserved:,29100081152
Epoch:,256900,Training Loss:,2477850.4106830386, Learning rate:,0.0028507718749999993, Number of training points (boundary):,3498, Number of training points (interior):,24998, VRAM allocated:,93068288, VRAM reserved:,29100081152
Epoch:,257000,Training Loss:,423656018422.89215, Learning rate:,0.0028507718749999993, Number of training points (boundary):,3498, Number of training points (interior):,24998, VRAM allocated:,93068288, VRAM reserved:,29100081152
Epoch:,257100,Training Loss:,426013130.9718139, Learning rate:,0.0028507718749999993, Number of training points (boundary):,3498, Number of training points (interior):,24998, VRAM allocated:,93068288, VRAM reserved:,29100081152
Epoch:,257200,Training Loss:,3147.566256887205, Learning rate:,0.0028507718749999993, Number of training points (boundary):,3498, Number of training points (interior):,24998, VRAM allocated:,93068288, VRAM reserved:,29100081152
Epoch:,257300,Training Loss:,10855571.637517842, Learning rate:,0.0028507718749999993, Number of training points (boundary):,3498, Number of training points (interior):,24998, VRAM allocated:,93068288, VRAM reserved:,29100081152
Epoch:,257400,Training Loss:,16486123.351946428, Learning rate:,0.0028507718749999993, Number of training points (boundary):,3498, Number of training points (interior):,24998, VRAM allocated:,93068288, VRAM reserved:,29100081152
Epoch:,257500,Training Loss:,2138.162098231941, Learning rate:,0.0028507718749999993, Number of training points (boundary):,3498, Number of training points (interior):,24998, VRAM allocated:,93068288, VRAM reserved:,29100081152
Epoch:,257600,Training Loss:,18549182.54501869, Learning rate:,0.0028507718749999993, Number of training points (boundary):,3498, Number of training points (interior):,24998, VRAM allocated:,93068288, VRAM reserved:,29100081152
Epoch:,257700,Training Loss:,485.08991578780507, Learning rate:,0.0028507718749999993, Number of training points (boundary):,3498, Number of training points (interior):,24998, VRAM allocated:,93068288, VRAM reserved:,29100081152
Epoch:,257800,Training Loss:,14813.621238312124, Learning rate:,0.0028507718749999993, Number of training points (boundary):,3498, Number of training points (interior):,24998, VRAM allocated:,93068288, VRAM reserved:,29100081152
Epoch:,257900,Training Loss:,529965.4626806091, Learning rate:,0.0028507718749999993, Number of training points (boundary):,3498, Number of training points (interior):,24998, VRAM allocated:,93068288, VRAM reserved:,29100081152
Epoch:,258000,Training Loss:,635.8012023899805, Learning rate:,0.0028507718749999993, Number of training points (boundary):,3498, Number of training points (interior):,24998, VRAM allocated:,93068288, VRAM reserved:,29100081152
Epoch:,258100,Training Loss:,139327029980.35406, Learning rate:,0.0028507718749999993, Number of training points (boundary):,3498, Number of training points (interior):,24998, VRAM allocated:,93068288, VRAM reserved:,29100081152
Epoch:,258200,Training Loss:,488.4924600239879, Learning rate:,0.0028507718749999993, Number of training points (boundary):,3498, Number of training points (interior):,24998, VRAM allocated:,93068288, VRAM reserved:,29100081152
Epoch:,258300,Training Loss:,398.2024247151869, Learning rate:,0.0028507718749999993, Number of training points (boundary):,3498, Number of training points (interior):,24998, VRAM allocated:,93068288, VRAM reserved:,29100081152
Epoch:,258400,Training Loss:,9483.209073303407, Learning rate:,0.0028507718749999993, Number of training points (boundary):,3498, Number of training points (interior):,24998, VRAM allocated:,93068288, VRAM reserved:,29100081152
Epoch:,258500,Training Loss:,395.4923082837364, Learning rate:,0.0028507718749999993, Number of training points (boundary):,3498, Number of training points (interior):,24998, VRAM allocated:,93068288, VRAM reserved:,29100081152
Epoch:,258600,Training Loss:,394.4527588322202, Learning rate:,0.0028507718749999993, Number of training points (boundary):,3498, Number of training points (interior):,24998, VRAM allocated:,93068288, VRAM reserved:,29100081152
Epoch:,258700,Training Loss:,393.3979139283651, Learning rate:,0.0028507718749999993, Number of training points (boundary):,3498, Number of training points (interior):,24998, VRAM allocated:,93068288, VRAM reserved:,29100081152
Epoch:,258800,Training Loss:,393.17284619493626, Learning rate:,0.0028507718749999993, Number of training points (boundary):,3498, Number of training points (interior):,24998, VRAM allocated:,93068288, VRAM reserved:,29100081152
Epoch:,258900,Training Loss:,393.2658984484391, Learning rate:,0.0028507718749999993, Number of training points (boundary):,3498, Number of training points (interior):,24998, VRAM allocated:,93068288, VRAM reserved:,29100081152
Epoch:,259000,Training Loss:,460.9578632073062, Learning rate:,0.0028507718749999993, Number of training points (boundary):,3498, Number of training points (interior):,24998, VRAM allocated:,93068288, VRAM reserved:,29100081152
Epoch:,259100,Training Loss:,80214793.24974518, Learning rate:,0.0028507718749999993, Number of training points (boundary):,3498, Number of training points (interior):,24998, VRAM allocated:,93068288, VRAM reserved:,29100081152
Epoch:,259200,Training Loss:,5.44765153678414e+18, Learning rate:,0.0028507718749999993, Number of training points (boundary):,3498, Number of training points (interior):,24998, VRAM allocated:,93068288, VRAM reserved:,29100081152
Epoch:,259300,Training Loss:,437.8761459921134, Learning rate:,0.0028507718749999993, Number of training points (boundary):,3498, Number of training points (interior):,24998, VRAM allocated:,93068288, VRAM reserved:,29100081152
Epoch:,259400,Training Loss:,231900859.00561613, Learning rate:,0.0028507718749999993, Number of training points (boundary):,3498, Number of training points (interior):,24998, VRAM allocated:,93068288, VRAM reserved:,29100081152
Epoch:,259500,Training Loss:,18020.512954256606, Learning rate:,0.0028507718749999993, Number of training points (boundary):,3498, Number of training points (interior):,24998, VRAM allocated:,93068288, VRAM reserved:,29100081152
Epoch:,259600,Training Loss:,17190596284.22778, Learning rate:,0.0028507718749999993, Number of training points (boundary):,3498, Number of training points (interior):,24998, VRAM allocated:,93068288, VRAM reserved:,29100081152
Epoch:,259700,Training Loss:,575186.8380124859, Learning rate:,0.0028507718749999993, Number of training points (boundary):,3498, Number of training points (interior):,24998, VRAM allocated:,93068288, VRAM reserved:,29100081152
Epoch:,259800,Training Loss:,56911.42678912401, Learning rate:,0.0028507718749999993, Number of training points (boundary):,3498, Number of training points (interior):,24998, VRAM allocated:,93068288, VRAM reserved:,29100081152
Epoch:,259900,Training Loss:,111791020.4016664, Learning rate:,0.0028507718749999993, Number of training points (boundary):,3498, Number of training points (interior):,24998, VRAM allocated:,93068288, VRAM reserved:,29100081152
Epoch:,260000,Training Loss:,148228.9682807887, Learning rate:,0.0028507718749999993, Number of training points (boundary):,3498, Number of training points (interior):,24998, VRAM allocated:,93068288, VRAM reserved:,29100081152
Epoch:,260100,Training Loss:,604322177681.8268, Learning rate:,0.0028507718749999993, Number of training points (boundary):,3498, Number of training points (interior):,24998, VRAM allocated:,93068288, VRAM reserved:,29100081152
Epoch:,260200,Training Loss:,2241182989482.857, Learning rate:,0.0028507718749999993, Number of training points (boundary):,3498, Number of training points (interior):,24998, VRAM allocated:,93068288, VRAM reserved:,29100081152
Epoch:,260300,Training Loss:,7617.572642109112, Learning rate:,0.0028507718749999993, Number of training points (boundary):,3498, Number of training points (interior):,24998, VRAM allocated:,93068288, VRAM reserved:,29100081152
Epoch:,260400,Training Loss:,7452.631524705743, Learning rate:,0.0028507718749999993, Number of training points (boundary):,3498, Number of training points (interior):,24998, VRAM allocated:,93068288, VRAM reserved:,29100081152
Epoch:,260500,Training Loss:,126767915.33655195, Learning rate:,0.0028507718749999993, Number of training points (boundary):,3498, Number of training points (interior):,24998, VRAM allocated:,93068288, VRAM reserved:,29100081152
Epoch:,260600,Training Loss:,17030817713.946266, Learning rate:,0.0028507718749999993, Number of training points (boundary):,3498, Number of training points (interior):,24998, VRAM allocated:,93068288, VRAM reserved:,29100081152
Epoch:,260700,Training Loss:,8782.458862235135, Learning rate:,0.0028507718749999993, Number of training points (boundary):,3498, Number of training points (interior):,24998, VRAM allocated:,93068288, VRAM reserved:,29100081152
Epoch:,260800,Training Loss:,6333699867843768.0, Learning rate:,0.0028507718749999993, Number of training points (boundary):,3498, Number of training points (interior):,24998, VRAM allocated:,93068288, VRAM reserved:,29100081152
Epoch:,260900,Training Loss:,943499033.2451913, Learning rate:,0.0028507718749999993, Number of training points (boundary):,3498, Number of training points (interior):,24998, VRAM allocated:,93068288, VRAM reserved:,29100081152
Epoch:,261000,Training Loss:,3032.86641342978, Learning rate:,0.0028507718749999993, Number of training points (boundary):,3498, Number of training points (interior):,24998, VRAM allocated:,93068288, VRAM reserved:,29100081152
Epoch:,261100,Training Loss:,571.3864109336898, Learning rate:,0.0028507718749999993, Number of training points (boundary):,3498, Number of training points (interior):,24998, VRAM allocated:,93068288, VRAM reserved:,29100081152
Epoch:,261200,Training Loss:,2.269534781815133e+22, Learning rate:,0.0028507718749999993, Number of training points (boundary):,3498, Number of training points (interior):,24998, VRAM allocated:,93068288, VRAM reserved:,29100081152
Epoch:,261300,Training Loss:,17112.93020533777, Learning rate:,0.0028507718749999993, Number of training points (boundary):,3498, Number of training points (interior):,24998, VRAM allocated:,93068288, VRAM reserved:,29100081152
Epoch:,261400,Training Loss:,337949.40015125886, Learning rate:,0.0028507718749999993, Number of training points (boundary):,3498, Number of training points (interior):,24998, VRAM allocated:,93068288, VRAM reserved:,29100081152
Epoch:,261500,Training Loss:,8639921.846714316, Learning rate:,0.0028507718749999993, Number of training points (boundary):,3498, Number of training points (interior):,24998, VRAM allocated:,93068288, VRAM reserved:,29100081152
Epoch:,261600,Training Loss:,1.1330741062301796e+19, Learning rate:,0.0028507718749999993, Number of training points (boundary):,3498, Number of training points (interior):,24998, VRAM allocated:,93068288, VRAM reserved:,29100081152
Epoch:,261700,Training Loss:,13420260447.60163, Learning rate:,0.0028507718749999993, Number of training points (boundary):,3498, Number of training points (interior):,24998, VRAM allocated:,93068288, VRAM reserved:,29100081152
Epoch:,261800,Training Loss:,872.8659156312431, Learning rate:,0.0028507718749999993, Number of training points (boundary):,3498, Number of training points (interior):,24998, VRAM allocated:,93068288, VRAM reserved:,29100081152
Epoch:,261900,Training Loss:,124338.94327181853, Learning rate:,0.0028507718749999993, Number of training points (boundary):,3498, Number of training points (interior):,24998, VRAM allocated:,93068288, VRAM reserved:,29100081152
Epoch:,262000,Training Loss:,22208421.755220324, Learning rate:,0.0028507718749999993, Number of training points (boundary):,3498, Number of training points (interior):,24998, VRAM allocated:,93068288, VRAM reserved:,29100081152
Epoch:,262100,Training Loss:,1391.437992773522, Learning rate:,0.0028507718749999993, Number of training points (boundary):,3498, Number of training points (interior):,24998, VRAM allocated:,93068288, VRAM reserved:,29100081152
Epoch:,262200,Training Loss:,9539.017022830729, Learning rate:,0.0028507718749999993, Number of training points (boundary):,3498, Number of training points (interior):,24998, VRAM allocated:,93068288, VRAM reserved:,29100081152
Epoch:,262300,Training Loss:,148865663.924073, Learning rate:,0.0028507718749999993, Number of training points (boundary):,3498, Number of training points (interior):,24998, VRAM allocated:,93068288, VRAM reserved:,29100081152
Epoch:,262400,Training Loss:,1240.5190773389636, Learning rate:,0.0028507718749999993, Number of training points (boundary):,3498, Number of training points (interior):,24998, VRAM allocated:,93068288, VRAM reserved:,29100081152
Epoch:,262500,Training Loss:,1103098152.1283684, Learning rate:,0.0028507718749999993, Number of training points (boundary):,3498, Number of training points (interior):,24998, VRAM allocated:,93068288, VRAM reserved:,29100081152
Epoch:,262600,Training Loss:,2816.9757309920274, Learning rate:,0.0028507718749999993, Number of training points (boundary):,3498, Number of training points (interior):,24998, VRAM allocated:,93068288, VRAM reserved:,29100081152
Epoch:,262700,Training Loss:,1827025.5093188738, Learning rate:,0.0028507718749999993, Number of training points (boundary):,3498, Number of training points (interior):,24998, VRAM allocated:,93068288, VRAM reserved:,29100081152
Epoch:,262800,Training Loss:,647394223787067.0, Learning rate:,0.0028507718749999993, Number of training points (boundary):,3498, Number of training points (interior):,24998, VRAM allocated:,93068288, VRAM reserved:,29100081152
Epoch:,262900,Training Loss:,2.1371135878578655e+19, Learning rate:,0.0028507718749999993, Number of training points (boundary):,3498, Number of training points (interior):,24998, VRAM allocated:,93068288, VRAM reserved:,29100081152
Epoch:,263000,Training Loss:,175875.37559614133, Learning rate:,0.0028507718749999993, Number of training points (boundary):,3498, Number of training points (interior):,24998, VRAM allocated:,93068288, VRAM reserved:,29100081152
Epoch:,263100,Training Loss:,90978565022.67064, Learning rate:,0.0028507718749999993, Number of training points (boundary):,3498, Number of training points (interior):,24998, VRAM allocated:,93068288, VRAM reserved:,29100081152
Epoch:,263200,Training Loss:,31584.195423290428, Learning rate:,0.0028507718749999993, Number of training points (boundary):,3498, Number of training points (interior):,24998, VRAM allocated:,93068288, VRAM reserved:,29100081152
Epoch:,263300,Training Loss:,472.85541718341324, Learning rate:,0.0028507718749999993, Number of training points (boundary):,3498, Number of training points (interior):,24998, VRAM allocated:,93068288, VRAM reserved:,29100081152
Epoch:,263400,Training Loss:,7640.712735074999, Learning rate:,0.0028507718749999993, Number of training points (boundary):,3498, Number of training points (interior):,24998, VRAM allocated:,93068288, VRAM reserved:,29100081152
Epoch:,263500,Training Loss:,11327.430055740815, Learning rate:,0.0028507718749999993, Number of training points (boundary):,3498, Number of training points (interior):,24998, VRAM allocated:,93068288, VRAM reserved:,29100081152
Epoch:,263600,Training Loss:,4233.132486961488, Learning rate:,0.0028507718749999993, Number of training points (boundary):,3498, Number of training points (interior):,24998, VRAM allocated:,93068288, VRAM reserved:,29100081152
Epoch:,263700,Training Loss:,1336926.2781476143, Learning rate:,0.0028507718749999993, Number of training points (boundary):,3498, Number of training points (interior):,24998, VRAM allocated:,93068288, VRAM reserved:,29100081152
Epoch:,263800,Training Loss:,126990671292.09567, Learning rate:,0.0028507718749999993, Number of training points (boundary):,3498, Number of training points (interior):,24998, VRAM allocated:,93068288, VRAM reserved:,29100081152
Epoch:,263900,Training Loss:,858658.4881764831, Learning rate:,0.0028507718749999993, Number of training points (boundary):,3498, Number of training points (interior):,24998, VRAM allocated:,93068288, VRAM reserved:,29100081152
Epoch:,264000,Training Loss:,42044.88717146714, Learning rate:,0.0028507718749999993, Number of training points (boundary):,3498, Number of training points (interior):,24998, VRAM allocated:,93068288, VRAM reserved:,29100081152
Epoch:,264100,Training Loss:,7030332341.575198, Learning rate:,0.0028507718749999993, Number of training points (boundary):,3498, Number of training points (interior):,24998, VRAM allocated:,93068288, VRAM reserved:,29100081152
Epoch:,264200,Training Loss:,410337.2074676774, Learning rate:,0.0028507718749999993, Number of training points (boundary):,3498, Number of training points (interior):,24998, VRAM allocated:,93068288, VRAM reserved:,29100081152
Epoch:,264300,Training Loss:,4784955.43463834, Learning rate:,0.0028507718749999993, Number of training points (boundary):,3498, Number of training points (interior):,24998, VRAM allocated:,93068288, VRAM reserved:,29100081152
Epoch:,264400,Training Loss:,14091.253009579148, Learning rate:,0.0028507718749999993, Number of training points (boundary):,3498, Number of training points (interior):,24998, VRAM allocated:,93068288, VRAM reserved:,29100081152
Epoch:,264500,Training Loss:,2305026546.133313, Learning rate:,0.0028507718749999993, Number of training points (boundary):,3498, Number of training points (interior):,24998, VRAM allocated:,93068288, VRAM reserved:,29100081152
Epoch:,264600,Training Loss:,5059.902512074349, Learning rate:,0.0028507718749999993, Number of training points (boundary):,3498, Number of training points (interior):,24998, VRAM allocated:,93068288, VRAM reserved:,29100081152
Epoch:,264700,Training Loss:,12303.712661991989, Learning rate:,0.0028507718749999993, Number of training points (boundary):,3498, Number of training points (interior):,24998, VRAM allocated:,93068288, VRAM reserved:,29100081152
Epoch:,264800,Training Loss:,1993812354.5397384, Learning rate:,0.0028507718749999993, Number of training points (boundary):,3498, Number of training points (interior):,24998, VRAM allocated:,93068288, VRAM reserved:,29100081152
Epoch:,264900,Training Loss:,7939566.339048949, Learning rate:,0.0028507718749999993, Number of training points (boundary):,3498, Number of training points (interior):,24998, VRAM allocated:,93068288, VRAM reserved:,29100081152
Epoch:,265000,Training Loss:,822646.7185339932, Learning rate:,0.0028507718749999993, Number of training points (boundary):,3498, Number of training points (interior):,24998, VRAM allocated:,93068288, VRAM reserved:,29100081152
Epoch:,265100,Training Loss:,10020.21434660176, Learning rate:,0.0028507718749999993, Number of training points (boundary):,3498, Number of training points (interior):,24998, VRAM allocated:,93068288, VRAM reserved:,29100081152
Epoch:,265200,Training Loss:,3060.7916208712304, Learning rate:,0.0028507718749999993, Number of training points (boundary):,3498, Number of training points (interior):,24998, VRAM allocated:,93068288, VRAM reserved:,29100081152
Epoch:,265300,Training Loss:,7531.529646950018, Learning rate:,0.0028507718749999993, Number of training points (boundary):,3498, Number of training points (interior):,24998, VRAM allocated:,93068288, VRAM reserved:,29100081152
Epoch:,265400,Training Loss:,2991.4622839220524, Learning rate:,0.0028507718749999993, Number of training points (boundary):,3498, Number of training points (interior):,24998, VRAM allocated:,93068288, VRAM reserved:,29100081152
Epoch:,265500,Training Loss:,1728.549599809053, Learning rate:,0.0028507718749999993, Number of training points (boundary):,3498, Number of training points (interior):,24998, VRAM allocated:,93068288, VRAM reserved:,29100081152
Epoch:,265600,Training Loss:,11299.649772392364, Learning rate:,0.0028507718749999993, Number of training points (boundary):,3498, Number of training points (interior):,24998, VRAM allocated:,93068288, VRAM reserved:,29100081152
Epoch:,265700,Training Loss:,6445.472939662947, Learning rate:,0.0028507718749999993, Number of training points (boundary):,3498, Number of training points (interior):,24998, VRAM allocated:,93068288, VRAM reserved:,29100081152
Epoch:,265800,Training Loss:,4635.2038673525985, Learning rate:,0.0028507718749999993, Number of training points (boundary):,3498, Number of training points (interior):,24998, VRAM allocated:,93068288, VRAM reserved:,29100081152
Epoch:,265900,Training Loss:,5112.58831907565, Learning rate:,0.0028507718749999993, Number of training points (boundary):,3498, Number of training points (interior):,24998, VRAM allocated:,93068288, VRAM reserved:,29100081152
Epoch:,266000,Training Loss:,1874.1090510441716, Learning rate:,0.0028507718749999993, Number of training points (boundary):,3498, Number of training points (interior):,24998, VRAM allocated:,93068288, VRAM reserved:,29100081152
Epoch:,266100,Training Loss:,9060193.282450415, Learning rate:,0.0028507718749999993, Number of training points (boundary):,3498, Number of training points (interior):,24998, VRAM allocated:,93068288, VRAM reserved:,29100081152
Epoch:,266200,Training Loss:,133317661271163.19, Learning rate:,0.0028507718749999993, Number of training points (boundary):,3498, Number of training points (interior):,24998, VRAM allocated:,93068288, VRAM reserved:,29100081152
Epoch:,266300,Training Loss:,1881.6076273043375, Learning rate:,0.0028507718749999993, Number of training points (boundary):,3498, Number of training points (interior):,24998, VRAM allocated:,93068288, VRAM reserved:,29100081152
Epoch:,266400,Training Loss:,527860.6987391096, Learning rate:,0.0028507718749999993, Number of training points (boundary):,3498, Number of training points (interior):,24998, VRAM allocated:,93068288, VRAM reserved:,29100081152
Epoch:,266500,Training Loss:,141991363.85253513, Learning rate:,0.0028507718749999993, Number of training points (boundary):,3498, Number of training points (interior):,24998, VRAM allocated:,93068288, VRAM reserved:,29100081152
Epoch:,266600,Training Loss:,2598.2689671310195, Learning rate:,0.0028507718749999993, Number of training points (boundary):,3498, Number of training points (interior):,24998, VRAM allocated:,93068288, VRAM reserved:,29100081152
Epoch:,266700,Training Loss:,4184022.9641498583, Learning rate:,0.0028507718749999993, Number of training points (boundary):,3498, Number of training points (interior):,24998, VRAM allocated:,93068288, VRAM reserved:,29100081152
Epoch:,266800,Training Loss:,1075.8263395359775, Learning rate:,0.0028507718749999993, Number of training points (boundary):,3498, Number of training points (interior):,24998, VRAM allocated:,93068288, VRAM reserved:,29100081152
Epoch:,266900,Training Loss:,12399.353853586621, Learning rate:,0.0028507718749999993, Number of training points (boundary):,3498, Number of training points (interior):,24998, VRAM allocated:,93068288, VRAM reserved:,29100081152
Epoch:,267000,Training Loss:,3552.790859715802, Learning rate:,0.0028507718749999993, Number of training points (boundary):,3498, Number of training points (interior):,24998, VRAM allocated:,93068288, VRAM reserved:,29100081152
Epoch:,267100,Training Loss:,1909230545.8096375, Learning rate:,0.0028507718749999993, Number of training points (boundary):,3498, Number of training points (interior):,24998, VRAM allocated:,93068288, VRAM reserved:,29100081152
Epoch:,267200,Training Loss:,5609.610257025702, Learning rate:,0.0028507718749999993, Number of training points (boundary):,3498, Number of training points (interior):,24998, VRAM allocated:,93068288, VRAM reserved:,29100081152
Epoch:,267300,Training Loss:,449286153.2226029, Learning rate:,0.0028507718749999993, Number of training points (boundary):,3498, Number of training points (interior):,24998, VRAM allocated:,93068288, VRAM reserved:,29100081152
Epoch:,267400,Training Loss:,661798843.5916405, Learning rate:,0.0028507718749999993, Number of training points (boundary):,3498, Number of training points (interior):,24998, VRAM allocated:,93068288, VRAM reserved:,29100081152
Epoch:,267500,Training Loss:,166179776202.8001, Learning rate:,0.0028507718749999993, Number of training points (boundary):,3498, Number of training points (interior):,24998, VRAM allocated:,93068288, VRAM reserved:,29100081152
Epoch:,267600,Training Loss:,11942.066703034614, Learning rate:,0.0028507718749999993, Number of training points (boundary):,3498, Number of training points (interior):,24998, VRAM allocated:,93068288, VRAM reserved:,29100081152
Epoch:,267700,Training Loss:,29373647.198210068, Learning rate:,0.0028507718749999993, Number of training points (boundary):,3498, Number of training points (interior):,24998, VRAM allocated:,93068288, VRAM reserved:,29100081152
Epoch:,267800,Training Loss:,10570.195959125509, Learning rate:,0.0028507718749999993, Number of training points (boundary):,3498, Number of training points (interior):,24998, VRAM allocated:,93068288, VRAM reserved:,29100081152
Epoch:,267900,Training Loss:,3541.8253322210894, Learning rate:,0.0028507718749999993, Number of training points (boundary):,3498, Number of training points (interior):,24998, VRAM allocated:,93068288, VRAM reserved:,29100081152
Epoch:,268000,Training Loss:,2895.800220889698, Learning rate:,0.0028507718749999993, Number of training points (boundary):,3498, Number of training points (interior):,24998, VRAM allocated:,93068288, VRAM reserved:,29100081152
Epoch:,268100,Training Loss:,513.9482050363852, Learning rate:,0.0028507718749999993, Number of training points (boundary):,3498, Number of training points (interior):,24998, VRAM allocated:,93068288, VRAM reserved:,29100081152
Epoch:,268200,Training Loss:,106243612.7346274, Learning rate:,0.0028507718749999993, Number of training points (boundary):,3498, Number of training points (interior):,24998, VRAM allocated:,93068288, VRAM reserved:,29100081152
Epoch:,268300,Training Loss:,1235497896.7789114, Learning rate:,0.0028507718749999993, Number of training points (boundary):,3498, Number of training points (interior):,24998, VRAM allocated:,93068288, VRAM reserved:,29100081152
Epoch:,268400,Training Loss:,2931.2171824130883, Learning rate:,0.0028507718749999993, Number of training points (boundary):,3498, Number of training points (interior):,24998, VRAM allocated:,93068288, VRAM reserved:,29100081152
Epoch:,268500,Training Loss:,878460.1374551702, Learning rate:,0.0028507718749999993, Number of training points (boundary):,3498, Number of training points (interior):,24998, VRAM allocated:,93068288, VRAM reserved:,29100081152
Epoch:,268600,Training Loss:,1914335.4226062582, Learning rate:,0.0028507718749999993, Number of training points (boundary):,3498, Number of training points (interior):,24998, VRAM allocated:,93068288, VRAM reserved:,29100081152
Epoch:,268700,Training Loss:,66700.83261834356, Learning rate:,0.0028507718749999993, Number of training points (boundary):,3498, Number of training points (interior):,24998, VRAM allocated:,93068288, VRAM reserved:,29100081152
Epoch:,268800,Training Loss:,2300763.658797902, Learning rate:,0.0028507718749999993, Number of training points (boundary):,3498, Number of training points (interior):,24998, VRAM allocated:,93068288, VRAM reserved:,29100081152
Epoch:,268900,Training Loss:,9730.782438240736, Learning rate:,0.0028507718749999993, Number of training points (boundary):,3498, Number of training points (interior):,24998, VRAM allocated:,93068288, VRAM reserved:,29100081152
Epoch:,269000,Training Loss:,7706.417326501584, Learning rate:,0.0028507718749999993, Number of training points (boundary):,3498, Number of training points (interior):,24998, VRAM allocated:,93068288, VRAM reserved:,29100081152
Epoch:,269100,Training Loss:,142222.36112569724, Learning rate:,0.0028507718749999993, Number of training points (boundary):,3498, Number of training points (interior):,24998, VRAM allocated:,93068288, VRAM reserved:,29100081152
Epoch:,269200,Training Loss:,1.625938504629633e+17, Learning rate:,0.0028507718749999993, Number of training points (boundary):,3498, Number of training points (interior):,24998, VRAM allocated:,93068288, VRAM reserved:,29100081152
Epoch:,269300,Training Loss:,1978883.704270774, Learning rate:,0.0028507718749999993, Number of training points (boundary):,3498, Number of training points (interior):,24998, VRAM allocated:,93068288, VRAM reserved:,29100081152
Epoch:,269400,Training Loss:,5231348.761053978, Learning rate:,0.0028507718749999993, Number of training points (boundary):,3498, Number of training points (interior):,24998, VRAM allocated:,93068288, VRAM reserved:,29100081152
Epoch:,269500,Training Loss:,1721.8680719003964, Learning rate:,0.0028507718749999993, Number of training points (boundary):,3498, Number of training points (interior):,24998, VRAM allocated:,93068288, VRAM reserved:,29100081152
Epoch:,269600,Training Loss:,12326.050302187246, Learning rate:,0.0028507718749999993, Number of training points (boundary):,3498, Number of training points (interior):,24998, VRAM allocated:,93068288, VRAM reserved:,29100081152
Epoch:,269700,Training Loss:,29828251.184522085, Learning rate:,0.0028507718749999993, Number of training points (boundary):,3498, Number of training points (interior):,24998, VRAM allocated:,93068288, VRAM reserved:,29100081152
Epoch:,269800,Training Loss:,681663744.7226974, Learning rate:,0.0028507718749999993, Number of training points (boundary):,3498, Number of training points (interior):,24998, VRAM allocated:,93068288, VRAM reserved:,29100081152
Epoch:,269900,Training Loss:,14566.954791613209, Learning rate:,0.0028507718749999993, Number of training points (boundary):,3498, Number of training points (interior):,24998, VRAM allocated:,93068288, VRAM reserved:,29100081152
Epoch:,270000,Training Loss:,909178750.3817896, Learning rate:,0.0028507718749999993, Number of training points (boundary):,3498, Number of training points (interior):,24998, VRAM allocated:,93068288, VRAM reserved:,29100081152
Epoch:,270100,Training Loss:,2364955.827610578, Learning rate:,0.0028507718749999993, Number of training points (boundary):,3498, Number of training points (interior):,24998, VRAM allocated:,93068288, VRAM reserved:,29100081152
Epoch:,270200,Training Loss:,171027.67746873206, Learning rate:,0.0028507718749999993, Number of training points (boundary):,3498, Number of training points (interior):,24998, VRAM allocated:,93068288, VRAM reserved:,29100081152
Epoch:,270300,Training Loss:,41367276477.64852, Learning rate:,0.0028507718749999993, Number of training points (boundary):,3498, Number of training points (interior):,24998, VRAM allocated:,93068288, VRAM reserved:,29100081152
Epoch:,270400,Training Loss:,7473.089260589869, Learning rate:,0.0028507718749999993, Number of training points (boundary):,3498, Number of training points (interior):,24998, VRAM allocated:,93068288, VRAM reserved:,29100081152
Epoch:,270500,Training Loss:,2005675280620.1978, Learning rate:,0.0028507718749999993, Number of training points (boundary):,3498, Number of training points (interior):,24998, VRAM allocated:,93068288, VRAM reserved:,29100081152
Epoch:,270600,Training Loss:,7.471845541282441e+33, Learning rate:,0.0028507718749999993, Number of training points (boundary):,3498, Number of training points (interior):,24998, VRAM allocated:,93068288, VRAM reserved:,29100081152
Epoch:,270700,Training Loss:,2372318.9842551234, Learning rate:,0.0028507718749999993, Number of training points (boundary):,3498, Number of training points (interior):,24998, VRAM allocated:,93068288, VRAM reserved:,29100081152
Epoch:,270800,Training Loss:,7787580.315762851, Learning rate:,0.0028507718749999993, Number of training points (boundary):,3498, Number of training points (interior):,24998, VRAM allocated:,93068288, VRAM reserved:,29100081152
Epoch:,270900,Training Loss:,9285.753401985226, Learning rate:,0.0028507718749999993, Number of training points (boundary):,3498, Number of training points (interior):,24998, VRAM allocated:,93068288, VRAM reserved:,29100081152
Epoch:,271000,Training Loss:,3795.2849001031223, Learning rate:,0.0028507718749999993, Number of training points (boundary):,3498, Number of training points (interior):,24998, VRAM allocated:,93068288, VRAM reserved:,29100081152
Epoch:,271100,Training Loss:,58119229.173693985, Learning rate:,0.0028507718749999993, Number of training points (boundary):,3498, Number of training points (interior):,24998, VRAM allocated:,93068288, VRAM reserved:,29100081152
Epoch:,271200,Training Loss:,1299.5168605089075, Learning rate:,0.0028507718749999993, Number of training points (boundary):,3498, Number of training points (interior):,24998, VRAM allocated:,93068288, VRAM reserved:,29100081152
Epoch:,271300,Training Loss:,4089118.042715064, Learning rate:,0.0028507718749999993, Number of training points (boundary):,3498, Number of training points (interior):,24998, VRAM allocated:,93068288, VRAM reserved:,29100081152
Epoch:,271400,Training Loss:,1205239.749808402, Learning rate:,0.0028507718749999993, Number of training points (boundary):,3498, Number of training points (interior):,24998, VRAM allocated:,93068288, VRAM reserved:,29100081152
Epoch:,271500,Training Loss:,6.1652563177880696e+16, Learning rate:,0.0028507718749999993, Number of training points (boundary):,3498, Number of training points (interior):,24998, VRAM allocated:,93068288, VRAM reserved:,29100081152
Epoch:,271600,Training Loss:,12347816227.310537, Learning rate:,0.0028507718749999993, Number of training points (boundary):,3498, Number of training points (interior):,24998, VRAM allocated:,93068288, VRAM reserved:,29100081152
Epoch:,271700,Training Loss:,3942.7886195858723, Learning rate:,0.0028507718749999993, Number of training points (boundary):,3498, Number of training points (interior):,24998, VRAM allocated:,93068288, VRAM reserved:,29100081152
Epoch:,271800,Training Loss:,3179.052552230851, Learning rate:,0.0028507718749999993, Number of training points (boundary):,3498, Number of training points (interior):,24998, VRAM allocated:,93068288, VRAM reserved:,29100081152
Epoch:,271900,Training Loss:,5846718387.846381, Learning rate:,0.0028507718749999993, Number of training points (boundary):,3498, Number of training points (interior):,24998, VRAM allocated:,93068288, VRAM reserved:,29100081152
Epoch:,272000,Training Loss:,94699300.22360079, Learning rate:,0.0028507718749999993, Number of training points (boundary):,3498, Number of training points (interior):,24998, VRAM allocated:,93068288, VRAM reserved:,29100081152
Epoch:,272100,Training Loss:,31043151.914274752, Learning rate:,0.0028507718749999993, Number of training points (boundary):,3498, Number of training points (interior):,24998, VRAM allocated:,93068288, VRAM reserved:,29100081152
Epoch:,272200,Training Loss:,68603.51895386736, Learning rate:,0.0028507718749999993, Number of training points (boundary):,3498, Number of training points (interior):,24998, VRAM allocated:,93068288, VRAM reserved:,29100081152
Epoch:,272300,Training Loss:,2801.625002970826, Learning rate:,0.0028507718749999993, Number of training points (boundary):,3498, Number of training points (interior):,24998, VRAM allocated:,93068288, VRAM reserved:,29100081152
Epoch:,272400,Training Loss:,46315917164437.586, Learning rate:,0.0028507718749999993, Number of training points (boundary):,3498, Number of training points (interior):,24998, VRAM allocated:,93068288, VRAM reserved:,29100081152
Epoch:,272500,Training Loss:,695500.390984274, Learning rate:,0.0028507718749999993, Number of training points (boundary):,3498, Number of training points (interior):,24998, VRAM allocated:,93068288, VRAM reserved:,29100081152
Epoch:,272600,Training Loss:,2048360588.7865703, Learning rate:,0.0028507718749999993, Number of training points (boundary):,3498, Number of training points (interior):,24998, VRAM allocated:,93068288, VRAM reserved:,29100081152
Epoch:,272700,Training Loss:,18909.54520242284, Learning rate:,0.0028507718749999993, Number of training points (boundary):,3498, Number of training points (interior):,24998, VRAM allocated:,93068288, VRAM reserved:,29100081152
Epoch:,272800,Training Loss:,4137.421948169542, Learning rate:,0.0028507718749999993, Number of training points (boundary):,3498, Number of training points (interior):,24998, VRAM allocated:,93068288, VRAM reserved:,29100081152
Epoch:,272900,Training Loss:,1.024580627814634e+16, Learning rate:,0.0028507718749999993, Number of training points (boundary):,3498, Number of training points (interior):,24998, VRAM allocated:,93068288, VRAM reserved:,29100081152
Epoch:,273000,Training Loss:,4470090247.1786, Learning rate:,0.0028507718749999993, Number of training points (boundary):,3498, Number of training points (interior):,24998, VRAM allocated:,93068288, VRAM reserved:,29100081152
Epoch:,273100,Training Loss:,22728641.261371713, Learning rate:,0.0028507718749999993, Number of training points (boundary):,3498, Number of training points (interior):,24998, VRAM allocated:,93068288, VRAM reserved:,29100081152
Epoch:,273200,Training Loss:,70356.81426230974, Learning rate:,0.0028507718749999993, Number of training points (boundary):,3498, Number of training points (interior):,24998, VRAM allocated:,93068288, VRAM reserved:,29100081152
Epoch:,273300,Training Loss:,76329930646.61862, Learning rate:,0.0028507718749999993, Number of training points (boundary):,3498, Number of training points (interior):,24998, VRAM allocated:,93068288, VRAM reserved:,29100081152
Epoch:,273400,Training Loss:,65501.460502007736, Learning rate:,0.0028507718749999993, Number of training points (boundary):,3498, Number of training points (interior):,24998, VRAM allocated:,93068288, VRAM reserved:,29100081152
Epoch:,273500,Training Loss:,3212340.229141219, Learning rate:,0.0028507718749999993, Number of training points (boundary):,3498, Number of training points (interior):,24998, VRAM allocated:,93068288, VRAM reserved:,29100081152
Epoch:,273600,Training Loss:,1398777.8607298797, Learning rate:,0.0028507718749999993, Number of training points (boundary):,3498, Number of training points (interior):,24998, VRAM allocated:,93068288, VRAM reserved:,29100081152
Epoch:,273700,Training Loss:,361923127.35358113, Learning rate:,0.0028507718749999993, Number of training points (boundary):,3498, Number of training points (interior):,24998, VRAM allocated:,93068288, VRAM reserved:,29100081152
Epoch:,273800,Training Loss:,93057.26582827338, Learning rate:,0.0028507718749999993, Number of training points (boundary):,3498, Number of training points (interior):,24998, VRAM allocated:,93068288, VRAM reserved:,29100081152
Epoch:,273900,Training Loss:,91445188970373.77, Learning rate:,0.0028507718749999993, Number of training points (boundary):,3498, Number of training points (interior):,24998, VRAM allocated:,93068288, VRAM reserved:,29100081152
Epoch:,274000,Training Loss:,1.1841541372199229e+25, Learning rate:,0.0028507718749999993, Number of training points (boundary):,3498, Number of training points (interior):,24998, VRAM allocated:,93068288, VRAM reserved:,29100081152
Epoch:,274100,Training Loss:,4.056203566139952e+24, Learning rate:,0.0028507718749999993, Number of training points (boundary):,3498, Number of training points (interior):,24998, VRAM allocated:,93068288, VRAM reserved:,29100081152
Epoch:,274200,Training Loss:,526660047.7791019, Learning rate:,0.0028507718749999993, Number of training points (boundary):,3498, Number of training points (interior):,24998, VRAM allocated:,93068288, VRAM reserved:,29100081152
Epoch:,274300,Training Loss:,82848986370.73918, Learning rate:,0.0028507718749999993, Number of training points (boundary):,3498, Number of training points (interior):,24998, VRAM allocated:,93068288, VRAM reserved:,29100081152
Epoch:,274400,Training Loss:,210445109.6832196, Learning rate:,0.0028507718749999993, Number of training points (boundary):,3498, Number of training points (interior):,24998, VRAM allocated:,93068288, VRAM reserved:,29100081152
Epoch:,274500,Training Loss:,239816169.3354474, Learning rate:,0.0028507718749999993, Number of training points (boundary):,3498, Number of training points (interior):,24998, VRAM allocated:,93068288, VRAM reserved:,29100081152
Epoch:,274600,Training Loss:,15703988.65705437, Learning rate:,0.0028507718749999993, Number of training points (boundary):,3498, Number of training points (interior):,24998, VRAM allocated:,93068288, VRAM reserved:,29100081152
Epoch:,274700,Training Loss:,284342.0821294452, Learning rate:,0.0028507718749999993, Number of training points (boundary):,3498, Number of training points (interior):,24998, VRAM allocated:,93068288, VRAM reserved:,29100081152
Epoch:,274800,Training Loss:,1846440654935.6963, Learning rate:,0.0028507718749999993, Number of training points (boundary):,3498, Number of training points (interior):,24998, VRAM allocated:,93068288, VRAM reserved:,29100081152
Epoch:,274900,Training Loss:,43567687227.40969, Learning rate:,0.0028507718749999993, Number of training points (boundary):,3498, Number of training points (interior):,24998, VRAM allocated:,93068288, VRAM reserved:,29100081152
Epoch:,275000,Training Loss:,671086252.8200754, Learning rate:,0.0028507718749999993, Number of training points (boundary):,3498, Number of training points (interior):,24998, VRAM allocated:,93068288, VRAM reserved:,29100081152
Epoch:,275100,Training Loss:,363072907.99357074, Learning rate:,0.0028507718749999993, Number of training points (boundary):,3498, Number of training points (interior):,24998, VRAM allocated:,93068288, VRAM reserved:,29100081152
Epoch:,275200,Training Loss:,9183892.129163707, Learning rate:,0.0028507718749999993, Number of training points (boundary):,3498, Number of training points (interior):,24998, VRAM allocated:,93068288, VRAM reserved:,29100081152
Epoch:,275300,Training Loss:,2.3468186330530965e+24, Learning rate:,0.0028507718749999993, Number of training points (boundary):,3498, Number of training points (interior):,24998, VRAM allocated:,93068288, VRAM reserved:,29100081152
Epoch:,275400,Training Loss:,1.3844377048125851e+20, Learning rate:,0.0028507718749999993, Number of training points (boundary):,3498, Number of training points (interior):,24998, VRAM allocated:,93068288, VRAM reserved:,29100081152
Epoch:,275500,Training Loss:,46306559.20479135, Learning rate:,0.0028507718749999993, Number of training points (boundary):,3498, Number of training points (interior):,24998, VRAM allocated:,93068288, VRAM reserved:,29100081152
Epoch:,275600,Training Loss:,159409570910370.4, Learning rate:,0.0028507718749999993, Number of training points (boundary):,3498, Number of training points (interior):,24998, VRAM allocated:,93068288, VRAM reserved:,29100081152
Epoch:,275700,Training Loss:,105172353.70798756, Learning rate:,0.0028507718749999993, Number of training points (boundary):,3498, Number of training points (interior):,24998, VRAM allocated:,93068288, VRAM reserved:,29100081152
Epoch:,275800,Training Loss:,1976784655055.6663, Learning rate:,0.0028507718749999993, Number of training points (boundary):,3498, Number of training points (interior):,24998, VRAM allocated:,93068288, VRAM reserved:,29100081152
Epoch:,275900,Training Loss:,1271041.0885287868, Learning rate:,0.0028507718749999993, Number of training points (boundary):,3498, Number of training points (interior):,24998, VRAM allocated:,93068288, VRAM reserved:,29100081152
Epoch:,276000,Training Loss:,6354167.1079396345, Learning rate:,0.0028507718749999993, Number of training points (boundary):,3498, Number of training points (interior):,24998, VRAM allocated:,93068288, VRAM reserved:,29100081152
Epoch:,276100,Training Loss:,61185.704208938405, Learning rate:,0.0028507718749999993, Number of training points (boundary):,3498, Number of training points (interior):,24998, VRAM allocated:,93068288, VRAM reserved:,29100081152
Epoch:,276200,Training Loss:,7.1135106236891685e+19, Learning rate:,0.0028507718749999993, Number of training points (boundary):,3498, Number of training points (interior):,24998, VRAM allocated:,93068288, VRAM reserved:,29100081152
Epoch:,276300,Training Loss:,3.0599662481177144e+18, Learning rate:,0.0028507718749999993, Number of training points (boundary):,3498, Number of training points (interior):,24998, VRAM allocated:,93068288, VRAM reserved:,29100081152
Epoch:,276400,Training Loss:,7013721331338338.0, Learning rate:,0.0028507718749999993, Number of training points (boundary):,3498, Number of training points (interior):,24998, VRAM allocated:,93068288, VRAM reserved:,29100081152
Epoch:,276500,Training Loss:,6.511896579984599e+23, Learning rate:,0.0028507718749999993, Number of training points (boundary):,3498, Number of training points (interior):,24998, VRAM allocated:,93068288, VRAM reserved:,29100081152
Epoch:,276600,Training Loss:,462943.9368765488, Learning rate:,0.0028507718749999993, Number of training points (boundary):,3498, Number of training points (interior):,24998, VRAM allocated:,93068288, VRAM reserved:,29100081152
Epoch:,276700,Training Loss:,111442441.44267279, Learning rate:,0.0028507718749999993, Number of training points (boundary):,3498, Number of training points (interior):,24998, VRAM allocated:,93068288, VRAM reserved:,29100081152
Epoch:,276800,Training Loss:,577357662.1883293, Learning rate:,0.0028507718749999993, Number of training points (boundary):,3498, Number of training points (interior):,24998, VRAM allocated:,93068288, VRAM reserved:,29100081152
Epoch:,276900,Training Loss:,32958473259.729168, Learning rate:,0.0028507718749999993, Number of training points (boundary):,3498, Number of training points (interior):,24998, VRAM allocated:,93068288, VRAM reserved:,29100081152
Epoch:,277000,Training Loss:,260820338.0104982, Learning rate:,0.0028507718749999993, Number of training points (boundary):,3498, Number of training points (interior):,24998, VRAM allocated:,93068288, VRAM reserved:,29100081152
Epoch:,277100,Training Loss:,1381015442691530.5, Learning rate:,0.0028507718749999993, Number of training points (boundary):,3498, Number of training points (interior):,24998, VRAM allocated:,93068288, VRAM reserved:,29100081152
Epoch:,277200,Training Loss:,3178900.412106457, Learning rate:,0.0028507718749999993, Number of training points (boundary):,3498, Number of training points (interior):,24998, VRAM allocated:,93068288, VRAM reserved:,29100081152
Epoch:,277300,Training Loss:,2404606.893219358, Learning rate:,0.0028507718749999993, Number of training points (boundary):,3498, Number of training points (interior):,24998, VRAM allocated:,93068288, VRAM reserved:,29100081152
Epoch:,277400,Training Loss:,66390355959.674675, Learning rate:,0.0028507718749999993, Number of training points (boundary):,3498, Number of training points (interior):,24998, VRAM allocated:,93068288, VRAM reserved:,29100081152
Epoch:,277500,Training Loss:,1316478521.857297, Learning rate:,0.0028507718749999993, Number of training points (boundary):,3498, Number of training points (interior):,24998, VRAM allocated:,93068288, VRAM reserved:,29100081152
Epoch:,277600,Training Loss:,47671194.99335936, Learning rate:,0.0028507718749999993, Number of training points (boundary):,3498, Number of training points (interior):,24998, VRAM allocated:,93068288, VRAM reserved:,29100081152
Epoch:,277700,Training Loss:,1318041631.2833078, Learning rate:,0.0028507718749999993, Number of training points (boundary):,3498, Number of training points (interior):,24998, VRAM allocated:,93068288, VRAM reserved:,29100081152
Epoch:,277800,Training Loss:,3348.2737468705345, Learning rate:,0.0028507718749999993, Number of training points (boundary):,3498, Number of training points (interior):,24998, VRAM allocated:,93068288, VRAM reserved:,29100081152
Epoch:,277900,Training Loss:,17629.025467306095, Learning rate:,0.0028507718749999993, Number of training points (boundary):,3498, Number of training points (interior):,24998, VRAM allocated:,93068288, VRAM reserved:,29100081152
Epoch:,278000,Training Loss:,464.69160782453537, Learning rate:,0.0028507718749999993, Number of training points (boundary):,3498, Number of training points (interior):,24998, VRAM allocated:,93068288, VRAM reserved:,29100081152
Epoch:,278100,Training Loss:,3215750.1348381313, Learning rate:,0.0028507718749999993, Number of training points (boundary):,3498, Number of training points (interior):,24998, VRAM allocated:,93068288, VRAM reserved:,29100081152
Epoch:,278200,Training Loss:,388962.8438332429, Learning rate:,0.0028507718749999993, Number of training points (boundary):,3498, Number of training points (interior):,24998, VRAM allocated:,93068288, VRAM reserved:,29100081152
Epoch:,278300,Training Loss:,9516.047797601328, Learning rate:,0.0028507718749999993, Number of training points (boundary):,3498, Number of training points (interior):,24998, VRAM allocated:,93068288, VRAM reserved:,29100081152
Epoch:,278400,Training Loss:,86987.88755683188, Learning rate:,0.0028507718749999993, Number of training points (boundary):,3498, Number of training points (interior):,24998, VRAM allocated:,93068288, VRAM reserved:,29100081152
Epoch:,278500,Training Loss:,10040.993735905397, Learning rate:,0.0028507718749999993, Number of training points (boundary):,3498, Number of training points (interior):,24998, VRAM allocated:,93068288, VRAM reserved:,29100081152
Epoch:,278600,Training Loss:,20489.64723414644, Learning rate:,0.0028507718749999993, Number of training points (boundary):,3498, Number of training points (interior):,24998, VRAM allocated:,93068288, VRAM reserved:,29100081152
Epoch:,278700,Training Loss:,584107820.4452622, Learning rate:,0.0028507718749999993, Number of training points (boundary):,3498, Number of training points (interior):,24998, VRAM allocated:,93068288, VRAM reserved:,29100081152
Epoch:,278800,Training Loss:,135574063.93729714, Learning rate:,0.0028507718749999993, Number of training points (boundary):,3498, Number of training points (interior):,24998, VRAM allocated:,93068288, VRAM reserved:,29100081152
Epoch:,278900,Training Loss:,4435.695163850937, Learning rate:,0.0028507718749999993, Number of training points (boundary):,3498, Number of training points (interior):,24998, VRAM allocated:,93068288, VRAM reserved:,29100081152
Epoch:,279000,Training Loss:,31178533631.869823, Learning rate:,0.0028507718749999993, Number of training points (boundary):,3498, Number of training points (interior):,24998, VRAM allocated:,93068288, VRAM reserved:,29100081152
Epoch:,279100,Training Loss:,780711.6579379173, Learning rate:,0.0028507718749999993, Number of training points (boundary):,3498, Number of training points (interior):,24998, VRAM allocated:,93068288, VRAM reserved:,29100081152
Epoch:,279200,Training Loss:,203.00990802009886, Learning rate:,0.0028507718749999993, Number of training points (boundary):,3498, Number of training points (interior):,24998, VRAM allocated:,93068288, VRAM reserved:,29100081152
Epoch:,279300,Training Loss:,9231441253.689602, Learning rate:,0.0028507718749999993, Number of training points (boundary):,3498, Number of training points (interior):,24998, VRAM allocated:,93068288, VRAM reserved:,29100081152
Epoch:,279400,Training Loss:,5981.5040882103385, Learning rate:,0.0028507718749999993, Number of training points (boundary):,3498, Number of training points (interior):,24998, VRAM allocated:,93068288, VRAM reserved:,29100081152
Epoch:,279500,Training Loss:,3995479612.0043054, Learning rate:,0.0028507718749999993, Number of training points (boundary):,3498, Number of training points (interior):,24998, VRAM allocated:,93068288, VRAM reserved:,29100081152
Epoch:,279600,Training Loss:,2724282643909924.0, Learning rate:,0.0028507718749999993, Number of training points (boundary):,3498, Number of training points (interior):,24998, VRAM allocated:,93068288, VRAM reserved:,29100081152
Epoch:,279700,Training Loss:,52132.09631453219, Learning rate:,0.0028507718749999993, Number of training points (boundary):,3498, Number of training points (interior):,24998, VRAM allocated:,93068288, VRAM reserved:,29100081152
Epoch:,279800,Training Loss:,286512365738.65967, Learning rate:,0.0028507718749999993, Number of training points (boundary):,3498, Number of training points (interior):,24998, VRAM allocated:,93068288, VRAM reserved:,29100081152
Epoch:,279900,Training Loss:,31384784.10550319, Learning rate:,0.0028507718749999993, Number of training points (boundary):,3498, Number of training points (interior):,24998, VRAM allocated:,93068288, VRAM reserved:,29100081152
Epoch:,280000,Training Loss:,172286841429.05536, Learning rate:,0.0028507718749999993, Number of training points (boundary):,3498, Number of training points (interior):,24998, VRAM allocated:,93068288, VRAM reserved:,29100081152
Epoch:,280100,Training Loss:,37622.44246070583, Learning rate:,0.0028507718749999993, Number of training points (boundary):,3498, Number of training points (interior):,24998, VRAM allocated:,93068288, VRAM reserved:,29100081152
Epoch:,280200,Training Loss:,1566871.8253126275, Learning rate:,0.0028507718749999993, Number of training points (boundary):,3498, Number of training points (interior):,24998, VRAM allocated:,93068288, VRAM reserved:,29100081152
Epoch:,280300,Training Loss:,1068982623.2237297, Learning rate:,0.0028507718749999993, Number of training points (boundary):,3498, Number of training points (interior):,24998, VRAM allocated:,93068288, VRAM reserved:,29100081152
Epoch:,280400,Training Loss:,2770948.792961592, Learning rate:,0.0028507718749999993, Number of training points (boundary):,3498, Number of training points (interior):,24998, VRAM allocated:,93068288, VRAM reserved:,29100081152
Epoch:,280500,Training Loss:,21848232.143979244, Learning rate:,0.0028507718749999993, Number of training points (boundary):,3498, Number of training points (interior):,24998, VRAM allocated:,93068288, VRAM reserved:,29100081152
Epoch:,280600,Training Loss:,201.23674198474563, Learning rate:,0.0028507718749999993, Number of training points (boundary):,3498, Number of training points (interior):,24998, VRAM allocated:,93068288, VRAM reserved:,29100081152
Epoch:,280700,Training Loss:,229.60965725109514, Learning rate:,0.0028507718749999993, Number of training points (boundary):,3498, Number of training points (interior):,24998, VRAM allocated:,93068288, VRAM reserved:,29100081152
Epoch:,280800,Training Loss:,58118.15593371889, Learning rate:,0.0028507718749999993, Number of training points (boundary):,3498, Number of training points (interior):,24998, VRAM allocated:,93068288, VRAM reserved:,29100081152
Epoch:,280900,Training Loss:,1428919.8596789339, Learning rate:,0.0028507718749999993, Number of training points (boundary):,3498, Number of training points (interior):,24998, VRAM allocated:,93068288, VRAM reserved:,29100081152
Epoch:,281000,Training Loss:,2.111489840304954e+16, Learning rate:,0.0028507718749999993, Number of training points (boundary):,3498, Number of training points (interior):,24998, VRAM allocated:,93068288, VRAM reserved:,29100081152
Epoch:,281100,Training Loss:,92132867.50455579, Learning rate:,0.0028507718749999993, Number of training points (boundary):,3498, Number of training points (interior):,24998, VRAM allocated:,93068288, VRAM reserved:,29100081152
Epoch:,281200,Training Loss:,2250717098.9403806, Learning rate:,0.0028507718749999993, Number of training points (boundary):,3498, Number of training points (interior):,24998, VRAM allocated:,93068288, VRAM reserved:,29100081152
Epoch:,281300,Training Loss:,2668782.598530328, Learning rate:,0.0028507718749999993, Number of training points (boundary):,3498, Number of training points (interior):,24998, VRAM allocated:,93068288, VRAM reserved:,29100081152
Epoch:,281400,Training Loss:,1008897743563.4984, Learning rate:,0.0028507718749999993, Number of training points (boundary):,3498, Number of training points (interior):,24998, VRAM allocated:,93068288, VRAM reserved:,29100081152
Epoch:,281500,Training Loss:,126297.91592245715, Learning rate:,0.0028507718749999993, Number of training points (boundary):,3498, Number of training points (interior):,24998, VRAM allocated:,93068288, VRAM reserved:,29100081152
Epoch:,281600,Training Loss:,122028.36417374993, Learning rate:,0.0028507718749999993, Number of training points (boundary):,3498, Number of training points (interior):,24998, VRAM allocated:,93068288, VRAM reserved:,29100081152
Epoch:,281700,Training Loss:,2.8472130682230864e+16, Learning rate:,0.0028507718749999993, Number of training points (boundary):,3498, Number of training points (interior):,24998, VRAM allocated:,93068288, VRAM reserved:,29100081152
Epoch:,281800,Training Loss:,1321.9326427216283, Learning rate:,0.0028507718749999993, Number of training points (boundary):,3498, Number of training points (interior):,24998, VRAM allocated:,93068288, VRAM reserved:,29100081152
Epoch:,281900,Training Loss:,2074.4449394337385, Learning rate:,0.0028507718749999993, Number of training points (boundary):,3498, Number of training points (interior):,24998, VRAM allocated:,93068288, VRAM reserved:,29100081152
Epoch:,282000,Training Loss:,1976654.2217252923, Learning rate:,0.0028507718749999993, Number of training points (boundary):,3498, Number of training points (interior):,24998, VRAM allocated:,93068288, VRAM reserved:,29100081152
Epoch:,282100,Training Loss:,295956670733.99164, Learning rate:,0.0028507718749999993, Number of training points (boundary):,3498, Number of training points (interior):,24998, VRAM allocated:,93068288, VRAM reserved:,29100081152
Epoch:,282200,Training Loss:,1084390081.8477073, Learning rate:,0.0028507718749999993, Number of training points (boundary):,3498, Number of training points (interior):,24998, VRAM allocated:,93068288, VRAM reserved:,29100081152
Epoch:,282300,Training Loss:,5.395324653131659e+17, Learning rate:,0.0028507718749999993, Number of training points (boundary):,3498, Number of training points (interior):,24998, VRAM allocated:,93068288, VRAM reserved:,29100081152
Epoch:,282400,Training Loss:,1117507139.3503864, Learning rate:,0.0028507718749999993, Number of training points (boundary):,3498, Number of training points (interior):,24998, VRAM allocated:,93068288, VRAM reserved:,29100081152
Epoch:,282500,Training Loss:,9.502847049106373e+30, Learning rate:,0.0028507718749999993, Number of training points (boundary):,3498, Number of training points (interior):,24998, VRAM allocated:,93068288, VRAM reserved:,29100081152
Epoch:,282600,Training Loss:,12172219.689992938, Learning rate:,0.0028507718749999993, Number of training points (boundary):,3498, Number of training points (interior):,24998, VRAM allocated:,93068288, VRAM reserved:,29100081152
Epoch:,282700,Training Loss:,2537203779.9873796, Learning rate:,0.0028507718749999993, Number of training points (boundary):,3498, Number of training points (interior):,24998, VRAM allocated:,93068288, VRAM reserved:,29100081152
Epoch:,282800,Training Loss:,694229.4089744225, Learning rate:,0.0028507718749999993, Number of training points (boundary):,3498, Number of training points (interior):,24998, VRAM allocated:,93068288, VRAM reserved:,29100081152
Epoch:,282900,Training Loss:,752.6563646399131, Learning rate:,0.0028507718749999993, Number of training points (boundary):,3498, Number of training points (interior):,24998, VRAM allocated:,93068288, VRAM reserved:,29100081152
Epoch:,283000,Training Loss:,237.54517760855822, Learning rate:,0.0028507718749999993, Number of training points (boundary):,3498, Number of training points (interior):,24998, VRAM allocated:,93068288, VRAM reserved:,29100081152
Epoch:,283100,Training Loss:,1271.207180105373, Learning rate:,0.0028507718749999993, Number of training points (boundary):,3498, Number of training points (interior):,24998, VRAM allocated:,93068288, VRAM reserved:,29100081152
Epoch:,283200,Training Loss:,195.97944954227842, Learning rate:,0.0028507718749999993, Number of training points (boundary):,3498, Number of training points (interior):,24998, VRAM allocated:,93068288, VRAM reserved:,29100081152
Epoch:,283300,Training Loss:,3519343.475874985, Learning rate:,0.0028507718749999993, Number of training points (boundary):,3498, Number of training points (interior):,24998, VRAM allocated:,93068288, VRAM reserved:,29100081152
Epoch:,283400,Training Loss:,3894.367155906649, Learning rate:,0.0028507718749999993, Number of training points (boundary):,3498, Number of training points (interior):,24998, VRAM allocated:,93068288, VRAM reserved:,29100081152
Epoch:,283500,Training Loss:,3769.537263918118, Learning rate:,0.0028507718749999993, Number of training points (boundary):,3498, Number of training points (interior):,24998, VRAM allocated:,93068288, VRAM reserved:,29100081152
Epoch:,283600,Training Loss:,7690291665.91402, Learning rate:,0.0028507718749999993, Number of training points (boundary):,3498, Number of training points (interior):,24998, VRAM allocated:,93068288, VRAM reserved:,29100081152
Epoch:,283700,Training Loss:,1779702810.4875147, Learning rate:,0.0028507718749999993, Number of training points (boundary):,3498, Number of training points (interior):,24998, VRAM allocated:,93068288, VRAM reserved:,29100081152
Epoch:,283800,Training Loss:,56722314152.60753, Learning rate:,0.0028507718749999993, Number of training points (boundary):,3498, Number of training points (interior):,24998, VRAM allocated:,93068288, VRAM reserved:,29100081152
Epoch:,283900,Training Loss:,2022318065.8224254, Learning rate:,0.0028507718749999993, Number of training points (boundary):,3498, Number of training points (interior):,24998, VRAM allocated:,93068288, VRAM reserved:,29100081152
Epoch:,284000,Training Loss:,1610349088462905.2, Learning rate:,0.0028507718749999993, Number of training points (boundary):,3498, Number of training points (interior):,24998, VRAM allocated:,93068288, VRAM reserved:,29100081152
Epoch:,284100,Training Loss:,14911.581770846573, Learning rate:,0.0028507718749999993, Number of training points (boundary):,3498, Number of training points (interior):,24998, VRAM allocated:,93068288, VRAM reserved:,29100081152
Epoch:,284200,Training Loss:,5257.406145649908, Learning rate:,0.0028507718749999993, Number of training points (boundary):,3498, Number of training points (interior):,24998, VRAM allocated:,93068288, VRAM reserved:,29100081152
Epoch:,284300,Training Loss:,3660858278.5116215, Learning rate:,0.0028507718749999993, Number of training points (boundary):,3498, Number of training points (interior):,24998, VRAM allocated:,93068288, VRAM reserved:,29100081152
Epoch:,284400,Training Loss:,28594.51467669627, Learning rate:,0.0028507718749999993, Number of training points (boundary):,3498, Number of training points (interior):,24998, VRAM allocated:,93068288, VRAM reserved:,29100081152
Epoch:,284500,Training Loss:,107064123535081.64, Learning rate:,0.0028507718749999993, Number of training points (boundary):,3498, Number of training points (interior):,24998, VRAM allocated:,93068288, VRAM reserved:,29100081152
Epoch:,284600,Training Loss:,124433.91436362264, Learning rate:,0.0028507718749999993, Number of training points (boundary):,3498, Number of training points (interior):,24998, VRAM allocated:,93068288, VRAM reserved:,29100081152
Epoch:,284700,Training Loss:,100751.95627172683, Learning rate:,0.0028507718749999993, Number of training points (boundary):,3498, Number of training points (interior):,24998, VRAM allocated:,93068288, VRAM reserved:,29100081152
Epoch:,284800,Training Loss:,136889.40980237923, Learning rate:,0.0028507718749999993, Number of training points (boundary):,3498, Number of training points (interior):,24998, VRAM allocated:,93068288, VRAM reserved:,29100081152
Epoch:,284900,Training Loss:,564002.6940862694, Learning rate:,0.0028507718749999993, Number of training points (boundary):,3498, Number of training points (interior):,24998, VRAM allocated:,93068288, VRAM reserved:,29100081152
Epoch:,285000,Training Loss:,251121.54680036698, Learning rate:,0.0028507718749999993, Number of training points (boundary):,3498, Number of training points (interior):,24998, VRAM allocated:,93068288, VRAM reserved:,29100081152
Epoch:,285100,Training Loss:,265756.71441010654, Learning rate:,0.0028507718749999993, Number of training points (boundary):,3498, Number of training points (interior):,24998, VRAM allocated:,93068288, VRAM reserved:,29100081152
Epoch:,285200,Training Loss:,172651499.88604572, Learning rate:,0.0028507718749999993, Number of training points (boundary):,3498, Number of training points (interior):,24998, VRAM allocated:,93068288, VRAM reserved:,29100081152
Epoch:,285300,Training Loss:,6903338.771278689, Learning rate:,0.0028507718749999993, Number of training points (boundary):,3498, Number of training points (interior):,24998, VRAM allocated:,93068288, VRAM reserved:,29100081152
Epoch:,285400,Training Loss:,17786750250155.598, Learning rate:,0.0028507718749999993, Number of training points (boundary):,3498, Number of training points (interior):,24998, VRAM allocated:,93068288, VRAM reserved:,29100081152
Epoch:,285500,Training Loss:,1597549.3746338498, Learning rate:,0.0028507718749999993, Number of training points (boundary):,3498, Number of training points (interior):,24998, VRAM allocated:,93068288, VRAM reserved:,29100081152
Epoch:,285600,Training Loss:,56482.24268779645, Learning rate:,0.0028507718749999993, Number of training points (boundary):,3498, Number of training points (interior):,24998, VRAM allocated:,93068288, VRAM reserved:,29100081152
Epoch:,285700,Training Loss:,6044.222577434441, Learning rate:,0.0028507718749999993, Number of training points (boundary):,3498, Number of training points (interior):,24998, VRAM allocated:,93068288, VRAM reserved:,29100081152
Epoch:,285800,Training Loss:,2.2712139963859593e+20, Learning rate:,0.0028507718749999993, Number of training points (boundary):,3498, Number of training points (interior):,24998, VRAM allocated:,93068288, VRAM reserved:,29100081152
Epoch:,285900,Training Loss:,6604804.950651959, Learning rate:,0.0028507718749999993, Number of training points (boundary):,3498, Number of training points (interior):,24998, VRAM allocated:,93068288, VRAM reserved:,29100081152
Epoch:,286000,Training Loss:,1.08757232402614e+18, Learning rate:,0.0028507718749999993, Number of training points (boundary):,3498, Number of training points (interior):,24998, VRAM allocated:,93068288, VRAM reserved:,29100081152
Epoch:,286100,Training Loss:,25347502620.560932, Learning rate:,0.0028507718749999993, Number of training points (boundary):,3498, Number of training points (interior):,24998, VRAM allocated:,93068288, VRAM reserved:,29100081152
Epoch:,286200,Training Loss:,581.5135068848118, Learning rate:,0.0028507718749999993, Number of training points (boundary):,3498, Number of training points (interior):,24998, VRAM allocated:,93068288, VRAM reserved:,29100081152
Epoch:,286300,Training Loss:,1928.6537579731462, Learning rate:,0.0028507718749999993, Number of training points (boundary):,3498, Number of training points (interior):,24998, VRAM allocated:,93068288, VRAM reserved:,29100081152
Epoch:,286400,Training Loss:,126462568087.3636, Learning rate:,0.0028507718749999993, Number of training points (boundary):,3498, Number of training points (interior):,24998, VRAM allocated:,93068288, VRAM reserved:,29100081152
Epoch:,286500,Training Loss:,1970.8798309094968, Learning rate:,0.0028507718749999993, Number of training points (boundary):,3498, Number of training points (interior):,24998, VRAM allocated:,93068288, VRAM reserved:,29100081152
Epoch:,286600,Training Loss:,383198.5030265633, Learning rate:,0.0028507718749999993, Number of training points (boundary):,3498, Number of training points (interior):,24998, VRAM allocated:,93068288, VRAM reserved:,29100081152
Epoch:,286700,Training Loss:,1072051548.9775906, Learning rate:,0.0028507718749999993, Number of training points (boundary):,3498, Number of training points (interior):,24998, VRAM allocated:,93068288, VRAM reserved:,29100081152
Epoch:,286800,Training Loss:,239124202.52572048, Learning rate:,0.0028507718749999993, Number of training points (boundary):,3498, Number of training points (interior):,24998, VRAM allocated:,93068288, VRAM reserved:,29100081152
Epoch:,286900,Training Loss:,8173.562763329989, Learning rate:,0.0028507718749999993, Number of training points (boundary):,3498, Number of training points (interior):,24998, VRAM allocated:,93068288, VRAM reserved:,29100081152
Epoch:,287000,Training Loss:,923151661.7325407, Learning rate:,0.0028507718749999993, Number of training points (boundary):,3498, Number of training points (interior):,24998, VRAM allocated:,93068288, VRAM reserved:,29100081152
Epoch:,287100,Training Loss:,540572.8737414258, Learning rate:,0.0028507718749999993, Number of training points (boundary):,3498, Number of training points (interior):,24998, VRAM allocated:,93068288, VRAM reserved:,29100081152
Epoch:,287200,Training Loss:,589450.4820418273, Learning rate:,0.0028507718749999993, Number of training points (boundary):,3498, Number of training points (interior):,24998, VRAM allocated:,93068288, VRAM reserved:,29100081152
Epoch:,287300,Training Loss:,27427.060687619418, Learning rate:,0.0028507718749999993, Number of training points (boundary):,3498, Number of training points (interior):,24998, VRAM allocated:,93068288, VRAM reserved:,29100081152
Epoch:,287400,Training Loss:,3.2908620568464528e+25, Learning rate:,0.0028507718749999993, Number of training points (boundary):,3498, Number of training points (interior):,24998, VRAM allocated:,93068288, VRAM reserved:,29100081152
Epoch:,287500,Training Loss:,2457502725.9034953, Learning rate:,0.0028507718749999993, Number of training points (boundary):,3498, Number of training points (interior):,24998, VRAM allocated:,93068288, VRAM reserved:,29100081152
Epoch:,287600,Training Loss:,27977.50956740549, Learning rate:,0.0028507718749999993, Number of training points (boundary):,3498, Number of training points (interior):,24998, VRAM allocated:,93068288, VRAM reserved:,29100081152
Epoch:,287700,Training Loss:,16773.478427137732, Learning rate:,0.0028507718749999993, Number of training points (boundary):,3498, Number of training points (interior):,24998, VRAM allocated:,93068288, VRAM reserved:,29100081152
Epoch:,287800,Training Loss:,628701026529.241, Learning rate:,0.0028507718749999993, Number of training points (boundary):,3498, Number of training points (interior):,24998, VRAM allocated:,93068288, VRAM reserved:,29100081152
Epoch:,287900,Training Loss:,9154250.744223505, Learning rate:,0.0028507718749999993, Number of training points (boundary):,3498, Number of training points (interior):,24998, VRAM allocated:,93068288, VRAM reserved:,29100081152
Epoch:,288000,Training Loss:,17809.85829106345, Learning rate:,0.0028507718749999993, Number of training points (boundary):,3498, Number of training points (interior):,24998, VRAM allocated:,93068288, VRAM reserved:,29100081152
Epoch:,288100,Training Loss:,832644702.0158583, Learning rate:,0.0028507718749999993, Number of training points (boundary):,3498, Number of training points (interior):,24998, VRAM allocated:,93068288, VRAM reserved:,29100081152
Epoch:,288200,Training Loss:,132901.15079070022, Learning rate:,0.0028507718749999993, Number of training points (boundary):,3498, Number of training points (interior):,24998, VRAM allocated:,93068288, VRAM reserved:,29100081152
Epoch:,288300,Training Loss:,112817305637.83713, Learning rate:,0.0028507718749999993, Number of training points (boundary):,3498, Number of training points (interior):,24998, VRAM allocated:,93068288, VRAM reserved:,29100081152
Epoch:,288400,Training Loss:,19523902.229788974, Learning rate:,0.0028507718749999993, Number of training points (boundary):,3498, Number of training points (interior):,24998, VRAM allocated:,93068288, VRAM reserved:,29100081152
Epoch:,288500,Training Loss:,31474976.230825856, Learning rate:,0.0028507718749999993, Number of training points (boundary):,3498, Number of training points (interior):,24998, VRAM allocated:,93068288, VRAM reserved:,29100081152
Epoch:,288600,Training Loss:,2016.1975507971963, Learning rate:,0.0028507718749999993, Number of training points (boundary):,3498, Number of training points (interior):,24998, VRAM allocated:,93068288, VRAM reserved:,29100081152
Epoch:,288700,Training Loss:,8269411896133.079, Learning rate:,0.0028507718749999993, Number of training points (boundary):,3498, Number of training points (interior):,24998, VRAM allocated:,93068288, VRAM reserved:,29100081152
Epoch:,288800,Training Loss:,2024.2165266763404, Learning rate:,0.0028507718749999993, Number of training points (boundary):,3498, Number of training points (interior):,24998, VRAM allocated:,93068288, VRAM reserved:,29100081152
Epoch:,288900,Training Loss:,1536356.4241189247, Learning rate:,0.0028507718749999993, Number of training points (boundary):,3498, Number of training points (interior):,24998, VRAM allocated:,93068288, VRAM reserved:,29100081152
Epoch:,289000,Training Loss:,8.794572761196049e+17, Learning rate:,0.0028507718749999993, Number of training points (boundary):,3498, Number of training points (interior):,24998, VRAM allocated:,93068288, VRAM reserved:,29100081152
Epoch:,289100,Training Loss:,81751493.56914146, Learning rate:,0.0028507718749999993, Number of training points (boundary):,3498, Number of training points (interior):,24998, VRAM allocated:,93068288, VRAM reserved:,29100081152
Epoch:,289200,Training Loss:,1.2037640988515022e+16, Learning rate:,0.0028507718749999993, Number of training points (boundary):,3498, Number of training points (interior):,24998, VRAM allocated:,93068288, VRAM reserved:,29100081152
Epoch:,289300,Training Loss:,480370.4136222625, Learning rate:,0.0028507718749999993, Number of training points (boundary):,3498, Number of training points (interior):,24998, VRAM allocated:,93068288, VRAM reserved:,29100081152
Epoch:,289400,Training Loss:,1646.2152937000392, Learning rate:,0.0028507718749999993, Number of training points (boundary):,3498, Number of training points (interior):,24998, VRAM allocated:,93068288, VRAM reserved:,29100081152
Epoch:,289500,Training Loss:,1963302326.9787738, Learning rate:,0.0028507718749999993, Number of training points (boundary):,3498, Number of training points (interior):,24998, VRAM allocated:,93068288, VRAM reserved:,29100081152
Epoch:,289600,Training Loss:,138.9426519869823, Learning rate:,0.0028507718749999993, Number of training points (boundary):,3498, Number of training points (interior):,24998, VRAM allocated:,93068288, VRAM reserved:,29100081152
Epoch:,289700,Training Loss:,359.14938308918437, Learning rate:,0.0028507718749999993, Number of training points (boundary):,3498, Number of training points (interior):,24998, VRAM allocated:,93068288, VRAM reserved:,29100081152
Epoch:,289800,Training Loss:,552155098753602.3, Learning rate:,0.0028507718749999993, Number of training points (boundary):,3498, Number of training points (interior):,24998, VRAM allocated:,93068288, VRAM reserved:,29100081152
Epoch:,289900,Training Loss:,217.50942693940263, Learning rate:,0.0028507718749999993, Number of training points (boundary):,3498, Number of training points (interior):,24998, VRAM allocated:,93068288, VRAM reserved:,29100081152
Epoch:,290000,Training Loss:,2227191463.2165155, Learning rate:,0.0028507718749999993, Number of training points (boundary):,3498, Number of training points (interior):,24998, VRAM allocated:,93068288, VRAM reserved:,29100081152
Epoch:,290100,Training Loss:,1.2938617332320194e+24, Learning rate:,0.0028507718749999993, Number of training points (boundary):,3498, Number of training points (interior):,24998, VRAM allocated:,93068288, VRAM reserved:,29100081152
Epoch:,290200,Training Loss:,1419.8702254312093, Learning rate:,0.0028507718749999993, Number of training points (boundary):,3498, Number of training points (interior):,24998, VRAM allocated:,93068288, VRAM reserved:,29100081152
Epoch:,290300,Training Loss:,468101512.42257196, Learning rate:,0.0028507718749999993, Number of training points (boundary):,3498, Number of training points (interior):,24998, VRAM allocated:,93068288, VRAM reserved:,29100081152
Epoch:,290400,Training Loss:,1126.4502495632573, Learning rate:,0.0028507718749999993, Number of training points (boundary):,3498, Number of training points (interior):,24998, VRAM allocated:,93068288, VRAM reserved:,29100081152
Epoch:,290500,Training Loss:,87050.8977083331, Learning rate:,0.0028507718749999993, Number of training points (boundary):,3498, Number of training points (interior):,24998, VRAM allocated:,93068288, VRAM reserved:,29100081152
Epoch:,290600,Training Loss:,185451853.11775127, Learning rate:,0.0028507718749999993, Number of training points (boundary):,3498, Number of training points (interior):,24998, VRAM allocated:,93068288, VRAM reserved:,29100081152
Epoch:,290700,Training Loss:,125.39877362332916, Learning rate:,0.0028507718749999993, Number of training points (boundary):,3498, Number of training points (interior):,24998, VRAM allocated:,93068288, VRAM reserved:,29100081152
Epoch:,290800,Training Loss:,4346120.066588439, Learning rate:,0.0028507718749999993, Number of training points (boundary):,3498, Number of training points (interior):,24998, VRAM allocated:,93068288, VRAM reserved:,29100081152
Epoch:,290900,Training Loss:,116.30730314120862, Learning rate:,0.0028507718749999993, Number of training points (boundary):,3498, Number of training points (interior):,24998, VRAM allocated:,93068288, VRAM reserved:,29100081152
Epoch:,291000,Training Loss:,2175.778842581892, Learning rate:,0.0028507718749999993, Number of training points (boundary):,3498, Number of training points (interior):,24998, VRAM allocated:,93068288, VRAM reserved:,29100081152
Epoch:,291100,Training Loss:,1625.5580374348078, Learning rate:,0.0028507718749999993, Number of training points (boundary):,3498, Number of training points (interior):,24998, VRAM allocated:,93068288, VRAM reserved:,29100081152
Epoch:,291200,Training Loss:,155977.96097372563, Learning rate:,0.0028507718749999993, Number of training points (boundary):,3498, Number of training points (interior):,24998, VRAM allocated:,93068288, VRAM reserved:,29100081152
Epoch:,291300,Training Loss:,1035.5650320873856, Learning rate:,0.0028507718749999993, Number of training points (boundary):,3498, Number of training points (interior):,24998, VRAM allocated:,93068288, VRAM reserved:,29100081152
Epoch:,291400,Training Loss:,123.67758363869311, Learning rate:,0.0028507718749999993, Number of training points (boundary):,3498, Number of training points (interior):,24998, VRAM allocated:,93068288, VRAM reserved:,29100081152
Epoch:,291500,Training Loss:,3415000239.47043, Learning rate:,0.0028507718749999993, Number of training points (boundary):,3498, Number of training points (interior):,24998, VRAM allocated:,93068288, VRAM reserved:,29100081152
Epoch:,291600,Training Loss:,1830530538737314.8, Learning rate:,0.0028507718749999993, Number of training points (boundary):,3498, Number of training points (interior):,24998, VRAM allocated:,93068288, VRAM reserved:,29100081152
Epoch:,291700,Training Loss:,77502.52220456165, Learning rate:,0.0028507718749999993, Number of training points (boundary):,3498, Number of training points (interior):,24998, VRAM allocated:,93068288, VRAM reserved:,29100081152
Epoch:,291800,Training Loss:,12994244825.496073, Learning rate:,0.0028507718749999993, Number of training points (boundary):,3498, Number of training points (interior):,24998, VRAM allocated:,93068288, VRAM reserved:,29100081152
Epoch:,291900,Training Loss:,108922870.7600837, Learning rate:,0.0028507718749999993, Number of training points (boundary):,3498, Number of training points (interior):,24998, VRAM allocated:,93068288, VRAM reserved:,29100081152
Epoch:,292000,Training Loss:,9775389.0185603, Learning rate:,0.0028507718749999993, Number of training points (boundary):,3498, Number of training points (interior):,24998, VRAM allocated:,93068288, VRAM reserved:,29100081152
Epoch:,292100,Training Loss:,10499826701.425983, Learning rate:,0.0028507718749999993, Number of training points (boundary):,3498, Number of training points (interior):,24998, VRAM allocated:,93068288, VRAM reserved:,29100081152
Epoch:,292200,Training Loss:,162241539313869.4, Learning rate:,0.0028507718749999993, Number of training points (boundary):,3498, Number of training points (interior):,24998, VRAM allocated:,93068288, VRAM reserved:,29100081152
Epoch:,292300,Training Loss:,277242027.90411, Learning rate:,0.0028507718749999993, Number of training points (boundary):,3498, Number of training points (interior):,24998, VRAM allocated:,93068288, VRAM reserved:,29100081152
Epoch:,292400,Training Loss:,6310487.706227113, Learning rate:,0.0028507718749999993, Number of training points (boundary):,3498, Number of training points (interior):,24998, VRAM allocated:,93068288, VRAM reserved:,29100081152
Epoch:,292500,Training Loss:,1.1048226073727382e+22, Learning rate:,0.0028507718749999993, Number of training points (boundary):,3498, Number of training points (interior):,24998, VRAM allocated:,93068288, VRAM reserved:,29100081152
Epoch:,292600,Training Loss:,4393.4770681688715, Learning rate:,0.0028507718749999993, Number of training points (boundary):,3498, Number of training points (interior):,24998, VRAM allocated:,93068288, VRAM reserved:,29100081152
Epoch:,292700,Training Loss:,1228.7675112730099, Learning rate:,0.0028507718749999993, Number of training points (boundary):,3498, Number of training points (interior):,24998, VRAM allocated:,93068288, VRAM reserved:,29100081152
Epoch:,292800,Training Loss:,193649292.7693004, Learning rate:,0.0028507718749999993, Number of training points (boundary):,3498, Number of training points (interior):,24998, VRAM allocated:,93068288, VRAM reserved:,29100081152
Epoch:,292900,Training Loss:,347547274.71020997, Learning rate:,0.0028507718749999993, Number of training points (boundary):,3498, Number of training points (interior):,24998, VRAM allocated:,93068288, VRAM reserved:,29100081152
Epoch:,293000,Training Loss:,5.097188474660258e+16, Learning rate:,0.0028507718749999993, Number of training points (boundary):,3498, Number of training points (interior):,24998, VRAM allocated:,93068288, VRAM reserved:,29100081152
Epoch:,293100,Training Loss:,114057478.5342392, Learning rate:,0.0028507718749999993, Number of training points (boundary):,3498, Number of training points (interior):,24998, VRAM allocated:,93068288, VRAM reserved:,29100081152
Epoch:,293200,Training Loss:,5.612552487342805e+30, Learning rate:,0.0028507718749999993, Number of training points (boundary):,3498, Number of training points (interior):,24998, VRAM allocated:,93068288, VRAM reserved:,29100081152
Epoch:,293300,Training Loss:,172149164.46926823, Learning rate:,0.0028507718749999993, Number of training points (boundary):,3498, Number of training points (interior):,24998, VRAM allocated:,93068288, VRAM reserved:,29100081152
Epoch:,293400,Training Loss:,44050229.077894635, Learning rate:,0.0028507718749999993, Number of training points (boundary):,3498, Number of training points (interior):,24998, VRAM allocated:,93068288, VRAM reserved:,29100081152
Epoch:,293500,Training Loss:,314950423605.00714, Learning rate:,0.0028507718749999993, Number of training points (boundary):,3498, Number of training points (interior):,24998, VRAM allocated:,93068288, VRAM reserved:,29100081152
Epoch:,293600,Training Loss:,7007565641882821.0, Learning rate:,0.0028507718749999993, Number of training points (boundary):,3498, Number of training points (interior):,24998, VRAM allocated:,93068288, VRAM reserved:,29100081152
Epoch:,293700,Training Loss:,3380966261732.1484, Learning rate:,0.0028507718749999993, Number of training points (boundary):,3498, Number of training points (interior):,24998, VRAM allocated:,93068288, VRAM reserved:,29100081152
Epoch:,293800,Training Loss:,13297780307.742294, Learning rate:,0.0028507718749999993, Number of training points (boundary):,3498, Number of training points (interior):,24998, VRAM allocated:,93068288, VRAM reserved:,29100081152
Epoch:,293900,Training Loss:,3824435949.3280306, Learning rate:,0.0028507718749999993, Number of training points (boundary):,3498, Number of training points (interior):,24998, VRAM allocated:,93068288, VRAM reserved:,29100081152
Epoch:,294000,Training Loss:,9019704.54580199, Learning rate:,0.0028507718749999993, Number of training points (boundary):,3498, Number of training points (interior):,24998, VRAM allocated:,93068288, VRAM reserved:,29100081152
Epoch:,294100,Training Loss:,27093322899.73156, Learning rate:,0.0028507718749999993, Number of training points (boundary):,3498, Number of training points (interior):,24998, VRAM allocated:,93068288, VRAM reserved:,29100081152
Epoch:,294200,Training Loss:,945517706.8923886, Learning rate:,0.0028507718749999993, Number of training points (boundary):,3498, Number of training points (interior):,24998, VRAM allocated:,93068288, VRAM reserved:,29100081152
Epoch:,294300,Training Loss:,7105109874.764691, Learning rate:,0.0028507718749999993, Number of training points (boundary):,3498, Number of training points (interior):,24998, VRAM allocated:,93068288, VRAM reserved:,29100081152
Epoch:,294400,Training Loss:,116362202.09692425, Learning rate:,0.0028507718749999993, Number of training points (boundary):,3498, Number of training points (interior):,24998, VRAM allocated:,93068288, VRAM reserved:,29100081152
Epoch:,294500,Training Loss:,641473537.5800239, Learning rate:,0.0028507718749999993, Number of training points (boundary):,3498, Number of training points (interior):,24998, VRAM allocated:,93068288, VRAM reserved:,29100081152
Epoch:,294600,Training Loss:,19135129553666.156, Learning rate:,0.0028507718749999993, Number of training points (boundary):,3498, Number of training points (interior):,24998, VRAM allocated:,93068288, VRAM reserved:,29100081152
Epoch:,294700,Training Loss:,7049281392255380.0, Learning rate:,0.0028507718749999993, Number of training points (boundary):,3498, Number of training points (interior):,24998, VRAM allocated:,93068288, VRAM reserved:,29100081152
Epoch:,294800,Training Loss:,1148488105.9369233, Learning rate:,0.0028507718749999993, Number of training points (boundary):,3498, Number of training points (interior):,24998, VRAM allocated:,93068288, VRAM reserved:,29100081152
Epoch:,294900,Training Loss:,613873703990.9628, Learning rate:,0.0028507718749999993, Number of training points (boundary):,3498, Number of training points (interior):,24998, VRAM allocated:,93068288, VRAM reserved:,29100081152
Epoch:,295000,Training Loss:,3052093191.469956, Learning rate:,0.0028507718749999993, Number of training points (boundary):,3498, Number of training points (interior):,24998, VRAM allocated:,93068288, VRAM reserved:,29100081152
Epoch:,295100,Training Loss:,36360429.045712814, Learning rate:,0.0028507718749999993, Number of training points (boundary):,3498, Number of training points (interior):,24998, VRAM allocated:,93068288, VRAM reserved:,29100081152
Epoch:,295200,Training Loss:,57192184102.124115, Learning rate:,0.0028507718749999993, Number of training points (boundary):,3498, Number of training points (interior):,24998, VRAM allocated:,93068288, VRAM reserved:,29100081152
Epoch:,295300,Training Loss:,16222657527413.023, Learning rate:,0.0028507718749999993, Number of training points (boundary):,3498, Number of training points (interior):,24998, VRAM allocated:,93068288, VRAM reserved:,29100081152
Epoch:,295400,Training Loss:,228603.2333040502, Learning rate:,0.0028507718749999993, Number of training points (boundary):,3498, Number of training points (interior):,24998, VRAM allocated:,93068288, VRAM reserved:,29100081152
Epoch:,295500,Training Loss:,1304862.2104386701, Learning rate:,0.0028507718749999993, Number of training points (boundary):,3498, Number of training points (interior):,24998, VRAM allocated:,93068288, VRAM reserved:,29100081152
Epoch:,295600,Training Loss:,518495406.349987, Learning rate:,0.0028507718749999993, Number of training points (boundary):,3498, Number of training points (interior):,24998, VRAM allocated:,93068288, VRAM reserved:,29100081152
Epoch:,295700,Training Loss:,580649.8931728259, Learning rate:,0.0028507718749999993, Number of training points (boundary):,3498, Number of training points (interior):,24998, VRAM allocated:,93068288, VRAM reserved:,29100081152
Epoch:,295800,Training Loss:,796095107831.9011, Learning rate:,0.0028507718749999993, Number of training points (boundary):,3498, Number of training points (interior):,24998, VRAM allocated:,93068288, VRAM reserved:,29100081152
Epoch:,295900,Training Loss:,4733437027.974987, Learning rate:,0.0028507718749999993, Number of training points (boundary):,3498, Number of training points (interior):,24998, VRAM allocated:,93068288, VRAM reserved:,29100081152
Epoch:,296000,Training Loss:,1.0584360365717183e+18, Learning rate:,0.0028507718749999993, Number of training points (boundary):,3498, Number of training points (interior):,24998, VRAM allocated:,93068288, VRAM reserved:,29100081152
Epoch:,296100,Training Loss:,6.018642553583192e+16, Learning rate:,0.0028507718749999993, Number of training points (boundary):,3498, Number of training points (interior):,24998, VRAM allocated:,93068288, VRAM reserved:,29100081152
Epoch:,296200,Training Loss:,714728278.0217224, Learning rate:,0.0028507718749999993, Number of training points (boundary):,3498, Number of training points (interior):,24998, VRAM allocated:,93068288, VRAM reserved:,29100081152
Epoch:,296300,Training Loss:,22744024011.996284, Learning rate:,0.0028507718749999993, Number of training points (boundary):,3498, Number of training points (interior):,24998, VRAM allocated:,93068288, VRAM reserved:,29100081152
Epoch:,296400,Training Loss:,112266601614968.53, Learning rate:,0.0028507718749999993, Number of training points (boundary):,3498, Number of training points (interior):,24998, VRAM allocated:,93068288, VRAM reserved:,29100081152
Epoch:,296500,Training Loss:,13306.314184820223, Learning rate:,0.0028507718749999993, Number of training points (boundary):,3498, Number of training points (interior):,24998, VRAM allocated:,93068288, VRAM reserved:,29100081152
Epoch:,296600,Training Loss:,723353222.8311561, Learning rate:,0.0028507718749999993, Number of training points (boundary):,3498, Number of training points (interior):,24998, VRAM allocated:,93068288, VRAM reserved:,29100081152
Epoch:,296700,Training Loss:,1595089340618749.2, Learning rate:,0.0028507718749999993, Number of training points (boundary):,3498, Number of training points (interior):,24998, VRAM allocated:,93068288, VRAM reserved:,29100081152
Epoch:,296800,Training Loss:,15234281.66162975, Learning rate:,0.0028507718749999993, Number of training points (boundary):,3498, Number of training points (interior):,24998, VRAM allocated:,93068288, VRAM reserved:,29100081152
Epoch:,296900,Training Loss:,3078997721224.769, Learning rate:,0.0028507718749999993, Number of training points (boundary):,3498, Number of training points (interior):,24998, VRAM allocated:,93068288, VRAM reserved:,29100081152
Epoch:,297000,Training Loss:,36653368.69978369, Learning rate:,0.0028507718749999993, Number of training points (boundary):,3498, Number of training points (interior):,24998, VRAM allocated:,93068288, VRAM reserved:,29100081152
Epoch:,297100,Training Loss:,1340100966584233.5, Learning rate:,0.0028507718749999993, Number of training points (boundary):,3498, Number of training points (interior):,24998, VRAM allocated:,93068288, VRAM reserved:,29100081152
Epoch:,297200,Training Loss:,602925332.4870932, Learning rate:,0.0028507718749999993, Number of training points (boundary):,3498, Number of training points (interior):,24998, VRAM allocated:,93068288, VRAM reserved:,29100081152
Epoch:,297300,Training Loss:,13714016882.015476, Learning rate:,0.0028507718749999993, Number of training points (boundary):,3498, Number of training points (interior):,24998, VRAM allocated:,93068288, VRAM reserved:,29100081152
Epoch:,297400,Training Loss:,13775307.812428234, Learning rate:,0.0028507718749999993, Number of training points (boundary):,3498, Number of training points (interior):,24998, VRAM allocated:,93068288, VRAM reserved:,29100081152
Epoch:,297500,Training Loss:,1.1249756790114883e+22, Learning rate:,0.0028507718749999993, Number of training points (boundary):,3498, Number of training points (interior):,24998, VRAM allocated:,93068288, VRAM reserved:,29100081152
Epoch:,297600,Training Loss:,8.415199394378521e+19, Learning rate:,0.0028507718749999993, Number of training points (boundary):,3498, Number of training points (interior):,24998, VRAM allocated:,93068288, VRAM reserved:,29100081152
Epoch:,297700,Training Loss:,11609917787.134302, Learning rate:,0.0028507718749999993, Number of training points (boundary):,3498, Number of training points (interior):,24998, VRAM allocated:,93068288, VRAM reserved:,29100081152
Epoch:,297800,Training Loss:,2.23257963645416e+31, Learning rate:,0.0028507718749999993, Number of training points (boundary):,3498, Number of training points (interior):,24998, VRAM allocated:,93068288, VRAM reserved:,29100081152
Epoch:,297900,Training Loss:,1.3841151631673863e+20, Learning rate:,0.0028507718749999993, Number of training points (boundary):,3498, Number of training points (interior):,24998, VRAM allocated:,93068288, VRAM reserved:,29100081152
Epoch:,298000,Training Loss:,248942125981.75208, Learning rate:,0.0028507718749999993, Number of training points (boundary):,3498, Number of training points (interior):,24998, VRAM allocated:,93068288, VRAM reserved:,29100081152
Epoch:,298100,Training Loss:,269432138.0473328, Learning rate:,0.0028507718749999993, Number of training points (boundary):,3498, Number of training points (interior):,24998, VRAM allocated:,93068288, VRAM reserved:,29100081152
Epoch:,298200,Training Loss:,3077641.566200391, Learning rate:,0.0028507718749999993, Number of training points (boundary):,3498, Number of training points (interior):,24998, VRAM allocated:,93068288, VRAM reserved:,29100081152
Epoch:,298300,Training Loss:,14776374700.666594, Learning rate:,0.0028507718749999993, Number of training points (boundary):,3498, Number of training points (interior):,24998, VRAM allocated:,93068288, VRAM reserved:,29100081152
Epoch:,298400,Training Loss:,630677710.9993463, Learning rate:,0.0028507718749999993, Number of training points (boundary):,3498, Number of training points (interior):,24998, VRAM allocated:,93068288, VRAM reserved:,29100081152
Epoch:,298500,Training Loss:,16373203095.542322, Learning rate:,0.0028507718749999993, Number of training points (boundary):,3498, Number of training points (interior):,24998, VRAM allocated:,93068288, VRAM reserved:,29100081152
Epoch:,298600,Training Loss:,52304918463.18481, Learning rate:,0.0028507718749999993, Number of training points (boundary):,3498, Number of training points (interior):,24998, VRAM allocated:,93068288, VRAM reserved:,29100081152
Epoch:,298700,Training Loss:,63695392.00888075, Learning rate:,0.0028507718749999993, Number of training points (boundary):,3498, Number of training points (interior):,24998, VRAM allocated:,93068288, VRAM reserved:,29100081152
Epoch:,298800,Training Loss:,9205249259.701626, Learning rate:,0.0028507718749999993, Number of training points (boundary):,3498, Number of training points (interior):,24998, VRAM allocated:,93068288, VRAM reserved:,29100081152
Epoch:,298900,Training Loss:,931419.1401619177, Learning rate:,0.0028507718749999993, Number of training points (boundary):,3498, Number of training points (interior):,24998, VRAM allocated:,93068288, VRAM reserved:,29100081152
Epoch:,299000,Training Loss:,1193405.5551974375, Learning rate:,0.0028507718749999993, Number of training points (boundary):,3498, Number of training points (interior):,24998, VRAM allocated:,93068288, VRAM reserved:,29100081152
Epoch:,299100,Training Loss:,57296094690.17307, Learning rate:,0.0028507718749999993, Number of training points (boundary):,3498, Number of training points (interior):,24998, VRAM allocated:,93068288, VRAM reserved:,29100081152
Epoch:,299200,Training Loss:,317385841.68394876, Learning rate:,0.0028507718749999993, Number of training points (boundary):,3498, Number of training points (interior):,24998, VRAM allocated:,93068288, VRAM reserved:,29100081152
Epoch:,299300,Training Loss:,111154293654.7395, Learning rate:,0.0028507718749999993, Number of training points (boundary):,3498, Number of training points (interior):,24998, VRAM allocated:,93068288, VRAM reserved:,29100081152
Epoch:,299400,Training Loss:,1372383.1606477075, Learning rate:,0.0028507718749999993, Number of training points (boundary):,3498, Number of training points (interior):,24998, VRAM allocated:,93068288, VRAM reserved:,29100081152
Epoch:,299500,Training Loss:,1990445445647.0022, Learning rate:,0.0028507718749999993, Number of training points (boundary):,3498, Number of training points (interior):,24998, VRAM allocated:,93068288, VRAM reserved:,29100081152
Epoch:,299600,Training Loss:,3965086872293.924, Learning rate:,0.0028507718749999993, Number of training points (boundary):,3498, Number of training points (interior):,24998, VRAM allocated:,93068288, VRAM reserved:,29100081152
Epoch:,299700,Training Loss:,72975123699.35211, Learning rate:,0.0028507718749999993, Number of training points (boundary):,3498, Number of training points (interior):,24998, VRAM allocated:,93068288, VRAM reserved:,29100081152
Epoch:,299800,Training Loss:,44245089.97700794, Learning rate:,0.0028507718749999993, Number of training points (boundary):,3498, Number of training points (interior):,24998, VRAM allocated:,93068288, VRAM reserved:,29100081152
Epoch:,299900,Training Loss:,1.0995698842302495e+18, Learning rate:,0.0028507718749999993, Number of training points (boundary):,3498, Number of training points (interior):,24998, VRAM allocated:,93068288, VRAM reserved:,29100081152
Epoch:,300000,Training Loss:,140445242.03183404, Learning rate:,0.0028507718749999993, Number of training points (boundary):,3498, Number of training points (interior):,24998, VRAM allocated:,93068288, VRAM reserved:,29100081152
Epoch:,300100,Training Loss:,5767057983.544309, Learning rate:,0.0028507718749999993, Number of training points (boundary):,3498, Number of training points (interior):,24998, VRAM allocated:,93068288, VRAM reserved:,29100081152
Epoch:,300200,Training Loss:,1196412648636097.5, Learning rate:,0.0028507718749999993, Number of training points (boundary):,3498, Number of training points (interior):,24998, VRAM allocated:,93068288, VRAM reserved:,29100081152
Epoch:,300300,Training Loss:,77380302149.56882, Learning rate:,0.0028507718749999993, Number of training points (boundary):,3498, Number of training points (interior):,24998, VRAM allocated:,93068288, VRAM reserved:,29100081152
Epoch:,300400,Training Loss:,6644436831638646.0, Learning rate:,0.0028507718749999993, Number of training points (boundary):,3498, Number of training points (interior):,24998, VRAM allocated:,93068288, VRAM reserved:,29100081152
Epoch:,300500,Training Loss:,58335544326.07202, Learning rate:,0.0028507718749999993, Number of training points (boundary):,3498, Number of training points (interior):,24998, VRAM allocated:,93068288, VRAM reserved:,29100081152
Epoch:,300600,Training Loss:,51176017.915655814, Learning rate:,0.0028507718749999993, Number of training points (boundary):,3498, Number of training points (interior):,24998, VRAM allocated:,93068288, VRAM reserved:,29100081152
Epoch:,300700,Training Loss:,2.5523128514289408e+17, Learning rate:,0.0028507718749999993, Number of training points (boundary):,3498, Number of training points (interior):,24998, VRAM allocated:,93068288, VRAM reserved:,29100081152
Epoch:,300800,Training Loss:,148822620932.00528, Learning rate:,0.0028507718749999993, Number of training points (boundary):,3498, Number of training points (interior):,24998, VRAM allocated:,93068288, VRAM reserved:,29100081152
Epoch:,300900,Training Loss:,203787813792846.75, Learning rate:,0.0028507718749999993, Number of training points (boundary):,3498, Number of training points (interior):,24998, VRAM allocated:,93068288, VRAM reserved:,29100081152
Epoch:,301000,Training Loss:,2855056882.489752, Learning rate:,0.0028507718749999993, Number of training points (boundary):,3498, Number of training points (interior):,24998, VRAM allocated:,93068288, VRAM reserved:,29100081152
Epoch:,301100,Training Loss:,41294042634.5948, Learning rate:,0.0028507718749999993, Number of training points (boundary):,3498, Number of training points (interior):,24998, VRAM allocated:,93068288, VRAM reserved:,29100081152
Epoch:,301200,Training Loss:,221253481628025.53, Learning rate:,0.0028507718749999993, Number of training points (boundary):,3498, Number of training points (interior):,24998, VRAM allocated:,93068288, VRAM reserved:,29100081152
Epoch:,301300,Training Loss:,1185346883.1007762, Learning rate:,0.0028507718749999993, Number of training points (boundary):,3498, Number of training points (interior):,24998, VRAM allocated:,93068288, VRAM reserved:,29100081152
Epoch:,301400,Training Loss:,1273270.6994445906, Learning rate:,0.0028507718749999993, Number of training points (boundary):,3498, Number of training points (interior):,24998, VRAM allocated:,93068288, VRAM reserved:,29100081152
Epoch:,301500,Training Loss:,258092.25232381068, Learning rate:,0.0028507718749999993, Number of training points (boundary):,3498, Number of training points (interior):,24998, VRAM allocated:,93068288, VRAM reserved:,29100081152
Epoch:,301600,Training Loss:,56680659034589.22, Learning rate:,0.0028507718749999993, Number of training points (boundary):,3498, Number of training points (interior):,24998, VRAM allocated:,93068288, VRAM reserved:,29100081152
Epoch:,301700,Training Loss:,28655943.377045143, Learning rate:,0.0028507718749999993, Number of training points (boundary):,3498, Number of training points (interior):,24998, VRAM allocated:,93068288, VRAM reserved:,29100081152
Epoch:,301800,Training Loss:,4360593891636310.0, Learning rate:,0.0028507718749999993, Number of training points (boundary):,3498, Number of training points (interior):,24998, VRAM allocated:,93068288, VRAM reserved:,29100081152
Epoch:,301900,Training Loss:,477829216230.4095, Learning rate:,0.0028507718749999993, Number of training points (boundary):,3498, Number of training points (interior):,24998, VRAM allocated:,93068288, VRAM reserved:,29100081152
Epoch:,302000,Training Loss:,69445064487.79077, Learning rate:,0.0028507718749999993, Number of training points (boundary):,3498, Number of training points (interior):,24998, VRAM allocated:,93068288, VRAM reserved:,29100081152
Epoch:,302100,Training Loss:,1582694589.9060488, Learning rate:,0.0028507718749999993, Number of training points (boundary):,3498, Number of training points (interior):,24998, VRAM allocated:,93068288, VRAM reserved:,29100081152
Epoch:,302200,Training Loss:,178202.94293663636, Learning rate:,0.0028507718749999993, Number of training points (boundary):,3498, Number of training points (interior):,24998, VRAM allocated:,93068288, VRAM reserved:,29100081152
Epoch:,302300,Training Loss:,1.0437364855438598e+31, Learning rate:,0.0028507718749999993, Number of training points (boundary):,3498, Number of training points (interior):,24998, VRAM allocated:,93068288, VRAM reserved:,29100081152
Epoch:,302400,Training Loss:,10891134575.392742, Learning rate:,0.0028507718749999993, Number of training points (boundary):,3498, Number of training points (interior):,24998, VRAM allocated:,93068288, VRAM reserved:,29100081152
Epoch:,302500,Training Loss:,1296.9724218287895, Learning rate:,0.0028507718749999993, Number of training points (boundary):,3498, Number of training points (interior):,24998, VRAM allocated:,93068288, VRAM reserved:,29100081152
Epoch:,302600,Training Loss:,1288083070.924362, Learning rate:,0.0028507718749999993, Number of training points (boundary):,3498, Number of training points (interior):,24998, VRAM allocated:,93068288, VRAM reserved:,29100081152
Epoch:,302700,Training Loss:,20711623923.960545, Learning rate:,0.0028507718749999993, Number of training points (boundary):,3498, Number of training points (interior):,24998, VRAM allocated:,93068288, VRAM reserved:,29100081152
Epoch:,302800,Training Loss:,1164.941899731402, Learning rate:,0.0028507718749999993, Number of training points (boundary):,3498, Number of training points (interior):,24998, VRAM allocated:,93068288, VRAM reserved:,29100081152
Epoch:,302900,Training Loss:,5.644977335021616e+17, Learning rate:,0.0028507718749999993, Number of training points (boundary):,3498, Number of training points (interior):,24998, VRAM allocated:,93068288, VRAM reserved:,29100081152
Epoch:,303000,Training Loss:,1175836022.0980089, Learning rate:,0.0028507718749999993, Number of training points (boundary):,3498, Number of training points (interior):,24998, VRAM allocated:,93068288, VRAM reserved:,29100081152
Epoch:,303100,Training Loss:,7233072.180177674, Learning rate:,0.0028507718749999993, Number of training points (boundary):,3498, Number of training points (interior):,24998, VRAM allocated:,93068288, VRAM reserved:,29100081152
Epoch:,303200,Training Loss:,1.9337918561767284e+16, Learning rate:,0.0028507718749999993, Number of training points (boundary):,3498, Number of training points (interior):,24998, VRAM allocated:,93068288, VRAM reserved:,29100081152
Epoch:,303300,Training Loss:,2101258302.7222133, Learning rate:,0.0028507718749999993, Number of training points (boundary):,3498, Number of training points (interior):,24998, VRAM allocated:,93068288, VRAM reserved:,29100081152
Epoch:,303400,Training Loss:,825160.7448549047, Learning rate:,0.0028507718749999993, Number of training points (boundary):,3498, Number of training points (interior):,24998, VRAM allocated:,93068288, VRAM reserved:,29100081152
Epoch:,303500,Training Loss:,915586247592796.0, Learning rate:,0.0028507718749999993, Number of training points (boundary):,3498, Number of training points (interior):,24998, VRAM allocated:,93068288, VRAM reserved:,29100081152
Epoch:,303600,Training Loss:,66279455753358.7, Learning rate:,0.0028507718749999993, Number of training points (boundary):,3498, Number of training points (interior):,24998, VRAM allocated:,93068288, VRAM reserved:,29100081152
Epoch:,303700,Training Loss:,7.609643560099691e+16, Learning rate:,0.0028507718749999993, Number of training points (boundary):,3498, Number of training points (interior):,24998, VRAM allocated:,93068288, VRAM reserved:,29100081152
Epoch:,303800,Training Loss:,4.880439536841585e+23, Learning rate:,0.0028507718749999993, Number of training points (boundary):,3498, Number of training points (interior):,24998, VRAM allocated:,93068288, VRAM reserved:,29100081152
Epoch:,303900,Training Loss:,193800458978392.12, Learning rate:,0.0028507718749999993, Number of training points (boundary):,3498, Number of training points (interior):,24998, VRAM allocated:,93068288, VRAM reserved:,29100081152
Epoch:,304000,Training Loss:,286777928604.40656, Learning rate:,0.0028507718749999993, Number of training points (boundary):,3498, Number of training points (interior):,24998, VRAM allocated:,93068288, VRAM reserved:,29100081152
Epoch:,304100,Training Loss:,747720617846821.1, Learning rate:,0.0028507718749999993, Number of training points (boundary):,3498, Number of training points (interior):,24998, VRAM allocated:,93068288, VRAM reserved:,29100081152
Epoch:,304200,Training Loss:,3378633.918681696, Learning rate:,0.0028507718749999993, Number of training points (boundary):,3498, Number of training points (interior):,24998, VRAM allocated:,93068288, VRAM reserved:,29100081152
Epoch:,304300,Training Loss:,65797.87139959744, Learning rate:,0.0028507718749999993, Number of training points (boundary):,3498, Number of training points (interior):,24998, VRAM allocated:,93068288, VRAM reserved:,29100081152
Epoch:,304400,Training Loss:,7992501.707391661, Learning rate:,0.0028507718749999993, Number of training points (boundary):,3498, Number of training points (interior):,24998, VRAM allocated:,93068288, VRAM reserved:,29100081152
Epoch:,304500,Training Loss:,30980626053600.29, Learning rate:,0.0028507718749999993, Number of training points (boundary):,3498, Number of training points (interior):,24998, VRAM allocated:,93068288, VRAM reserved:,29100081152
Epoch:,304600,Training Loss:,5.463533484145019e+20, Learning rate:,0.0028507718749999993, Number of training points (boundary):,3498, Number of training points (interior):,24998, VRAM allocated:,93068288, VRAM reserved:,29100081152
Epoch:,304700,Training Loss:,22228407407475.45, Learning rate:,0.0028507718749999993, Number of training points (boundary):,3498, Number of training points (interior):,24998, VRAM allocated:,93068288, VRAM reserved:,29100081152
Epoch:,304800,Training Loss:,6971.0687872258, Learning rate:,0.0028507718749999993, Number of training points (boundary):,3498, Number of training points (interior):,24998, VRAM allocated:,93068288, VRAM reserved:,29100081152
Epoch:,304900,Training Loss:,594924177435981.8, Learning rate:,0.0028507718749999993, Number of training points (boundary):,3498, Number of training points (interior):,24998, VRAM allocated:,93068288, VRAM reserved:,29100081152
Epoch:,305000,Training Loss:,20617161040.054054, Learning rate:,0.0028507718749999993, Number of training points (boundary):,3498, Number of training points (interior):,24998, VRAM allocated:,93068288, VRAM reserved:,29100081152
Epoch:,305100,Training Loss:,116172554196.16795, Learning rate:,0.0028507718749999993, Number of training points (boundary):,3498, Number of training points (interior):,24998, VRAM allocated:,93068288, VRAM reserved:,29100081152
Epoch:,305200,Training Loss:,771428.5441414575, Learning rate:,0.0028507718749999993, Number of training points (boundary):,3498, Number of training points (interior):,24998, VRAM allocated:,93068288, VRAM reserved:,29100081152
Epoch:,305300,Training Loss:,23644.53155294585, Learning rate:,0.0028507718749999993, Number of training points (boundary):,3498, Number of training points (interior):,24998, VRAM allocated:,93068288, VRAM reserved:,29100081152
Epoch:,305400,Training Loss:,5531802.256622886, Learning rate:,0.0028507718749999993, Number of training points (boundary):,3498, Number of training points (interior):,24998, VRAM allocated:,93068288, VRAM reserved:,29100081152
Epoch:,305500,Training Loss:,70349954.83365557, Learning rate:,0.0028507718749999993, Number of training points (boundary):,3498, Number of training points (interior):,24998, VRAM allocated:,93068288, VRAM reserved:,29100081152
Epoch:,305600,Training Loss:,14925.562073801, Learning rate:,0.0028507718749999993, Number of training points (boundary):,3498, Number of training points (interior):,24998, VRAM allocated:,93068288, VRAM reserved:,29100081152
Epoch:,305700,Training Loss:,1.0286971244867378e+16, Learning rate:,0.0028507718749999993, Number of training points (boundary):,3498, Number of training points (interior):,24998, VRAM allocated:,93068288, VRAM reserved:,29100081152
Epoch:,305800,Training Loss:,1468014.42438008, Learning rate:,0.0028507718749999993, Number of training points (boundary):,3498, Number of training points (interior):,24998, VRAM allocated:,93068288, VRAM reserved:,29100081152
Epoch:,305900,Training Loss:,28354.970073202676, Learning rate:,0.0028507718749999993, Number of training points (boundary):,3498, Number of training points (interior):,24998, VRAM allocated:,93068288, VRAM reserved:,29100081152
Epoch:,306000,Training Loss:,11884.07974873539, Learning rate:,0.0028507718749999993, Number of training points (boundary):,3498, Number of training points (interior):,24998, VRAM allocated:,93068288, VRAM reserved:,29100081152
Epoch:,306100,Training Loss:,3839.6026812396312, Learning rate:,0.0028507718749999993, Number of training points (boundary):,3498, Number of training points (interior):,24998, VRAM allocated:,93068288, VRAM reserved:,29100081152
Epoch:,306200,Training Loss:,534.0702184819831, Learning rate:,0.0028507718749999993, Number of training points (boundary):,3498, Number of training points (interior):,24998, VRAM allocated:,93068288, VRAM reserved:,29100081152
Epoch:,306300,Training Loss:,7580.304889549386, Learning rate:,0.0028507718749999993, Number of training points (boundary):,3498, Number of training points (interior):,24998, VRAM allocated:,93068288, VRAM reserved:,29100081152
Epoch:,306400,Training Loss:,8.447130571347411e+17, Learning rate:,0.0028507718749999993, Number of training points (boundary):,3498, Number of training points (interior):,24998, VRAM allocated:,93068288, VRAM reserved:,29100081152
Epoch:,306500,Training Loss:,527.3674818889679, Learning rate:,0.0028507718749999993, Number of training points (boundary):,3498, Number of training points (interior):,24998, VRAM allocated:,93068288, VRAM reserved:,29100081152
Epoch:,306600,Training Loss:,525.2090153277254, Learning rate:,0.0028507718749999993, Number of training points (boundary):,3498, Number of training points (interior):,24998, VRAM allocated:,93068288, VRAM reserved:,29100081152
Epoch:,306700,Training Loss:,523.9843089324495, Learning rate:,0.0028507718749999993, Number of training points (boundary):,3498, Number of training points (interior):,24998, VRAM allocated:,93068288, VRAM reserved:,29100081152
Epoch:,306800,Training Loss:,8034.464992289779, Learning rate:,0.0028507718749999993, Number of training points (boundary):,3498, Number of training points (interior):,24998, VRAM allocated:,93068288, VRAM reserved:,29100081152
Epoch:,306900,Training Loss:,2213077020738.059, Learning rate:,0.0028507718749999993, Number of training points (boundary):,3498, Number of training points (interior):,24998, VRAM allocated:,93068288, VRAM reserved:,29100081152
Epoch:,307000,Training Loss:,2706803.822087891, Learning rate:,0.0028507718749999993, Number of training points (boundary):,3498, Number of training points (interior):,24998, VRAM allocated:,93068288, VRAM reserved:,29100081152
Epoch:,307100,Training Loss:,47502458.19868382, Learning rate:,0.0028507718749999993, Number of training points (boundary):,3498, Number of training points (interior):,24998, VRAM allocated:,93068288, VRAM reserved:,29100081152
Epoch:,307200,Training Loss:,271864.05076564214, Learning rate:,0.0028507718749999993, Number of training points (boundary):,3498, Number of training points (interior):,24998, VRAM allocated:,93068288, VRAM reserved:,29100081152
Epoch:,307300,Training Loss:,19519.90733371452, Learning rate:,0.0028507718749999993, Number of training points (boundary):,3498, Number of training points (interior):,24998, VRAM allocated:,93068288, VRAM reserved:,29100081152
Epoch:,307400,Training Loss:,491103.3234097694, Learning rate:,0.0028507718749999993, Number of training points (boundary):,3498, Number of training points (interior):,24998, VRAM allocated:,93068288, VRAM reserved:,29100081152
Epoch:,307500,Training Loss:,757.1485257558695, Learning rate:,0.0028507718749999993, Number of training points (boundary):,3498, Number of training points (interior):,24998, VRAM allocated:,93068288, VRAM reserved:,29100081152
Epoch:,307600,Training Loss:,504.1966459125914, Learning rate:,0.0028507718749999993, Number of training points (boundary):,3498, Number of training points (interior):,24998, VRAM allocated:,93068288, VRAM reserved:,29100081152
Epoch:,307700,Training Loss:,503.39563715892655, Learning rate:,0.0028507718749999993, Number of training points (boundary):,3498, Number of training points (interior):,24998, VRAM allocated:,93068288, VRAM reserved:,29100081152
Epoch:,307800,Training Loss:,93929514476879.67, Learning rate:,0.0028507718749999993, Number of training points (boundary):,3498, Number of training points (interior):,24998, VRAM allocated:,93068288, VRAM reserved:,29100081152
Epoch:,307900,Training Loss:,353642.2318014497, Learning rate:,0.0028507718749999993, Number of training points (boundary):,3498, Number of training points (interior):,24998, VRAM allocated:,93068288, VRAM reserved:,29100081152
Epoch:,308000,Training Loss:,444148.3532594988, Learning rate:,0.0028507718749999993, Number of training points (boundary):,3498, Number of training points (interior):,24998, VRAM allocated:,93068288, VRAM reserved:,29100081152
Epoch:,308100,Training Loss:,16663915.09812235, Learning rate:,0.0028507718749999993, Number of training points (boundary):,3498, Number of training points (interior):,24998, VRAM allocated:,93068288, VRAM reserved:,29100081152
Epoch:,308200,Training Loss:,257189.0656282964, Learning rate:,0.0028507718749999993, Number of training points (boundary):,3498, Number of training points (interior):,24998, VRAM allocated:,93068288, VRAM reserved:,29100081152
Epoch:,308300,Training Loss:,3306.3894709273327, Learning rate:,0.0028507718749999993, Number of training points (boundary):,3498, Number of training points (interior):,24998, VRAM allocated:,93068288, VRAM reserved:,29100081152
Epoch:,308400,Training Loss:,259736.756630422, Learning rate:,0.0028507718749999993, Number of training points (boundary):,3498, Number of training points (interior):,24998, VRAM allocated:,93068288, VRAM reserved:,29100081152
Epoch:,308500,Training Loss:,194898.22310823898, Learning rate:,0.0028507718749999993, Number of training points (boundary):,3498, Number of training points (interior):,24998, VRAM allocated:,93068288, VRAM reserved:,29100081152
Epoch:,308600,Training Loss:,29106116590729.426, Learning rate:,0.0028507718749999993, Number of training points (boundary):,3498, Number of training points (interior):,24998, VRAM allocated:,93068288, VRAM reserved:,29100081152
Epoch:,308700,Training Loss:,15757060.798400257, Learning rate:,0.0028507718749999993, Number of training points (boundary):,3498, Number of training points (interior):,24998, VRAM allocated:,93068288, VRAM reserved:,29100081152
Epoch:,308800,Training Loss:,3375.2055376477592, Learning rate:,0.0028507718749999993, Number of training points (boundary):,3498, Number of training points (interior):,24998, VRAM allocated:,93068288, VRAM reserved:,29100081152
Epoch:,308900,Training Loss:,355849.46374920616, Learning rate:,0.0028507718749999993, Number of training points (boundary):,3498, Number of training points (interior):,24998, VRAM allocated:,93068288, VRAM reserved:,29100081152
Epoch:,309000,Training Loss:,7079.32983571431, Learning rate:,0.0028507718749999993, Number of training points (boundary):,3498, Number of training points (interior):,24998, VRAM allocated:,93068288, VRAM reserved:,29100081152
Epoch:,309100,Training Loss:,552.0695737845571, Learning rate:,0.0028507718749999993, Number of training points (boundary):,3498, Number of training points (interior):,24998, VRAM allocated:,93068288, VRAM reserved:,29100081152
Epoch:,309200,Training Loss:,13068.30139073192, Learning rate:,0.0028507718749999993, Number of training points (boundary):,3498, Number of training points (interior):,24998, VRAM allocated:,93068288, VRAM reserved:,29100081152
Epoch:,309300,Training Loss:,2588944.4102065293, Learning rate:,0.0028507718749999993, Number of training points (boundary):,3498, Number of training points (interior):,24998, VRAM allocated:,93068288, VRAM reserved:,29100081152
Epoch:,309400,Training Loss:,517625005774132.44, Learning rate:,0.0028507718749999993, Number of training points (boundary):,3498, Number of training points (interior):,24998, VRAM allocated:,93068288, VRAM reserved:,29100081152
Epoch:,309500,Training Loss:,2834.3108288065314, Learning rate:,0.0028507718749999993, Number of training points (boundary):,3498, Number of training points (interior):,24998, VRAM allocated:,93068288, VRAM reserved:,29100081152
